nome_js_originale,binding_minificato,nome_finale,sorgente_air15,metodo
_Color,WY,_Color,,
Point,a,Point,,
Matrix,a,Matrix,,
ObservablePoint,a,ObservablePoint,,
Pool,tre,Pool,,
PoolGroupClass,ePe,PoolGroupClass,,
FilterEffect,r6,FilterEffect,,
MaskEffectManagerClass,tPe,MaskEffectManagerClass,,
Rectangle,a,Rectangle,,
Bounds,a,Bounds,,
InstructionSet,H5,InstructionSet,,
_TextureStyle,HHe,_TextureStyle,,
_TextureSource,UHe,_TextureSource,,
BufferImageSource,Kg,BufferImageSource,,
TextureMatrix,yx,TextureMatrix,,
Texture,Fe,Texture,,
TexturePoolClass,lPe,TexturePoolClass,,
RenderGroup,Zg,RenderGroup,,
Container,a,Container,,
TickerListener,xx,TickerListener,,
_Ticker,Cb,_Ticker,,
CanvasObserver,Ex,CanvasObserver,,
FederatedEvent,a,FederatedEvent,,
_AccessibilitySystem,_Ve,_AccessibilitySystem,,
DOMPipe,DY,DOMPipe,,
ViewContainer,yh,ViewContainer,,
EventsTickerClass,wPe,EventsTickerClass,,
FederatedMouseEvent,i6,FederatedMouseEvent,,
FederatedPointerEvent,Bf,FederatedPointerEvent,,
FederatedWheelEvent,Ih,FederatedWheelEvent,,
EventBoundary,mre,EventBoundary,,
_EventSystem,CPe,_EventSystem,,
Resolver,FY,Resolver,,
_Spritesheet,HY,_Spritesheet,,
Sprite,a,Sprite,,
AlphaMask,VY,AlphaMask,,
ColorMask,UY,ColorMask,,
StencilMask,GY,StencilMask,,
CanvasSource,Do,CanvasSource,,
ImageSource,$0,ImageSource,,
_VideoSource,QVe,_VideoSource,,
CacheClass,NPe,CacheClass,,
FilterPipe,jY,FilterPipe,,
_GlProgram,jPe,_GlProgram,,
GpuProgram,a,GpuProgram,,
BindGroup,Vc,BindGroup,,
_UniformGroup,TUe,_UniformGroup,,
Shader,a,Shader,,
_State,RUe,_State,,
_Filter,JPe,_Filter,,
PassthroughFilter,Rre,PassthroughFilter,,
Buffer,Md,Buffer,,
Geometry,Eh,Geometry,,
Circle,a,Circle,,
Ellipse,a,Ellipse,com/sulake/habbo/room/object/visualization/variablefx/rendering/VariableFxIconOverlayPlacement.as,nome
Polygon,a,Polygon,,
RoundedRectangle,a,RoundedRectangle,,
FilterData,aSe,FilterData,,
FilterSystem,$Y,FilterSystem,,
SystemRunner,Sx,SystemRunner,,
_AbstractRenderer,pGe,_AbstractRenderer,,
GpuGraphicsAdaptor,tK,GpuGraphicsAdaptor,,
GpuMeshAdapter,aK,GpuMeshAdapter,,
GpuBatchAdaptor,iK,GpuBatchAdaptor,,
CustomRenderPipe,sv,CustomRenderPipe,,
BatchableSprite,Z5,BatchableSprite,,
RenderGroupPipe,ov,RenderGroupPipe,,
RenderGroupSystem,oK,RenderGroupSystem,,
SpritePipe,dv,SpritePipe,,
ApplicationInitHook,cK,ApplicationInitHook,,
RendererInitHook,fK,RendererInitHook,,
ViewableBuffer,lK,ViewableBuffer,,
BatchTextureArray,Jre,BatchTextureArray,,
Batch,ASe,Batch,,
_Batcher,dje,_Batcher,,
BatchGeometry,rte,BatchGeometry,,
DefaultShader,pK,DefaultShader,,
_DefaultBatcher,hje,_DefaultBatcher,,
_BatcherPipe,pje,_BatcherPipe,,
MaskFilter,ate,MaskFilter,,
AlphaMaskEffect,DSe,AlphaMaskEffect,,
AlphaMaskPipe,fv,AlphaMaskPipe,,
ColorMaskPipe,wK,ColorMaskPipe,,
StencilMaskPipe,yK,StencilMaskPipe,,
_BackgroundSystem,Eje,_BackgroundSystem,,
BlendModePipe,lv,BlendModePipe,,
_ExtractSystem,Bje,_ExtractSystem,,
RenderTexture,a,RenderTexture,,
GenerateTextureSystem,xK,GenerateTextureSystem,,
_GCSystem,Dje,_GCSystem,,
GlobalUniformSystem,CK,GlobalUniformSystem,,
SchedulerSystem,EK,SchedulerSystem,,
HelloSystem,Vx,HelloSystem,,
_RenderableGCSystem,jje,_RenderableGCSystem,,
_TextureGCSystem,nte,_TextureGCSystem,,
_RenderTarget,$je,_RenderTarget,,
_ViewSystem,Zje,_ViewSystem,,
BindGroupSystem,WK,BindGroupSystem,,
GCManagedHash,Hs,GCManagedHash,,
GpuBufferData,YSe,GpuBufferData,,
GpuBufferSystem,BK,GpuBufferSystem,,
GpuColorMaskSystem,AK,GpuColorMaskSystem,,
GpuDeviceSystem,jx,GpuDeviceSystem,,
GpuEncoderSystem,kK,GpuEncoderSystem,,
GpuLimitsSystem,TK,GpuLimitsSystem,,
GpuStencilSystem,RK,GpuStencilSystem,,
UboSystem,zx,UboSystem,,
GpuUboSystem,SK,GpuUboSystem,,
BufferResource,q5,BufferResource,,
UboBatch,lte,UboBatch,,
GpuUniformBatchPipe,DK,GpuUniformBatchPipe,,
PipelineSystem,LK,PipelineSystem,com/sulake/habbo/freeflowchat/viewer/visualization/ManualNineSliceSprite.as,nome
RenderTargetSystem,e2,RenderTargetSystem,,
GpuRenderTarget,ute,GpuRenderTarget,,
GpuRenderTargetAdaptor,hte,GpuRenderTargetAdaptor,,
GpuRenderTargetSystem,NK,GpuRenderTargetSystem,,
GpuShaderSystem,OK,GpuShaderSystem,,
GpuStateSystem,FK,GpuStateSystem,,
CanvasPoolClass,aDe,CanvasPoolClass,,
GpuMipmapGenerator,mte,GpuMipmapGenerator,,
GPUTextureGpuData,oDe,GPUTextureGpuData,,
GpuTextureSystem,HK,GpuTextureSystem,,
WebGPURenderer,dDe,WebGPURenderer,,
GlGraphicsAdaptor,VK,GlGraphicsAdaptor,,
GlMeshAdaptor,UK,GlMeshAdaptor,,
GlBatchAdaptor,GK,GlBatchAdaptor,,
GlBuffer,gte,GlBuffer,,
GlBufferSystem,zK,GlBufferSystem,,
_GlContextSystem,Kze,_GlContextSystem,,
GlGeometryGpuData,fDe,GlGeometryGpuData,,
GlGeometrySystem,XK,GlGeometrySystem,,
_GlBackBufferSystem,tQe,_GlBackBufferSystem,,
GlColorMaskSystem,YK,GlColorMaskSystem,,
GlEncoderSystem,KK,GlEncoderSystem,,
GlLimitsSystem,$K,GlLimitsSystem,,
GlStencilSystem,ZK,GlStencilSystem,,
GlUboSystem,qK,GlUboSystem,,
GlRenderTarget,yte,GlRenderTarget,,
GlRenderTargetAdaptor,Ite,GlRenderTargetAdaptor,,
GlRenderTargetSystem,JK,GlRenderTargetSystem,,
GlProgramData,xte,GlProgramData,,
GlShaderSystem,e$,GlShaderSystem,,
GlUniformGroupSystem,r$,GlUniformGroupSystem,,
_GlStateSystem,vDe,_GlStateSystem,,
GlTexture,Wte,GlTexture,,
GlTextureSystem,t$,GlTextureSystem,,
WebGLRenderer,xDe,WebGLRenderer,,
_FillGradient,MDe,_FillGradient,,
FillPattern,xl,FillPattern,,
BatchableGraphics,uv,BatchableGraphics,,
CanvasGraphicsAdaptor,i$,CanvasGraphicsAdaptor,,
_CanvasBatchAdaptor,hv,_CanvasBatchAdaptor,,
CanvasColorMaskPipe,n$,CanvasColorMaskPipe,,
GpuGraphicsContext,LDe,GpuGraphicsContext,,
GraphicsContextRenderData,NDe,GraphicsContextRenderData,,
_GraphicsContextSystem,ODe,_GraphicsContextSystem,,
ShapePath,Hte,ShapePath,,
GraphicsPath,a,GraphicsPath,,
_GraphicsContext,Bh,_GraphicsContext,,
CanvasGraphicsContext,eLe,CanvasGraphicsContext,,
CanvasGraphicsContextRenderData,rLe,CanvasGraphicsContextRenderData,,
_CanvasGraphicsContextSystem,tLe,_CanvasGraphicsContextSystem,,
CanvasGraphicsPipe,d$,CanvasGraphicsPipe,,
GraphicsGpuData,iLe,GraphicsGpuData,,
GraphicsPipe,c$,GraphicsPipe,,
Graphics,a,Graphics,,
CanvasStencilMaskPipe,f$,CanvasStencilMaskPipe,,
CanvasContextSystem,l$,CanvasContextSystem,,
CanvasLimitsSystem,b$,CanvasLimitsSystem,,
CanvasRenderTargetAdaptor,Ute,CanvasRenderTargetAdaptor,,
CanvasRenderTargetSystem,_$,CanvasRenderTargetSystem,,
CanvasTextureSystem,u$,CanvasTextureSystem,,
CanvasRenderer,sLe,CanvasRenderer,,
LRU,_Le,LRU,,
_CanvasTextMetrics,ma,_CanvasTextMetrics,,
_TextStyle,vv,_TextStyle,,
NodeError,,NodeError,,
_i86caf6939b5888,a,_i86caf6939b5888,,
_ib619bfd98fe9f2,ss,_ib619bfd98fe9f2,,
_if56d7fe9b9f681,mh,_if56d7fe9b9f681,,
_i6600716d9e844c,a,_i6600716d9e844c,,
Event,a,Event,,
_i6d7150da12036f,qs,_i6d7150da12036f,,
_i022ca667b18953,gc,ErrorEvent,com/sulake/core/runtime/events/ErrorEvent.as,r2 0.61
_i30d3585baf676b,gn,KeyboardControl,com/sulake/habbo/game/snowwar/KeyboardControl.as,r1 1.00
_i015dbea691c786,_a,EventDispatcherWrapper,com/sulake/core/runtime/events/EventDispatcherWrapper.as,rif r2 x1
_ib09a6c8a747ec9,vn,FocusManager,com/sulake/core/window/services/FocusManager.as,r1 0.78
_i6a0bb61fe59986,qee,_i6a0bb61fe59986,,
_i9006bf9233cf9a,G0,_i9006bf9233cf9a,,
_i207e0270849f6a,Ot,_i207e0270849f6a,,
_ifd7c1208e3417e,H,_ifd7c1208e3417e,,r1 0.61
_ie40b9435ae07b7,nn,_ie40b9435ae07b7,,
_i30cc549f9371ef,Ln,_i30cc549f9371ef,,
_i440f44f3f7bc47,U,DeBouncer,com/sulake/habbo/utils/DeBouncer.as,r1 0.55
_i05394ecc0c0c4d,J,_i05394ecc0c0c4d,,
_i6ab93d370e1a56,Da,_i6ab93d370e1a56,,
_i16f2b09f774621,j0,_i16f2b09f774621,,
_i366982a182b463,yl,_i366982a182b463,,
_iaf4035c706aeba,Jee,_iaf4035c706aeba,,
_i79f38905bee14d,a,_i79f38905bee14d,,
BlendModeFilter,q0,BlendModeFilter,,
DarkenBlend,Ax,DarkenBlend,,
DifferenceBlend,kx,DifferenceBlend,,
SubtractBlend,Tx,SubtractBlend,,
ResizePlugin,h$,ResizePlugin,,
TickerPlugin,p$,TickerPlugin,,
_Application,oLe,_Application,,
ColorMatrixFilter,mv,ColorMatrixFilter,,
_MeshGeometry,sKe,_MeshGeometry,,
BatchableMesh,jte,BatchableMesh,,
Transform,zte,Transform,,
CanvasTilingSpritePipe,v$,CanvasTilingSpritePipe,,
TilingSpriteShader,Xte,TilingSpriteShader,,
QuadGeometry,Yte,QuadGeometry,,
TilingSpriteGpuData,lLe,TilingSpriteGpuData,,
TilingSpritePipe,w$,TilingSpritePipe,,
_TilingSprite,$te,_TilingSprite,,
AbstractText,Zte,AbstractText,,
CanvasTextGeneratorClass,gLe,CanvasTextGeneratorClass,com/sulake/core/window/graphics/renderer/TextSkinRenderer.as,nome
BatchableText,nae,BatchableText,,
CanvasTextPipe,x$,CanvasTextPipe,,
AbstractTextSystem,tC,AbstractTextSystem,,
CanvasRendererTextSystem,C$,CanvasRendererTextSystem,,
CanvasTextSystem,E$,CanvasTextSystem,,
Text,M$,Text,,
Graphics,a,Graphics,,
_i8443ad8ce98ea5,wLe,_i8443ad8ce98ea5,,
_GlowFilter,OKe,_GlowFilter,,
ColorMatrixFilter,Di,ColorMatrixFilter,,
_ibaf84c0aa91c5d,cn,_ibaf84c0aa91c5d,,
_i8185c1a5550625,ELe,_i8185c1a5550625,,
_if9cfae93016f00,MLe,_if9cfae93016f00,,
Point,a,Point,,
_i4210dc3239901d,Sr,_i4210dc3239901d,,
Transform,fae,Transform,,
_i7d627ce7146fee,a,_i7d627ce7146fee,,
_i3a5c6f457acdad,He,_i3a5c6f457acdad,,
BlurFilter,a,BlurFilter,,
Matrix,a,Matrix,,
Rectangle,a,Rectangle,,
_idb4c110baa8f94,kn,_idb4c110baa8f94,,
_i637152afd0889c,cC,_i637152afd0889c,,
_ib10c2ded6b8475,a,_ib10c2ded6b8475,,
Air32NativeTextRenderer,G$,Air32NativeTextRenderer,,
_if7e6bd9fbfb93a,yc,_if7e6bd9fbfb93a,,
_ib42ba4de8a99b3,a,_ib42ba4de8a99b3,,
_i5962b1c5e49d21,a,_i5962b1c5e49d21,,
_if063d9662f56ec,a,_if063d9662f56ec,,
_i7abc5ae40dff72,a,_i7abc5ae40dff72,,
_i866c1f14b44091,a,_i866c1f14b44091,,
BitmapData,a,BitmapData,,
_ic7f867ad53849e,ui,_ic7f867ad53849e,,
_ic61ee3647b706e,nu,_ic61ee3647b706e,,
Sprite,Qe,Sprite,,
_i47495cdaf483e0,Sae,PlaneBitmapData,com/sulake/habbo/room/object/visualization/room/utils/PlaneBitmapData.as,r2 0.51
DropShadowFilter,a,DropShadowFilter,,
Font,a,Font,,
_ie543c9890905ee,Dae,_ie543c9890905ee,,
_ifee827f8b3708c,_C,_ifee827f8b3708c,,
_ic6b6cdf3ccea3d,Kd,_ic6b6cdf3ccea3d,,
_i92a395bc65c707,Ev,_i92a395bc65c707,,
_ib0061b42edfac2,id,_ib0061b42edfac2,,
_ic37769bb243354,a,_ic37769bb243354,,
_i6e5afb6abd5bbb,Ic,_i6e5afb6abd5bbb,,
_id4273840e749f2,Lae,_id4273840e749f2,,
_i28a7b58ffe1ff6,a,_i28a7b58ffe1ff6,,
_i70a4b4b891980a,su,_i70a4b4b891980a,,
_i8f47673af295dd,bt,_i8f47673af295dd,,
_i87154f9ac885e8,_2,_i87154f9ac885e8,,
_ib182ac399b1881,xc,_ib182ac399b1881,,
_i636490202c0f9a,Cr,_i636490202c0f9a,,
_i9ac0eb207a0394,Mv,_i9ac0eb207a0394,,
_ifac09433d57056,B_,class_18,class_18.as,r1 1.00
_i22937e6f5f27b8,uC,_i22937e6f5f27b8,,
_i8c1cad61acb86a,hC,EventListenerStruct,com/sulake/core/runtime/events/EventListenerStruct.as,rif r3 x1
_i61c8eb26977941,a,_i61c8eb26977941,,
_ie942a88aabebb3,a,class_44,com/sulake/core/utils/class_44.as,r1 0.98
_i747e83453460e9,pC,_i747e83453460e9,,
_i7deef04e690143,O,ClassUtils,com/sulake/core/utils/ClassUtils.as,r2 0.51
_i92fb003cfc8852,Cc,_i92fb003cfc8852,,
IOBuffer,a,IOBuffer,,
PngDecoder,gZ,PngDecoder,com/sulake/habbo/avatar/structure/animation/AnimationActionPart.as,nome
PngEncoder,vZ,PngEncoder,,
_ifdd92074c780c7,vo,_ifdd92074c780c7,,
BitmapDataAsset,a,BitmapDataAsset,com/sulake/core/assets/BitmapDataAsset.as,nome
_i531dc2f354082e,a,AssetLoaderEvent,com/sulake/core/assets/loaders/AssetLoaderEvent.as,r1 0.89
_i3e3f74903041d4,rie,_i3e3f74903041d4,,
_i46640d8c9d76bf,tie,_i46640d8c9d76bf,,
_i971ea2645f792f,Lv,_i971ea2645f792f,,
_i02f0d504eb3a43,a,_i02f0d504eb3a43,,
_i8b3e506a711509,w2,_i8b3e506a711509,,
_i22998b55e65c88,W6,_i22998b55e65c88,,
_i53935d78833c2f,a,_i53935d78833c2f,,
_i6b7266a02f3ed3,a,TextAsset,com/sulake/core/assets/TextAsset.as,r1 1.00
_if81f8c66b46c46,Nv,UnknownAsset,com/sulake/core/assets/UnknownAsset.as,r1 1.00
_i0bf3291838b9a7,a,XmlAsset,com/sulake/core/assets/XmlAsset.as,r1 1.00
_if79b7268858425,a,_if79b7268858425,,
_i8eff3a83038a79,wOe,_i8eff3a83038a79,,
_i88cf60ef4c6109,bie,_i88cf60ef4c6109,,
_i897a65216cbef3,a,AssetLibrary,com/sulake/core/assets/AssetLibrary.as,r1 0.61
_i95bb49644c599c,R_,AssetLibraryCollection,com/sulake/core/assets/AssetLibraryCollection.as,r2 0.56
_i115705f2de084f,xOe,_i115705f2de084f,,
_i67a58d22d3e804,a,_i67a58d22d3e804,,
ManifestClass,e,ManifestClass,,
Resource,r,Resource,,
_ied888574ff0d52,a,_ied888574ff0d52,,
_i5e761c6c8ad1c5,a,ProfilerViewer,com/sulake/core/utils/profiler/ProfilerViewer.as,r1 0.77
_i5b8596126e61a2,a,_i5b8596126e61a2,,
_i3aa97bcbee2828,Vv,_i3aa97bcbee2828,,
_i8643977614b683,WZ,_i8643977614b683,,
_if13968b73ff406,uie,_if13968b73ff406,,
_i0a358d9458a65a,hie,InterfaceStructList,com/sulake/core/runtime/InterfaceStructList.as,r1 1.00
Component,a,Component,com/sulake/core/runtime/class_16.as,nome
_ibe1a06f8d5008c,pie,_ibe1a06f8d5008c,,
_i3fa266abdd8556,RC,InterfaceStruct,com/sulake/core/runtime/InterfaceStruct.as,r2 0.52
_i4ccc8a3b2bfcec,PC,WarningEvent,com/sulake/core/runtime/events/WarningEvent.as,r1 1.00
_i022ca667b18953,mie,ErrorEvent,com/sulake/core/runtime/events/ErrorEvent.as,r2 0.61
_i910756d2bbad1a,a,Exception,com/sulake/core/runtime/exceptions/Exception.as,r1 1.00
_i430720d696adff,gie,_i430720d696adff,,
ComponentContext,vie,ComponentContext,com/sulake/core/runtime/class_22.as,nome
_iff898cc8f41eae,wie,_iff898cc8f41eae,,
_i0944d2585efdf9,x2,_i0944d2585efdf9,,
_ide81f73bd853f7,a,TrackedBitmapData,com/sulake/core/utils/profiler/tracking/TrackedBitmapData.as,r1 1.00
_ib37ab1aa45cc9f,yie,_ib37ab1aa45cc9f,,
_i907b5b803dddfa,Iie,ProfilerAgent,com/sulake/core/utils/profiler/ProfilerAgent.as,rif r2 x1
_i3bed5e6aff3f32,a,Profiler,com/sulake/core/runtime/Profiler.as,r1 1.00
_i70d97f36e23413,a,class_24,com/sulake/core/runtime/class_24.as,r1 0.56
_i9dd47e48576289,P_,_i9dd47e48576289,,
_i8c3ad067892bc3,Ue,class_14,com/sulake/core/class_14.as,r1 0.99
_i7a900691099ac1,a,_i7a900691099ac1,,
HabboMap,a,HabboMap,,
_i97d37f52ba43cc,du,_i97d37f52ba43cc,,
_i3390754ca39a3e,E2,StringUtil,com/sulake/habbo/utils/StringUtil.as,rif r2 x1
_i1b32e9b8d55bd4,P,ComponentDependency,com/sulake/core/runtime/ComponentDependency.as,r2 0.78
_i6171cdba5ca527,k6,HotelViewEvent,com/sulake/core/runtime/events/HotelViewEvent.as,r1 1.00
_i5829fae3c7bd36,Br,ErrorReportStorage,com/sulake/core/utils/ErrorReportStorage.as,r1 1.00
_i6d74311070d9f2,xie,_i6d74311070d9f2,,
Set,Cie,Set,,
_i45e67ffae20bcc,Eie,class_3656,com/sulake/core/utils/class_3656.as,r1 0.75
_i929fd1915c5872,kl,class_3122,com/sulake/core/utils/class_3122.as,r1 0.92
_iacae14d312ed5c,Mie,_iacae14d312ed5c,,
_i5497c416442b2b,Wie,_i5497c416442b2b,,
_ia22a5ba0294f30,SC,FakeContext,FakeContext.as,r1 0.51
_i883322823ee681,a,_i883322823ee681,,
_iba5608088cdb59,a,Base64,com/sulake/habbo/utils/Base64.as,r1 1.00
_ib7e5bfe0e020db,a,class_2768,com/sulake/habbo/utils/class_2768.as,r3 1.00
_i3e316b7663035d,a,Canvas,com/sulake/habbo/utils/Canvas.as,r1 1.00
_i864abf56625fbf,a,JSONToken,package_48/JSONToken.as,r1 1.00
JSONParseError,Tie,JSONParseError,package_48/JSONParseError.as,nome
_i187f956474cabc,ii,class_2798,package_48/class_2798.as,r1 1.00
_i865269d54344b4,Rie,JSONTokenizer,package_48/JSONTokenizer.as,r1 1.00
_ib3222cfc97e3a2,AZ,JSONDecoder,package_48/JSONDecoder.as,r1 1.00
_ie6a0f66e9b875c,kZ,_ie6a0f66e9b875c,,
_ia62302643898cb,Pie,_ia62302643898cb,,
_i454870de1889a5,a,_i454870de1889a5,,
_i336c82acf32611,a,MD5,com/hurlant/crypto/hash/MD5.as,r1 0.76
_ia9503ac0fa760c,LC,SHABase,com/hurlant/crypto/hash/SHABase.as,r1 0.52
_i70acda92c9464d,a,SHA1,com/hurlant/crypto/hash/SHA1.as,r1 1.00
_id28a5c69e11e8e,a,_id28a5c69e11e8e,,
_i6737ff69adc891,Sie,_i6737ff69adc891,,
_i5933581505cead,Bs,class_4036,com/hurlant/util/class_4036.as,rif r2 x2
_i94ddee1971fa98,OC,ARC4,com/hurlant/crypto/prng/ARC4.as,r1 1.00
_ie4f2620020e446,L_,Random,com/hurlant/crypto/prng/Random.as,r1 0.58
Hex,a,Hex,com/hurlant/util/class_35.as,nome
_i08068ca61e1619,a,BigInteger,com/hurlant/math/BigInteger.as,r1 0.44
TLSError,Gc,TLSError,com/hurlant/crypto/tls/TLSError.as,nome
_ie502bd7e1e258c,a,_ie502bd7e1e258c,,
_ia630b881ad585d,Vie,_ia630b881ad585d,,
l,Yh,l,,
_i4cf72658265a3b,zie,_i4cf72658265a3b,,
_i6e169014c9a468,B2,_i6e169014c9a468,,
_i5b44e54477e1aa,jc,_i5b44e54477e1aa,,
_ifa93e4524b88a5,Qie,_ifa93e4524b88a5,,
_i11952523c7fcbd,Xie,_i11952523c7fcbd,,
_i525a594d4e1c93,Yie,_i525a594d4e1c93,,
_ifc85f8e45ad121,Kie,_ifc85f8e45ad121,,
_i02a91f85137a48,a,_i02a91f85137a48,,
_ie025516bb46c53,ene,_ie025516bb46c53,,
_i4a189fb4d26e19,rne,_i4a189fb4d26e19,,
_i07cf43dfd172e2,tne,_i07cf43dfd172e2,,
_i6d6ab0e3a4eb80,ane,_i6d6ab0e3a4eb80,,
_i678ef0e78812e1,a,_i678ef0e78812e1,,
_i041d7df1903c02,a,_i041d7df1903c02,,
_if444fed2adec69,a,_if444fed2adec69,,
_iba5608088cdb59,a,Base64,com/sulake/habbo/utils/Base64.as,r1 1.00
_i0fa2d1e22a0340,SZ,_i0fa2d1e22a0340,,
_iab4331c96b9e6a,HC,_iab4331c96b9e6a,,
_i7e089ec24f5a70,VC,_i7e089ec24f5a70,,
_id41606a4305ad8,UC,_id41606a4305ad8,,
Sequence,a,Sequence,,
Set,one,Set,,
_id38ee954a22aac,dne,_id38ee954a22aac,,
_ia43eb5e56291d4,a,_ia43eb5e56291d4,,
_iac27fe41899e36,LOe,_iac27fe41899e36,,
_i446595eb657f16,cne,_i446595eb657f16,,
_i76381ca4aafc01,fne,_i76381ca4aafc01,,
_i8f43b5c0504a9b,a,_i8f43b5c0504a9b,,
_i8ff84be37ad599,a,_i8ff84be37ad599,,
_i9b4618f98f59b3,a,_i9b4618f98f59b3,,
_i60a3bee9c5ecc1,a,_i60a3bee9c5ecc1,,
_i2a65c4cd85d5cd,a,_i2a65c4cd85d5cd,,
_if3ef17ac8dcf90,lne,ExternalVariables,package_46/ExternalVariables.as,r1 1.00
_idf84de32969b2f,a,CommunicationUtils,com/sulake/habbo/utils/CommunicationUtils.as,r1 0.88
_i3360c59467e33f,bne,_i3360c59467e33f,,
_i48117ad7934b00,wo,class_3148,com/sulake/core/window/enum/class_3148.as,r1 1.00
_i3d92d90becbf67,No,class_3249,com/sulake/core/window/enum/class_3249.as,r1 1.00
_i55639acb1024be,Ut,class_3421,com/sulake/core/window/enum/class_3421.as,r1 1.00
_iaf6053f346d084,R2,class_2125,com/sulake/core/window/enum/class_2125.as,r2 1.00
_i75481cb19a87f0,a,PivotPoint,com/sulake/core/window/enum/PivotPoint.as,r1 1.00
_i52f88da8000a87,a,class_1927,com/sulake/core/window/enum/class_1927.as,r1 1.00
_ib1889825d3a868,_e,class_1948,com/sulake/core/window/enum/class_1948.as,r1 1.00
_iec2b838b2ee9a2,yo,class_2025,com/sulake/core/window/enum/class_2025.as,r3 1.00
_i81e8c230a838b3,Z,class_2090,com/sulake/core/window/enum/class_2090.as,r1 1.00
_ia2c5ee8f4842b0,a,class_1892,com/sulake/core/window/events/class_1892.as,r1 1.00
_ia303ff1c517a6c,a,WindowKeyboardEvent,com/sulake/core/window/events/WindowKeyboardEvent.as,r1 1.00
_i103754db5ae282,a,WindowLinkEvent,com/sulake/core/window/events/WindowLinkEvent.as,r1 1.00
_i2896a64fb02f3d,a,WindowMouseEvent,com/sulake/core/window/events/WindowMouseEvent.as,r1 0.98
_i7896fc47d7f527,a,WindowTouchEvent,com/sulake/core/window/events/WindowTouchEvent.as,r1 0.97
_ic14d10cddd8a7d,Sl,Motion,com/sulake/core/window/motion/Motion.as,r2 0.59
_ic903bebd8997c3,GC,_ic903bebd8997c3,,
_i5f3e1b1e9c65b7,P2,_i5f3e1b1e9c65b7,,
_ib89a7271eb572f,_ne,_ib89a7271eb572f,,
_ic2a614b843733b,F_,_ic2a614b843733b,,
_i506da2e7e190eb,S2,_i506da2e7e190eb,,
_ib272fcc7a7833a,une,_ib272fcc7a7833a,,
_i08536097270bc4,NZ,_i08536097270bc4,,
_i7dc350c0d8a790,Of,_i7dc350c0d8a790,,
_i6612e5201ece1d,OZ,_i6612e5201ece1d,,
_i43282b0b4b3ed0,a,class_3272,com/sulake/core/window/motion/class_3272.as,r2 0.36
_i67c9fd08696d20,fu,_i67c9fd08696d20,,
_i4663cb047d4511,hne,_i4663cb047d4511,,
_iebb480f306747f,R6,_iebb480f306747f,,
_iffb4fbee2ed4e7,P6,_iffb4fbee2ed4e7,,
_ia15deea422b46b,pne,_ia15deea422b46b,,
_i166b5f520fe714,mne,class_4253,com/sulake/core/window/utils/class_4253.as,r2 0.52
_ide8f943fa9d728,a,PropertyStruct,com/sulake/core/window/utils/PropertyStruct.as,r1 1.00
_ifded3def1b2142,gne,class_3684,com/sulake/core/window/utils/class_3684.as,r1 1.00
_i62455aeb79ef72,a,class_3795,com/sulake/core/window/utils/class_3795.as,r1 1.00
_i184c4676325470,jC,class_2715,com/sulake/core/window/utils/class_2715.as,rif r2 x2
_ia359c2e1f97fdf,a,_ia359c2e1f97fdf,,
IIDCoreWindowManager,vne,IIDCoreWindowManager,com/sulake/iid/IIDCoreWindowManager.as,nome
_i7cdf90d8ddccca,a,class_3737,com/sulake/habbo/utils/class_3737.as,r1 0.54
_ia4f76c78516068,a,class_2567,com/sulake/habbo/avatar/enum/class_2567.as,r1 1.00
_i751fe9dc5e189a,FZ,AvatarBodyPartType,com/sulake/habbo/avatar/enum/AvatarBodyPartType.as,r1 1.00
_i2d67d3b2b4de27,H_,AvatarDirectionAngle,com/sulake/habbo/avatar/enum/AvatarDirectionAngle.as,r1 1.00
_i29533c5f9766a4,te,AvatarFigurePartType,com/sulake/habbo/avatar/enum/AvatarFigurePartType.as,r1 1.00
_i3dbacb638b8f29,Pb,_i3dbacb638b8f29,,
_i8b51ce220693e8,a,_i8b51ce220693e8,,
_i68d19479d92ec6,Xc,AvatarRenderEvent,com/sulake/habbo/avatar/enum/AvatarRenderEvent.as,r1 1.00
_ib95af31eefa8be,a,class_1956,com/sulake/habbo/avatar/enum/class_1956.as,r1 1.00
_i2eb896909329da,Xe,class_2123,com/sulake/habbo/avatar/enum/class_2123.as,r1 1.00
_i79a6b296b7d7a6,V_,class_2536,com/sulake/habbo/avatar/enum/class_2536.as,r1 1.00
_i276a6afb0c5fce,zC,RenderMode,com/sulake/habbo/avatar/enum/RenderMode.as,r1 1.00
_i1c9a407cdb6f4e,Td,PetCustomPart,com/sulake/habbo/avatar/pets/PetCustomPart.as,r2 1.00
_i7e7a88d357df66,js,class_3800,package_120/class_3800.as,r2 0.64
_i4b7c673b25668f,ea,class_3447,com/sulake/habbo/avatar/pets/class_3447.as,r1 1.00
IIDAvatarRenderManager,Aa,IIDAvatarRenderManager,com/sulake/iid/IIDAvatarRenderManager.as,nome
_i0d45fbed5ce5a0,a,FigureDataContainer,com/sulake/habbo/utils/FigureDataContainer.as,r2 0.73
_i5ebf87fd288769,QC,_i5ebf87fd288769,,
_i3a4999cedfaea6,a,FriendlyTime,com/sulake/habbo/utils/FriendlyTime.as,r1 1.00
_i57117169f5f691,a,class_1837,com/sulake/habbo/utils/class_1837.as,r1 1.00
_if28e28c93a63c8,Sb,_if28e28c93a63c8,,
_i157831f1e5a5f1,a,HabboFaceFocuser,com/sulake/habbo/utils/HabboFaceFocuser.as,r1 1.00
_ie12ece05c2a463,a,HabboWebTools,com/sulake/habbo/utils/HabboWebTools.as,r1 0.93
_i4d619e48199fe5,Ine,InfoText,com/sulake/habbo/utils/InfoText.as,r2 0.74
_i889e6606531734,a,LoadingIcon,com/sulake/habbo/utils/LoadingIcon.as,r2 0.72
_i72c6d2cd1cab8d,a,class_2812,com/sulake/habbo/utils/class_2812.as,r2 1.00
_i1f364b3a0afead,a,class_21,com/sulake/habbo/utils/class_21.as,r1 0.73
_i4710f86d832e91,a,StringBuffer,com/sulake/habbo/friendbar/groupforums/StringBuffer.as,r1 1.00
_i5afe58f39506d1,a,_i5afe58f39506d1,,
_i1e518c34a37364,a,TextWindowUtils,com/sulake/habbo/utils/TextWindowUtils.as,r1 1.00
_ibc1b926f30bff1,a,WindowToggle,com/sulake/habbo/utils/WindowToggle.as,r1 1.00
_i7fd2a0b9c31708,YC,NativeApplicationEvents,com/sulake/habbo/utils/air/NativeApplicationEvents.as,r1 1.00
_id2a264f92bac15,a,Transitions,com/sulake/habbo/utils/animation/Transitions.as,r1 1.00
_i1644d161fa104f,a,Tween,com/sulake/habbo/utils/animation/Tween.as,r1 0.89
_i1b22f88ecd0b88,a,Juggler,com/sulake/habbo/utils/animation/Juggler.as,r1 1.00
_i8149d9e3a53922,a,DelayedCall,com/sulake/habbo/utils/animation/DelayedCall.as,r2 0.80
_i5672e43f0a0bfe,a,TweenUtils,com/sulake/habbo/utils/animation/TweenUtils.as,r1 0.85
_ia3b62c2312e87c,xne,_ia3b62c2312e87c,,
_i4b0bcc7b5ec9d6,a,HabbiconAssetManager,com/sulake/habbo/habbicons/assets/HabbiconAssetManager.as,r1 0.73
_ie61c1a961bedd6,a,NativeApplicationProxy,com/sulake/air/NativeApplicationProxy.as,r1 0.43
_i54f32baf58b9a9,lu,HabboComponentFlags,com/sulake/habbo/configuration/enum/HabboComponentFlags.as,rif r2 x1
_ia2d32e162194c7,Qv,HabboConfigurationEvent,com/sulake/habbo/configuration/enum/HabboConfigurationEvent.as,r1 1.00
_i55bc4adc9095bc,HZ,HabboConfigurationFlags,com/sulake/habbo/configuration/enum/HabboConfigurationFlags.as,r1 1.00
_i39b696809360e1,kr,HabboProperty,com/sulake/habbo/configuration/enum/HabboProperty.as,r1 1.00
IIDHabboConfigurationManager,Qa,IIDHabboConfigurationManager,com/sulake/iid/IIDHabboConfigurationManager.as,nome
_i522bc2baa95901,Ene,HabboLocalizationFlags,com/sulake/habbo/localization/enum/HabboLocalizationFlags.as,r1 1.00
_i60b6bb7f7c62ea,Mne,class_2079,com/sulake/core/localization/enum/class_2079.as,r1 1.00
IIDHabboLocalizationManager,pr,IIDHabboLocalizationManager,com/sulake/iid/IIDHabboLocalizationManager.as,nome
_ia11634b46daa71,bu,class_3156,com/sulake/habbo/room/class_3156.as,r1 1.00
_i694584ab63ea1c,_u,_i694584ab63ea1c,,
_i1339b056da8f68,a,PetColorResult,com/sulake/habbo/room/PetColorResult.as,r1 1.00
_i4260eb3d3a0d52,sd,RoomObjectPlacementSource,com/sulake/habbo/room/enum/RoomObjectPlacementSource.as,r1 1.00
_i32f1de10fde20d,Je,RoomEngineEvent,com/sulake/habbo/room/events/RoomEngineEvent.as,r1 1.00
_i2af948c5435c09,Ke,RoomEngineObjectEvent,com/sulake/habbo/room/events/RoomEngineObjectEvent.as,r1 1.00
_i9add70c0476873,ce,RoomEngineToWidgetEvent,com/sulake/habbo/room/events/RoomEngineToWidgetEvent.as,r1 1.00
_i5a96d5bd72efb6,a,RoomEngineAreaHideStateWidgetEvent,com/sulake/habbo/room/events/RoomEngineAreaHideStateWidgetEvent.as,r1 1.00
_icc603d6edb30df,a,RoomEngineDimmerStateEvent,com/sulake/habbo/room/events/RoomEngineDimmerStateEvent.as,r1 1.00
_i782be2b9f972c9,L6,RoomEngineDragWithMouseEvent,com/sulake/habbo/room/events/RoomEngineDragWithMouseEvent.as,r1 1.00
_i8d41abbb2cd236,uu,RoomEngineHSLColorEnableEvent,com/sulake/habbo/room/events/RoomEngineHSLColorEnableEvent.as,r2 0.70
_i08fc04d8fbbc49,qC,RoomEngineObjectPlacedEvent,com/sulake/habbo/room/events/RoomEngineObjectPlacedEvent.as,r2 1.00
_i1f48dc3292e1be,Bne,RoomEngineObjectPlacedOnUserEvent,com/sulake/habbo/room/events/RoomEngineObjectPlacedOnUserEvent.as,r2 1.00
_i0e13e723840c9e,Ll,RoomEngineObjectPlaySoundEvent,com/sulake/habbo/room/events/RoomEngineObjectPlaySoundEvent.as,r1 1.00
_i7e680fdeec6640,od,RoomEngineObjectSamplePlaybackEvent,com/sulake/habbo/room/events/RoomEngineObjectSamplePlaybackEvent.as,r1 1.00
_i2f0cb7dd485687,Oo,RoomEngineRoomAdEvent,com/sulake/habbo/room/events/RoomEngineRoomAdEvent.as,r1 1.00
_i229151c159c245,a,RoomEngineRoomColorEvent,com/sulake/habbo/room/events/RoomEngineRoomColorEvent.as,r1 1.00
_ide561b9394ea23,ni,RoomEngineSoundMachineEvent,com/sulake/habbo/room/events/RoomEngineSoundMachineEvent.as,r1 1.00
_iaf831a57f2faff,dd,RoomEngineUseProductEvent,com/sulake/habbo/room/events/RoomEngineUseProductEvent.as,r1 1.00
_i7a5a6743cace4a,a,RoomEngineZoomEvent,com/sulake/habbo/room/events/RoomEngineZoomEvent.as,r1 1.00
_i9a90ebd67aa37b,Et,IIDRoomEngine,com/sulake/iid/IIDRoomEngine.as,rif r2 x11
_i635cba25c0fa14,a,LocalizedTextField,onBoardingHcUi/LocalizedTextField.as,r2 1.00
_i729a2649bf00e6,a,_i729a2649bf00e6,,
_ica8df658ff5fbf,a,LoaderUI,onBoardingHcUi/LoaderUI.as,r1 0.71
_ide2e6c877ee0d8,a,LocalizedSprite,onBoardingHcUi/LocalizedSprite.as,r2 0.80
_ic23a7de95b02bc,H2,Button,onBoardingHcUi/Button.as,link r1
_i160c7d9612a1e2,a,ColouredButton,onBoardingHcUi/ColouredButton.as,r1 0.85
_i6db332a459ba52,Yv,_i6db332a459ba52,,
_i062e22ca4959c6,a,HabboConfigurationManager,com/sulake/habbo/configuration/HabboConfigurationManager.as,r1 0.65
HabboConfigurationManagerBootstrap,kne,HabboConfigurationManagerBootstrap,com/sulake/bootstrap/HabboConfigurationManagerBootstrap.as,nome
_i60b6bb7f7c62ea,Wc,class_2079,com/sulake/core/localization/enum/class_2079.as,r1 1.00
IIDCoreLocalizationManager,eE,IIDCoreLocalizationManager,com/sulake/iid/IIDCoreLocalizationManager.as,nome
_i7f31fbdfa3b94e,a,GameDataResources,com/sulake/core/localization/GameDataResources.as,r1 1.00
_i60c7cc4160d141,rE,Localization,com/sulake/core/localization/Localization.as,r1 0.60
_ia01480e0ec6c4c,Pne,_ia01480e0ec6c4c,,
_ib1d9669a7036e0,a,CoreLocalizationManager,com/sulake/core/localization/CoreLocalizationManager.as,r1 0.59
_id3e5e50d7d20c1,cd,HabboWebApiError,com/sulake/habbo/communication/HabboWebApiError.as,r1 1.00
_ia71d480bc6c430,Lr,HabboWebApiMethod,com/sulake/habbo/communication/HabboWebApiMethod.as,r1 1.00
_i18319bdd617093,Dne,_i18319bdd617093,,
_i800195a40a1adf,Kv,_i800195a40a1adf,,
_i8b60ccd734d3a9,hs,class_2659,com/sulake/habbo/communication/enum/class_2659.as,r2 0.94
_i6fa2c66b00f662,a,class_3472,com/sulake/habbo/communication/enum/class_3472.as,r1 0.98
_i9010cc11faf5ce,tE,_i9010cc11faf5ce,,
_ic8436977028a93,Li,HabboCommunicationEvent,com/sulake/habbo/communication/enum/HabboCommunicationEvent.as,r1 1.00
_i45fe4df55554c5,hu,HabboConnectionType,com/sulake/habbo/communication/enum/HabboConnectionType.as,r1 1.00
_ic391ced653fc21,G_,HabboHotelViewEvent,com/sulake/habbo/communication/enum/HabboHotelViewEvent.as,r1 1.00
_ibaef792fa2c041,aE,_ibaef792fa2c041,,
_ia319cdf9446fce,j_,class_3655,package_16/class_3655.as,rif r2 x1
_id64457360695fc,hi,_id64457360695fc,,
_iafcb7544e9c45a,_n,class_2156,com/sulake/habbo/communication/enum/perk/class_2156.as,r1 1.00
_i3fde8ef40bed7b,pu,class_4353,com/sulake/habbo/communication/enum/poll/class_4353.as,r4 1.00
_ia711992974f44d,iE,_ia711992974f44d,,
_i043124c55adbd4,$v,SsoTokenAvailableEvent,com/sulake/habbo/communication/login/SsoTokenAvailableEvent.as,r1 1.00
_i873f875c3905ab,Lne,class_1756,package_6/class_1756.as,r2 0.82
_ibe9e79c34231b8,a,CryptoTools,com/sulake/core/communication/encryption/CryptoTools.as,r1 1.00
_i1070e2d2504fbd,g,MessageEvent,com/sulake/core/communication/messages/MessageEvent.as,link r1
_ib749e3a1343af8,nE,class_1789,package_21/class_1789.as,link-inv r2
_i93f9f360b0c57e,sE,class_2843,package_6/class_2843.as,link r2
_ib46ebb5a5f571c,oE,class_3740,package_21/class_3740.as,rif r2 x1
_i57293f30cd01ad,dE,class_1990,package_37/class_1990.as,link r3
_i83d67dd51890d0,cE,class_2285,package_9/class_2285.as,rif r3 x1
_i57eb83b3871bef,Nne,_i57eb83b3871bef,,
_i4e118c0ea307e0,One,_i4e118c0ea307e0,,
_ic2a7b86bf79934,fE,class_3471,package_68/class_3471.as,link r3
_i3e37704471107b,U2,class_3305,package_54/class_3305.as,rif r3 x1
_i3e5736527575ba,lE,class_2422,package_68/class_2422.as,link r3
_ibb1782cb4628ee,G2,class_3615,package_54/class_3615.as,rif r3 x1
_i598366f6ab953f,j2,class_2874,package_68/class_2874.as,r4 0.95
_ie10addb00ec430,z2,class_2836,package_54/class_2836.as,link-inv r4
_i8838eaac6a0615,bE,_i8838eaac6a0615,,
_id00f038bc86c19,qh,_id00f038bc86c19,,
_i32634471f1e228,O6,class_1877,package_35/class_1877.as,link r2
_i41c38df0ba6be8,Vi,class_2146,package_19/class_2146.as,rif r2 x11
_i918e7738ad4c5a,F6,class_2916,package_35/class_2916.as,r3 0.64
_ie6969b055dc931,H6,class_3463,package_19/class_3463.as,r3 0.98
_i54333c3f2f33a3,Fne,class_1898,package_37/class_1898.as,link r2
_id9d4f339b3c304,Q2,class_2276,package_9/class_2276.as,rif r2 x1
_i30c4d31547bd09,Hne,_i30c4d31547bd09,,
_i5c8b909e9d7d4f,Vne,_i5c8b909e9d7d4f,,
_i7e994378209718,_E,_i7e994378209718,,
_i772b304e360005,Une,_i772b304e360005,,
_i833c5cbeb65c65,Gne,class_1989,package_17/class_1989.as,r2 0.86
_i39480e3fd7aa81,jne,class_3377,package_17/class_3377.as,r2 0.93
_i61099346b99af7,uE,_i61099346b99af7,,
_i7cb02b4935d42f,hE,_i7cb02b4935d42f,,
_i143cb5778d5fde,X2,class_2046,package_58/class_2046.as,r2 0.85
_i2d89ba33af1592,Y2,class_1939,package_17/class_1939.as,link-inv r2
_ieb8b9eab0d9396,mu,class_2564,package_58/class_2564.as,r2 0.90
_i8af71596138e4f,pE,_i8af71596138e4f,,
_i85dbfb33814d2d,mE,_i85dbfb33814d2d,,
_i863dfa0be2a1c1,zne,class_3696,package_58/class_3696.as,r2 0.82
_i6cdbb248ba72e0,Qne,_i6cdbb248ba72e0,,
_i90029fa5370d97,gE,ITextWindow,com/sulake/core/window/components/ITextWindow.as,rif r2 x1
_ieb5a37a133d35f,vE,_ieb5a37a133d35f,,
_i7bea3691ab35c7,Xne,class_3872,package_223/class_3872.as,parser r2
_i2ccbad3d5f772b,wE,class_3103,package_180/class_3103.as,r3 0.88
_idf07f73b68028c,Yne,class_4239,package_223/class_4239.as,link r3
_ib2a5114a5d9cc4,yE,class_3237,package_180/class_3237.as,rif r3 x1
_i3345d154d918b5,Kne,class_3907,package_223/class_3907.as,link r3
_i168aeaea1b9c98,IE,class_3567,package_180/class_3567.as,rif r3 x1
_i960861a8380e3b,$ne,class_3886,package_223/class_3886.as,parser r2
_idf95189f34c10b,xE,class_3465,package_180/class_3465.as,r3 0.88
_id6f78e1aeb0db7,Zne,class_4248,package_223/class_4248.as,parser r2
_ie47caa92bfbcfb,CE,class_3468,package_180/class_3468.as,r3 0.88
_i52793dbf0a943c,qne,class_4095,package_223/class_4095.as,parser r2
_id81849a53cb2f7,EE,class_2913,package_180/class_2913.as,r3 0.88
_ic126c900eba4a3,a,class_3324,package_201/class_3324.as,parser r2
_i31e5c9a3ccc3e8,ese,_i31e5c9a3ccc3e8,,
_ieef5e9e4651fc7,ME,_ieef5e9e4651fc7,,
_ief544942703559,rse,class_3204,package_201/class_3204.as,r2 0.89
_i99839d483cc6bd,WE,class_2616,package_145/class_2616.as,link-inv r2
_i7c7c6f247adb27,tse,_i7c7c6f247adb27,,
_i36edaeb24c5b6c,BE,class_1841,com/sulake/core/window/class_1841.as,rif r3 x1
_i241be8f5300188,ase,_i241be8f5300188,,
_i9acd6673ea83b1,AE,_i9acd6673ea83b1,,
_i8116be46920f0f,ise,class_3302,package_71/class_3302.as,link r2
_iac6bc042856386,K2,class_2086,package_64/class_2086.as,rif r2 x1
_id7315d3c8d9c02,nse,_id7315d3c8d9c02,,
_i33d5ac6fb372b3,sse,_i33d5ac6fb372b3,,
_iafe06658443a57,kE,_iafe06658443a57,,
_i9e1d43b96062e4,a,ICatalogNode,com/sulake/habbo/catalog/navigation/ICatalogNode.as,r3 0.55
_i5388e8c4e2872e,dse,class_2808,package_4/class_2808.as,r2 0.78
_ife08d9f130516e,TE,class_1815,package_5/class_1815.as,r2 0.86
_i011a963010836c,cse,_i011a963010836c,,
_i1b7110d5a67260,fse,_i1b7110d5a67260,,
_i3345a2b7845767,lse,_i3345a2b7845767,,
_ifc7b4b858e9f63,a,class_2281,package_5/class_2281.as,r1 0.95
_ie671c5da796359,Jh,_ie671c5da796359,,
_ia02c93ec36a7e1,a,class_2157,package_5/class_2157.as,r2 0.70
_i60e83df179016e,bse,class_1775,package_4/class_1775.as,r2 0.53
_i0bb9d4139252f2,RE,class_2159,package_5/class_2159.as,link-inv r2
_id8292bbeaa75b8,PE,class_4014,package_4/class_4014.as,r2 0.40
_i44599ec43489ff,SE,class_2991,package_5/class_2991.as,link-inv r2
_i636000767931dc,_se,_i636000767931dc,,
_i34805531355e08,$2,_i34805531355e08,,
_iaf27678742f3cf,use,class_3518,package_5/class_3518.as,r2 0.63
_i577cbbd87a9b7a,hse,_i577cbbd87a9b7a,,
_i7a9ed44e70e487,Z2,_i7a9ed44e70e487,,
_i8d8b7c35d0b3fc,DE,_i8d8b7c35d0b3fc,,
_i718e5e4cc23d8a,LE,_i718e5e4cc23d8a,,
_i7913274eb7c8ba,NE,class_3142,package_5/class_3142.as,r2 0.58
_iec9b052931f6f6,pse,class_3358,package_5/class_3358.as,r3 0.82
_id01b889649a8d8,mse,class_3901,package_4/class_3901.as,r2 0.79
_i7cba348ba12221,gse,class_3603,package_5/class_3603.as,link-inv r2
_if945d9e10f41d8,vse,_if945d9e10f41d8,,
_i655cc820b95e43,OE,_i655cc820b95e43,,
_i93899c6ab5e8cb,wse,class_2960,package_4/class_2960.as,r3 0.60
_i2fb675c524c3ec,FE,class_1921,package_5/class_1921.as,link-inv r3
_if055216783b0ce,yse,_if055216783b0ce,,
_id359bd871ce177,HE,_id359bd871ce177,,
_i0bd32d08ef0e00,Ise,_i0bd32d08ef0e00,,
_i5e011abd474592,VE,_i5e011abd474592,,
_i540fc4efd7a444,xse,_i540fc4efd7a444,,
_i210f431bca6a51,Cse,_i210f431bca6a51,,
_ie9696d6122a0c1,Ese,_ie9696d6122a0c1,,
_i5427072e8a5867,UE,_i5427072e8a5867,,
_icb4706815baca0,Mse,class_4053,package_4/class_4053.as,r2 0.39
_i60be988ace846e,GE,class_2894,package_5/class_2894.as,link-inv r2
_i9cae0df4f70ac0,Wse,_i9cae0df4f70ac0,,
_i7b57001d88c28a,jE,_i7b57001d88c28a,,
_i515962d7fd03f9,a,class_2289,package_4/class_2289.as,r2 0.93
_i12480f54755d91,zE,_i12480f54755d91,,
_iedd84c78888021,Ase,class_2074,package_4/class_2074.as,r2 0.62
_i91a32f049120e3,q2,class_2243,package_5/class_2243.as,link-inv r2
_i26a5cfb7534ed5,kse,_i26a5cfb7534ed5,,
_ie96651bf17ed66,QE,_ie96651bf17ed66,,
_i9bad5fa502981e,Tse,_i9bad5fa502981e,,
_i7a147ec87c5d87,J2,_i7a147ec87c5d87,,
_ie6ae0048418105,Rse,_ie6ae0048418105,,
_if762d29ee5d513,e9,_if762d29ee5d513,,
_i486f84b052c03b,Pse,_i486f84b052c03b,,
_i4c826232c39d49,Sse,_i4c826232c39d49,,
_i747af906850f2d,r9,_i747af906850f2d,,
_i75859d7ab732af,Q_,class_2912,package_9/class_2912.as,rif r3 x2
_i202cca42b8fbdc,Dse,class_3899,package_4/class_3899.as,r2 0.49
_ie62ba58ccf9b4e,XE,class_2815,package_5/class_2815.as,link-inv r2
_if03fa196089fdf,Lse,_if03fa196089fdf,,
_i9bce940520b924,YE,_i9bce940520b924,,
_i110cc202df18ca,Nse,class_3833,package_4/class_3833.as,r2 0.49
_id38499c3edb577,Ose,_id38499c3edb577,,
_ibad8da8c3bf9fc,KE,_ibad8da8c3bf9fc,,
_i29cd448f0b9de8,Fse,_i29cd448f0b9de8,,
_i46fc968c99e4c7,Hse,_i46fc968c99e4c7,,
_if4b027519d11b1,$E,_if4b027519d11b1,,
_i33bdecbfe07f0b,ZE,class_3382,package_5/class_3382.as,link r2
_iaa31d1a268690a,qE,_iaa31d1a268690a,,
_ib78ac2d5d326c5,JE,_ib78ac2d5d326c5,,
_ida3634c06c25e0,Vse,_ida3634c06c25e0,,
_i392f2699762e51,eM,_i392f2699762e51,,
_i036bbf7d577060,Use,_i036bbf7d577060,,
_ic13e9312a21c59,rM,_ic13e9312a21c59,,
_i43982c42c1044b,Gse,_i43982c42c1044b,,
_i1c4599466b1715,tM,_i1c4599466b1715,,
_i5fb77deacdbee7,aM,class_1768,package_12/class_1768.as,link r2
_if0044c71f3c580,iM,class_2197,package_74/class_2197.as,rif r2 x1
_i4d37f8b3a1957e,t9,class_3787,package_165/class_3787.as,r2 0.88
_ibeae802d8d99f0,a9,class_1767,package_11/class_1767.as,rif r2 x1
_i859a756952a2bf,nM,_i859a756952a2bf,,
_i7958bb94fccddf,sM,class_2286,package_64/class_2286.as,rif r2 x1
_ica11629ad86c26,jse,_ica11629ad86c26,,
_i81aa8987d4c146,oM,_i81aa8987d4c146,,
_i390f9c2ead4c93,dM,_i390f9c2ead4c93,,
_i572a713b9b76d3,cM,_i572a713b9b76d3,,
_i73ae2149b50892,fM,_i73ae2149b50892,,
_i5563ae931c6464,zse,_i5563ae931c6464,,
_ib908ea818851a4,lM,_ib908ea818851a4,,
_i5bf33746155f34,bM,_i5bf33746155f34,,
_ie4d80d4cbdf81a,qv,class_3980,com/sulake/habbo/communication/messages/parser/collectibles/class_3980.as,parser r2
_i4fa9849131d385,_M,class_3032,package_65/class_3032.as,r3 0.88
_i28fc31db2fd741,uM,_i28fc31db2fd741,,
_ifa0c37dc3667f4,hM,_ifa0c37dc3667f4,,
_ifd3fed104d894b,pM,class_4154,com/sulake/habbo/communication/messages/parser/collectibles/class_4154.as,parser r2
_ia42edd767784a1,mM,class_2901,package_65/class_2901.as,r3 0.88
_i7e0d9e648ea358,Qse,_i7e0d9e648ea358,,
_i9f9ad51a94e0cb,gM,_i9f9ad51a94e0cb,,
_id6320ace570069,vM,_id6320ace570069,,
_icc80836214d321,wM,_icc80836214d321,,
_i9b580059905140,yM,_i9b580059905140,,
_i977235da9592f3,IM,_i977235da9592f3,,
_i82b17acf6262ad,X_,class_2508,com/sulake/habbo/communication/messages/parser/collectibles/class_2508.as,r2 0.95
_i88987814a8aed5,Xse,_i88987814a8aed5,,
_ie0a85ec37dd829,Yse,_ie0a85ec37dd829,,
_ib647471e66bb8b,xM,_ib647471e66bb8b,,
_i88cbf57ca7400f,CM,_i88cbf57ca7400f,,
_i38f00b73f2b2d4,EM,class_4366,com/sulake/habbo/communication/messages/parser/collectibles/class_4366.as,r3 0.94
_iefd06e177f01d5,Jv,CollectibleItemClaim,com/sulake/habbo/communication/messages/parser/collectibles/CollectibleItemClaim.as,r2 1.00
_ica365915b7a56e,a,class_4341,com/sulake/habbo/communication/messages/parser/collectibles/class_4341.as,r2 0.94
_i364e8aaecd03bc,WM,_i364e8aaecd03bc,,
_i563d8510bc6917,BM,_i563d8510bc6917,,
_i22fe7172ee937f,AM,class_3880,com/sulake/habbo/communication/messages/parser/collectibles/class_3880.as,r2 0.86
_ice88b11326b67f,kM,class_2651,package_65/class_2651.as,link-inv r2
_ifaca0f4bf9d4ed,TM,_ifaca0f4bf9d4ed,,
_i40791aa2e4482e,RM,_i40791aa2e4482e,,
_i4e740e053ae611,Kse,_i4e740e053ae611,,
_i71abedfbf79802,PM,_i71abedfbf79802,,
_icdd01d421b375d,SM,_icdd01d421b375d,,
_i952410649cfb13,$se,class_2214,com/sulake/habbo/communication/messages/parser/collectibles/class_2214.as,r2 0.93
_i171b244378b7ae,DM,class_2196,package_65/class_2196.as,link-inv r2
_ib5b4c59dd912ff,LM,_ib5b4c59dd912ff,,
_if13c155905c50d,NM,_if13c155905c50d,,
_if482a8cf63b323,OM,_if482a8cf63b323,,
_i0dcf7a058fc778,FM,_i0dcf7a058fc778,,
_i949c588c89c2fa,HM,class_3287,com/sulake/habbo/communication/messages/parser/collectibles/class_3287.as,link r2
_iedab17b4a6a89e,VM,class_3167,package_65/class_3167.as,rif r2 x1
_i7d2f0e9dac4ed1,UM,class_2528,com/sulake/habbo/communication/messages/parser/collectibles/class_2528.as,r2 0.88
_i09c50634ea814d,GM,class_3652,package_65/class_3652.as,rif r2 x1
_id694200a7e8d10,Zse,_id694200a7e8d10,,
_i345dd7afec0a63,jM,_i345dd7afec0a63,,
_i04a79d139f2bd2,ew,_i04a79d139f2bd2,,
_i23d2e82aaad1b6,zM,_i23d2e82aaad1b6,,
_ia12f97c777cc01,QM,_ia12f97c777cc01,,
_iaa04a27dbbde94,XM,_iaa04a27dbbde94,,
_ie8aa52246b3965,YM,_ie8aa52246b3965,,
_i2f9ba2066cc4af,Yc,class_3182,package_200/class_3182.as,r2 0.97
_i5493ebcf183ecf,KM,class_2003,package_53/class_2003.as,rif r2 x1
_i949428e2b17d26,qse,class_3913,package_200/class_3913.as,r2 0.87
_iff6b2eab466b6d,$M,class_2969,package_64/class_2969.as,rif r2 x1
_i8dca44a640159f,i9,class_4171,package_200/class_4171.as,r2 0.94
_i23a3b4a12a2867,e3,class_3464,package_99/class_3464.as,rif r2 x2
_ic31a3afe0fa70d,Jse,class_3870,package_200/class_3870.as,r2 0.81
_i5fe13505ab3d96,ZM,class_3697,package_99/class_3697.as,rif r2 x1
_ibcbf08ed263c0f,eoe,_ibcbf08ed263c0f,,
_i84af077d891f1f,n9,_i84af077d891f1f,,
_i85e2d3181d55cf,roe,class_3919,package_200/class_3919.as,r3 0.90
_if77425abcbc0fd,s9,class_3469,package_99/class_3469.as,rif r3 x1
_i3f7a00f4e9fff3,qM,class_3380,package_207/class_3380.as,r2 0.88
_i982ddaea4464b8,toe,_i982ddaea4464b8,,
_ie8c30e3f7339c9,JM,_ie8c30e3f7339c9,,
_i6db169a1221688,aoe,class_3746,package_207/class_3746.as,r2 0.80
_ia654a5ab5ec976,ioe,_ia654a5ab5ec976,,
_ibd224616b4ce29,eW,_ibd224616b4ce29,,
_ief5d8c4e030ace,noe,_ief5d8c4e030ace,,
_i37d86de6645bc1,rW,_i37d86de6645bc1,,
_iabfd49da97c252,soe,class_3974,package_207/class_3974.as,r2 0.80
_ifdbd8adb3a7dda,tW,class_2703,package_104/class_2703.as,link-inv r2
_i7310bb38c5f1db,aW,GetCustomFilterResultMessageEventParser,package_236/GetCustomFilterResultMessageEventParser.as,link r2
_i82f01479bcee72,iW,class_3443,package_209/class_3443.as,rif r2 x1
_ieb878b4394578f,nW,ModifyCustomFilterResultMessageEventParser,package_236/ModifyCustomFilterResultMessageEventParser.as,r2 1.00
_i068a230e2cb4f2,o9,class_3653,package_209/class_3653.as,r2 0.92
_i5c42246a09011f,UZ,_i5c42246a09011f,,
_id27156297ce066,VOe,_id27156297ce066,,
_id24321228047bd,a,_id24321228047bd,,
_i7d266f8d0bcd00,doe,_i7d266f8d0bcd00,,
_ica3be0c2d26e07,coe,_ica3be0c2d26e07,,
_id68ee28e2bf827,sW,class_3798,package_220/class_3798.as,r3 0.95
_ided01bcf801f51,oW,class_3698,package_216/class_3698.as,link-inv r3
_i72a9e670a23629,foe,class_4111,package_238/class_4111.as,link r3
_iaa66240b8cce24,dW,class_2612,package_143/class_2612.as,rif r3 x1
_i01fe13bdab042e,loe,class_4244,package_238/class_4244.as,link r3
_ifbf7d8101b2cad,cW,class_3398,package_143/class_3398.as,rif r3 x1
_i9b4c70d8439729,boe,class_4124,package_238/class_4124.as,r2 0.46
_i6797ab7be9328f,fW,class_3619,package_143/class_3619.as,link-inv r2
_ic18c5faa4cb73b,_oe,_ic18c5faa4cb73b,,
_ieec6a5c6cf2886,lW,_ieec6a5c6cf2886,,
_i1f64010219fea1,bW,_i1f64010219fea1,,
_i628d92fbe42b83,a,class_3111,package_20/class_3111.as,r3 0.68
_i364f3762f4932b,uoe,class_3143,package_20/class_3143.as,rif r4 x1
_ic7ebbe9164bd1b,_W,class_2256,package_18/class_2256.as,r3 0.80
_i469b8c83ededb6,d9,class_2137,package_20/class_2137.as,link-inv r3
_ib6a1c5512f1095,hoe,_ib6a1c5512f1095,,
_ie039af5c00d36e,uW,_ie039af5c00d36e,,
_id614a2dde95d89,poe,_id614a2dde95d89,,
_i07ae484c56c170,rw,_i07ae484c56c170,,
_ib85e0bd6b61037,hW,class_2832,package_20/class_2832.as,rif r3 x1
_i65de13d55eb5af,tw,DummyFriend,com/sulake/habbo/messenger/DummyFriend.as,r4 0.50
_ibe23a988cf9243,c9,_ibe23a988cf9243,,
_ib1cf729ef555ec,Lb,_ib1cf729ef555ec,,
_i7720fd48030002,t3,_i7720fd48030002,,
_ib019fd527eda9d,Y_,_ib019fd527eda9d,,
_i9062265c5acd45,pW,class_2938,package_18/class_2938.as,r2 0.87
_ia37cc9ed2caba4,mW,class_3355,package_20/class_3355.as,link-inv r2
_i54e94372138c1b,gW,class_2024,package_20/class_2024.as,r3 0.39
_i9cd5c96c2d404f,f9,_i9cd5c96c2d404f,,
_id914761a015ed9,l9,_id914761a015ed9,,
_i67ec3c4cd980f8,GZ,_i67ec3c4cd980f8,,
_ic257cac43edc26,vW,class_2211,package_18/class_2211.as,r2 0.79
_ia4bb8063f21a52,wW,class_2288,package_20/class_2288.as,link-inv r2
_ice1ab7b483c79e,yW,class_2183,package_18/class_2183.as,r2 0.89
_ia84bc63ed6864f,IW,class_2259,package_20/class_2259.as,link-inv r2
_i2f0193ac2d2ec9,moe,_i2f0193ac2d2ec9,,
_if8dc94f99b03d0,aw,_if8dc94f99b03d0,,
_i758930499d611b,xW,class_2023,package_18/class_2023.as,r2 0.78
_ib8eeb01ad96763,a3,class_2248,package_20/class_2248.as,link-inv r2
_i913dcb87bacc0b,goe,class_3397,package_18/class_3397.as,link r3
_ie1a23953368245,CW,class_1958,package_20/class_1958.as,rif r3 x1
_if0ea90027962ac,EW,class_2063,package_18/class_2063.as,link r3
_i6726e656999c4f,MW,class_2189,package_20/class_2189.as,rif r3 x1
_i7d6d9928e88355,b9,class_1895,package_18/class_1895.as,parser r2
_i9c16bbe8704388,i3,class_1935,package_20/class_1935.as,r3 0.88
_i59db89b2520d7d,WW,_i59db89b2520d7d,,
_ifdf85a61afccf4,gu,_ifdf85a61afccf4,,
_i76990355d19b16,voe,_i76990355d19b16,,
_i38a86b3f3520e2,iw,_i38a86b3f3520e2,,
_i7647d9e23a64a1,_9,class_1788,package_18/class_1788.as,r3 0.94
_ie4ba3dd4257fc9,n3,class_2250,package_20/class_2250.as,link-inv r3
_i8b32abf8444b7d,BW,Game2PlayerData,com/sulake/habbo/communication/messages/parser/game/snowwar/data/Game2PlayerData.as,r1 1.00
_i3b2d4904afd5b9,woe,_i3b2d4904afd5b9,,
_i10ac993234f5bf,AW,_i10ac993234f5bf,,
_i80e654fc7b152e,nw,class_4080,package_79/class_4080.as,r2 0.95
_i3c2408ee22fbe8,kW,class_2945,package_77/class_2945.as,link-inv r2
_i816165a50dfb00,pi,RoomVariableEnum,com/sulake/habbo/room/RoomVariableEnum.as,r1 1.00
_i717b38cd59700b,yoe,_i717b38cd59700b,,
_ibbe9bd8a31a847,L,RoomObjectCategoryEnum,com/sulake/habbo/room/object/RoomObjectCategoryEnum.as,r1 1.00
_i7c6e9402e38b3b,jr,RoomObjectLogicEnum,com/sulake/habbo/room/object/RoomObjectLogicEnum.as,r1 1.00
_ic58300381fe5c2,tt,RoomObjectOperationEnum,com/sulake/habbo/room/object/RoomObjectOperationEnum.as,r1 1.00
_i70b789cf64fc8a,Nr,RoomObjectTypeEnum,com/sulake/habbo/room/object/RoomObjectTypeEnum.as,r2 1.00
_ib8e25425329f1c,a,RoomObjectUserTypes,com/sulake/habbo/room/object/RoomObjectUserTypes.as,r1 1.00
_ic46b98b06d9891,x,RoomObjectVariableEnum,com/sulake/habbo/room/object/RoomObjectVariableEnum.as,r1 1.00
_i61f773eaa4c72c,Ar,RoomObjectVisualizationEnum,com/sulake/habbo/room/object/RoomObjectVisualizationEnum.as,r1 1.00
_i653ccc94dc278f,s3,RoomObjectSpriteData,com/sulake/room/data/RoomObjectSpriteData.as,r2 1.00
_i2f4ffb5824d7bc,Ioe,RoomSpriteMouseEvent,com/sulake/room/events/RoomSpriteMouseEvent.as,rif r2 x1
_i51f36a1a30d6c5,a,Vector3d,com/sulake/room/utils/Vector3d.as,r1 1.00
_i41c0129447cb9b,a,ColorConverter,com/sulake/room/utils/ColorConverter.as,r2 1.00
_id7d64f91cbaa45,sw,ColorTransitioner,com/sulake/room/utils/ColorTransitioner.as,r2 1.00
_i8a83fb905507a5,a,_i8a83fb905507a5,,
_i9445d638f1ad08,jZ,_i9445d638f1ad08,,
_i3ca06ec73e8e43,vu,class_4281,com/sulake/room/utils/class_4281.as,r2 1.00
_i8ca2d48f761c7f,a,RoomEnterEffect,com/sulake/room/utils/RoomEnterEffect.as,r1 1.00
_i63abf815960a3c,a,RoomGeometry,com/sulake/room/utils/RoomGeometry.as,r1 1.00
_ieaa295fe303059,a,RoomId,com/sulake/room/utils/RoomId.as,r1 1.00
_i0e1b11aed3adb6,a,_i0e1b11aed3adb6,,
_i3735e1f8696b56,a,_i3735e1f8696b56,,
_i9b271f27ace5fc,a,class_469,com/sulake/core/utils/class_469.as,r1 0.35
_i7dd4c6b000788f,o3,RoomPlaneBitmapMaskData,com/sulake/habbo/room/object/RoomPlaneBitmapMaskData.as,r1 1.00
_i91ea5b82f9757b,RW,RoomPlaneBitmapMaskParser,com/sulake/habbo/room/object/RoomPlaneBitmapMaskParser.as,r1 1.00
_ib285662306a365,xoe,RoomPlaneMaskData,com/sulake/habbo/room/object/RoomPlaneMaskData.as,rif r3 x1
_i53bae3e2b55a3a,a,RoomPlaneData,com/sulake/habbo/room/object/RoomPlaneData.as,r2 0.79
_i61db516a5a98f0,a,RoomWallData,com/sulake/habbo/room/object/RoomWallData.as,r2 1.00
_ib097b987258927,a,RoomPlaneParser,com/sulake/habbo/room/object/RoomPlaneParser.as,r1 0.76
_i90bb6daa8751e2,Coe,class_3076,com/sulake/habbo/room/object/data/class_3076.as,r1 1.00
_idb774d16469396,ec,class_1944,com/sulake/habbo/room/object/data/class_1944.as,link r1
_iae7a134fea2fc8,Fo,_iae7a134fea2fc8,,
_i7a2d8c0e7c51e5,a,_i7a2d8c0e7c51e5,,
_i48176f978a742c,a,_i48176f978a742c,,
_ib8b9b1d595271d,a,class_3336,com/sulake/habbo/room/object/data/class_3336.as,r1 0.78
_ie1761d79957a32,PW,EmptyStuffData,com/sulake/habbo/room/object/data/EmptyStuffData.as,r2 1.00
_i1078f31c72dbaf,zZ,HighScoreData,com/sulake/habbo/room/object/data/HighScoreData.as,r2 1.00
_ic0ec11c880ca56,a,_ic0ec11c880ca56,,
_idb0dc670bdd63a,a,_idb0dc670bdd63a,,
_i3ee6653a5eb90e,a,MapStuffData,com/sulake/habbo/room/object/data/MapStuffData.as,r1 0.72
_idc5d7d4728da54,a,_idc5d7d4728da54,,
_ifa4fa14c1c9ab8,a,class_2604,com/sulake/habbo/room/object/data/class_2604.as,r1 0.43
_i5205b2079e8037,Ff,_i5205b2079e8037,,
_i4ba2041f482297,QZ,_i4ba2041f482297,,
_i7d1168d84081c2,a,VariableFxStatusModelData,com/sulake/habbo/room/object/variablefx/VariableFxStatusModelData.as,r3 0.57
_i63afab76b9bd45,a,_i63afab76b9bd45,,
_if1c9cad2234570,YZ,VariableFxStatusRemoveData,com/sulake/habbo/room/object/variablefx/VariableFxStatusRemoveData.as,r2 1.00
_i4ae0a9d5511ad8,a,_i4ae0a9d5511ad8,,
_ic18531d22b8b18,Moe,class_2708,package_64/class_2708.as,r2 0.90
_i26badd1111b047,a,class_4255,package_71/class_4255.as,r2 0.82
_i06b67b13bfe25d,Woe,FuseObjectData,com/sulake/habbo/communication/messages/parser/game/snowwar/data/FuseObjectData.as,r2 0.90
_i05131fd9912eac,Boe,GameLevelData,com/sulake/habbo/communication/messages/parser/game/snowwar/data/GameLevelData.as,r2 1.00
_ic1836c01b90ed7,Aoe,class_4136,package_79/class_4136.as,r2 0.89
_ic23b98fd693ee5,DW,class_2988,package_77/class_2988.as,link-inv r2
_i8a6235debadc8a,koe,class_4022,package_79/class_4022.as,r2 0.86
_i709fd3ac6fd2ae,LW,class_2906,package_77/class_2906.as,link-inv r2
_ie7cc28f4dc7426,NW,Game2GameResult,com/sulake/habbo/communication/messages/parser/game/snowwar/data/Game2GameResult.as,rif r3 x1
_ic1e762f4102beb,Toe,Game2SnowWarGameStats,com/sulake/habbo/communication/messages/parser/game/snowwar/data/Game2SnowWarGameStats.as,r2 1.00
_i593f01483eb816,Roe,Game2PlayerStatsData,com/sulake/habbo/communication/messages/parser/game/snowwar/data/Game2PlayerStatsData.as,r2 1.00
_ib4197e41cfa4e3,Poe,Game2TeamPlayerData,com/sulake/habbo/communication/messages/parser/game/snowwar/data/Game2TeamPlayerData.as,r2 1.00
_i6e7fe49799b730,Soe,Game2TeamScoreData,com/sulake/habbo/communication/messages/parser/game/snowwar/data/Game2TeamScoreData.as,r2 1.00
_i578826af18a753,Doe,class_4299,package_79/class_4299.as,parser r2
_i470b864fad1fa0,OW,class_2717,package_77/class_2717.as,r3 0.88
_i2769877154e33a,Loe,_i2769877154e33a,,
_i85dfddeef9dd8d,FW,_i85dfddeef9dd8d,,
_i536f187f7277f8,Noe,_i536f187f7277f8,,
_i1ae15ab7df0120,HW,_i1ae15ab7df0120,,
_i115e0878bad0d3,Ooe,_i115e0878bad0d3,,
_id63a1a466ddf5e,VW,_id63a1a466ddf5e,,
_i5da3de712ba4f0,Foe,class_4008,package_79/class_4008.as,r3 0.90
_i22e933da7530c1,UW,class_3424,package_77/class_3424.as,link-inv r3
_ie764621d2e94f5,Hoe,class_4286,package_79/class_4286.as,r3 0.89
_ib4f4bfe22a4fab,GW,class_2427,package_77/class_2427.as,link-inv r3
_i481bcffc9cecfd,Voe,_i481bcffc9cecfd,,
_i60fd177d8ab95b,jW,_i60fd177d8ab95b,,
_i028803b4992628,a,_i028803b4992628,,
_i164642a0c46474,zW,GameObjectsData,com/sulake/habbo/communication/messages/parser/game/snowwar/data/GameObjectsData.as,rif r3 x1
_i3bb8f8e5ff9ca0,QW,class_2235,package_79/class_2235.as,r2 0.81
_i741bf3c21dd46d,p9,class_2220,package_77/class_2220.as,link-inv r2
_i2af927e97101d5,Uoe,_i2af927e97101d5,,
_i06c02bfc96c8fe,XW,_i06c02bfc96c8fe,,
_icb5db5382c20c1,Goe,Game2AccountGameStatusMessageParser,package_234/Game2AccountGameStatusMessageParser.as,r2 1.00
_i222f1288271984,YW,Game2AccountGameStatusMessageEvent,package_95/Game2AccountGameStatusMessageEvent.as,link-inv r2
_i9d4bed917991dc,joe,_i9d4bed917991dc,,
_ia7fb74965a267d,KW,_ia7fb74965a267d,,
_i6a0efffc190557,c3,GameLobbyPlayerData,com/sulake/habbo/communication/messages/parser/game/snowwar/data/GameLobbyPlayerData.as,r2 1.00
_ieb791d71597bdf,m9,GameLobbyData,com/sulake/habbo/communication/messages/parser/game/snowwar/data/GameLobbyData.as,r2 1.00
_i3ee66a1c6a1eb0,zoe,_i3ee66a1c6a1eb0,,
_i2169e5513150a7,$W,_i2169e5513150a7,,
_ib7d7c1bebc73bf,ZW,Game2GameDirectoryStatusMessageParser,package_234/Game2GameDirectoryStatusMessageParser.as,r2 1.00
_i972eabd3489125,qW,Game2GameDirectoryStatusMessageEvent,package_95/Game2GameDirectoryStatusMessageEvent.as,link-inv r2
_ibd76f6405ab998,Qoe,_ibd76f6405ab998,,
_i2ca0a0d4fe29c0,JW,_i2ca0a0d4fe29c0,,
_i6901a061135595,Xoe,_i6901a061135595,,
_id520c60d4ff77d,Yoe,_id520c60d4ff77d,,
_i4e5dd5bc143621,Koe,_i4e5dd5bc143621,,
_i12fa1ee961f95a,g9,_i12fa1ee961f95a,,
_i8633aff933c6aa,$oe,_i8633aff933c6aa,,
_if9ccc82a9f2520,eB,_if9ccc82a9f2520,,
_i9b7d2ddcfced16,f3,Game2JoiningGameFailedMessageParser,package_234/Game2JoiningGameFailedMessageParser.as,r1 1.00
_id639bcf8146784,rB,Game2JoiningGameFailedMessageEvent,package_95/Game2JoiningGameFailedMessageEvent.as,link-inv r1
_id3aef1abe0081c,Zoe,_id3aef1abe0081c,,
_i8df262159e97f4,tB,_i8df262159e97f4,,
_i185d67141c4ff2,qoe,Game2StartingGameFailedMessageParser,package_234/Game2StartingGameFailedMessageParser.as,r2 1.00
_i1a3d335c882fc1,aB,Game2StartingGameFailedMessageEvent,package_95/Game2StartingGameFailedMessageEvent.as,link-inv r2
_i22666352ca261b,Joe,_i22666352ca261b,,
_ifd7c367f3271fd,iB,_ifd7c367f3271fd,,
_ifa26ba51b0b05c,ede,_ifa26ba51b0b05c,,
_ib1141ecc6df028,nB,_ib1141ecc6df028,,
_i035fbce905b939,rde,_i035fbce905b939,,
_id2c042a647e995,sB,_id2c042a647e995,,
_i6724c80cb93093,tde,_i6724c80cb93093,,
_ic8b8a2e1aadb4d,oB,_ic8b8a2e1aadb4d,,
_i83a8f363b248f7,a,_i83a8f363b248f7,,
_ib74f0eee879ee1,dB,GameStatusData,com/sulake/habbo/communication/messages/parser/game/snowwar/data/GameStatusData.as,parser r2
_i9aad44b2a89b89,ade,FullGameStatusData,com/sulake/habbo/communication/messages/parser/game/snowwar/data/FullGameStatusData.as,r4 0.59
_i07483d195ae953,ide,_i07483d195ae953,,
_ifab2576440fce2,cB,_ifab2576440fce2,,
_i24e7475051ec86,nde,_i24e7475051ec86,,
_i0fd38c6577b72b,fB,_i0fd38c6577b72b,,
_i34ff2ead5a41ca,lB,class_2934,package_182/class_2934.as,r2 0.94
_i35d47a465a159c,bB,class_2294,package_53/class_2294.as,rif r2 x1
_i49dee3edbef719,_B,class_3132,package_182/class_3132.as,r2 0.64
_i8cf6e5cf4afa6d,uB,class_3454,package_49/class_3454.as,rif r2 x1
_ic7b563f8392353,a,class_2369,package_92/class_2369.as,r2 0.96
_i71f46302631471,hB,class_3840,package_182/class_3840.as,r2 0.65
_i99eb22403753c2,pB,class_2004,package_53/class_2004.as,rif r2 x1
_ie978cbf5f804ce,v9,class_3624,package_92/class_3624.as,r1 0.95
_i0e323a7477cb49,w9,_i0e323a7477cb49,,
_idf78bdd9daa4f7,ode,UserGameAchievementsMessageParser,package_182/UserGameAchievementsMessageParser.as,r3 1.00
_ic909ad7273decb,dde,UserGameAchievementsMessageEvent,package_196/UserGameAchievementsMessageEvent.as,link-inv r3
_i06d1b48515b0f0,mB,class_4169,package_226/class_4169.as,r2 0.92
_ieaa4be448fce8f,l3,Game2LeaderboardParser,package_226/Game2LeaderboardParser.as,r2 1.00
_ia7fb80597504f6,gB,_ia7fb80597504f6,,
_i167851b147426a,cde,Game2GroupLeaderboardParser,package_226/Game2GroupLeaderboardParser.as,r2 1.00
_if827dff373e2e9,vB,Game2TotalGroupLeaderboardEvent,package_107/Game2TotalGroupLeaderboardEvent.as,link-inv r2
_iaf19f39f1dd36a,wB,_iaf19f39f1dd36a,,
_iaf2648c9c08f25,b3,Game2WeeklyLeaderboardParser,package_226/Game2WeeklyLeaderboardParser.as,r3 1.00
_i5a6a2d6313d369,yB,_i5a6a2d6313d369,,
_idf9767702f5162,fde,Game2WeeklyGroupLeaderboardParser,package_226/Game2WeeklyGroupLeaderboardParser.as,r2 1.00
_iaf523dd9a17676,IB,Game2WeeklyGroupLeaderboardEvent,package_107/Game2WeeklyGroupLeaderboardEvent.as,link-inv r2
_iff0f7fa469c474,xB,_iff0f7fa469c474,,
_i25fdf5c7fc157b,lde,_i25fdf5c7fc157b,,
_i42d57019cca8bd,bde,_i42d57019cca8bd,,
_ie627c858df051a,_de,class_4119,package_226/class_4119.as,r2 1.00
_i559e79f2e01ad0,ude,WeeklyGameRewardEvent,package_107/WeeklyGameRewardEvent.as,link-inv r2
_i773a05393f02b2,hde,class_4349,package_226/class_4349.as,r2 0.90
_iea9e9676f7d36d,pde,_iea9e9676f7d36d,,
_i0b2effc8edbf07,mde,_i0b2effc8edbf07,,
_if414d518bcf166,gde,class_4016,package_232/class_4016.as,link r2
_i52c3ca2a760aed,CB,class_3547,package_210/class_3547.as,rif r2 x1
_i02aa455b95692f,vde,class_3997,package_232/class_3997.as,link r2
_i89ad150fdf1a27,EB,class_3523,package_210/class_3523.as,rif r2 x1
_if6636be6cec759,wde,class_4079,package_232/class_4079.as,link r2
_i9f03e2a9f624c0,MB,class_3541,package_210/class_3541.as,rif r2 x1
_id561c3894f2564,a,class_3172,package_108/class_3172.as,r2 0.66
_ib2e81f84c49273,a,class_3173,package_108/class_3173.as,r2 0.94
_i480b4539474860,Ide,class_3894,package_108/class_3894.as,r2 0.78
_i3917bc68e4dbc1,WB,class_2802,package_155/class_2802.as,rif r2 x1
_i0b74b8fc3f10df,a,class_3154,package_108/class_3154.as,r2 0.96
_i972a742a87e87e,xde,class_2677,package_108/class_2677.as,r2 0.91
_i3a3904fa5178d3,BB,class_2964,package_155/class_2964.as,rif r2 x1
_i228d2858063507,Cde,class_2649,package_108/class_2649.as,r2 0.59
_ia5c5b1db31565a,AB,class_3527,package_155/class_3527.as,rif r2 x1
_ic8cc70c9fce24b,a,class_3425,package_108/class_3425.as,r2 0.80
_i335d8aa1c65aab,Ede,class_2826,package_108/class_2826.as,link r2
_i0dd3d056dd5fe3,kB,class_3121,package_155/class_3121.as,rif r2 x1
_ib77fa6902815b1,Mde,_ib77fa6902815b1,,
_iadf8eecf974f0e,TB,class_3516,package_155/class_3516.as,rif r2 x1
_if11af09ff475d3,Wde,class_2412,package_108/class_2412.as,r3 0.73
_i36c19177a3bb23,RB,class_3818,package_155/class_3818.as,rif r2 x1
_id44bb991fd5b3b,Bde,class_3673,package_108/class_3673.as,link r2
_i7e5a2eb65a968c,PB,class_3118,package_155/class_3118.as,rif r2 x1
_i2d5be6f34cc10a,Ade,class_3052,package_108/class_3052.as,link r2
_i4cadac7c36d512,SB,class_3007,package_155/class_3007.as,rif r2 x1
_ifaacf6cfd2ee31,kde,_ifaacf6cfd2ee31,,
_ib0de04d0ea5e6a,DB,class_2709,package_155/class_2709.as,rif r2 x1
_i26adbb4a58c637,Tde,class_2886,package_30/class_2886.as,parser r2
_iaec07f2e0f6516,x9,class_2016,package_1/class_2016.as,r3 0.85
_i66b308de736921,Rde,class_4196,package_30/class_4196.as,parser r2
_i1455af3b2de857,LB,class_2446,package_1/class_2446.as,r3 0.85
_i4eafa1ca611a50,Pde,class_3752,package_30/class_3752.as,link r1
_ic6f68088a86d1d,a,class_1749,package_1/class_1749.as,r1 0.99
_i8dc8b934c71b80,Sde,_i8dc8b934c71b80,,
_i7f480a4bc1b794,_3,_i7f480a4bc1b794,,
_i559e6fe206536f,Dde,class_4069,package_30/class_4069.as,link r4
_i584d9dadba29f7,NB,class_3793,package_1/class_3793.as,rif r4 x1
_ib0d0b85ba33cb1,Lde,_ib0d0b85ba33cb1,,
_i8ca8255923a0e9,OB,_i8ca8255923a0e9,,
_ib3cbc8a4ecdbda,FB,class_3663,package_30/class_3663.as,r2 0.81
_i7cfee73a1b5345,HB,class_3422,package_196/class_3422.as,rif r2 x1
_ia6529cedc9c6a9,Nde,class_1997,package_37/class_1997.as,link r2
_ie5ff19aa4d48e0,VB,class_1991,package_9/class_1991.as,rif r2 x1
_i2497be48033b93,Ode,_i2497be48033b93,,
_ib01f21c98c825c,UB,_ib01f21c98c825c,,
_iba291586057ef2,Fde,class_3929,package_30/class_3929.as,r3 0.90
_id1d3e7c306f364,GB,class_3555,package_1/class_3555.as,link-inv r3
_i73969baa6f7ddd,Kc,class_1833,package_30/class_1833.as,r2 0.92
_iff341aa35f3326,un,class_1926,package_1/class_1926.as,link-inv r2
_icf2b6055512fcc,Hde,class_3031,package_30/class_3031.as,r2 0.94
_i1411a28887b2ff,rc,class_2271,package_1/class_2271.as,link-inv r2
_i280f74c3931a24,Vde,_i280f74c3931a24,,
_ibbf70aaafbb2c5,Zrr,_ibbf70aaafbb2c5,,
_ic9f2ddca8272d4,Ude,_ic9f2ddca8272d4,,
_i741270ac161d9f,jB,_i741270ac161d9f,,
_i87cd021409db5c,Gde,_i87cd021409db5c,,
_i0acb510f063690,zB,_i0acb510f063690,,
_ied527e414d6fc1,QB,class_2133,com/sulake/habbo/communication/messages/parser/help/class_2133.as,parser r2
_ib7fc35b3bbfb83,XB,class_2212,package_32/class_2212.as,r3 0.88
_i9e0797094fc378,YB,_i9e0797094fc378,,
_i1e7c703a9c139c,KB,_i1e7c703a9c139c,,
_ic027873a30464e,$B,class_2760,com/sulake/habbo/communication/messages/parser/help/class_2760.as,r4 0.94
_i7793bbf982e316,ZB,class_3000,package_32/class_3000.as,link-inv r4
_i256cdcc0b6cfa3,jde,_i256cdcc0b6cfa3,,
_i40e2d1bafd240b,qB,_i40e2d1bafd240b,,
_i33fbfd88c26ec6,JB,_i33fbfd88c26ec6,,
_i7d9fe50ce66b98,eA,_i7d9fe50ce66b98,,
_i49b262ba09849f,rA,class_4200,com/sulake/habbo/communication/messages/parser/help/class_4200.as,parser r4
_i1ac19765e4681d,tA,class_3556,package_32/class_3556.as,r5 0.88
_i62ab493751d5f5,aA,_i62ab493751d5f5,,
_if3384a62ff50a2,iA,_if3384a62ff50a2,,
_i7cc99a6c7f5c2d,Ob,class_4089,com/sulake/habbo/communication/messages/parser/help/class_4089.as,r3 0.95
_i1a60001b804e9c,nA,class_2453,package_32/class_2453.as,link-inv r3
_ia90cfee6c8cc46,zde,class_4044,com/sulake/habbo/communication/messages/parser/help/class_4044.as,parser r2
_i88118a2f6e6f64,Qde,class_3039,package_32/class_3039.as,r3 0.88
_ib15bd910f60728,Xde,class_4247,com/sulake/habbo/communication/messages/parser/help/class_4247.as,parser r2
_i5089bf494e5c28,Yde,class_3225,package_32/class_3225.as,r3 0.88
_i82ab165270dbef,Kde,class_3922,com/sulake/habbo/communication/messages/parser/help/class_3922.as,parser r2
_i7183ff57557630,$de,class_2732,package_32/class_2732.as,r3 0.88
_i67a76d9ddbe476,Zde,_i67a76d9ddbe476,,
_i8a993f783b6b58,qde,_i8a993f783b6b58,,
_i7de68aff63ab6b,Jde,_i7de68aff63ab6b,,
_i6165faffb13c04,ece,_i6165faffb13c04,,
_i7a17c480796fc4,qrr,_i7a17c480796fc4,,
_i6b82c7e466817d,sA,class_3923,com/sulake/habbo/communication/messages/parser/help/class_3923.as,r2 0.79
_i0d4d29d48ca28a,oA,class_3761,package_32/class_3761.as,link-inv r2
_ic2d60a37a6e2d8,rce,_ic2d60a37a6e2d8,,
_i7c446bc447428a,a,class_2120,com/sulake/habbo/communication/messages/parser/help/class_2120.as,r1 0.95
_iacffa79a4f9052,dA,_iacffa79a4f9052,,
_ie35e50d172325c,tce,class_4145,com/sulake/habbo/communication/messages/parser/help/class_4145.as,parser r2
_i5d2a909f80a87d,cA,class_2391,package_32/class_2391.as,r3 0.88
_ia8a144e45894e5,ace,_ia8a144e45894e5,,
_ibca29e50529564,fA,_ibca29e50529564,,
_ia402af2003857a,lA,class_3983,com/sulake/habbo/communication/messages/parser/help/class_3983.as,link r2
_i63df6630f9fddc,E9,class_2844,package_32/class_2844.as,rif r2 x1
_i8a9237e6207e3d,G6,class_3960,com/sulake/habbo/communication/messages/parser/help/class_3960.as,r2 0.95
_i758457965ed5dc,M9,class_3525,package_32/class_3525.as,rif r2 x1
_ib5e6eb23d170c3,ice,class_4002,com/sulake/habbo/communication/messages/parser/help/class_4002.as,r2 0.91
_id2819e209f9ac3,bA,class_3607,package_32/class_3607.as,link-inv r2
_i708777db5454ce,_A,class_3878,com/sulake/habbo/communication/messages/parser/help/class_3878.as,r2 0.88
_if98f83eb4f7bb1,uA,class_3129,package_32/class_3129.as,link-inv r2
_ibc96dba0f685be,hA,class_4130,com/sulake/habbo/communication/messages/parser/help/class_4130.as,r2 0.92
_i8dc78947ad4baa,pA,class_3408,package_32/class_3408.as,link-inv r2
_i92089c972ac89d,mA,_i92089c972ac89d,,
_ice77737aeb5e73,gA,_ice77737aeb5e73,,
_idac8ceb559b3dd,vA,class_2740,com/sulake/habbo/communication/messages/parser/help/class_2740.as,r2 0.89
_if236d12e5d7533,j6,class_2940,package_32/class_2940.as,rif r2 x1
_i6d89a39a038381,a,class_4165,com/sulake/habbo/communication/messages/parser/help/class_4165.as,r1 0.97
_ic0cb427337ef41,wA,class_3683,package_32/class_3683.as,rif r2 x1
_if552b2bdc480c2,a,class_4059,com/sulake/habbo/communication/messages/parser/help/class_4059.as,r1 0.94
_i3786989997606c,yA,class_3383,package_32/class_3383.as,rif r2 x1
_ibfd68800ec8374,oce,_ibfd68800ec8374,,
_i29c90049d208d5,dce,_i29c90049d208d5,,
_i32c06feaaadea0,IA,class_3609,com/sulake/habbo/communication/messages/parser/help/class_3609.as,r4 0.78
_i5e36180de766c3,xA,class_2395,package_32/class_2395.as,link-inv r4
_i61679bd9a2dade,CA,class_2636,com/sulake/habbo/communication/messages/parser/help/class_2636.as,link r2
_i845e46a841bb9e,EA,class_3222,package_32/class_3222.as,rif r2 x1
_i60d96edfc5f593,MA,class_3596,com/sulake/habbo/communication/messages/parser/help/class_3596.as,link r2
_i3078418b4d4fd4,WA,class_2917,package_32/class_2917.as,rif r2 x1
_i0263c39e5a09fd,cce,class_4208,package_156/class_4208.as,r2 0.92
_ibe36fd6610cec9,fce,class_4027,package_235/class_4027.as,r2 0.81
_i3c2ff6ed116c0c,BA,class_2711,package_156/class_2711.as,link-inv r2
_if1f80e969d180d,AA,_if1f80e969d180d,,
_i0376c4c17e8399,kA,class_2386,package_99/class_2386.as,rif r2 x1
_i6453f5e83f17b8,TA,class_2578,package_49/class_2578.as,rif r2 x1
_i458c8614060e17,W9,class_2556,package_134/class_2556.as,r2 0.89
_i30f781989c3d6a,B9,class_2351,package_2/class_2351.as,rif r2 x1
_ifb39e3a6b5f360,lce,class_2416,package_109/class_2416.as,rif r3 x1
_iff0e859762fbcd,RA,class_2860,package_173/class_2860.as,parser r3
_ib0d79dcc447278,A9,class_2544,package_109/class_2544.as,r4 0.88
_i23571841354b94,PA,class_3520,package_173/class_3520.as,parser r2
_idef3f981323bd5,k9,class_3318,package_109/class_3318.as,r3 0.88
_iedc9e42d06d56c,SA,_iedc9e42d06d56c,,
_i3b3d54daecb86e,T9,_i3b3d54daecb86e,,
_iaca387e3233fdb,bce,_iaca387e3233fdb,,
_i3bddd9a4c6c103,DA,_i3bddd9a4c6c103,,
_id5e2dc3fa205ab,LA,class_3739,package_173/class_3739.as,r2 0.79
_if0e185f414362f,NA,class_2734,package_109/class_2734.as,link-inv r2
_i34e0e4926f9355,_ce,class_4221,package_194/class_4221.as,r2 0.97
_ib9078df4136962,OA,class_3735,package_164/class_3735.as,rif r2 x1
_i4aef89c4198abd,uce,_i4aef89c4198abd,,
_i13d725e399c608,hce,class_3733,package_194/class_3733.as,r1 0.80
_i34a07938974da9,pce,_i34a07938974da9,,
_i8091a04e22920a,mce,_i8091a04e22920a,,
_ic1d7042d207a41,R9,class_3631,package_194/class_3631.as,r2 0.96
_ie4abe1ed0df5f4,P9,class_3074,package_164/class_3074.as,link-inv r2
_i9747aefb0ed888,S9,class_3428,package_194/class_3428.as,parser r2
_ic9b47e0005229d,u3,class_3784,package_164/class_3784.as,r3 0.57
_id3d81e24958c43,gce,class_3916,package_194/class_3916.as,parser r2
_i0cd7f401d9812c,FA,class_2824,package_164/class_2824.as,r3 0.88
_i605303f91d4131,D9,class_3017,package_185/class_3017.as,r3 0.77
_i2c617e2cb2bd2a,HA,_i2c617e2cb2bd2a,,
_i7be0170ea9e0b3,VA,_i7be0170ea9e0b3,,
_i52df2e920faaf1,UA,_i52df2e920faaf1,,
_i79de7a731b0d75,GA,_i79de7a731b0d75,,
_i0de40d0535cc00,vce,_i0de40d0535cc00,,
_i36eca766b4ea99,wce,_i36eca766b4ea99,,
_i722cca49e1db0e,jA,_i722cca49e1db0e,,
_ie4765c1358a27d,zA,_ie4765c1358a27d,,
_i3810c1a7bc0939,yce,_i3810c1a7bc0939,,
_if38065527251e4,Ice,_if38065527251e4,,
_idbc206aad80c63,xce,_idbc206aad80c63,,
_i99d432c9e0a309,Cce,_i99d432c9e0a309,,
_if86b05675e83d1,Ece,class_4116,package_231/class_4116.as,parser r2
_i12d726d7f4510d,L9,class_3164,package_198/class_3164.as,r3 0.88
_ia8760bb3c2f960,a,class_3113,package_90/class_3113.as,r1 0.93
_i72d5bfd902f6d1,XA,class_3158,package_115/class_3158.as,r3 0.81
_i11eae4b2937320,h3,class_3175,package_90/class_3175.as,link-inv r3
_ib43ac9f9ffe5f3,YA,_ib43ac9f9ffe5f3,,
_i2a67f7caf53350,N9,_i2a67f7caf53350,,
_i4c85b1af093fee,Mce,_i4c85b1af093fee,,
_i8f6c202c9a982a,O9,_i8f6c202c9a982a,,
_ieb2aa7ab53616e,KA,class_3192,package_115/class_3192.as,r3 0.88
_ib576a07989ed06,F9,class_3365,package_90/class_3365.as,link-inv r3
_i331f6bec72921b,$A,_i331f6bec72921b,,
_i072f71f04d8b3d,ZA,_i072f71f04d8b3d,,
_i118a91bde3304d,qA,_i118a91bde3304d,,
_ifbc9cdd69a1bdf,JA,_ifbc9cdd69a1bdf,,
_idb2a5e04a4554d,$Z,class_4010,package_11/class_4010.as,r2 0.91
_i7882972c1bad84,Wce,class_3926,package_11/class_3926.as,rif r3 x1
_i94682c1c1e1d57,Bce,class_3364,package_120/class_3364.as,r2 0.65
_ie24ccba3d4d697,ek,class_2805,package_86/class_2805.as,link-inv r2
_i26d87e099a3c48,Ace,class_2484,package_120/class_2484.as,r2 0.95
_i6b4ea36b67fe43,rk,class_2792,package_86/class_2792.as,link-inv r2
_ie775a5c81ad9c8,kce,class_3657,package_120/class_3657.as,r1 0.80
_ief58a03b78badf,Tce,class_3223,package_86/class_3223.as,link-inv r1
_i0e7be7dbca075d,Rce,class_3877,package_120/class_3877.as,r2 0.95
_if4d7bfde3e70de,tk,class_3530,package_86/class_3530.as,link-inv r2
_i7e7a88d357df66,p3,class_3800,package_120/class_3800.as,r2 0.64
_i1c6800f22ab9d7,m3,class_2503,package_120/class_2503.as,rif r2 x1
_i72b18e17cf2af3,ak,_i72b18e17cf2af3,,
_ib3840df6ca1431,ik,_ib3840df6ca1431,,
_icac81d35e2a7d9,Pce,_icac81d35e2a7d9,,
_i1b96fa1df6dd68,nk,_i1b96fa1df6dd68,,
_i9af129ca2ca1f9,sk,_i9af129ca2ca1f9,,
_i78c68676f6e9bc,ok,_i78c68676f6e9bc,,
_i5866d8eb0d6402,dk,_i5866d8eb0d6402,,
_i3ad34ed691c5d1,ck,_i3ad34ed691c5d1,,
_ie6e138b5839291,fk,class_3236,package_120/class_3236.as,r2 0.91
_i8c1a1524be34d3,lk,class_2360,package_86/class_2360.as,link-inv r2
_ica4f607d58b807,Sce,class_2297,package_81/class_2297.as,r2 0.80
_iad33049e3d5f57,bk,class_1831,package_29/class_1831.as,link-inv r2
_i2040adb78f836f,Dce,class_2566,package_137/class_2566.as,r1 0.80
_i4abb6f87510b82,cw,class_3644,package_119/class_3644.as,r1 0.89
_i77aa81f5649add,H9,_i77aa81f5649add,,
_i5b34e90b1a6d21,Lce,_i5b34e90b1a6d21,,
_i7d64a17887e3a5,V9,_i7d64a17887e3a5,,
_ic8331967c84a9b,Nce,_ic8331967c84a9b,,
_ied33e722835efb,U9,_ied33e722835efb,,
_ibf261a8c49fde6,Oce,_ibf261a8c49fde6,,
_i7d769ef2e2262e,G9,_i7d769ef2e2262e,,
_icdd371660e9115,_k,class_3498,package_119/class_3498.as,r2 0.87
_i1285515765b0f7,j9,_i1285515765b0f7,,
_i878a2d21c058cc,Fce,_i878a2d21c058cc,,
_i3a233dda94e81c,z9,_i3a233dda94e81c,,
_iaa30528bb425cb,Hce,_iaa30528bb425cb,,
_ie0ed71f2dadfde,Q9,_ie0ed71f2dadfde,,
_i4270205f76dde9,uk,class_3437,package_119/class_3437.as,r2 0.44
_i4548075efc9292,X9,_i4548075efc9292,,
_ibd5f39508cf310,Vce,_ibd5f39508cf310,,
_i006f0ab168a85d,Uce,_i006f0ab168a85d,,
_ib8dd889a2fb508,Gce,_ib8dd889a2fb508,,
_i21cd6f57b655eb,Y9,_i21cd6f57b655eb,,
_ie2a6e0156537fc,jce,_ie2a6e0156537fc,,
_i78b2ff4ad9002b,hk,_i78b2ff4ad9002b,,
_if76bcfd00e383f,zce,_if76bcfd00e383f,,
_i70e8bc355971df,K9,_i70e8bc355971df,,
_ifc57d41be28be6,Qce,_ifc57d41be28be6,,
_i46c62027044726,$9,_i46c62027044726,,
_i9408ca8cb9dff4,z6,class_4338,package_170/class_4338.as,r2 0.86
_i0cbfc08e84842c,pk,_i0cbfc08e84842c,,
_i1e9bcb2c9b9557,mk,_i1e9bcb2c9b9557,,
_if4686edcd82da3,Xce,class_3895,package_227/class_3895.as,link r2
_i29b7de2e965528,gk,class_3806,package_221/class_3806.as,rif r2 x1
_i3de65ff82ad304,vk,class_2451,package_38/class_2451.as,r2 0.98
_i1eeee38d5ad055,a,class_2781,package_45/class_2781.as,parser r2
_ia71dbc487774ce,wk,_ia71dbc487774ce,,
_i426e9e29a57da4,Jrr,_i426e9e29a57da4,,
_i31a8cb9b8cd3db,a,class_3406,package_45/class_3406.as,r3 0.40
_i4761becefc83ba,Ik,_i4761becefc83ba,,
_iea864b1bccda69,xk,class_3829,package_45/class_3829.as,r2 0.91
_iddd5e23e59a360,Ck,class_2187,package_38/class_2187.as,link-inv r2
_i213bf712f9c44f,Ek,class_3409,package_45/class_3409.as,r2 0.86
_iff71e410b68fbe,Mk,class_2478,package_38/class_2478.as,link-inv r2
_ic3b6a4efb372d2,Wk,class_3217,package_45/class_3217.as,parser r2
_i1aa8bace183530,Bk,class_1964,package_38/class_1964.as,r3 0.88
_ie61fabd0656dee,Ak,class_2371,package_45/class_2371.as,r3 0.72
_i6980fd77be9a73,kk,class_2035,package_38/class_2035.as,link-inv r3
_i02c3155ff27183,Tk,_i02c3155ff27183,,
_i37437a4491d3a2,Rk,_i37437a4491d3a2,,
_i527c67c1783dbf,Pk,StateController,com/sulake/habbo/notifications/feed/StateController.as,r2 1.00
_i69841c0ce5242d,Z9,_i69841c0ce5242d,,
_i6c392929ed7d35,Sk,class_1931,package_45/class_1931.as,parser r2
_i33afba737ed0fd,q9,class_2073,package_38/class_2073.as,r3 0.88
_i21da0edc038ff1,Dk,class_2061,package_45/class_2061.as,r2 0.88
_i4b3d8ee4c1d543,Lk,class_2255,package_38/class_2255.as,link-inv r2
_icb0335270a865a,Nk,class_2780,package_75/class_2780.as,r2 0.87
_if26462c0a7ecdf,Ok,class_2889,package_50/class_2889.as,link-inv r2
_i418f5de4e810e2,Yce,class_4238,package_50/class_4238.as,rif r2 x1
_iaa10b0bbfa5c07,Hf,class_4250,package_50/class_4250.as,r1 0.86
_i9399167972ec07,Kce,class_3979,package_50/class_3979.as,r2 0.44
_i50d50d0deb6c87,Fk,_i50d50d0deb6c87,,
_if3a5029401f43a,Hk,_if3a5029401f43a,,
_i028c95d7c5733a,Vk,class_2428,package_75/class_2428.as,r3 0.89
_i637d0e702c30ec,Uk,class_3810,package_50/class_3810.as,link-inv r3
_i2a6c8ac1dd49ed,$c,class_3267,package_75/class_3267.as,r2 0.90
_i8be25a14b881ac,$ce,class_4007,package_75/class_4007.as,r2 0.85
_i46d12be9f5d085,Gk,class_3563,package_75/class_3563.as,parser r2
_i514ef2bb0ab29e,jk,class_3692,package_50/class_3692.as,r3 0.88
_i9bc45b3d8c4cf7,zk,class_2499,package_75/class_2499.as,parser r2
_id358edf7f0111a,Qk,class_3110,package_50/class_3110.as,r3 0.88
_i6a79afc8304ae1,Xk,class_3583,package_75/class_3583.as,r3 0.77
_idd03d0eca00fd9,Yk,class_3174,package_50/class_3174.as,link-inv r3
_i7a11814d75cd74,Kk,_i7a11814d75cd74,,
_ifdba1a736260b7,$k,_ifdba1a736260b7,,
_iab54c354972e4b,Zce,class_2205,package_75/class_2205.as,r3 0.84
_ib57d6c1db36681,qce,_ib57d6c1db36681,,
_ibc8b6e129be42d,Zk,_ibc8b6e129be42d,,
_i8a335155b18dc2,qk,_i8a335155b18dc2,,
_i5072b4449533fd,Jk,_i5072b4449533fd,,
_i5be196442bdc66,Jce,class_1862,package_50/class_1862.as,rif r3 x1
_if9d4f679b83bb9,efe,class_3956,package_50/class_3956.as,r2 0.96
_i18a4b2aea49db1,eT,_i18a4b2aea49db1,,
_i11a7ecc0c9219e,rT,_i11a7ecc0c9219e,,
_i328afaa814658a,rfe,class_3496,package_75/class_3496.as,r3 0.96
_id8c23e4e43e821,tT,class_2925,package_50/class_2925.as,link-inv r3
_i42de16018a7be1,tfe,_i42de16018a7be1,,
_i02ab606b877598,aT,_i02ab606b877598,,
_i684452d3e19adb,iT,_i684452d3e19adb,,
_i547bd499983f15,nT,_i547bd499983f15,,
_ia9eb9b8c1ae7d8,sT,_ia9eb9b8c1ae7d8,,
_i93a0b7a99dfe3a,afe,_i93a0b7a99dfe3a,,
_i2ddca06535ac88,ife,_i2ddca06535ac88,,
_ia66d73552c3ece,oT,_ia66d73552c3ece,,
_i9faf6818d048e2,dT,_i9faf6818d048e2,,
_i832f168d602acc,cT,_i832f168d602acc,,
_i850f17bdd49d43,fT,_i850f17bdd49d43,,
_i2ada9ec6cc9d3a,nfe,_i2ada9ec6cc9d3a,,
_iefd565d9f30a1c,lT,_iefd565d9f30a1c,,
_i1ef5e023aca108,bT,_i1ef5e023aca108,,
_iccee0fd859d93c,sfe,class_3925,package_12/class_3925.as,link r2
_icd49e3a583e8d9,_T,class_3853,package_74/class_3853.as,rif r2 x1
_i61cddedf82b5e4,uT,class_4055,package_12/class_4055.as,r2 0.92
_ia4f81024d4e980,hT,class_3835,package_74/class_3835.as,rif r2 x1
_i6fa467514343d0,pT,class_2919,package_35/class_2919.as,link r2
_i710df9a8dc32a0,mT,class_1783,package_19/class_1783.as,rif r2 x1
_i276f43c07b2d3d,ofe,class_4006,package_12/class_4006.as,link r2
_i76d1fe8794bd50,gT,class_3495,package_74/class_3495.as,rif r2 x1
_id4e2d01e256449,vT,class_3053,package_60/class_3053.as,r2 0.90
_i04d763532823cc,wT,class_2931,package_52/class_2931.as,link-inv r2
_id4518060de921d,J9,class_3755,package_60/class_3755.as,parser r2
_ia78c24d15785ef,e4,class_3030,package_52/class_3030.as,r3 0.88
_i058c8fa2782593,yT,_i058c8fa2782593,,
_i5c1bd297cc4853,r4,_i5c1bd297cc4853,,
_i3c3ba4f983ad09,t4,_i3c3ba4f983ad09,,
_i091ce84cf51d3e,IT,class_2277,package_52/class_2277.as,r2 0.89
_i066c3d44d47359,dfe,_i066c3d44d47359,,
_i920848b8e62603,a4,_i920848b8e62603,,
_i41cb7b852e2bfc,xT,_i41cb7b852e2bfc,,
_i931f3384353c0c,CT,_i931f3384353c0c,,
_i69e0fc6336f811,cfe,class_4155,package_60/class_4155.as,r2 0.82
_i9a3b6bd4270c33,g3,class_2954,package_52/class_2954.as,link-inv r2
_i268fa63c409ea9,ffe,class_3200,package_52/class_3200.as,r2 0.86
_i1cb33346da7da1,i4,class_3759,package_60/class_3759.as,r3 0.94
_i36dfff3c7b6647,n4,class_3058,package_52/class_3058.as,link-inv r3
_i0f75771f309ae1,s4,class_3477,package_60/class_3477.as,r2 0.79
_ia296643bdd2079,o4,class_3712,package_52/class_3712.as,link-inv r2
_if783e41867e12e,d4,class_2509,package_60/class_2509.as,r2 0.91
_i4589808de514fa,v3,class_2420,package_52/class_2420.as,rif r2 x1
_iad4f306e7ab21b,lfe,class_3177,package_52/class_3177.as,r1 0.82
_i1dcc58c1172cd4,c4,_i1dcc58c1172cd4,,
_ifd1e8cc4ffa142,w3,_ifd1e8cc4ffa142,,
_i6426ef3925a8c9,As,class_3308,package_52/class_3308.as,r2 0.84
_i2f9cfefc9eab42,bfe,_i2f9cfefc9eab42,,
_i3cf58395b1fc43,etr,_i3cf58395b1fc43,,
_i4e013b63a1b886,a,class_4274,package_52/class_4274.as,r3 0.82
_i5cd479c06edb49,a,class_2872,package_52/class_2872.as,r2 0.93
_i8c3cc3046c9499,a,class_2151,package_52/class_2151.as,r2 0.83
_i0f98a62331881f,a,class_1750,package_2/class_1750.as,r1 0.94
_i2538020dc82152,xi,class_2849,package_2/class_2849.as,r1 0.94
_ic4f30442ea6390,Zc,class_2052,package_60/class_2052.as,r2 0.43
_ic4c38a7ceda683,fd,class_2027,package_57/class_2027.as,rif r2 x1
_i9ccaaf735621ef,a,class_3786,package_52/class_3786.as,r1 0.90
_ibfe412c86ea075,ET,class_2979,package_52/class_2979.as,r2 0.93
_i211304b71e4b1f,MT,_i211304b71e4b1f,,
_ic01c572432c1f6,Q6,_ic01c572432c1f6,,
_i12a2bd64d4de2a,rtr,_i12a2bd64d4de2a,,
_ib774c75a98fbd1,f4,class_2963,package_60/class_2963.as,r2 0.81
_i2061c828301e84,y3,class_2794,package_52/class_2794.as,link-inv r2
_idb49467932f555,WT,_idb49467932f555,,
_id8ad1fe0a52d01,ufe,class_4153,package_52/class_4153.as,r2 0.96
_ibc77fe8b92e693,hfe,_ibc77fe8b92e693,,
_ie5db36ea6b2c81,l4,class_2706,package_60/class_2706.as,parser r3
_ib48423e2f30f04,b4,class_3451,package_52/class_3451.as,r4 0.88
_i202e1a740bbae6,pfe,class_3942,package_52/class_3942.as,rif r5 x1
_i7d2d4466766867,BT,class_3815,package_52/class_3815.as,r4 0.93
_ifd59687b36a157,AT,_ifd59687b36a157,,
_i5869bc689198bd,X6,_i5869bc689198bd,,
_id966876cd3c2ac,mfe,_id966876cd3c2ac,,
_ica12afd8b037d2,_4,_ica12afd8b037d2,,
_i2283bffe5574a6,gfe,_i2283bffe5574a6,,r1 1.00
_if7073f154f34da,u4,_if7073f154f34da,,
_i2ae9aa9297838e,h4,_i2ae9aa9297838e,,
_icefa1bd77eaad0,p4,_icefa1bd77eaad0,,
_i42cb04572014a4,m4,_i42cb04572014a4,,
_ia670a362b3d337,g4,_ia670a362b3d337,,
_iebe499c1c79b63,v4,_iebe499c1c79b63,,
_i921814136accf2,vfe,class_4088,package_60/class_4088.as,r2 0.90
_ie72dc85f23e09f,wfe,class_2753,package_52/class_2753.as,link-inv r2
_i2f913e24917a0a,ttr,_i2f913e24917a0a,,
_i103f38046819d9,atr,_i103f38046819d9,,
_i8f3b42a9b6961a,w4,_i8f3b42a9b6961a,,
_i5c77a0e9cf37d5,y4,_i5c77a0e9cf37d5,,
_if4d089f69ebb39,I4,class_2871,package_60/class_2871.as,r4 0.80
_ib630828f6e7228,x4,class_2467,package_52/class_2467.as,link-inv r4
_i31c7b0ed5b8465,yfe,class_2495,package_33/class_2495.as,r2 0.93
_i12e4229fd6f4cd,Ife,_i12e4229fd6f4cd,,
_ie5636094231a56,kT,_ie5636094231a56,,
_ic5e80e50049f38,xfe,class_1829,package_28/class_1829.as,r2 0.89
_i948aff81aea9ec,TT,class_2914,package_33/class_2914.as,link-inv r2
SavedSearch,RT,SavedSearch,package_33/class_2039.as,nome
_i38def2914c3cd7,Cfe,class_3178,package_33/class_3178.as,r2 0.79
_i4d75d23e2cba40,Efe,_i4d75d23e2cba40,,
_i0b8d8826797985,PT,_i0b8d8826797985,,
_i246c5ba734dfd3,Mfe,_i246c5ba734dfd3,,
_i477c5e932feef5,ST,_i477c5e932feef5,,
_ic0af351d7b6d1b,Wfe,_ic0af351d7b6d1b,,
_i246e1edb667e0c,itr,_i246e1edb667e0c,,
_i47a3f74d3b786d,Iu,class_2005,package_33/class_2005.as,r2 0.87
_ieb5a8a61dbdfa0,Bfe,_ieb5a8a61dbdfa0,,
_ia01e06faab16ad,Afe,_ia01e06faab16ad,,
_id2a2e258b40b46,DT,_id2a2e258b40b46,,
_id987af6720989c,kfe,class_1866,package_28/class_1866.as,parser r2
_ib6dd67ed84f43e,LT,class_3155,package_33/class_3155.as,r3 0.88
_i3b3661a017f692,Tfe,_i3b3661a017f692,,
_i0918ad00efe92a,C4,class_3388,package_208/class_3388.as,r2 0.80
_i45c141eb9c12de,NT,NftEmeraldConvertResultMessageEvent,package_205/NftEmeraldConvertResultMessageEvent.as,link-inv r2
_ib5b625d6c305a9,Rfe,NftWardrobeItem,package_208/NftWardrobeItem.as,r2 0.88
_id590ec350a5dbf,Pfe,class_4131,package_208/class_4131.as,r3 0.89
_i34469718d00c69,OT,class_3782,package_205/class_3782.as,link-inv r3
_ia2420f11bee7f9,Sfe,class_4190,package_208/class_4190.as,parser r2
_i4c8c31027c3652,FT,class_3300,package_205/class_3300.as,r3 0.88
_ibf8cd3a443012e,Dfe,class_3168,package_9/class_3168.as,r2 0.39
_i6a2e28ac7e87f2,Lfe,class_2864,package_134/class_2864.as,link r2
_i139e9740eca52f,E4,class_2599,package_92/class_2599.as,rif r2 x1
_i3e841e29ded480,Nfe,_i3e841e29ded480,,
_ia188107589c4b4,ntr,_ia188107589c4b4,,
_i869ea2c082021c,HT,_i869ea2c082021c,,
_iaa37f4c37fa68e,VT,_iaa37f4c37fa68e,,
_id0d6a7b1ca600e,Ofe,class_3996,package_27/class_3996.as,r2 0.82
_ie99be8e2c537e1,UT,class_3073,package_53/class_3073.as,link-inv r2
_iebbf99541a195c,K_,_iebbf99541a195c,,
_ib83e43e64aae01,$_,class_3670,package_64/class_3670.as,rif r2 x1
_i20541c77ae263f,Ffe,class_3343,com/sulake/habbo/communication/messages/parser/quest/class_3343.as,link r2
_i7df42eb60bdf71,I3,class_3542,package_49/class_3542.as,rif r2 x1
_if40c83a2b2443a,GT,_if40c83a2b2443a,,
_i644b29f3da956d,M4,_i644b29f3da956d,,
_i9222ec89b4ca1e,Hfe,_i9222ec89b4ca1e,,
_i029ea87ccad1a2,jT,_i029ea87ccad1a2,,
_ia44d28488098d4,zT,_ia44d28488098d4,,
_icadc4da8a72468,QT,_icadc4da8a72468,,
_i4885ee0e9f8c51,XT,class_2600,package_27/class_2600.as,r2 0.52
_i40d3970436ef51,YT,class_3347,package_53/class_3347.as,link-inv r2
_i113574db63e263,KT,class_3571,package_27/class_3571.as,r2 0.94
_iec3c5fe3082c79,$T,class_2485,package_53/class_2485.as,link-inv r2
_ibe4f73cabda48b,ZT,class_3449,package_27/class_3449.as,parser r2
_i0f45e7226a0cae,qT,class_2694,package_53/class_2694.as,r3 0.88
_iec59596591fd02,Vfe,_iec59596591fd02,,
_i27b0d986576df1,JT,_i27b0d986576df1,,
_i0fe1792d5fa738,Ufe,_i0fe1792d5fa738,,
_ib6e5bd32bc7209,eR,_ib6e5bd32bc7209,,
_i3886d090decfcd,Gfe,class_4182,package_141/class_4182.as,r2 0.87
_icbafba64c1e83a,jfe,class_4122,package_141/class_4122.as,r2 0.82
_i9349a04705f421,zfe,class_3241,package_141/class_3241.as,r2 0.47
_iee11d4e78a66d1,Qfe,class_3753,package_219/class_3753.as,r2 0.81
_if44219313cc44a,rR,class_2590,package_141/class_2590.as,rif r2 x1
_i9c11c790529b6c,Xfe,class_3893,package_219/class_3893.as,link r2
_i1461727aaf97cc,tR,class_3059,package_141/class_3059.as,rif r2 x1
_id8d446ff5b9f73,qZ,class_4164,package_219/class_4164.as,r2 0.91
_ie49a83b40da4be,JZ,class_2935,package_141/class_2935.as,link-inv r2
_i99520a4d834ab2,aR,class_3814,package_169/class_3814.as,r2 0.87
_if338795bf95be2,iR,class_3298,package_172/class_3298.as,link-inv r2
_i89caf7e357fda2,Yfe,class_2841,package_169/class_2841.as,r2 0.79
_i6e68b11472e025,nR,class_2859,package_172/class_2859.as,link-inv r2
_i275253f9e03fb6,Kfe,class_3965,package_136/class_3965.as,link r2
_i15e89e3fd9f023,sR,class_2980,package_57/class_2980.as,rif r2 x1
_ibb4953e3d4f433,$fe,class_2559,package_136/class_2559.as,r2 0.89
_i13501aa59748ea,W4,class_2880,package_136/class_2880.as,parser r2
_i2c7b489ce44a85,qc,_i2c7b489ce44a85,,
_i104fff4554dbac,Zfe,class_3951,package_144/class_3951.as,r2 0.74
_i2a8ae9e0d10ddd,B4,class_4141,package_144/class_4141.as,r2 0.73
_ide0ba6a93446c2,qfe,class_3263,package_144/class_3263.as,r2 0.70
_i43c2673331c3e7,oR,class_3680,package_151/class_3680.as,link-inv r2
_i736d393a0355a9,Jfe,_i736d393a0355a9,,
_i2593effb1cb5a7,dR,_i2593effb1cb5a7,,
_i22c89560bca4d0,ele,class_3559,package_144/class_3559.as,r2 0.62
_ie16192e8d2a372,cR,class_3553,package_151/class_3553.as,link-inv r2
_id98ff706ebd267,rle,class_2903,package_144/class_2903.as,parser r2
_i4fcd027beb3e59,fR,class_2970,package_151/class_2970.as,r3 0.88
_i2bad0bc68951b9,tle,class_3141,package_144/class_3141.as,r1 0.97
_id8ba45d9391dbe,lR,class_2684,package_151/class_2684.as,link-inv r1
_ice1d8997138794,ale,class_2614,package_144/class_2614.as,parser r2
_i4776b256b7c1a2,bR,class_2671,package_151/class_2671.as,r3 0.88
_i948ed14432710e,x3,class_1928,package_43/class_1928.as,r2 0.97
_i2868ffc9406deb,Ol,class_2121,package_67/class_2121.as,link-inv r2
_i208426cb81152c,ile,class_4354,package_49/class_4354.as,r2 0.70
_i456ed84dbd87ee,nle,class_4336,package_49/class_4336.as,r2 0.80
_i63e0ce2e374a38,sle,class_4251,com/sulake/habbo/communication/messages/parser/quest/class_4251.as,r3 0.78
_i2dac588e642183,ole,class_2675,package_49/class_2675.as,link-inv r3
_i5e1faadd17877e,dle,class_4363,package_49/class_4363.as,rif r3 x1
_ie48f781d28d12a,cle,class_4345,package_49/class_4345.as,r2 0.78
_i2b02a81e871065,fle,class_4034,com/sulake/habbo/communication/messages/parser/quest/class_4034.as,link r2
_ie9204873a7bfb0,_R,class_2480,package_49/class_2480.as,rif r2 x1
_idb94395fbcb5a6,uR,class_3972,com/sulake/habbo/communication/messages/parser/quest/class_3972.as,link r3
_i17ec4d9aec7063,Fl,class_3726,package_49/class_3726.as,rif r3 x1
_i927407ba71a07a,lle,class_4012,com/sulake/habbo/communication/messages/parser/quest/class_4012.as,r6 0.78
_id2e0600cccbc41,A4,class_3033,package_49/class_3033.as,link-inv r6
_ied26e8980c63fa,ble,class_4278,com/sulake/habbo/communication/messages/parser/quest/class_4278.as,link r2
_i852071e2e7ed6a,hR,class_2368,package_49/class_2368.as,rif r2 x1
_i26b561996470d6,a,class_1973,package_49/class_1973.as,r1 0.79
_ie2b07322e1514e,pR,_ie2b07322e1514e,,
_i14986cf5ab76b2,mR,_i14986cf5ab76b2,,
_i9cc83dedce5313,gR,class_2961,com/sulake/habbo/communication/messages/parser/quest/class_2961.as,r2 0.90
_ibfe1988ee55093,vR,class_2688,package_92/class_2688.as,rif r2 x1
_ibead42cb9c1276,k4,class_3896,com/sulake/habbo/communication/messages/parser/quest/class_3896.as,link r2
_if40c396405294d,T4,class_2927,package_49/class_2927.as,rif r2 x1
_ie64c41b4977446,wR,_ie64c41b4977446,,
_i0e3270261fee8e,yR,class_2469,package_99/class_2469.as,rif r2 x1
_ib9187e32693bfa,IR,class_3389,com/sulake/habbo/communication/messages/parser/quest/class_3389.as,r2 0.92
_ic4d7c78664a55a,xR,class_2461,package_64/class_2461.as,rif r2 x1
_icfb3ca82aef43f,CR,class_3492,com/sulake/habbo/communication/messages/parser/quest/class_3492.as,r2 0.79
_i61928864024c77,ER,class_3674,package_196/class_3674.as,rif r2 x1
_i3b4ec2823fad58,_le,class_4271,package_175/class_4271.as,r2 0.44
_i0a4daa28e48892,a,class_2875,package_175/class_2875.as,r1 0.96
_i46888fbb8658c2,MR,_i46888fbb8658c2,,
_i602c5f9885df25,WR,_i602c5f9885df25,,
_ib563867dcb689c,BR,class_3439,package_175/class_3439.as,r2 0.73
_i960d17ccd52bf8,AR,class_3314,package_157/class_3314.as,link-inv r2
_i29fa5727974527,kR,_i29fa5727974527,,
_i447a8f96f655ed,TR,_i447a8f96f655ed,,
_i83e1c312352d67,ule,PrizeMessageSubProduct,package_51/PrizeMessageSubProduct.as,r2 1.00
_iba5fe10c4cffeb,hle,PrizeMessageData,package_51/PrizeMessageData.as,r2 1.00
_i61846cb3166727,ple,_i61846cb3166727,,
_ie16e6b2c60a586,RR,class_2269,package_69/class_2269.as,link r2
_i7478d29442c322,Z_,class_2066,package_51/class_2066.as,r2 0.90
_i33761fe5771311,mle,_i33761fe5771311,,
_i0e477d1f6eed32,PR,_i0e477d1f6eed32,,
_i523f5c05f25a41,gle,class_2145,package_69/class_2145.as,link r2
_i35626c3c85d67e,q_,class_2000,package_51/class_2000.as,r2 0.66
_ibafc1a679cce25,vle,class_3228,package_112/class_3228.as,r2 0.86
_ie1b08a29965bf7,Y6,class_2513,package_128/class_2513.as,rif r2 x1
_i75e52698a654b4,wle,class_2442,package_112/class_2442.as,link r2
_i62a5a6ac2023b1,fw,class_3658,package_128/class_3658.as,rif r2 x1
_if36ae67a130440,yle,class_3264,package_112/class_3264.as,r2 0.91
_if04bde3daf238a,K6,class_3013,package_128/class_3013.as,rif r2 x1
_i666e2fa04612a4,Ile,class_3804,package_112/class_3804.as,link r2
_i6a779bfc734e49,lw,class_3083,package_128/class_3083.as,rif r2 x1
_i836aa266e7bdfb,xle,class_2426,package_112/class_2426.as,link r2
_i932febcc4cb502,bw,class_2739,package_128/class_2739.as,rif r2 x1
_idcf5f68077b94b,Cle,class_3725,package_112/class_3725.as,link r2
_i39c074dfc6c01a,_w,class_3442,package_128/class_3442.as,rif r2 x1
_ibfddbcec7dd121,Ele,class_4292,package_88/class_4292.as,parser r3
_i3aea4eded5e947,eq,class_2518,package_114/class_2518.as,r4 0.88
_i1b4398dc4d8fdb,Mle,_i1b4398dc4d8fdb,,
_i59d9998ba26b33,SR,_i59d9998ba26b33,,
_ibc8480f94f48ba,Wle,class_2363,package_88/class_2363.as,r2 0.89
_ib3a416aba94dcc,DR,class_2665,package_114/class_2665.as,link-inv r2
_i560b7f816f48b0,Ble,class_4105,package_88/class_4105.as,rif r5 x1
_ibb8059449692ee,Ale,class_3210,package_88/class_3210.as,r4 0.88
_i9d441bee70a8c2,LR,class_2879,package_114/class_2879.as,link-inv r4
_i2aa263fe95dd6a,kle,_i2aa263fe95dd6a,,
_ic92f6a40398893,Tle,_ic92f6a40398893,,
_i0f31cb3a1e15ab,R4,class_2813,package_162/class_2813.as,r2 0.94
_i8bf819d65fc922,$6,class_3104,package_73/class_3104.as,rif r2 x1
_i152516ea58647e,Rle,_i152516ea58647e,,
_i5280e8a5b406a3,uw,_i5280e8a5b406a3,,
_i353f040fbf09b0,Ple,_i353f040fbf09b0,,
_i237f422c918cba,NR,_i237f422c918cba,,
_i48096869c173a7,Sle,class_3065,package_162/class_3065.as,r3 0.62
_i7f3a023225bb2c,OR,class_2084,package_52/class_2084.as,rif r2 x1
_i769d7e3a20a9e7,P4,_i769d7e3a20a9e7,,
_i6d077c3986f1b2,S4,_i6d077c3986f1b2,,
_i901cdd59a5b4dc,Z6,class_3681,package_73/class_3681.as,rif r2 x1
_i91e1fd86b22aa1,Dle,class_3371,package_162/class_3371.as,r3 0.79
_i5220f5b47e2288,FR,class_3510,package_73/class_3510.as,link-inv r3
_i874aab4c7ff252,Lle,class_3190,package_162/class_3190.as,r2 0.91
_i7daccf3462aacb,hw,class_2835,package_100/class_2835.as,rif r2 x1
_i9b1eaf30c3b9f9,xu,class_3772,package_73/class_3772.as,rif r2 x1
_i4ae98c56ba2689,Nle,class_2654,package_64/class_2654.as,r2 0.92
_i02ba8a8c7a0da5,a,class_2406,package_71/class_2406.as,r2 0.97
_if3269eba5c526e,pw,_if3269eba5c526e,,
_ia06120d3835951,Fle,class_2799,package_71/class_2799.as,r2 0.91
_idec8819eaf68ed,HR,class_3339,package_64/class_3339.as,link-inv r2
_i1af4710be441e8,VR,AreaHideMessageData,package_71/AreaHideMessageData.as,r2 1.00
_idbf2efef47ff46,Hle,class_3819,package_71/class_3819.as,r2 0.91
_i07befce5fcefc2,q6,class_3534,package_64/class_3534.as,link-inv r2
_i3e8757744960ef,Vle,class_2848,package_71/class_2848.as,link r2
_i9c89d75a40ee50,mw,class_2540,package_64/class_2540.as,rif r2 x1
_i8e699f953742d8,a,class_3100,package_71/class_3100.as,r2 0.89
_i38cac2b5f52329,gw,class_3846,package_64/class_3846.as,rif r2 x1
_i32aac278ebf196,Ule,class_3203,package_71/class_3203.as,r2 0.70
_iecd91f1dc54deb,vw,class_2381,package_64/class_2381.as,rif r2 x1
_i750612390e87eb,rq,class_2663,package_64/class_2663.as,r2 0.93
_iaf89a78a8b4aa0,L4,class_4263,package_71/class_4263.as,r1 0.90
_i62eb3563420aa1,Gle,class_3413,package_71/class_3413.as,r2 0.88
_i6f6c850a9af01a,ww,class_3319,package_64/class_3319.as,rif r2 x1
_i4334ba2e1894d3,jle,class_3438,package_64/class_3438.as,r3 0.64
_i579540dc54294d,zle,class_2493,package_71/class_2493.as,link r2
_i4d2e5682e1507d,yw,class_3411,package_64/class_3411.as,rif r2 x1
_ice07cdd7a3103e,Qle,class_2398,package_71/class_2398.as,r2 0.88
_idd75cfd106a046,Iw,class_2783,package_64/class_2783.as,rif r2 x1
_i64e9c7f7f8ffea,Xle,class_3084,package_71/class_3084.as,r2 0.89
_i0352a8edc697d8,xw,class_2408,package_64/class_2408.as,rif r2 x1
_i110d5baaf2e601,Yle,class_3576,package_71/class_3576.as,link r2
_i2b4262929e16ee,Cw,class_2785,package_64/class_2785.as,rif r2 x1
_ibd2627313e8bdb,Kle,class_2697,package_71/class_2697.as,r2 0.92
_i453c97efc3b9ec,Ew,class_3528,package_64/class_3528.as,rif r2 x1
_iec089e6bb78fe0,$le,class_3001,package_71/class_3001.as,link r2
_ic01db82145e245,Mw,class_2414,package_64/class_2414.as,rif r2 x1
_id59c82e13845e7,Zle,class_3426,package_71/class_3426.as,r2 0.89
_i739d0a8a11dfc1,Ww,class_3153,package_64/class_3153.as,rif r2 x1
_ia296ac295c2136,qle,_ia296ac295c2136,,
_i7cbd2aa57cd932,J6,_i7cbd2aa57cd932,,
_i7e74246c6da5b1,Jle,_i7e74246c6da5b1,,
_i7fab77dc2058ea,ebe,class_3827,package_71/class_3827.as,link r2
_i6837d6bbb6f804,Bw,class_2372,package_64/class_2372.as,rif r2 x1
_iff2c97c73ab10d,rbe,class_3560,package_71/class_3560.as,r2 0.81
_i7be2fb9dcff9ef,Aw,class_3412,package_64/class_3412.as,rif r2 x1
_ia5c32b5e4be6ed,UR,class_3671,package_71/class_3671.as,r2 0.56
_i45556df1194836,Cu,_i45556df1194836,,
_i91671379f1f6b4,tbe,class_2944,package_71/class_2944.as,r2 0.79
_idf78f49c2487cb,e8,_idf78f49c2487cb,,
_i981476b0590bbf,abe,class_2454,package_71/class_2454.as,link r2
_if06afcaa0cc639,kw,class_3703,package_64/class_3703.as,rif r2 x1
_ic414d76e07df43,ibe,class_2344,package_71/class_2344.as,link r2
_i302bf236dfc688,Tw,class_3354,package_64/class_3354.as,rif r2 x1
_ic64b0d73e1ffb4,nbe,class_2814,package_71/class_2814.as,link r2
_i7127e658a74546,Rw,class_2898,package_64/class_2898.as,rif r2 x1
_ie2a32f5d3659ee,ef,class_2161,package_71/class_2161.as,r2 0.89
_i2a0b2de4f18f66,Vn,class_2117,package_64/class_2117.as,link-inv r2
_ieffc2a951adb11,sbe,class_2681,package_71/class_2681.as,r1 0.94
_ia3ad036f8c1b54,Pw,class_2827,package_64/class_2827.as,link-inv r1
_i74713bc7a10778,obe,_i74713bc7a10778,,
_i4ac32cf75005a5,Eu,_i4ac32cf75005a5,,
_i882c3208c72135,Hl,class_2720,package_64/class_2720.as,r1 0.93
_i9f0e2752bab3af,dbe,class_3274,package_71/class_3274.as,r2 0.43
_i120388c21a5381,Sw,class_2463,package_64/class_2463.as,rif r2 x1
_i579e2db3d7ce30,cbe,class_2666,package_71/class_2666.as,r2 0.89
_iba6e85b49dccd4,Dw,class_3098,package_64/class_3098.as,rif r2 x1
_i3e32d1a8a4804e,fbe,class_2562,package_71/class_2562.as,r2 0.86
_ic493e19be4b81c,rf,_ic493e19be4b81c,,
_i04ad8da360f4d2,r8,class_2233,package_64/class_2233.as,r1 0.88
_ib4d7232a08a44b,lbe,class_2425,package_71/class_2425.as,link r2
_i0bb70b850ac6ae,t8,class_2547,package_64/class_2547.as,rif r2 x1
_i887d285e256b62,bbe,class_3551,package_64/class_3551.as,r2 0.86
_i29dfce91515fac,_be,class_2725,package_71/class_2725.as,r1 0.86
_i6cb42570f2f02e,Lw,class_3303,package_64/class_3303.as,link-inv r1
_i41b1626d85776d,GR,class_2279,package_71/class_2279.as,r1 1.00
_i88a77230578806,Mu,class_2114,package_64/class_2114.as,link-inv r1
_i0ac06353382883,ube,class_3775,package_71/class_3775.as,r3 0.94
_i61d9e5055e9f72,hbe,class_2421,package_71/class_2421.as,r2 0.91
_ia027cc30ba0de0,pbe,class_3458,package_71/class_3458.as,r2 0.45
_i86e0e2467e6a5d,mbe,class_3071,package_71/class_3071.as,r2 0.87
_ied892f5ed74b96,a,class_3669,package_71/class_3669.as,parser r2
_i1979b52f8e75ab,Nw,class_2568,com/sulake/habbo/communication/messages/incoming/userdefinedroomevents/class_2568.as,rif r2 x1
_i4a0f9c5599ad30,vbe,class_3620,package_168/class_3620.as,link r2
_i313125107b624c,Ow,class_3741,package_100/class_3741.as,rif r2 x1
_ie60d8b28e311c3,wbe,class_4235,package_168/class_4235.as,r2 0.89
_i68e1990b3bf37d,N4,class_3839,package_100/class_3839.as,link-inv r2
_i60fc23f8ffca5a,ybe,class_2458,package_116/class_2458.as,link r2
_i84135a65ac73b2,Fw,class_3803,package_11/class_3803.as,rif r2 x1
_i0c6ac466bcfa41,Ibe,class_3565,package_168/class_3565.as,r2 0.97
_ib70cdbc7a0f5c7,jR,class_2577,package_100/class_2577.as,rif r2 x1
_ia8535b7f28248e,zR,class_4210,package_168/class_4210.as,r2 0.92
_i007697f3eafaa7,QR,class_2676,package_100/class_2676.as,link-inv r2
_i421e95c5da7c6b,xbe,class_3288,package_14/class_3288.as,link r2
_i260a6025ae9b23,Hw,class_3213,package_44/class_3213.as,rif r2 x1
_i3891ec352dd230,Cbe,class_3558,package_168/class_3558.as,parser r2
_i5edcb64cb693c2,XR,class_3193,package_100/class_3193.as,r3 0.88
_iae5a5570f7eb4e,Ebe,class_3359,package_168/class_3359.as,r2 0.89
_i42e984d4e60ca1,YR,class_2411,package_100/class_2411.as,link-inv r2
_iec6a9fa5011560,Mbe,class_3799,package_168/class_3799.as,r2 0.97
_ib0865605325548,KR,class_3627,package_100/class_3627.as,link-inv r2
_i2d0c980caab385,Wbe,class_4110,package_168/class_4110.as,r2 0.87
_iabb8ef282c4ead,$R,class_3021,package_100/class_3021.as,link-inv r2
_i6209f97fcde5b1,Bbe,class_3914,package_168/class_3914.as,r3 0.90
_i07c4273201d575,ZR,class_2387,package_100/class_2387.as,link-inv r3
_i36f1051ccbd8fc,Abe,class_4011,package_168/class_4011.as,parser r2
_i01d33cbab4dc5e,qR,class_2700,package_100/class_2700.as,r3 0.88
_i46b7dd0bacc3c5,kbe,class_4174,package_168/class_4174.as,r3 0.87
_i5f5942a2e9c6ad,JR,class_3691,package_100/class_3691.as,link-inv r3
_i40a014dab857d4,Tbe,class_2606,package_100/class_2606.as,r2 0.79
_i9ce61ef07a0481,Rbe,class_3385,package_168/class_3385.as,r2 0.95
_i2c59a174ae0cca,eP,class_3837,package_100/class_3837.as,link-inv r2
_iaf6b66c383a217,rP,class_3650,package_168/class_3650.as,parser r3
_i68e8dac8ecf26b,tP,class_3040,package_100/class_3040.as,r4 0.88
_ibb501364f076cc,Pbe,class_4189,package_168/class_4189.as,r4 0.92
_ica282074b3a1ca,Sbe,class_3159,package_100/class_3159.as,link-inv r4
_ife304282ae7ce0,Dbe,class_2831,package_168/class_2831.as,r2 0.77
_i4d927a8ecf4aff,Lbe,class_4031,package_168/class_4031.as,parser r2
_iec55048a16ab77,Nbe,class_3455,package_100/class_3455.as,r3 0.88
_ic2b146b44c7c9e,Obe,class_3927,package_168/class_3927.as,parser r2
_i3655dc424401b1,Fbe,class_3707,package_100/class_3707.as,r3 0.88
_i21e41d3b8caed0,Hbe,class_2771,package_159/class_2771.as,r2 0.90
_i7bf684929835b9,a8,_i7bf684929835b9,,
_i7cb2729276a37e,Vbe,_i7cb2729276a37e,,
_ic686cbd417ee94,aP,class_2533,package_131/class_2533.as,rif r2 x1
_ie3c2351d5dff15,Ube,class_3080,package_195/class_3080.as,link r3
_i7a4192c135a4a7,O4,class_2999,package_147/class_2999.as,rif r3 x1
_i4757128457b59d,Gbe,_i4757128457b59d,,
_i394d4cfba97538,iP,_i394d4cfba97538,,
_id6edaadc893d80,jbe,_id6edaadc893d80,,
_i93d26d58cde8a4,F4,_i93d26d58cde8a4,,
_id566a88e7657b3,zbe,class_4254,package_11/class_4254.as,r2 0.70
_ia0a561eba15bf0,Qbe,class_2617,package_116/class_2617.as,r2 0.93
_ia54e71ab39a2d6,nP,class_3195,package_11/class_3195.as,link-inv r2
_ica8002ecdff7f0,Xbe,class_3351,package_116/class_3351.as,r2 0.91
_i8553fc92380a3d,sP,class_3745,package_11/class_3745.as,link-inv r2
_i0ee091acae2ecf,Ybe,class_2899,package_168/class_2899.as,link r2
_icc5acf8ffcabb9,oP,class_3757,package_100/class_3757.as,rif r2 x1
_iba22775374452c,Kbe,_iba22775374452c,,
_i18df14154df596,i8,class_3738,package_64/class_3738.as,rif r2 x1
_ib0515c025827b4,$be,class_3482,package_116/class_3482.as,r2 0.95
_i873eb7aebe97ce,dP,class_3461,package_11/class_3461.as,link-inv r2
_i37c567fd9ad493,Zbe,class_2729,package_116/class_2729.as,r2 0.94
_i2144c040a18a29,cP,class_2939,package_11/class_2939.as,link-inv r2
_i7ce10cf4988701,qbe,_i7ce10cf4988701,,
_i36dccb24cccbd9,fP,_i36dccb24cccbd9,,
_i3cf2056fd34c73,lP,_i3cf2056fd34c73,,
_i70fd7bff0643dd,H4,_i70fd7bff0643dd,,
_i507ad887c56cfd,Jbe,class_3597,package_116/class_3597.as,r2 0.98
_iba534832a99304,bP,class_2989,package_11/class_2989.as,link-inv r2
_i134bdef22c038d,a,class_2645,package_14/class_2645.as,r2 0.96
_i12d5f62c6cb227,V4,_i12d5f62c6cb227,,
_i7e30cb8921ebf5,e_e,class_3401,package_14/class_3401.as,link r2
_iab4193f190bd65,tc,class_1929,package_44/class_1929.as,rif r2 x2
_iff3170fb20e6ac,r_e,class_3105,package_14/class_3105.as,link r2
_i0387ce225e6a9b,_P,class_3450,package_44/class_3450.as,rif r2 x1
_ia6125f9c2098b8,U4,class_3704,package_14/class_3704.as,r2 0.91
_ie1fb4d908174be,C3,class_3481,package_44/class_3481.as,rif r2 x1
_i71b96c648e611d,t_e,class_3400,package_116/class_3400.as,link r2
_i71d06ece98f957,Vw,class_2639,package_11/class_2639.as,rif r2 x1
_i3aeede050f39ab,a_e,class_2664,package_14/class_2664.as,link r2
_i0c9aad7a6e2134,E3,class_3106,package_44/class_3106.as,rif r2 x1
_ib751d45e952b60,uP,_ib751d45e952b60,,
_i836b5bdd8796ac,hP,_i836b5bdd8796ac,,
_i12851d3c18c3af,i_e,class_2984,package_14/class_2984.as,r2 0.92
_i3579588c53be5d,n_e,class_3085,package_14/class_3085.as,link r2
_iad684609f3af5a,pP,class_3292,package_44/class_3292.as,rif r2 x1
_i283c798c024380,G4,_i283c798c024380,,
_i333a8da3a5d6bf,Uf,_i333a8da3a5d6bf,,
_i44c4d5a1780459,s_e,class_2737,package_14/class_2737.as,link r2
_i54ec42d9e88c8c,mP,class_2538,package_44/class_2538.as,rif r2 x1
_id6707b58358f6f,o_e,class_3276,package_14/class_3276.as,link r2
_i47188f5a89c296,gP,class_3577,package_44/class_3577.as,rif r2 x1
_i3ad8ec64332ea5,d_e,class_2620,package_14/class_2620.as,link r2
_iafd83c564a18ea,vP,class_2727,package_44/class_2727.as,rif r2 x1
_i0e41126f9bd2e3,c_e,_i0e41126f9bd2e3,,
_i509d0d1effd6d8,j4,_i509d0d1effd6d8,,
_i9c953a9ec76d4d,z4,_i9c953a9ec76d4d,,
_iec27dbe250853b,wP,_iec27dbe250853b,,
_ia3a5fec5c63ea6,Q4,_ia3a5fec5c63ea6,,
_i2964937c6b4cd6,X4,_i2964937c6b4cd6,,
_i5f9c64ceea0983,Y4,_i5f9c64ceea0983,,
_i616fb7f8578499,K4,_i616fb7f8578499,,
_ia3ce54a0278703,$4,_ia3ce54a0278703,,
_idca03328283d6c,Z4,_idca03328283d6c,,
_i8945f66c0b9ad0,q4,_i8945f66c0b9ad0,,
_i1d49f0db22b849,J4,_i1d49f0db22b849,,
_ic139991eac2c36,f_e,_ic139991eac2c36,,
_if3e0ff935c227a,e7,_if3e0ff935c227a,,
_i7548a3d6a48cd9,a,class_1960,package_2/class_1960.as,r1 0.88
_i9d5632969c94b6,r7,class_3579,package_103/class_3579.as,parser r2
_ida03b16f85c38f,t7,class_2955,package_2/class_2955.as,r3 0.88
_i827d68187cbe3e,yP,class_3283,package_103/class_3283.as,r2 0.94
_i82c360d4f8b1e6,a7,class_3543,package_2/class_3543.as,link-inv r2
_i646b1e5f816597,Ac,class_3716,package_103/class_3716.as,r1 0.98
_ifa01236e57f3b4,i7,class_2882,package_2/class_2882.as,link-inv r1
_i2d3ddc9fef999d,n7,_i2d3ddc9fef999d,,
_ia58fb44abac372,M3,class_3128,package_196/class_3128.as,rif r2 x1
_ia0afa30d9b03f1,IP,_ia0afa30d9b03f1,,
_i66f8f84cd04aab,xP,_i66f8f84cd04aab,,
_i22161f9cbc4d7c,s7,_i22161f9cbc4d7c,,
_id9954399da6829,o7,_id9954399da6829,,
_i304c9a4312d767,l_e,_i304c9a4312d767,,
_i09c27a840c1984,CP,_i09c27a840c1984,,
_i62106db44b666c,EP,class_4077,package_160/class_4077.as,parser r2
_ie3778e7da8cd53,MP,class_3407,package_85/class_3407.as,r3 0.88
_iedb329fa4bb652,WP,class_3906,package_160/class_3906.as,parser r4
_i5296867811560c,BP,class_2494,package_85/class_2494.as,r5 0.88
_i1db00d390e801d,b_e,_i1db00d390e801d,,
_i4415b3d7ee4fd1,AP,_i4415b3d7ee4fd1,,
_i2b6b8719e9b8fa,W3,class_2354,package_85/class_2354.as,r2 0.93
_i803e156dac6643,kP,class_4070,package_160/class_4070.as,parser r2
_idb60bf9f15ae7d,TP,class_3018,package_85/class_3018.as,r3 0.88
_i5bcffffb3f339e,RP,class_4009,package_160/class_4009.as,parser r2
_i1584206d80d239,PP,class_3616,package_85/class_3616.as,r3 0.88
_i06d0f2ca0ab2aa,__e,class_2355,package_85/class_2355.as,r3 0.81
_i359205845aa40c,SP,class_2796,package_160/class_2796.as,parser r2
_idcbd045f26c3f0,DP,class_3294,package_85/class_3294.as,r3 0.88
_ie97abf92327dec,LP,_ie97abf92327dec,,
_i8b984ddd2c5fb7,NP,_i8b984ddd2c5fb7,,
_ia3a76c6302167a,OP,_ia3a76c6302167a,,
_if6b165469f387b,FP,class_4223,package_148/class_4223.as,r2 0.89
_i82a7ce45c4693b,d7,class_4273,package_148/class_4273.as,r2 0.94
_i4b88bb53b3853a,c7,class_2637,package_133/class_2637.as,rif r2 x2
_i231a295855101b,HP,class_3928,package_148/class_3928.as,r2 0.92
_i092ce85e4213c6,VP,class_3254,package_133/class_3254.as,link-inv r2
_icf0260337e22d0,a,class_4300,package_148/class_4300.as,r1 0.99
_idae8f03dcd308f,u_e,class_2646,package_148/class_2646.as,r2 0.92
_i0cb50eb9e43e20,a,class_4264,package_148/class_4264.as,parser r2
_i1a3aa14a8e61ea,h_e,class_3881,package_37/class_3881.as,link r2
_i0103124e5d884b,Uw,class_2539,package_9/class_2539.as,rif r2 x1
_ic88079c8b8ede5,UP,_ic88079c8b8ede5,,
_idba656405e2f9a,GP,_idba656405e2f9a,,
_i49462a3184d972,jP,class_3427,package_138/class_3427.as,r2 0.80
_ic57f5afedc4488,zP,class_3338,package_186/class_3338.as,link-inv r2
_ifab16ca476093a,p_e,TreasureHuntWinnerInfo,package_138/TreasureHuntWinnerInfo.as,r3 1.00
_i890babdb6b10f0,QP,_i890babdb6b10f0,,
_i047c268381a763,XP,_i047c268381a763,,
_icb82e8ffda413f,YP,class_3812,package_138/class_3812.as,r2 0.80
_i3ebe989cffbadf,KP,class_2974,package_186/class_2974.as,link-inv r2
_i5cd2fbd3f67e17,$P,class_3055,package_192/class_3055.as,parser r2
_i4b9faab4ec4006,ZP,class_2464,package_117/class_2464.as,r3 0.88
_ia39457da758e35,a,InputSourcesConf,com/sulake/habbo/communication/messages/incoming/userdefinedroomevents/InputSourcesConf.as,r1 1.00
_i410e4dccc6a84a,a,_i410e4dccc6a84a,,
_icdc775e0814d19,m_e,AllVariablesInRoom,package_124/AllVariablesInRoom.as,rif r3 x1
_i6d212f0cf9974c,g_e,SharedGlobalPlaceholder,package_124/SharedGlobalPlaceholder.as,r2 1.00
_iae7c0980664c4f,v_e,SharedGlobalPlaceholderList,package_124/SharedGlobalPlaceholderList.as,rif r4 x1
_ie7853efb363948,n8,class_4172,package_217/class_4172.as,r1 1.00
_if06537ece4db30,_t,WiredVariable,package_217/WiredVariable.as,r1 1.00
_i712ffddbb768c5,w_e,SharedVariable,package_217/SharedVariable.as,r4 1.00
_ie49a4fb58ac6a7,y_e,SharedVariableList,package_124/SharedVariableList.as,rif r4 x1
_i08106d033c76a5,I_e,_i08106d033c76a5,,
_i7fcdca64ea5e83,Gw,VariableInfoAndHolders,package_124/VariableInfoAndHolders.as,r2 1.00
_i9877b6e40e2e0d,x_e,VariableInfoAndValue,package_124/VariableInfoAndValue.as,r3 0.67
_i7a6f60fab81a00,a,VariableList,package_124/VariableList.as,r4 1.00
_i4e70256c12c2d6,B3,class_4327,com/sulake/habbo/communication/messages/incoming/userdefinedroomevents/wiredcontext/class_4327.as,rif r3 x4
_ia0dcad029b8fa9,a,_ia0dcad029b8fa9,,r2 1.00
_idfd0190c53ba75,Ul,class_2396,com/sulake/habbo/communication/messages/incoming/userdefinedroomevents/class_2396.as,r2 0.89
_iba0fdd1889b1d7,Hb,class_3391,com/sulake/habbo/communication/messages/incoming/userdefinedroomevents/class_3391.as,r3 0.88
_ie39e7d82fe88f2,_7,_ie39e7d82fe88f2,,
_i830fb070bfb87a,Gl,class_3028,com/sulake/habbo/communication/messages/incoming/userdefinedroomevents/class_3028.as,r2 0.82
_if876289a843cf8,u7,class_2908,com/sulake/habbo/communication/messages/incoming/userdefinedroomevents/class_2908.as,rif r2 x3
_i05989de9a0958c,qP,class_2876,com/sulake/habbo/communication/messages/parser/userdefinedroomevents/class_2876.as,r4 0.91
_i7a176696c76042,JP,class_2407,com/sulake/habbo/communication/messages/incoming/userdefinedroomevents/class_2407.as,link-inv r4
_if0b682648fd240,jl,SelectorDefinition,com/sulake/habbo/communication/messages/incoming/userdefinedroomevents/SelectorDefinition.as,r2 1.00
_i273ff567809acd,h7,_i273ff567809acd,,
_icbbc47f0f04020,p7,_icbbc47f0f04020,,
_i8b54b38a9b2101,E_e,class_2972,com/sulake/habbo/communication/messages/parser/userdefinedroomevents/class_2972.as,link r2
_iadcc6145a02d00,eS,class_3301,com/sulake/habbo/communication/messages/incoming/userdefinedroomevents/class_3301.as,rif r2 x1
_ie76b56dc196c00,M_e,class_3387,com/sulake/habbo/communication/messages/parser/userdefinedroomevents/class_3387.as,r2 1.00
_ic80c2cd86401b1,rS,class_3588,com/sulake/habbo/communication/messages/incoming/userdefinedroomevents/class_3588.as,rif r2 x1
_i31053b8e676daf,W_e,class_3360,com/sulake/habbo/communication/messages/parser/userdefinedroomevents/class_3360.as,r2 1.00
_i73b1dc9d145f9d,tS,class_3186,com/sulake/habbo/communication/messages/incoming/userdefinedroomevents/class_3186.as,rif r2 x1
_i6d2c2ba361d38a,aS,_i6d2c2ba361d38a,,
_icac49ea648b05c,iS,_icac49ea648b05c,,
_i338feeab2e527f,nS,_i338feeab2e527f,,
_iba739b5e35adfa,sS,_iba739b5e35adfa,,
_if90b3dd55648f7,oS,_if90b3dd55648f7,,
_i189d98a84ee30a,dS,_i189d98a84ee30a,,
_iec5697d61e1c90,cS,_iec5697d61e1c90,,
_ie72a0e871bd4a9,fS,_ie72a0e871bd4a9,,
_i87a6fb55f44b4e,lS,_i87a6fb55f44b4e,,
_i4b9b0ad4cdd299,bS,_i4b9b0ad4cdd299,,
_idc9795dbbc1e2f,_S,_idc9795dbbc1e2f,,
_i69fb6829a2fa77,uS,_i69fb6829a2fa77,,
_ic18b331ca99e76,hS,class_3112,com/sulake/habbo/communication/messages/parser/userdefinedroomevents/class_3112.as,link r1
_i9f91105ed548dd,m7,class_3693,com/sulake/habbo/communication/messages/incoming/userdefinedroomevents/class_3693.as,r1 0.89
_i5b123f19fd9afe,B_e,_i5b123f19fd9afe,,
_i34127d9d412d20,pS,_i34127d9d412d20,,
_id869e585f84d1a,A_e,class_3079,com/sulake/habbo/communication/messages/incoming/userdefinedroomevents/class_3079.as,rif r3 x1
_i3982bc84c6517b,mS,class_3191,com/sulake/habbo/communication/messages/parser/userdefinedroomevents/class_3191.as,r2 0.92
_ie8500c4078afbf,gS,class_2361,com/sulake/habbo/communication/messages/incoming/userdefinedroomevents/class_2361.as,link-inv r2
_ib66bb292ca65e3,k_e,class_4085,com/sulake/habbo/communication/messages/parser/userdefinedroomevents/class_4085.as,link r2
_ib57333a8b81dba,vS,class_3483,com/sulake/habbo/communication/messages/incoming/userdefinedroomevents/class_3483.as,rif r2 x1
_i463c8dedf41b8a,jw,class_4337,package_217/class_4337.as,r1 1.00
_iec435137a4336a,ki,class_4222,package_217/class_4222.as,r1 1.00
_i68669ad48610af,ks,class_3973,package_217/class_3973.as,r2 1.00
_i979d534c79f05f,T_e,_i979d534c79f05f,,
_id4ba75047d765c,wS,_id4ba75047d765c,,
_i5e23d29e68cbbe,R_e,class_2851,com/sulake/habbo/communication/messages/parser/userdefinedroomevents/wiredmenu/class_2851.as,r2 1.00
_i897305bb6c43d1,yS,class_3639,package_118/class_3639.as,rif r2 x1
_i1025b4bfc84836,P_e,class_4230,com/sulake/habbo/communication/messages/parser/userdefinedroomevents/wiredmenu/class_4230.as,link r2
_ic499550de35720,IS,class_2852,package_118/class_2852.as,rif r2 x1
_i3e0cd2e4cb24a0,S_e,class_4332,package_118/class_4332.as,r2 0.88
_i5a93e1d741df8f,D_e,class_4215,com/sulake/habbo/communication/messages/parser/userdefinedroomevents/wiredmenu/class_4215.as,link r2
_i25cb5b0353bd95,xS,class_2788,package_118/class_2788.as,rif r2 x1
_i41022f1cff7327,A3,class_3093,com/sulake/habbo/communication/messages/parser/userdefinedroomevents/wiredmenu/class_3093.as,r2 1.00
_icf4150702df95e,g7,class_2746,package_118/class_2746.as,link-inv r2
_id182275584a7f2,a,WiredObjectInspectionData,package_118/WiredObjectInspectionData.as,r1 1.00
_i917510c334fbe2,CS,class_2685,com/sulake/habbo/communication/messages/parser/userdefinedroomevents/wiredmenu/class_2685.as,r2 1.00
_ia9357f4a7b5287,ES,class_3628,package_118/class_3628.as,link-inv r2
_i754a8f5371e1f8,L_e,class_4132,com/sulake/habbo/communication/messages/parser/userdefinedroomevents/wiredmenu/class_4132.as,link r2
_i779b2476fd9827,MS,class_3275,package_118/class_3275.as,rif r2 x1
_i994f0d76a86129,N_e,WiredRoomStatsData,package_118/WiredRoomStatsData.as,r2 1.00
_i5e7e870d4d3322,O_e,class_3868,com/sulake/habbo/communication/messages/parser/userdefinedroomevents/wiredmenu/class_3868.as,r2 1.00
_ib130293c0e07b3,WS,class_3139,package_118/class_3139.as,rif r2 x1
_ibb9016a8d3e899,F_e,_ibb9016a8d3e899,,
_i96d2438960f2e6,BS,_i96d2438960f2e6,,
_i361f597880dde0,H_e,WiredLogEntry,package_224/WiredLogEntry.as,r3 0.71
_ic2a8cfbc5af1aa,V_e,_ic2a8cfbc5af1aa,,
_i2bb62a27c48c97,U_e,_i2bb62a27c48c97,,
_i886e5bb4df3751,AS,_i886e5bb4df3751,,
_i19fbbf9b01a076,kS,_i19fbbf9b01a076,,
_i2e47b0596384b3,TS,_i2e47b0596384b3,,
_ibacce806f616ce,RS,WiredVariableStorageParameter,package_228/WiredVariableStorageParameter.as,r2 0.68
_if98c50ff8915ba,G_e,WiredUserPermanentVariablesList,package_228/WiredUserPermanentVariablesList.as,r2 1.00
_i651f4f3ee6004d,PS,_i651f4f3ee6004d,,
_i54a032e9dd8c0a,SS,_i54a032e9dd8c0a,,
_ia47787a6bce40d,j_e,WiredUserVariablesElement,package_228/WiredUserVariablesElement.as,r2 1.00
_id9b43d7e06e509,z_e,_id9b43d7e06e509,,
_i46d12282feecb3,DS,_i46d12282feecb3,,
_ia5595f8ffbb41f,LS,_ia5595f8ffbb41f,,
_ibe4290ebb47b75,Q_e,class_4236,com/sulake/habbo/communication/messages/parser/userdefinedroomevents/wiredtrading/chests/class_4236.as,link r3
_i5022aa8b48c9b6,v7,class_2418,package_110/class_2418.as,rif r3 x2
_i6146168f0a3dfa,NS,class_4293,com/sulake/habbo/communication/messages/parser/userdefinedroomevents/wiredtrading/chests/class_4293.as,r2 0.88
_ic608c2168d22ab,OS,class_3742,package_110/class_3742.as,rif r2 x1
_i5a42876e2ca09f,a,ChestItemType,package_193/ChestItemType.as,r2 1.00
_i47ed806b47f00f,FS,ChestStorage,package_193/ChestStorage.as,r2 0.92
_ibeb897d095b19a,HS,class_4303,com/sulake/habbo/communication/messages/parser/userdefinedroomevents/wiredtrading/chests/class_4303.as,r3 0.94
_i19845cecd22a6f,VS,class_2585,package_110/class_2585.as,link-inv r3
_icf1ca579c1d47b,US,class_4086,com/sulake/habbo/communication/messages/parser/userdefinedroomevents/wiredtrading/chests/class_4086.as,r4 0.88
_i12b5d528d29b22,GS,class_3246,package_110/class_3246.as,link-inv r4
_ife448181dc9f28,jS,class_2417,com/sulake/habbo/communication/messages/parser/userdefinedroomevents/wiredtrading/chests/class_2417.as,r2 0.89
_ibe243eabf9d571,zS,class_3029,package_110/class_3029.as,link-inv r2
_i0e7616d9010c98,QS,class_4209,com/sulake/habbo/communication/messages/parser/userdefinedroomevents/wiredtrading/chests/class_4209.as,r2 0.91
_i1dc36ae6eda356,XS,class_3115,package_110/class_3115.as,rif r2 x1
_ic32a587a27a37c,k3,Byte,com/sulake/core/communication/util/Byte.as,rif r2 x1
_if09937babbaee3,YS,Long,com/sulake/core/communication/util/Long.as,rif r2 x1
_i019fdccd097c1d,T3,Short,com/sulake/core/communication/util/Short.as,rif r2 x3
_i7803ce694a994a,KS,_i7803ce694a994a,,
_id39db73c6b64c2,a,TradeRequirementNode,package_225/TradeRequirementNode.as,r2 0.89
_i481debb1da19a9,a,TradeRequirementRule,com/sulake/habbo/communication/messages/parser/userdefinedroomevents/wiredtrading/trade/requirements/rules/TradeRequirementRule.as,r3 1.00
_idfae257226e730,a,TradeRequirementRulesDefinition,com/sulake/habbo/communication/messages/parser/userdefinedroomevents/wiredtrading/trade/requirements/rules/TradeRequirementRulesDefinition.as,r2 1.00
_i86e27439245508,a,class_2512,package_127/class_2512.as,r2 0.80
_i78cb3e3dc3cc84,$S,class_2382,package_98/class_2382.as,rif r3 x1
_i503e60e8c9edec,X_e,class_3507,package_127/class_3507.as,r2 0.94
_ia8ca2db6a174c5,ZS,class_2968,package_98/class_2968.as,link-inv r2
_icd0e5fc0208fb6,Y_e,class_3221,package_127/class_3221.as,r2 0.93
_i71b8a32f8c5bfe,qS,class_3660,package_98/class_3660.as,link-inv r2
_ifecc166f2522a5,zw,class_3566,package_213/class_3566.as,r2 1.00
_i57291da3846856,JS,SelfDonationResultMessageEvent,package_111/SelfDonationResultMessageEvent.as,link-inv r2
_i246a2c5a53bad8,eD,_i246a2c5a53bad8,,
_i38e2dee0044afc,rD,_i38e2dee0044afc,,
_i17804769dcd4e8,K_e,_i17804769dcd4e8,,
_i4ef98a42adfd94,tD,_i4ef98a42adfd94,,
_ia28eb17c927eeb,r0,class_4343,com/sulake/habbo/communication/messages/parser/userdefinedroomevents/wiredtrading/trade/requirements/rules/class_4343.as,rif r2 x3
_ia64b05a20ff5fc,$_e,TradeRequirementRules,com/sulake/habbo/communication/messages/parser/userdefinedroomevents/wiredtrading/trade/requirements/rules/TradeRequirementRules.as,r2 0.83
_i08d5ca8b19fc3c,a,TradeRequirement,com/sulake/habbo/communication/messages/parser/userdefinedroomevents/wiredtrading/trade/requirements/TradeRequirement.as,r1 1.00
_ib7ededf06bdea2,aD,class_3480,com/sulake/habbo/communication/messages/parser/userdefinedroomevents/wiredtrading/trade/class_3480.as,parser r2
_id6a679a6911adf,iD,class_3252,package_187/class_3252.as,r3 0.88
_iac35d5a92c3f85,nD,RoomObjectDataUpdateMessage,com/sulake/habbo/room/messages/RoomObjectDataUpdateMessage.as,r2 0.52
_i784d51a4871662,sD,_i784d51a4871662,,
_i6b4cbdf33e2172,oD,_i6b4cbdf33e2172,,
_if941508a322674,dD,_if941508a322674,,
_i385ac05d17d4a6,cD,_i385ac05d17d4a6,,
_i56094b68cfe828,fD,_i56094b68cfe828,,
_ifd358a34fe202e,lD,WiredTransactionInfo,package_135/WiredTransactionInfo.as,r2 1.00
_ib942451190ba6f,Z_e,WiredTransactionDetails,package_135/WiredTransactionDetails.as,rif r3 x1
_i8d2f78c84b9dc5,q_e,class_2557,package_135/class_2557.as,r2 0.80
_i7747cf4c2deed4,bD,class_3049,package_191/class_3049.as,link-inv r2
_i81d56d13869713,s8,class_3240,package_135/class_3240.as,r2 0.69
_i954dcbbfdff0b5,J_e,class_3205,package_135/class_3205.as,link r2
_i15ed02417b3adf,w7,class_3304,package_191/class_3304.as,rif r2 x1
_if3795d07afa656,a,WiredTransactionSuccessContents,package_135/WiredTransactionSuccessContents.as,r2 1.00
_i8144afa8fba230,a,class_3587,package_135/class_3587.as,r3 0.88
_i6e59e343aa7447,y7,_i6e59e343aa7447,,
_ia9eaf320f747b5,o8,_ia9eaf320f747b5,,
_i225953376774e7,I7,_i225953376774e7,,
_i0133ad5bf82e4d,r0e,_i0133ad5bf82e4d,,
_ie76ece84242987,uD,_ie76ece84242987,,
_iec31cfc174966d,tq,class_3095,package_9/class_3095.as,rif r3 x2
_i8ba850a6b7abf6,t0e,class_3743,package_37/class_3743.as,parser r2
_i0379ec3bc4d512,hD,class_3311,package_9/class_3311.as,r3 0.88
_ifcb46a839bd86a,aq,_ifcb46a839bd86a,,
_ied2516e29a2dd7,a0e,class_2915,package_9/class_2915.as,rif r4 x1
_i0764a57bf4740c,i0e,class_3909,package_37/class_3909.as,link r2
_i7e043ef829530f,pD,class_2867,package_9/class_2867.as,rif r2 x1
_ib3de11662309e2,n0e,class_3883,package_37/class_3883.as,link r2
_ia01c62c0509552,zf,class_2404,package_9/class_2404.as,rif r2 x2
_ie335f4e2a8e9e7,Qw,class_3646,package_37/class_3646.as,link r2
_i899ab648050f05,mD,class_1909,package_9/class_1909.as,rif r2 x1
_i8a56acf458abaa,gD,_i8a56acf458abaa,,
_ie9ed5c966609e8,x7,_ie9ed5c966609e8,,
_ica35b74c0ef361,s0e,_ica35b74c0ef361,,
_ic5da2ce80ee069,vD,_ic5da2ce80ee069,,
_i45d7405a2c6f36,wD,class_3487,package_9/class_3487.as,r2 0.46
_ie08067aa5c82c0,a,class_2203,package_9/class_2203.as,r3 0.42
_i30561840990286,o0e,_i30561840990286,,
_i6ebdd041f0c965,yD,_i6ebdd041f0c965,,
_i8b7545d02a7733,d0e,_i8b7545d02a7733,,
_i00aa3a6d8f8ba7,E7,_i00aa3a6d8f8ba7,,
_i15f21debe6a435,a,_i15f21debe6a435,,
_i10eb756466457e,c0e,_i10eb756466457e,,
_i19340cdc8053a5,ID,_i19340cdc8053a5,,
_i531ac4bf2beca9,xD,class_2482,package_9/class_2482.as,r2 0.80
_i6529ec20a10358,CD,_i6529ec20a10358,,
_i4e4f199a0f6cb8,f0e,_i4e4f199a0f6cb8,,
_idf59dfc0ac38b3,ED,_idf59dfc0ac38b3,,
_i02d0c810d7593c,l0e,class_2044,package_9/class_2044.as,r2 0.46
_i06b2b374edcb6a,b0e,_i06b2b374edcb6a,,
_i4aae569b8113be,MD,_i4aae569b8113be,,
_id25245feab468d,_0e,class_1843,package_9/class_1843.as,r3 0.40
_i93b99ef5dffd9c,WD,_i93b99ef5dffd9c,,
_i39f258482a441c,BD,_i39f258482a441c,,
_ib9e3d3868d38d2,u0e,_ib9e3d3868d38d2,,
_i48b9cb9585f2e2,AD,_i48b9cb9585f2e2,,
_i35303572e03460,h0e,_i35303572e03460,,
_iae823cfa20eff6,p0e,_iae823cfa20eff6,,
_i24ff5ca033ae89,kD,_i24ff5ca033ae89,,
_i5530b87bb70671,a,class_2081,package_9/class_2081.as,r1 0.82
_iddc3a489f0d4d3,g0e,_iddc3a489f0d4d3,,
_if1f31fca64114d,TD,_if1f31fca64114d,,
_ic935c86dbd7ba3,v0e,_ic935c86dbd7ba3,,
_i413e6f7cfa92e2,RD,_i413e6f7cfa92e2,,
_ia8525a029a4425,w0e,_ia8525a029a4425,,
_i8e18b6b8e0aaf9,PD,_i8e18b6b8e0aaf9,,
_i29d15ef5c6c06f,y0e,_i29d15ef5c6c06f,,
_i8cbe0f6f5f797e,SD,_i8cbe0f6f5f797e,,
_ibf7003a044de02,I0e,_ibf7003a044de02,,
_if39b73b30322ee,DD,_if39b73b30322ee,,
_ic97e7f7b1dab3d,x0e,_ic97e7f7b1dab3d,,
_iad699d16c5635d,W7,_iad699d16c5635d,,
_i5b45f1d6225ed7,C0e,class_4146,package_37/class_4146.as,r3 0.79
_i492babfb59eda3,B7,class_2723,package_9/class_2723.as,link-inv r3
_i1b536a960c63e2,E0e,_i1b536a960c63e2,,
_i8991cf7c25e9e5,LD,_i8991cf7c25e9e5,,
_ic8c9af3e30148f,a,class_2162,package_9/class_2162.as,r1 0.94
_ia4ba0e02ef5069,M0e,_ia4ba0e02ef5069,,
_i71ce07f1d9b7d6,zl,_i71ce07f1d9b7d6,,
_i43cb82507e0a62,ND,_i43cb82507e0a62,,
_ifce129bfe9880b,OD,_ifce129bfe9880b,,
_i6e70f7261361b5,Ub,_i6e70f7261361b5,,
_i7d2b0bc5db1e78,W0e,_i7d2b0bc5db1e78,,
_i2eb2d5ba553a6b,R3,_i2eb2d5ba553a6b,,
_i349c042adc961f,B0e,_i349c042adc961f,,
_icf0d158d49b7cc,FD,_icf0d158d49b7cc,,
_i683309ea2a1ac2,A0e,class_4249,package_37/class_4249.as,link r2
_i67f003b00ba277,d8,class_2530,package_9/class_2530.as,rif r2 x1
_icda2b39464b707,k0e,class_4290,package_37/class_4290.as,link r3
_i49f6a036b391a5,HD,class_2728,package_9/class_2728.as,rif r3 x1
_iea40fda3d937be,T0e,class_2693,package_30/class_2693.as,link r2
_ib4746b7387ff4c,VD,class_2068,package_1/class_2068.as,rif r2 x1
_i7b65a1d222e6c7,a,class_2581,package_37/class_2581.as,r1 0.81
_ib1d1bec3371957,UD,_ib1d1bec3371957,,
_i8ef8e561d8b91f,GD,_i8ef8e561d8b91f,,
_id7faaea14b3a35,P0e,_id7faaea14b3a35,,
_ic481212b20eb1a,jD,_ic481212b20eb1a,,
_i5e1108db934e70,S0e,class_3136,package_9/class_3136.as,r2 0.82
_i044ecd6800af27,D0e,_i044ecd6800af27,,
_ic478259c7e25c9,k7,_ic478259c7e25c9,,
_ia98fa13ea26e4a,L0e,_ia98fa13ea26e4a,,
_i632e5887b054b2,T7,_i632e5887b054b2,,
_i8066df2e392c63,N0e,class_2719,package_9/class_2719.as,r2 0.73
_i4aea24887f5b74,zD,_i4aea24887f5b74,,
_ic3a4859a0fe886,QD,_ic3a4859a0fe886,,
_i02f7b3126bce1e,Qf,_i02f7b3126bce1e,,
_i5ae78aefa16901,af,class_3574,package_49/class_3574.as,rif r2 x1
_i2c547c5aa82888,R7,_i2c547c5aa82888,,
_i070f79082ee244,P3,_i070f79082ee244,,
_ibeba55fc6060f2,O0e,_ibeba55fc6060f2,,
_i1a02fc6d924bdc,str,_i1a02fc6d924bdc,,
_icdc91bbdf09eaf,F0e,_icdc91bbdf09eaf,,
_if28d95af6cb9ea,H0e,_if28d95af6cb9ea,,
_i7f4efaa6f36711,XD,class_3332,package_206/class_3332.as,r2 0.87
_i0f1010423cd3ec,YD,class_3637,package_211/class_3637.as,link-inv r2
_i8ec4e546584866,V0e,class_3882,package_206/class_3882.as,r2 0.79
_i515bbbadc1cb37,KD,class_3770,package_211/class_3770.as,link-inv r2
_i918eb802eaca7c,U0e,class_3635,package_206/class_3635.as,r2 0.94
_ib686ecfcc3e8e2,$D,class_3367,package_206/class_3367.as,parser r2
_i14295bcf30f403,ZD,class_3526,package_211/class_3526.as,r3 0.88
_id3e8d38c12f623,qD,class_2215,package_61/class_2215.as,rif r2 x1
_i9b3dfa785e362b,JD,_i9b3dfa785e362b,,
_i35156ddcc38f98,eL,_i35156ddcc38f98,,
_id5c0eee15394ff,iq,_id5c0eee15394ff,,
_i643860b2a2f5a4,c8,_i643860b2a2f5a4,,
_i254cd737313458,rL,class_3150,package_152/class_3150.as,rif r3 x1
_ia94ac43be4b1ac,tL,class_2683,package_152/class_2683.as,rif r3 x1
_i5cbd2b4196a1c0,aL,_i5cbd2b4196a1c0,,
_icaa89fdd44fb00,iL,_icaa89fdd44fb00,,
_ibd28e43fec77ad,nL,_ibd28e43fec77ad,,
_ie4a895b3b8acb3,sL,_ie4a895b3b8acb3,,
_ic688c136c68bd2,G0e,_ic688c136c68bd2,,
_ie2ef954a489bb1,oL,_ie2ef954a489bb1,,
_i9676c92621ccac,j0e,_i9676c92621ccac,,
_i2b88c5a919b8c3,z0e,_i2b88c5a919b8c3,,
_i5652e77340198c,a,class_2040,com/sulake/habbo/communication/messages/outgoing/camera/class_2040.as,r1 0.90
_i7de45bac109bbc,dL,_i7de45bac109bbc,,
_i21c19f3567d2a4,cL,_i21c19f3567d2a4,,
_i8704fcb55b80b0,fL,_i8704fcb55b80b0,,
_ic2244ed1484893,S3,class_1992,package_16/class_1992.as,rif r2 x1
_i9f64884426ed24,D3,class_1776,package_16/class_1776.as,rif r2 x1
_i5d30c520badf2b,Xw,_i5d30c520badf2b,,
_i303a4dae2d2a9a,lL,_i303a4dae2d2a9a,,
_ib10a93cd76b749,bL,_ib10a93cd76b749,,
_ib772df94818969,_L,_ib772df94818969,,
_ib0ef4c8a91ae1c,uL,_ib0ef4c8a91ae1c,,
_i6c943197aa0b8c,Q0e,_i6c943197aa0b8c,,
_ib21bdbf443f89e,hL,_ib21bdbf443f89e,,
_icf670888c8f505,S7,class_2402,package_16/class_2402.as,rif r3 x1
_i980d5eea32f983,pL,_i980d5eea32f983,,
_i2879997623e0a9,X0e,_i2879997623e0a9,,
_if001e314dd407c,mL,_if001e314dd407c,,
_i573deb9bd6ff3a,Y0e,_i573deb9bd6ff3a,,
_i40c8cbe3cea2be,D7,_i40c8cbe3cea2be,,
_i395056e4b5a800,K0e,_i395056e4b5a800,,
_i7baf13eee858fc,gL,_i7baf13eee858fc,,
_i36bbf13b6d5db1,vL,_i36bbf13b6d5db1,,
_ida1321bb83645a,wL,class_2059,package_16/class_2059.as,r2 0.76
_i216d1ce6a70035,yL,_i216d1ce6a70035,,
_i549f2779a06aa8,Yw,_i549f2779a06aa8,,
_i7ba0910c7b342f,IL,_i7ba0910c7b342f,,
_ic38a5f77138194,L7,_ic38a5f77138194,,
_icecbc11f9f2b51,$0e,_icecbc11f9f2b51,,
_i56053fa6cf346c,xL,_i56053fa6cf346c,,
_i4c63226fadd911,CL,_i4c63226fadd911,,
_i20c3ca28e4a1e4,EL,class_1814,package_16/class_1814.as,rif r2 x1
_ib54084573c6655,ML,class_2108,package_16/class_2108.as,rif r2 x1
_ibb749a80c96f3c,WL,class_1916,package_16/class_1916.as,rif r2 x1
_i9cd25c94155053,BL,_i9cd25c94155053,,
_ia5d39536ded6bc,AL,_ia5d39536ded6bc,,
_i5a0637cc0c06ce,kL,_i5a0637cc0c06ce,,
_i01e8673c5d0d4e,TL,_i01e8673c5d0d4e,,
_i7b84a2384a743d,RL,_i7b84a2384a743d,,
_i3ec53e560b62e3,PL,_i3ec53e560b62e3,,
_ice9155d1abd6fd,Kw,_ice9155d1abd6fd,,
_i79593064f96e0f,N7,_i79593064f96e0f,,
_i3be8d874c5a05e,SL,_i3be8d874c5a05e,,
_i9952afc71ecd6a,DL,class_3766,package_13/class_3766.as,rif r2 x1
_idceb00bbba29ab,LL,_idceb00bbba29ab,,
_i457c9897429adb,NL,_i457c9897429adb,,
_idadf93c63efd20,OL,_idadf93c63efd20,,
_i845dac8fb8244e,FL,_i845dac8fb8244e,,
_i5b94ad0d410410,HL,_i5b94ad0d410410,,
_ic6e7fb9dd87740,VL,_ic6e7fb9dd87740,,
_i75bee1e5164159,UL,_i75bee1e5164159,,
_ide44a8541ccc2e,GL,_ide44a8541ccc2e,,
_i002bddafff0e01,jL,_i002bddafff0e01,,
_i355926e34de17b,zL,_i355926e34de17b,,
_i31311e8950de32,QL,_i31311e8950de32,,
_i9ca1638af6efb8,XL,_i9ca1638af6efb8,,
_i83882ffc49bb0d,YL,_i83882ffc49bb0d,,
_ied320fb3c7fd86,KL,_ied320fb3c7fd86,,
_i366d0e96f30cf4,$L,_i366d0e96f30cf4,,
_i897c73ba5e3772,ZL,_i897c73ba5e3772,,
_i4f56aec2b8b737,qL,_i4f56aec2b8b737,,
_icab8ca277cd1d1,JL,class_3123,package_142/class_3123.as,rif r2 x1
_ia7fac5e913f81f,Z0e,_ia7fac5e913f81f,,
_i4ddc2869bae0db,L3,class_2726,package_142/class_2726.as,rif r2 x2
_ie1047121510b39,eN,class_2596,package_142/class_2596.as,rif r2 x1
_i0b07d9a48f16c4,f8,class_3672,package_142/class_3672.as,rif r3 x1
_i86ce8246ea4c2b,$w,_i86ce8246ea4c2b,,
_i501038fc0f426f,Gb,_i501038fc0f426f,,
_i51137a269b2e9f,rN,_i51137a269b2e9f,,
_if914b3161943a3,tN,_if914b3161943a3,,
_if6b08dd932b8a3,aN,_if6b08dd932b8a3,,
_ib058384eff53f4,Zw,_ib058384eff53f4,,
_i44be4d85ed1b8f,iN,class_3259,package_82/class_3259.as,rif r4 x1
_ibfcc88bd37e593,nN,_ibfcc88bd37e593,,
_i9b16f6efcf0c1c,sN,_i9b16f6efcf0c1c,,
_i4353025774e3ae,oN,_i4353025774e3ae,,
_i554493ea6e3661,dN,_i554493ea6e3661,,
_i11b8ba52d437cb,GOe,_i11b8ba52d437cb,,
_iff3ab266e03e68,q0e,_iff3ab266e03e68,,
_ida09ce64db7da5,J0e,_ida09ce64db7da5,,
_iaf8edaf6a1d83b,cN,class_2510,package_126/class_2510.as,rif r3 x1
_ie640adf85b8c62,qw,class_3778,package_8/class_3778.as,r2 0.82
_i87064d5a1f4f00,Jw,class_3207,package_8/class_3207.as,rif r2 x2
_i8e4d2a9ee39ff7,fN,_i8e4d2a9ee39ff7,,
_ifb690402b07e09,t0,class_3066,package_8/class_3066.as,rif r2 x1
_i0f5d864ce4ee2d,lN,_i0f5d864ce4ee2d,,
_i9606fa8e9670ab,bN,_i9606fa8e9670ab,,
_i7654b6ff1d4042,_N,_i7654b6ff1d4042,,
_i469f4bbfad3d9a,uN,_i469f4bbfad3d9a,,
_i5640350515a481,hN,_i5640350515a481,,
_ia58b6945b9ac84,O7,class_1900,package_8/class_1900.as,r2 0.82
_icf4364c12405b9,pN,_icf4364c12405b9,,
_i50dadeb8467fa3,mN,_i50dadeb8467fa3,,
_ida3a00c54d0b9a,gN,class_3524,package_8/class_3524.as,r2 0.90
_ie14551096efc1e,vN,class_1917,package_8/class_1917.as,r2 0.80
_i31de52d25b43de,F7,_i31de52d25b43de,,
_ied976cfb0cf69f,Bu,_ied976cfb0cf69f,,
_i8a27c2a719f439,wN,Game2GameChatMessageComposer,package_190/Game2GameChatMessageComposer.as,rif r2 x1
_i9c6de6db05d388,yN,_i9c6de6db05d388,,
_i42ab1490f71b7a,IN,_i42ab1490f71b7a,,
_ibb461b262e8e6d,xN,_ibb461b262e8e6d,,
_i5dd11c8c1c20f0,N3,_i5dd11c8c1c20f0,,
_i6c04e8214933d7,H7,_i6c04e8214933d7,,
_i16c8d7b2a33039,CN,_i16c8d7b2a33039,,
_id2c0b3a6962819,EN,_id2c0b3a6962819,,
_i7e7c592b72dcca,MN,_i7e7c592b72dcca,,
_if967ff62fdb963,WN,_if967ff62fdb963,,
_i79a63e6c277902,BN,_i79a63e6c277902,,
_i263d9886677b96,AN,_i263d9886677b96,,
_iaeffcadf896430,kN,_iaeffcadf896430,,
_ic39612f808607e,Au,class_2491,package_122/class_2491.as,rif r2 x1
_i8badd57faab2e3,eue,_i8badd57faab2e3,,
_i76ab2c8b2abfa5,TN,class_3197,package_122/class_3197.as,rif r2 x1
_ib5af5c68bb04e7,RN,_ib5af5c68bb04e7,,
_ife5f8c1b91fcd5,PN,_ife5f8c1b91fcd5,,
_i309273511a430e,SN,Game2GetTotalLeaderboardComposer,package_89/Game2GetTotalLeaderboardComposer.as,rif r3 x1
_iaeeda4a1f12d4a,DN,Game2GetWeeklyFriendsLeaderboardComposer,package_89/Game2GetWeeklyFriendsLeaderboardComposer.as,rif r3 x1
_ie562585d80a083,LN,Game2GetWeeklyGroupLeaderboardComposer,package_89/Game2GetWeeklyGroupLeaderboardComposer.as,rif r3 x1
_ia98d618ecbd059,NN,Game2GetWeeklyLeaderboardComposer,package_89/Game2GetWeeklyLeaderboardComposer.as,rif r3 x1
_ief768640ae3f8a,rue,_ief768640ae3f8a,,
_i15648295779f69,tue,_i15648295779f69,,
_ib86093a06ccce0,aue,_ib86093a06ccce0,,
_i717f6ebaa10ac2,iue,_i717f6ebaa10ac2,,
_i69f7832adac48c,nue,_i69f7832adac48c,,
_ib7700ceb78cad6,V7,_ib7700ceb78cad6,,
_i0dfe00091c25fc,l8,_i0dfe00091c25fc,,
_ic66fd215d7f8f5,ON,class_2806,package_140/class_2806.as,rif r2 x1
_i124c19d85b1fd0,FN,_i124c19d85b1fd0,,
_i2323035bb96b14,HN,_i2323035bb96b14,,
_i69d2f563614870,ey,_i69d2f563614870,,
_i0a24f78b563654,VN,_i0a24f78b563654,,
_i10b537753bd456,UN,_i10b537753bd456,,
_i0b97a25d7308cb,GN,_i0b97a25d7308cb,,
_i36053fecbbe29a,jN,_i36053fecbbe29a,,
_ieb224a67b9cea6,b8,_ieb224a67b9cea6,,
_i1d41947217e2e8,_8,_i1d41947217e2e8,,
_i9bb0026b8e8f1e,ry,class_3101,package_101/class_3101.as,rif r2 x1
_iec9d12f8b70e1c,ty,_iec9d12f8b70e1c,,
_ibf4d6b42857ac3,zN,class_2576,package_101/class_2576.as,rif r2 x1
_i0a423addb7de1c,ay,_i0a423addb7de1c,,
_if542123396ec8d,QN,_if542123396ec8d,,
_i637b4a048c872d,XN,_i637b4a048c872d,,
_i258e60b63fd68d,YN,_i258e60b63fd68d,,
_i0457b11bad2e73,KN,_i0457b11bad2e73,,
_i32db5beecb3ff0,$N,_i32db5beecb3ff0,,
_i0d1a051d668283,ZN,_i0d1a051d668283,,
_i652735f75cee55,qN,_i652735f75cee55,,
_i38847f0d1efae9,JN,_i38847f0d1efae9,,
_i28dbaba3435a60,eO,_i28dbaba3435a60,,
_i6275f924016756,sue,_i6275f924016756,,
_i0bacd0970743ae,rO,class_1906,package_3/class_1906.as,r2 0.81
_i6b253e2d925f0c,tO,_i6b253e2d925f0c,,
_iec400ba3827765,aO,_iec400ba3827765,,
_i30b02d832f72c5,U7,_i30b02d832f72c5,,
_i0c6cfe2f5218c7,G7,_i0c6cfe2f5218c7,,
_i826cee1cafa171,j7,_i826cee1cafa171,,
_i558888606ccb6a,z7,_i558888606ccb6a,,
_i7d43746c1cd8c8,iO,_i7d43746c1cd8c8,,
_i894d4d6a00b70e,u8,_i894d4d6a00b70e,,
_i8f877f6063d9ec,iy,_i8f877f6063d9ec,,
_i20939e6d310fb1,h8,_i20939e6d310fb1,,
_ic73ebf6b748666,Q7,_ic73ebf6b748666,,
_i99629c68f7a80e,X7,_i99629c68f7a80e,,
_i590efe792305dc,nO,_i590efe792305dc,,
_iabfc904dc09eee,sO,_iabfc904dc09eee,,
_i59423f967be57c,oue,_i59423f967be57c,,
_ic9ff57b6577507,due,_ic9ff57b6577507,,
_i12872edce3ca45,cue,class_3758,package_36/class_3758.as,r3 0.77
_i8d83ccfff3955d,fue,_i8d83ccfff3955d,,
_ib141ad27f9cd59,oO,_ib141ad27f9cd59,,
_ia0cb16b5bb16d1,dO,_ia0cb16b5bb16d1,,
_i199680adb683cf,cO,_i199680adb683cf,,
_i2aab97f8361721,ny,_i2aab97f8361721,,
_i7ffaea7ce81ce5,sy,_i7ffaea7ce81ce5,,
_ib9c7adb098da4a,O3,_ib9c7adb098da4a,,
_ib9e29bb5d8d15c,oy,_ib9e29bb5d8d15c,,
_ie52ad3675cef64,dy,_ie52ad3675cef64,,
_ic4056f39ab9d5a,fO,_ic4056f39ab9d5a,,
_icbf4ea4986b279,lO,_icbf4ea4986b279,,
_i241f2a71dc6d05,bO,_i241f2a71dc6d05,,
_ifbe8d1f78e21ac,F3,_ifbe8d1f78e21ac,,
_if95bdecb9283fe,_O,_if95bdecb9283fe,,
_id8a83c8e155fd7,uO,_id8a83c8e155fd7,,
_i1f252eaa5e02e0,cy,_i1f252eaa5e02e0,,
_i77c58ef847037c,hO,_i77c58ef847037c,,
_ie91f54e9766822,lue,class_2586,package_36/class_2586.as,r2 0.81
_ic25925ab3f16cf,pO,_ic25925ab3f16cf,,
_ic57fa5f0555767,fy,class_3157,package_197/class_3157.as,rif r2 x1
_ie28d2ddaf2a468,mO,_ie28d2ddaf2a468,,
_iff6c0fdc6ea3c4,Y7,class_2959,package_184/class_2959.as,rif r2 x1
_i3e8d2318872e79,gO,_i3e8d2318872e79,,
_i0be7dd9566680f,vO,_i0be7dd9566680f,,
_i3c3e363d479c82,K7,class_2748,package_55/class_2748.as,rif r3 x1
_i366b245dd73fdf,bue,_i366b245dd73fdf,,
_i6c3581b43177e9,p8,_i6c3581b43177e9,,
_i6d0b48dde68317,a,_i6d0b48dde68317,,
_iea321aa930506c,yO,_iea321aa930506c,,
_i97d98e016906d7,otr,_i97d98e016906d7,,
_i276eaa14bc739b,$7,class_3710,package_80/class_3710.as,rif r2 x1
_i58a00f2455c7c8,IO,class_3590,package_80/class_3590.as,rif r2 x1
_idc6ac4c1b9aa02,H3,_idc6ac4c1b9aa02,,
_i408b01f630b2e2,xO,_i408b01f630b2e2,,
_i67b3718f8d8fe2,CO,_i67b3718f8d8fe2,,
_i4e36d9ac411515,EO,_i4e36d9ac411515,,
_if1dab7135b0335,dtr,_if1dab7135b0335,,
_i591c5f10fa34d3,MO,_i591c5f10fa34d3,,
_i5d4c8592e4af12,WO,_i5d4c8592e4af12,,
_ib59b2112f0b82a,ly,class_3107,com/sulake/habbo/communication/messages/outgoing/inventory/trading/class_3107.as,rif r2 x2
_id15ef5b6055a58,BO,class_3171,com/sulake/habbo/communication/messages/outgoing/inventory/trading/class_3171.as,rif r2 x1
_i670dedbbf6b136,AO,_i670dedbbf6b136,,
_i2bfae339b75ebe,kO,_i2bfae339b75ebe,,
_i8f3e95ae3d4c7d,TO,_i8f3e95ae3d4c7d,,
_i85b5fd8fd7b890,RO,_i85b5fd8fd7b890,,
_i18a3bec9bb8eea,PO,_i18a3bec9bb8eea,,
_i4f047f2557116b,SO,_i4f047f2557116b,,
_i9b50c0a2664562,DO,_i9b50c0a2664562,,
_i1f682e97fee556,LO,_i1f682e97fee556,,
_ib53fc69bf50a2b,NO,_ib53fc69bf50a2b,,
_ibfc07441a05e77,OO,_ibfc07441a05e77,,
_i96e8617361a17f,FO,_i96e8617361a17f,,
_i0c6eab3864085a,HO,_i0c6eab3864085a,,
_i48ff4540498101,VO,_i48ff4540498101,,
_i6c05689a74a374,UO,_i6c05689a74a374,,
_ibef879024cf91b,GO,_ibef879024cf91b,,
_i359cdfd5b9508a,jO,_i359cdfd5b9508a,,
_id020d8d4e9af94,zO,_id020d8d4e9af94,,
_ifdcc6e8791f84f,QO,_ifdcc6e8791f84f,,
_i683ccdfe6a0863,Z7,class_3140,package_15/class_3140.as,rif r2 x2
_i320f160dd05f45,Xf,class_2127,package_15/class_2127.as,r3 0.94
_id175ed44ce8bea,XO,_id175ed44ce8bea,,
_i73026fe15109fb,a,class_1889,package_15/class_1889.as,r3 0.77
_ib652a2a837b978,q7,_ib652a2a837b978,,
_idf297adeaf6432,_ue,_idf297adeaf6432,,
_i7df25a8484d009,KO,_i7df25a8484d009,,
_i2f0c5652e4bcae,$O,_i2f0c5652e4bcae,,
_ia6a9b233f8d42d,ZO,_ia6a9b233f8d42d,,
_i2f07f95651d352,by,_i2f07f95651d352,,
_ic7a0c32ff5642b,qO,_ic7a0c32ff5642b,,
_i7cb32d07b01cfe,J7,class_2352,package_83/class_2352.as,rif r2 x1
_i671071d9a891e5,ep,_i671071d9a891e5,,
_i1d202138ce76cd,JO,_i1d202138ce76cd,,
_i38d88376f52afe,eF,_i38d88376f52afe,,
_ibad7a3c36c1818,rF,_ibad7a3c36c1818,,
_ifdc0d5a2553a72,a,_ifdc0d5a2553a72,,
_iea5f21bce03b75,tF,_iea5f21bce03b75,,
_i645e3c079f9dd6,rp,_i645e3c079f9dd6,,
_i6576dc33fca101,a,_i6576dc33fca101,,
_i7274f8467d765d,iF,_i7274f8467d765d,,
_i0195104c8c3160,_y,_i0195104c8c3160,,
_ide6816e93887e4,a,_ide6816e93887e4,,
_ica6842743080e2,sF,class_2438,package_83/class_2438.as,rif r2 x1
_i9cb04933339b0a,V3,class_3109,package_83/class_3109.as,r1 0.92
_i3fc7caf549514e,oF,_i3fc7caf549514e,,
_iaab880822b368e,dF,_iaab880822b368e,,
_i95c95556db026d,cF,_i95c95556db026d,,
_i155badb9742492,U3,_i155badb9742492,,
_i2d3a5a2748f7f4,tp,_i2d3a5a2748f7f4,,
_i541847de7ebf79,fF,_i541847de7ebf79,,
_i172feca0df7fb1,lF,class_3022,package_26/class_3022.as,rif r2 x1
_i299bf932cfbc24,bF,_i299bf932cfbc24,,
_i222609ab66ee55,_F,_i222609ab66ee55,,
_i9aee4cde0d1471,G3,_i9aee4cde0d1471,,
_i2fd6ecd56b59ed,uF,class_3517,package_26/class_3517.as,rif r2 x1
_i9de6ed12f601a2,hF,class_2656,package_26/class_2656.as,rif r2 x1
_id30c13571de965,ap,_id30c13571de965,,
_ie575d8b466a6b4,uue,_ie575d8b466a6b4,,
_ie1e47437f2c80c,xo,class_2142,package_26/class_2142.as,rif r2 x2
_ie0bcf3981c4590,pF,_ie0bcf3981c4590,,
_i1e2f088e7f8248,mF,_i1e2f088e7f8248,,
_ibc557335789d37,gF,_ibc557335789d37,,
_i7e040c9df5548d,vF,_i7e040c9df5548d,,
_i1c5ed67d831252,wF,class_3850,package_26/class_3850.as,rif r2 x1
_i93d2a7278197fb,yF,class_3418,package_26/class_3418.as,rif r2 x1
_i58bae92fbd9cc4,IF,class_2704,package_26/class_2704.as,rif r2 x1
_i542fbbe593fdf2,xF,class_2996,package_26/class_2996.as,rif r2 x1
_ic79da8d1ce39d3,CF,class_2432,package_26/class_2432.as,rif r2 x1
_i28262cf03f6003,EF,class_3219,package_26/class_3219.as,rif r2 x1
_iff9743ea9d37e8,MF,class_3393,package_26/class_3393.as,rif r2 x1
_i3e1d0dddfe0743,WF,class_3185,package_26/class_3185.as,rif r2 x1
_i852598ff24c391,BF,class_3378,package_26/class_3378.as,rif r2 x1
_ie8fe5ed3e859b5,AF,class_3610,package_26/class_3610.as,rif r2 x1
_i91d8a6f47dd539,kF,_i91d8a6f47dd539,,
_i4ee8fc56f28855,TF,_i4ee8fc56f28855,,
_i3f015a31ca62f9,RF,_i3f015a31ca62f9,,
_id6e4e5ed7732d2,PF,_id6e4e5ed7732d2,,
_i2555d7981db170,SF,class_3253,package_26/class_3253.as,rif r2 x1
_i111fa859750bc2,j3,class_2393,package_26/class_2393.as,rif r2 x5
_i6aa81c6531f434,DF,class_3189,package_26/class_3189.as,rif r2 x1
_if7f38fb896c556,LF,class_3256,package_26/class_3256.as,rif r2 x1
_ia54f60450c9bf1,NF,class_2579,package_26/class_2579.as,rif r4 x1
_i20c619f30be6cf,OF,_i20c619f30be6cf,,
_i25b16c52c60064,m8,_i25b16c52c60064,,
_i9b211549994061,hue,_i9b211549994061,,
_i2a0f86a73b0c16,FF,_i2a0f86a73b0c16,,
_i93dfd5fdbe959d,HF,_i93dfd5fdbe959d,,
_i34f48f6b26b117,VF,class_1995,package_10/class_1995.as,rif r2 x1
_if2374ffb1f6bf4,UF,_if2374ffb1f6bf4,,
_ibb47b78f28b0ab,GF,class_1766,package_10/class_1766.as,rif r2 x1
_i104bceecbdd90f,jF,_i104bceecbdd90f,,
_idc4ebaaeb6fc2f,zF,_idc4ebaaeb6fc2f,,
_i38fbd8de4844ea,QF,_i38fbd8de4844ea,,
_i56dae50eda62b0,XF,_i56dae50eda62b0,,
_i6a30e753af0e10,YF,_i6a30e753af0e10,,
_i05e2bf25b0974b,KF,_i05e2bf25b0974b,,
_i3b334c840d7acd,$F,_i3b334c840d7acd,,
_ibd0d7b095c65ff,ZF,_ibd0d7b095c65ff,,
_i3d035c65d2b98d,qF,_i3d035c65d2b98d,,
_i40b48b3aaac8f3,JF,_i40b48b3aaac8f3,,
_i07cc3bdcb6c45a,pue,class_2887,package_166/class_2887.as,r3 0.89
_i8035f340016615,eH,_i8035f340016615,,
_iedd83fc9b191da,nq,_iedd83fc9b191da,,
_i61003cdcdaebec,rH,_i61003cdcdaebec,,
_iefb9c57bef1d1c,tH,_iefb9c57bef1d1c,,
_ib7a2f8c19e1626,aH,_ib7a2f8c19e1626,,
_i90b4f219a0e36a,ctr,_i90b4f219a0e36a,,
_i0f924b52b1ddcb,iH,_i0f924b52b1ddcb,,
_idbfc64837a0ec4,nH,_idbfc64837a0ec4,,
_if09c5ad91a1823,sH,_if09c5ad91a1823,,
_i555ac0097e7881,uy,_i555ac0097e7881,,
_i3328024d70ceb5,oH,_i3328024d70ceb5,,
_i5b2c25eb23f1c7,dH,class_2097,package_62/class_2097.as,rif r2 x1
_i0dc938c014aed7,cH,_i0dc938c014aed7,,
_i8c8542dd18e45a,fH,_i8c8542dd18e45a,,
_id74f2e4882fbcb,lH,_id74f2e4882fbcb,,
_i8f295e4bca1993,ip,_i8f295e4bca1993,,
_i38e25d5014ab83,a0,_i38e25d5014ab83,,
_iffad2b6e0bfc9b,np,_iffad2b6e0bfc9b,,
_ic0905c4104eb87,bH,_ic0905c4104eb87,,
_i52e7741545d912,mue,_i52e7741545d912,,
_i90bf5f7f0b2bed,_H,class_3315,com/sulake/habbo/communication/messages/outgoing/quest/class_3315.as,rif r2 x1
_ic445d3b0d84321,jb,class_2982,com/sulake/habbo/communication/messages/outgoing/quest/class_2982.as,rif r2 x2
_i176476b4c93914,hy,class_3002,com/sulake/habbo/communication/messages/outgoing/quest/class_3002.as,rif r2 x2
_i2d307f770cda47,uH,class_3621,com/sulake/habbo/communication/messages/outgoing/quest/class_3621.as,rif r2 x1
_i79dc8f14ac6f56,z3,class_3384,com/sulake/habbo/communication/messages/outgoing/quest/class_3384.as,rif r2 x2
_if730f53b497d89,sp,_if730f53b497d89,,
_i67c3b66fb73094,hH,_i67c3b66fb73094,,
_i51de8ff8f724f6,op,class_3325,com/sulake/habbo/communication/messages/outgoing/quest/class_3325.as,rif r2 x1
_id39a1c669a8146,gue,_id39a1c669a8146,,
_i198dc87a94b54e,g8,_i198dc87a94b54e,,
_id3ca6e96fb5cb2,dp,_id3ca6e96fb5cb2,,
_i4224c672ee4d07,pH,_i4224c672ee4d07,,
_icc7acf3f572e66,cp,_icc7acf3f572e66,,
_id5e5cd02e470d1,mH,_id5e5cd02e470d1,,
_ibd9689174107e7,gH,_ibd9689174107e7,,
_i9a561748de040a,vH,_i9a561748de040a,,
_i4a93efd1b68d0b,i0,_i4a93efd1b68d0b,,
_i8bad4e3e9496fc,wH,_i8bad4e3e9496fc,,
_i497b484c272653,yH,_i497b484c272653,,
_iaaec2d157986c1,fp,_iaaec2d157986c1,,
_i0175aac20a5ccc,IH,_i0175aac20a5ccc,,
_iac32b57cb47aaf,xH,_iac32b57cb47aaf,,
_i2ea6a714468f41,CH,_i2ea6a714468f41,,
_ic5cd4b46479178,EH,_ic5cd4b46479178,,
_i55471e72414634,MH,_i55471e72414634,,
_ic4eacbe96fa0b1,WH,_ic4eacbe96fa0b1,,
_i08ea7a9f9bb449,lp,_i08ea7a9f9bb449,,
_i5ad8ab28093e10,BH,_i5ad8ab28093e10,,
_i56c2e94c3339f7,AH,_i56c2e94c3339f7,,
_i200331110539e9,kH,class_2854,package_96/class_2854.as,r3 0.80
_i933fbff4e3f319,TH,_i933fbff4e3f319,,
_if19dab94558cb8,RH,_if19dab94558cb8,,
_id7b33cdbc2ea0d,PH,_id7b33cdbc2ea0d,,
_i7b79c2a8da9f97,SH,_i7b79c2a8da9f97,,
_i9ec97d56cb81a8,DH,_i9ec97d56cb81a8,,
_idef52bb351f838,LH,class_2943,package_96/class_2943.as,r2 0.81
_ibf6bc51ecb3da9,NH,_ibf6bc51ecb3da9,,
_i9fa39129a040f7,OH,_i9fa39129a040f7,,
_i9760cc7dd0ca3a,FH,_i9760cc7dd0ca3a,,
_ib33ce9cf2a1c34,bp,_ib33ce9cf2a1c34,,
_iaefa4a28e3f62b,sq,_iaefa4a28e3f62b,,
_i50278e3bde524f,HH,_i50278e3bde524f,,
_i1de01be4adceb5,_p,class_2213,package_76/class_2213.as,rif r2 x2
_i791c5625aba659,VH,class_2928,package_76/class_2928.as,r2 0.37
_i536f63c716ef36,UH,_i536f63c716ef36,,
_i7df3652d17398b,GH,_i7df3652d17398b,,
_iaa65501a4a1a53,py,_iaa65501a4a1a53,,
_i557e6c5809e2a4,jH,_i557e6c5809e2a4,,
_i3a0f00330d0f8a,zH,_i3a0f00330d0f8a,,
_i8e4540b23306ee,QH,_i8e4540b23306ee,,
_icd0b312fa0b980,XH,_icd0b312fa0b980,,
_i5350dd6737d4d5,YH,_i5350dd6737d4d5,,
_i6456b87e910ff5,my,_i6456b87e910ff5,,
_i32a722309d7200,KH,_i32a722309d7200,,
_i585389d6b9e716,gy,_i585389d6b9e716,,
_i99974c3a76c03d,$H,_i99974c3a76c03d,,
_iaa76a6320d2343,vue,_iaa76a6320d2343,,
_i66016d8353be37,vy,_i66016d8353be37,,
_if9763f879f916b,ZH,_if9763f879f916b,,
_ia7c2952eebca15,qH,_ia7c2952eebca15,,
_ib79f99d7c700a7,up,_ib79f99d7c700a7,,
_i1e136a9cb5d399,hp,_i1e136a9cb5d399,,
_i39add9547e1f1c,pp,_i39add9547e1f1c,,
_iaf730ace5aff2d,mp,_iaf730ace5aff2d,,
_ia6b0c0a7ea7024,Q3,_ia6b0c0a7ea7024,,
_i2d7b643b6837b1,JH,_i2d7b643b6837b1,,
_i7db185761b39e1,eV,_i7db185761b39e1,,
_i2857d96bae427d,rV,_i2857d96bae427d,,
_i150670db2b6cc7,tV,_i150670db2b6cc7,,
_i166ebeb6f1a42b,aV,_i166ebeb6f1a42b,,
_i825701823414ca,X3,_i825701823414ca,,
_i149c940b38d6ab,iV,_i149c940b38d6ab,,
_i62747946b4dd48,nV,_i62747946b4dd48,,
_i270f967000158c,io,class_3808,package_66/class_3808.as,rif r2 x1
_id5cf77d7d34d55,sV,_id5cf77d7d34d55,,
_i2684a10ba70286,oV,_i2684a10ba70286,,
_i88712c8d45f638,wue,_i88712c8d45f638,,
_i87f2c6e2f5f6a5,dV,_i87f2c6e2f5f6a5,,
_i3bf318c9c7f5e4,cV,_i3bf318c9c7f5e4,,
_i3b11312e23bcb5,fV,_i3b11312e23bcb5,,
_i36153760447fe6,lV,_i36153760447fe6,,
_id8a23b05942664,bV,_id8a23b05942664,,
_id0e1bcd8a6994f,_V,class_3734,package_130/class_3734.as,r3 0.39
_i39ec6ea3d05a02,uV,_i39ec6ea3d05a02,,
_i09ed2f481bee78,yue,_i09ed2f481bee78,,
_i2f7f5309ac5d95,hV,_i2f7f5309ac5d95,,
_i0655b5b86c90ce,pV,class_3119,package_130/class_3119.as,r3 0.36
_ia047a48fe961a2,mV,_ia047a48fe961a2,,
_i9e3ff8d34a8e36,gV,_i9e3ff8d34a8e36,,
_i8ad39019a728c9,vV,_i8ad39019a728c9,,
_i7007e88b3530c9,wV,_i7007e88b3530c9,,
_i1195833e7b07dc,yV,_i1195833e7b07dc,,
_i74bcb14398be73,IV,_i74bcb14398be73,,
_i4e4d0b0146aede,xV,_i4e4d0b0146aede,,
_icc0884762c926f,CV,class_3278,package_130/class_3278.as,rif r2 x1
_i8f7de2cb7af146,EV,_i8f7de2cb7af146,,
_i5ddae5b249cc8f,MV,_i5ddae5b249cc8f,,
_i7da07d2b22cc2b,gp,_i7da07d2b22cc2b,,
_i51aaafbed7ebd3,WV,_i51aaafbed7ebd3,,
_i7ccf36d780c758,BV,class_2840,package_130/class_2840.as,r2 0.52
_i6a0b5b598ec292,AV,_i6a0b5b598ec292,,
_ib2c61fc0e0aecc,kV,_ib2c61fc0e0aecc,,
_i7fc65cf3ba69f7,Iue,_i7fc65cf3ba69f7,,
_i32ef0592c0130c,TV,_i32ef0592c0130c,,
_i377c09cb08439d,RV,_i377c09cb08439d,,
_idaee125ca566cc,wy,_idaee125ca566cc,,
_i56b3ff5fd5bb97,yy,_i56b3ff5fd5bb97,,
_ib4ef788e38c114,vp,_ib4ef788e38c114,,
_i857159cb91dc97,zb,_i857159cb91dc97,,
_i3534352cbe9bf6,PV,_i3534352cbe9bf6,,
_i10fe46a4b278f3,SV,_i10fe46a4b278f3,,
_i8f615776c95622,DV,_i8f615776c95622,,
_id5f24a593101e5,wp,class_1914,package_40/class_1914.as,rif r2 x1
_i4aee1d5eab98cf,LV,_i4aee1d5eab98cf,,
_if635b6d25e2848,Tu,_if635b6d25e2848,,
_i4972e10d1dc3b2,nf,class_2551,package_47/class_2551.as,rif r2 x1
_i3e403da36678a5,NV,_i3e403da36678a5,,
_id0e50c04990840,OV,_id0e50c04990840,,
_i1e382bf8b33232,FV,_i1e382bf8b33232,,
_ieadb8f99ca1d0e,Iy,class_3386,package_153/class_3386.as,rif r2 x1
_i9833fa914bec89,HV,_i9833fa914bec89,,
_i29fde5f30c747f,xy,_i29fde5f30c747f,,
_i9b8b50b47a24b1,VV,_i9b8b50b47a24b1,,
_i2cfc2b787c0c44,xue,_i2cfc2b787c0c44,,
_iea06b44be4f89a,UV,_iea06b44be4f89a,,
_i153366067fccfc,v8,class_2787,package_153/class_2787.as,rif r2 x2
_ia82291dd3a385b,GV,_ia82291dd3a385b,,
_i095739533b458e,jV,_i095739533b458e,,
_i79f02c7108c183,zV,_i79f02c7108c183,,
_i49c187f28189ca,QV,_i49c187f28189ca,,
_i8947c23c0697ea,XV,_i8947c23c0697ea,,
_iba0555195a66cf,YV,_iba0555195a66cf,,
_if27b6c280bca60,KV,_if27b6c280bca60,,
_i03a745a4cafcd1,$V,_i03a745a4cafcd1,,
_i258b76dd182e43,ZV,_i258b76dd182e43,,
_if9facacd89b741,qV,_if9facacd89b741,,
_iafb393f349c99a,ms,class_2687,package_72/class_2687.as,rif r2 x6
_ic5f96377243aa5,w8,class_2182,package_72/class_2182.as,rif r2 x2
_i516ef888fd5b57,kt,class_2154,package_70/class_2154.as,r2 0.76
_iff8249d1c3f58b,JV,_iff8249d1c3f58b,,
_if3d6cb2d92f53a,eU,_if3d6cb2d92f53a,,
_i2118b4fb204601,rU,class_2569,package_70/class_2569.as,rif r2 x1
_i10dded797945c7,tU,class_2702,package_70/class_2702.as,rif r2 x1
_i0f4b60e12b563e,ftr,_i0f4b60e12b563e,,
_i99c3db34c2bde1,Y3,class_2888,package_176/class_2888.as,rif r2 x1
_ia34226ef4c8e50,aU,_ia34226ef4c8e50,,
_ibf69215346d76f,iU,_ibf69215346d76f,,
_i63fdcfd7dda743,nU,_i63fdcfd7dda743,,
_if3d945eac95bd2,sU,_if3d945eac95bd2,,
_i5d6aac3b2da798,oU,_i5d6aac3b2da798,,
_i6e707fe66c1cf6,dU,_i6e707fe66c1cf6,,
_i2240ebf3d49845,cU,_i2240ebf3d49845,,
_i01e9ff4bf7194f,fU,_i01e9ff4bf7194f,,
_id32620b36e94c1,lU,_id32620b36e94c1,,
_i351508ea93ba1a,bU,_i351508ea93ba1a,,
_ia271d2b3b31a5e,_U,_ia271d2b3b31a5e,,
_ib367058c952aed,Cy,_ib367058c952aed,,
_i6740669a906427,uU,_i6740669a906427,,
_i9bda7121a95267,hU,_i9bda7121a95267,,
_i4ef6b032f45ef6,pU,_i4ef6b032f45ef6,,
_if2cae551890679,mU,_if2cae551890679,,
_i2ab1df6991b4d0,gU,_i2ab1df6991b4d0,,
_ieb62edca94a5e8,vU,class_2550,com/sulake/habbo/communication/messages/outgoing/userdefinedroomevents/wiredmenu/class_2550.as,rif r2 x1
_iacd58d0d88b872,wU,class_3289,com/sulake/habbo/communication/messages/outgoing/userdefinedroomevents/wiredmenu/class_3289.as,rif r2 x1
_idd921d35e45ae3,yU,class_3286,com/sulake/habbo/communication/messages/outgoing/userdefinedroomevents/wiredmenu/class_3286.as,rif r2 x1
_id12462c0dbfe2d,IU,_id12462c0dbfe2d,,
_i295cc0f54ad8ea,Yf,_i295cc0f54ad8ea,,
_i60e6b3515ace27,xU,_i60e6b3515ace27,,
_id9833b3ff80004,Ey,_id9833b3ff80004,,
_i63ed097d6c2af1,K3,_i63ed097d6c2af1,,
_i3d9f3af732b347,$3,_i3d9f3af732b347,,
_i005f5c7f12e414,yp,_i005f5c7f12e414,,
_icb14348d6e5af0,Ip,_icb14348d6e5af0,,
_i024537317bf672,xp,_i024537317bf672,,
_id67cc3c2d28dfd,CU,_id67cc3c2d28dfd,,
_i703229ab5f3c3c,Cp,_i703229ab5f3c3c,,
_i3c02d970ba0941,EU,class_2520,package_94/class_2520.as,rif r3 x1
_i24ffcb42b6733b,MU,_i24ffcb42b6733b,,
_i5990fcb8a7a3e8,WU,_i5990fcb8a7a3e8,,
_id700d3804bea17,BU,_id700d3804bea17,,
_i9a110df22147ef,AU,_i9a110df22147ef,,
_i19cc0bbaf51bb3,kU,_i19cc0bbaf51bb3,,
_id98c8041b57695,TU,_id98c8041b57695,,
_i40e6572ee8180d,RU,_i40e6572ee8180d,,
_i8fca3f51a5f57a,PU,class_2373,package_94/class_2373.as,rif r2 x1
_i3b7731b3553038,SU,_i3b7731b3553038,,
_ie58c634a539e01,DU,class_2993,package_188/class_2993.as,rif r2 x1
_i73220c00c66d0b,LU,class_3843,package_222/class_3843.as,rif r2 x1
_if46dd33bded642,My,_if46dd33bded642,,
_i6f5e4e71f90a9f,NU,_i6f5e4e71f90a9f,,
_ic0fc284a263b4f,Wy,_ic0fc284a263b4f,,
_ic9dcc5b7c1f3de,Ep,_ic9dcc5b7c1f3de,,
_i4640617aeeb3e0,OU,_i4640617aeeb3e0,,
_i7be3e6378eefce,y8,_i7be3e6378eefce,,
_id34f337efc6435,FU,_id34f337efc6435,,
_ib71115acb7b3bb,HU,_ib71115acb7b3bb,,
_i2f1a3ef69779ad,VU,_i2f1a3ef69779ad,,
_id08ec37bc0c190,UU,_id08ec37bc0c190,,
_i499233386e0ca0,GU,class_2755,package_25/class_2755.as,rif r2 x1
_i16b46cb7122b10,jU,_i16b46cb7122b10,,
_i3a572da23dd3d6,zU,_i3a572da23dd3d6,,
_i01d970b69e56a4,QU,_i01d970b69e56a4,,
_i17f2164582ac32,XU,_i17f2164582ac32,,
_if3eb3ee6114e37,YU,class_3375,package_25/class_3375.as,rif r2 x1
_i5d612eaa458bb5,KU,_i5d612eaa458bb5,,
_ieb6736d26d7391,Mp,_ieb6736d26d7391,,
_i2d9f50e69462ef,wt,class_2134,package_25/class_2134.as,rif r2 x1
_idfd43e03d67b49,$U,_idfd43e03d67b49,,
_i642b73d3185b8f,Wp,_i642b73d3185b8f,,
_i40952933f199cc,ZU,class_2028,package_25/class_2028.as,rif r2 x1
_ifc7105c16041b8,n0,class_2804,package_25/class_2804.as,rif r2 x1
_i7e48847e87b1ec,Ru,_i7e48847e87b1ec,,
_i93c8b5bb30d532,qU,_i93c8b5bb30d532,,
_i494540f04bf21d,qi,_i494540f04bf21d,,
_ia770db14448b0e,JU,class_3720,package_25/class_3720.as,rif r3 x1
_ib71e540bdebf74,eG,class_2195,package_25/class_2195.as,rif r2 x1
_i86258ff7bd9dc1,rG,_i86258ff7bd9dc1,,
_i3043ddc0e64aa0,By,_i3043ddc0e64aa0,,
_i21ea3c3b179e73,tG,_i21ea3c3b179e73,,
_i58134011e0869b,Bp,class_2592,package_25/class_2592.as,rif r2 x1
_i2879b602d13605,Ap,class_3706,package_25/class_3706.as,rif r2 x1
_i1e3620b98ed6ac,Cue,_i1e3620b98ed6ac,,
_ic07e12591158e5,Z3,class_1807,package_25/class_1807.as,rif r3 x1
_ie95634b0bf54c2,q3,_ie95634b0bf54c2,,
_i7ffb0617d00fcb,aG,_i7ffb0617d00fcb,,
_i7c06f8e9d30b13,iG,_i7c06f8e9d30b13,,
_ifa4b75e22ed5b9,nG,_ifa4b75e22ed5b9,,
_ib3a4f5dec8e17b,sG,class_1874,package_25/class_1874.as,rif r2 x1
_i9883ae17629e02,oG,class_1968,package_25/class_1968.as,rif r2 x1
_i51ac136ba7aa6a,dG,_i51ac136ba7aa6a,,
_i78e5a6cee892f0,cG,_i78e5a6cee892f0,,
_iec45f45ee775ab,fG,_iec45f45ee775ab,,
_i8e8810e8ce9a4c,lG,_i8e8810e8ce9a4c,,
_i5f43d8504747a3,bG,class_2483,package_25/class_2483.as,rif r2 x1
_i0f77c514bcea0d,_G,class_2474,package_25/class_2474.as,rif r3 x1
_i61cf81490334cd,uG,_i61cf81490334cd,,
_iedffb9898d210d,hG,_iedffb9898d210d,,
_i7e3b2187bfe1ec,pG,_i7e3b2187bfe1ec,,
_i6467d87e5ba4d8,mG,_i6467d87e5ba4d8,,
_i3571ea1b6c6d20,gG,class_1875,package_31/class_1875.as,rif r2 x1
_ia837533cd13326,vG,class_2290,package_31/class_2290.as,rif r2 x1
_i15407411d2e6fe,wG,class_1847,package_31/class_1847.as,rif r2 x1
_if01a0ed3fe4e6a,yG,class_1975,package_31/class_1975.as,rif r2 x1
_id65463180cd1bd,ltr,_id65463180cd1bd,,
_i907e4f6ee4d4d2,btr,class_3912,com/sulake/habbo/ui/widget/infostand/class_3912.as,r2 0.52
_i518bd94994337a,jOe,CreateSnowballEventData,package_233/CreateSnowballEventData.as,r4 1.00
_i05a9a82ad08373,zOe,HumanGetsSnowballsFromMachineEventData,package_233/HumanGetsSnowballsFromMachineEventData.as,r4 1.00
_i8993b3f79c7246,QOe,_i8993b3f79c7246,,
_ic33d1b8c5b5c29,XOe,_ic33d1b8c5b5c29,,
_i8df76a54832d54,YOe,HumanThrowsSnowballAtHumanEventData,package_233/HumanThrowsSnowballAtHumanEventData.as,r3 1.00
_i52f465f94b99cc,KOe,HumanThrowsSnowballAtPositionEventData,package_233/HumanThrowsSnowballAtPositionEventData.as,r4 1.00
_ica39d45ce736b3,$Oe,MachineCreatesSnowballEventData,package_233/MachineCreatesSnowballEventData.as,r5 1.00
_i35fd2ef3530f8d,ZOe,NewMoveTargetEventData,package_233/NewMoveTargetEventData.as,r4 1.00
_iec54fc03e150b5,a,HumanGameObjectData,package_7/HumanGameObjectData.as,r1 1.00
_iff7a813b5ecc76,a,SnowballGameObjectData,package_7/SnowballGameObjectData.as,r1 1.00
_i6ff4449b0ff94e,a,SnowballMachineGameObjectData,package_7/SnowballMachineGameObjectData.as,r2 1.00
_i2a45a00da4a809,a,SnowballPileGameObjectData,package_7/SnowballPileGameObjectData.as,r1 1.00
_iec859129ca264c,a,TreeGameObjectData,package_7/TreeGameObjectData.as,r1 1.00
_ie026ba1692d29c,_tr,_ie026ba1692d29c,,
_i12c057803326be,utr,_i12c057803326be,,
_ie9d00a56eaf91f,htr,class_3201,package_20/class_3201.as,r2 0.44
_i191a7692699266,ptr,_i191a7692699266,,
_iaf069275f5b37b,mtr,_iaf069275f5b37b,,
_i3da598547d8310,gtr,_i3da598547d8310,,
IIDHabboCommunicationManager,er,IIDHabboCommunicationManager,com/sulake/iid/IIDHabboCommunicationManager.as,nome
_ic909b52b32226f,Eue,class_2784,com/sulake/habbo/communication/messages/parser/userdefinedroomevents/class_2784.as,r2 1.00
_iaab525aa310ac1,IG,class_3202,com/sulake/habbo/communication/messages/incoming/userdefinedroomevents/class_3202.as,rif r2 x1
_if6d3e0e768e6a9,Mue,class_2524,com/sulake/habbo/communication/messages/parser/userdefinedroomevents/class_2524.as,link r2
_i7d30d3e3e59c57,xG,class_2713,com/sulake/habbo/communication/messages/incoming/userdefinedroomevents/class_2713.as,rif r2 x1
_i5a98b86347ddd2,Wue,class_2855,com/sulake/habbo/communication/messages/parser/userdefinedroomevents/class_2855.as,link r2
_i5ebe0352717aad,CG,class_2507,com/sulake/habbo/communication/messages/incoming/userdefinedroomevents/class_2507.as,rif r2 x1
_ib747518ccd7ca8,Bue,_ib747518ccd7ca8,,
_i46355507e2739a,EG,class_3689,package_73/class_3689.as,rif r2 x1
_i27ff6cda6c9c9b,Aue,class_2546,package_42/class_2546.as,r2 0.94
_i2ba6468ddcf520,MG,class_4344,package_229/class_4344.as,parser r2
_i2a0e519f2754a6,kue,class_3930,package_229/class_3930.as,r2 0.81
_ib7ba2c17bf77ba,WG,class_3826,package_42/class_3826.as,link-inv r2
_ia1875296b4013b,Tue,class_3160,package_42/class_3160.as,r2 0.95
_ie7943952cb2eff,Rue,class_4357,package_229/class_4357.as,parser r2
_ibac95c40e0a774,Pue,class_4029,package_229/class_4029.as,link r3
_id35ce46acb9760,BG,class_3794,package_42/class_3794.as,rif r3 x1
_i9e610b1b05f66d,Ay,class_1922,package_42/class_1922.as,r3 0.77
_iacf370a4464f53,Sue,RoomObjectAvatarHabbiconUpdateMessage,com/sulake/habbo/room/messages/RoomObjectAvatarHabbiconUpdateMessage.as,r2 1.00
_ide6b3fc257ff95,AG,class_3595,package_42/class_3595.as,rif r3 x1
_ie72f764c2e0439,Due,_ie72f764c2e0439,,
_ifd4d91297c863b,Lue,class_4103,package_229/class_4103.as,r2 0.80
_ic04ced62d6107b,kG,class_3504,package_42/class_3504.as,link-inv r2
_icc0191f6bced4a,TG,class_2558,package_132/class_2558.as,r2 0.97
_i9d29990384e0a7,RG,class_3248,package_150/class_3248.as,link-inv r2
_i30daf19c91b1a1,PG,class_3402,package_132/class_3402.as,parser r2
_id5289c6c22771e,SG,class_3613,package_150/class_3613.as,r3 0.88
_i926e5b35b343da,Nue,class_3629,package_132/class_3629.as,parser r2
_iffe8131de4fdfa,DG,class_3690,package_150/class_3690.as,r3 0.88
_ia8ceca3c0b0f1e,Oue,_ia8ceca3c0b0f1e,,
_ic622e2c838997e,Fue,class_4147,package_132/class_4147.as,r2 0.56
_i7892e0a7d373d9,Hue,class_4050,package_132/class_4050.as,r2 0.84
_i649d52355610a6,Vue,class_2548,package_132/class_2548.as,r2 0.43
_id74d0c29ed2137,Uue,class_2543,package_132/class_2543.as,r2 0.89
_i04cdbf7c7b9ce9,LG,class_2648,package_150/class_2648.as,link-inv r2
_i5684371a7646fd,NG,_i5684371a7646fd,,
_ifec17d30d39976,OG,_ifec17d30d39976,,
_ife672a4e8f8bec,FG,_ife672a4e8f8bec,,
_i43f6637a747191,HG,_i43f6637a747191,,
_i052e0c6eb1e12a,VG,_i052e0c6eb1e12a,,
_if24fdc485aeaf9,UG,_if24fdc485aeaf9,,
_ib88ab973206df7,Gue,_ib88ab973206df7,,
_iedbb78e14cd78e,GG,_iedbb78e14cd78e,,
_i2f9a6b5a181f37,jG,_i2f9a6b5a181f37,,
_i47dc6f879948bc,zG,_i47dc6f879948bc,,
_i1bfda9f3049c99,QG,_i1bfda9f3049c99,,
_ie28e3357a5f904,jue,class_4093,package_71/class_4093.as,r2 0.95
_i7ed91623d9e948,XG,class_2735,package_64/class_2735.as,link-inv r2
_i0efa4ad8c5fd19,zue,class_4062,package_230/class_4062.as,r2 1.00
_i8240c927e43f3c,YG,class_2997,package_178/class_2997.as,link-inv r2
_i4f4962cdbf6038,a,RaidProtectionSettingsSnapshot,package_230/RaidProtectionSettingsSnapshot.as,r3 0.67
_i7e09fe937edf5e,Que,class_3943,package_230/class_3943.as,r2 1.00
_ieed118e558ca7f,$G,class_3242,package_178/class_3242.as,link-inv r2
_iccb807c51998b8,Xue,class_4240,package_230/class_4240.as,r2 1.00
_i36ea4d2a1afa60,ZG,class_2896,package_178/class_2896.as,link-inv r2
_ib8c93bf3254201,qG,_ib8c93bf3254201,,
_ifcfff33b14b31b,JG,_ifcfff33b14b31b,,
_i94bac7601f451c,ej,_i94bac7601f451c,,
_i0904d659df733d,rj,_i0904d659df733d,,
_i139f091a4569ee,J3,BadgeBaseAndLevel,com/sulake/habbo/localization/BadgeBaseAndLevel.as,r2 1.00
_ibd5fe54eb935d3,kp,HabboLocalizationManager,com/sulake/habbo/localization/HabboLocalizationManager.as,r1 0.89
HabboLocalizationManagerBootstrap,qOe,HabboLocalizationManagerBootstrap,com/sulake/bootstrap/HabboLocalizationManagerBootstrap.as,nome
_i8bd2895b29a5ff,a,GraphicContext,com/sulake/core/window/graphics/GraphicContext.as,r2 0.44
_i760f0b3c844f8d,Ql,ContainerIterator,com/sulake/core/window/iterators/ContainerIterator.as,rif r2 x3
_i121bab8d60949c,a,DynamicStyle,com/sulake/core/window/dynamicstyle/DynamicStyle.as,r1 1.00
_ied666783fb99da,Yue,class_2878,com/sulake/core/window/dynamicstyle/class_2878.as,r2 0.36
_i5886b0e1d8aaad,a,WindowDisposeEvent,com/sulake/core/window/events/WindowDisposeEvent.as,r1 1.00
_i987528105a7949,a,WindowEventDispatcher,com/sulake/core/window/events/WindowEventDispatcher.as,r2 1.00
_i1e3379c32145dd,ca,class_2902,com/sulake/core/window/graphics/class_2902.as,r1 1.00
_icab678974b870b,a,WindowRectLimits,com/sulake/core/window/utils/WindowRectLimits.as,r2 1.00
_i19c2b7aa5197f4,a,WindowModel,com/sulake/core/window/WindowModel.as,r1 1.00
_i7242511bfdd190,a,WindowController,com/sulake/core/window/WindowController.as,r2 0.44
_ibc3c8d61f9894b,Co,ContainerController,com/sulake/core/window/components/ContainerController.as,link r1
_id934f077869066,tj,ActivatorController,com/sulake/core/window/components/ActivatorController.as,r1 0.36
_i2ca70a7fcdecec,aj,_i2ca70a7fcdecec,,
_ib431c8bcea7f90,F,class_3436,com/sulake/core/window/theme/class_3436.as,r1 0.92
_i501382b48f2e73,ij,BitmapDataController,com/sulake/core/window/components/BitmapDataController.as,link r2
_i88e9260aca344f,nj,StaticBitmapWrapperController,com/sulake/core/window/components/StaticBitmapWrapperController.as,link r1
_i8b0919275ce546,a,BitmapFillController,com/sulake/core/window/components/BitmapFillController.as,r1 0.80
_i78f91090da4435,que,class_2116,com/sulake/core/window/components/class_2116.as,r2 0.78
_i57f6d340a4c2b8,sj,BorderController,com/sulake/core/window/components/BorderController.as,r2 1.00
_ib61cf97cc7ed2b,Jue,_ib61cf97cc7ed2b,,
_i79cce6d1fef9c7,a,TextMargins,com/sulake/core/window/utils/TextMargins.as,r1 1.00
_i0f63d6b226b46e,a,FrameController,com/sulake/core/window/components/FrameController.as,r1 0.59
_ide4ab5cc23fc08,ehe,BubbleController,com/sulake/core/window/components/BubbleController.as,r1 0.72
_ia6d87ba9be3384,a,InteractiveController,com/sulake/core/window/components/InteractiveController.as,r2 0.58
_i38362f56cdb7f9,Ya,class_3390,com/sulake/core/window/utils/class_3390.as,r1 0.87
_ie1dfea1e537f2f,a,ButtonController,com/sulake/core/window/components/ButtonController.as,r2 0.50
_i6f907ea8b030f8,e1,SelectableController,com/sulake/core/window/components/SelectableController.as,link r1
_ib8dc6c9897c3cb,a,_ib8dc6c9897c3cb,,
_id7a996fe4ac960,the,_id7a996fe4ac960,,
_ic3580c2ee0ebdf,x8,ContainerButtonController,com/sulake/core/window/components/ContainerButtonController.as,link r1
_icea3f8bfc40648,ahe,DisplayObjectWrapperController,com/sulake/core/window/components/DisplayObjectWrapperController.as,r2 1.00
_ica7d26ddc2e7d5,a,DropBaseController,com/sulake/core/window/components/DropBaseController.as,r1 0.42
_i13f61e920bd6b9,ihe,_i13f61e920bd6b9,,
_i42926f96aa6604,nhe,class_2496,com/sulake/core/window/components/class_2496.as,r2 0.69
_i8e84a85ff1fa7a,she,DropListItemController,com/sulake/core/window/components/DropListItemController.as,r1 1.00
_ic88cb2bccacb48,a,DropMenuController,com/sulake/core/window/components/DropMenuController.as,r1 0.56
_i976f61b94b6ce7,dhe,_i976f61b94b6ce7,,
_i13ba9de1f27227,a,_i13ba9de1f27227,,
_i8b726ce5e61957,che,_i8b726ce5e61957,,
_ic4d4c879e18e88,a,GradientController,com/sulake/core/window/components/GradientController.as,r1 0.65
_i87845c9dc35959,a,HeaderController,com/sulake/core/window/components/HeaderController.as,r1 0.84
_ic29cc2776ffbf9,lhe,DesktopController,com/sulake/core/window/components/DesktopController.as,r2 1.00
_ifd27ba9b62c124,ky,SubstituteParentController,com/sulake/core/window/components/SubstituteParentController.as,r1 0.67
_ie89147f82aada6,bhe,_ie89147f82aada6,,
_i06824d0c2c49dc,_he,GestureAgentService,com/sulake/core/window/services/GestureAgentService.as,r2 0.69
_i6198c1d89a6182,t1,WindowMouseOperator,com/sulake/core/window/services/WindowMouseOperator.as,link r1
_ia688ec00a28a9a,uhe,_ia688ec00a28a9a,,
_icd794fe99609e6,hhe,_icd794fe99609e6,,
_i448eaf86d0aab1,phe,_i448eaf86d0aab1,,
_i88e4658aa09095,mhe,WindowToolTipAgent,com/sulake/core/window/services/WindowToolTipAgent.as,r1 0.64
_i28b908ccf099f0,ghe,_i28b908ccf099f0,,
_if3971757e97a90,vhe,_if3971757e97a90,,
_ia0dfc6a291b8a1,a,RegionController,com/sulake/core/window/components/RegionController.as,r1 1.00
_id9262639da5348,a,_id9262639da5348,,
_i4ba2435c63c1f2,a,FurnitureMultiStateLogic,com/sulake/habbo/room/object/logic/furniture/FurnitureMultiStateLogic.as,r1 0.49
_i0eba7a41a4183a,Ty,GenericEventQueue,com/sulake/core/window/utils/GenericEventQueue.as,r2 1.00
_i20e983eb328e5d,whe,_i20e983eb328e5d,,
_i894ecd1ad8fcc4,yhe,_i894ecd1ad8fcc4,,
_i0602f791b47aa4,Ihe,_i0602f791b47aa4,,
_i8ae1494ec4b1c2,xhe,XMLPropertyArrayParser,com/sulake/core/window/utils/XMLPropertyArrayParser.as,r2 1.00
_i60493a873695ea,a,WindowParser,com/sulake/core/window/utils/WindowParser.as,r1 1.00
_iea99651c71c4eb,a,WindowContext,com/sulake/core/window/WindowContext.as,r1 0.90
_i93d18c4bf9ff5b,a,TextFieldController,com/sulake/core/window/components/TextFieldController.as,r2 0.72
_i3ba59c2936861a,a,HTMLTextController,com/sulake/core/window/components/HTMLTextController.as,r1 0.75
_i0a87a02c4585ad,Ehe,_i0a87a02c4585ad,,
_ia535f98b302049,Mhe,class_4347,com/sulake/core/window/utils/class_4347.as,link r2
_i5f1beebae443d1,fj,ChildEntityArray,com/sulake/core/window/utils/ChildEntityArray.as,link r1
_i89c194f87562d6,Whe,SkinTemplate,com/sulake/core/window/graphics/renderer/SkinTemplate.as,r2 1.00
_i4d166a831b575d,Bhe,BitmapSkinTemplate,com/sulake/core/window/graphics/renderer/BitmapSkinTemplate.as,r3 1.00
_i109d7d9de36e76,Ahe,_i109d7d9de36e76,,
_i7acefcacdff357,khe,_i7acefcacdff357,,
_i40d16acb24349e,a,SkinLayoutEntity,com/sulake/core/window/graphics/renderer/SkinLayoutEntity.as,r1 1.00
_id095c72ddf5ad3,The,SkinLayout,com/sulake/core/window/graphics/renderer/SkinLayout.as,r1 1.00
_ib275a25e7bab63,a,class_4233,com/sulake/core/window/graphics/class_4233.as,r1 0.93
_i320ddba428c1bd,lj,HsvLayerColor,com/sulake/core/window/graphics/renderer/HsvLayerColor.as,r3 0.72
_i905e2e58f4262d,gs,SkinRenderer,com/sulake/core/window/graphics/renderer/SkinRenderer.as,link r1
_i0e4dcd268dad3c,a,BitmapSkinRenderer,com/sulake/core/window/graphics/renderer/BitmapSkinRenderer.as,r2 0.39
_i24b6606232a289,Phe,IconController,com/sulake/core/window/components/IconController.as,r2 1.00
_i465593e0f7a32a,She,ItemGridIterator,com/sulake/core/window/iterators/ItemGridIterator.as,rif r2 x1
_i47b42f933720cc,Dhe,ItemListIterator,com/sulake/core/window/iterators/ItemListIterator.as,rif r2 x1
_i1635eb591ccb31,a,SmoothScroller,com/sulake/core/window/utils/SmoothScroller.as,r1 0.89
_iadc502acfb8deb,i1,ItemListController,com/sulake/core/window/components/ItemListController.as,link r1
_icac0a41652d43f,_j,ItemGridController,com/sulake/core/window/components/ItemGridController.as,r1 0.46
_i264c01aa6d0a26,Lhe,_i264c01aa6d0a26,,
_i5adaabc7fca0d0,a,_i5adaabc7fca0d0,,
_i7761fa0c1e1177,Ohe,_i7761fa0c1e1177,,
_i4cc4daa58f4ea3,Fhe,_i4cc4daa58f4ea3,,
_id49a29b10dc0f6,Hhe,_id49a29b10dc0f6,,
_i6aecf95d73a416,a,ScrollBarController,com/sulake/core/window/components/ScrollBarController.as,r1 0.54
_i345143b37a25d7,uj,class_1936,com/sulake/core/window/components/class_1936.as,r2 1.00
_i90cdf367cb3460,hj,ISelectableWindow,com/sulake/core/window/components/ISelectableWindow.as,r2 1.00
_ifdd86d108df6e8,a,ShapeController,com/sulake/core/window/components/ShapeController.as,r1 0.63
_ia5487394cc86a1,Uhe,_ia5487394cc86a1,,
_i590fabdc28cedf,Rp,_i590fabdc28cedf,,
_ide6bfb31fc0288,gq,_ide6bfb31fc0288,,
_i01a05cf990eab8,a,StrokeController,com/sulake/core/window/components/StrokeController.as,r1 0.73
_ie09dfc29b34183,a,TabButtonController,com/sulake/core/window/components/TabButtonController.as,r1 0.88
_i6297fdf9b1ba2a,pj,TabContainerButtonController,com/sulake/core/window/components/TabContainerButtonController.as,r2 1.00
_ib2aed3039440f7,a,TabContextController,com/sulake/core/window/components/TabContextController.as,r1 0.72
_i1c1300b68af165,a,_i1c1300b68af165,,
_i4503103b188c75,a,TextLabelController,com/sulake/core/window/components/TextLabelController.as,r2 0.45
_iad0416cbc42992,Qhe,TextLinkController,com/sulake/core/window/components/TextLinkController.as,r2 0.63
_i6ee1e140615aa8,Xhe,_i6ee1e140615aa8,,
_ib1a5be698103a0,a,EmptyIterator,com/sulake/core/window/iterators/EmptyIterator.as,r2 1.00
_i449f268347d783,Yhe,WidgetWindowController,com/sulake/core/window/components/WidgetWindowController.as,r2 0.40
_i72694c56ca5a76,pq,Classes,com/sulake/core/window/Classes.as,r2 1.00
_i2170a8d7969160,a,SkinContainer,com/sulake/core/window/graphics/SkinContainer.as,r1 1.00
_i2f9556e6e9e0e1,a,WindowRendererItem,com/sulake/core/window/graphics/WindowRendererItem.as,r2 0.36
_i3170bf254548ee,a,WindowRenderer,com/sulake/core/window/graphics/WindowRenderer.as,r1 0.59
_i215e3608c5ac8e,a,_i215e3608c5ac8e,,
_i6998bccc1c94e5,a,BitmapFillSkinRenderer,com/sulake/core/window/graphics/renderer/BitmapFillSkinRenderer.as,r1 0.59
_i99caaf0a1495b5,e3e,FillSkinRenderer,com/sulake/core/window/graphics/renderer/FillSkinRenderer.as,r1 1.00
_ic9f8c0da247b6d,a,GradientSkinRenderer,com/sulake/core/window/graphics/renderer/GradientSkinRenderer.as,r2 0.43
_i98d5cc49941e9c,a,_i98d5cc49941e9c,,
_i0a981ba7b7bf60,a3e,NullSkinRenderer,com/sulake/core/window/graphics/renderer/NullSkinRenderer.as,r3 1.00
_ice64ff55039033,a,ShapeSkinRenderer,com/sulake/core/window/graphics/renderer/ShapeSkinRenderer.as,r2 0.42
_ibf588340460e00,a,_ibf588340460e00,,
_ib3ce0ed8ca3c47,a,_ib3ce0ed8ca3c47,,
_i08627468871eb0,a,_i08627468871eb0,,
_ic3210af3954855,a,_ic3210af3954855,,
_iaa3addc1ae913c,M8,class_283,com/sulake/core/utils/class_283.as,r1 0.53
_id73fd8df6e1c3a,a,ProfilerOutput,com/sulake/core/window/tools/ProfilerOutput.as,r1 0.87
_ie5140e83e66963,nFe,_ie5140e83e66963,,
_i8493eb3ae28b49,a,DefaultAttStruct,com/sulake/core/window/utils/DefaultAttStruct.as,r2 0.68
_i90c03c6cd1d6e0,Ptr,_i90c03c6cd1d6e0,,
_i9cd301e8b2b5e0,Dd,WindowUtils,com/sulake/habbo/game/snowwar/utils/WindowUtils.as,r1 0.79
_i959c13e9526cbb,o3e,_i959c13e9526cbb,,
_i7f58a6295d71c9,Eo,_i7f58a6295d71c9,,
_i653d1b654f1230,si,CatalogPageName,com/sulake/habbo/catalog/enum/CatalogPageName.as,r1 1.00
_i25fceca65b3a84,qr,CatalogType,com/sulake/habbo/catalog/enum/CatalogType.as,r1 1.00
_id2bfaa31fdabf7,Pu,_id2bfaa31fdabf7,,
_iec25cb4b2ae965,Py,HabboCatalogTrackingEvent,com/sulake/habbo/catalog/enum/HabboCatalogTrackingEvent.as,r1 1.00
_i8a6074071a9002,me,class_1803,com/sulake/habbo/catalog/enum/class_1803.as,r1 1.00
_idf2ac1d996a3c4,or,class_3169,com/sulake/habbo/catalog/enum/class_3169.as,r1 1.00
_i08f1028715d356,a,VideoOfferTypeEnum,com/sulake/habbo/catalog/enum/VideoOfferTypeEnum.as,r2 0.69
_iadac0fa58eb9b6,Xt,CatalogEvent,com/sulake/habbo/catalog/event/CatalogEvent.as,r1 1.00
_i22cb2ba7e5818f,a,_i22cb2ba7e5818f,,
_i4e558243c209b2,o0,_i4e558243c209b2,,
_i4029c2bf4cf1c2,Pp,class_2201,com/sulake/habbo/catalog/marketplace/class_2201.as,r3 1.00
_iaf2265046dddcc,a,CatalogFurniPurchaseEvent,com/sulake/habbo/catalog/navigation/events/CatalogFurniPurchaseEvent.as,r1 1.00
_i1d5b872bc8af38,a,CatalogPageOpenedEvent,com/sulake/habbo/catalog/navigation/events/CatalogPageOpenedEvent.as,r1 1.00
_icd51a8939628e1,a,class_1937,com/sulake/habbo/catalog/purse/class_1937.as,r1 1.00
_ie216553b705598,a,PurseEvent,com/sulake/habbo/catalog/purse/PurseEvent.as,r1 1.00
_iac8a51b0ca3ecb,ld,PurseUpdateEvent,com/sulake/habbo/catalog/purse/PurseUpdateEvent.as,r1 1.00
_i63ce985bed5207,wj,FurniSlotItem,com/sulake/habbo/catalog/recycler/FurniSlotItem.as,r2 0.83
_ic4d6c8d627ab4e,va,_ic4d6c8d627ab4e,,
_ib474ebe10089bb,le,CatalogWidgetEventEnum,com/sulake/habbo/catalog/viewer/widgets/events/CatalogWidgetEventEnum.as,r1 1.00
_iae266fbe26d028,c3e,_iae266fbe26d028,,
_ib349a35b511031,Sp,CatalogWidgetColoursEvent,com/sulake/habbo/catalog/viewer/widgets/events/CatalogWidgetColoursEvent.as,rif r3 x1
_i7d032bc382f616,f3e,_i7d032bc382f616,,
_if0b252095b2585,W8,StringArrayStuffData,com/sulake/habbo/room/object/data/StringArrayStuffData.as,rif r2 x1
_i402cad4748bdc2,yj,_i402cad4748bdc2,,
_idf4b0f0f6d4c5d,l3e,CatalogWidgetMultiColoursEvent,com/sulake/habbo/catalog/viewer/widgets/events/CatalogWidgetMultiColoursEvent.as,r4 0.48
_i121d99a7e32a38,Ij,_i121d99a7e32a38,,
_i7461873632c0d4,b3e,_i7461873632c0d4,,
_ic8c9a5fb2eb6ca,_3e,CatalogWidgetShowWarningTextEvent,com/sulake/habbo/catalog/viewer/widgets/events/CatalogWidgetShowWarningTextEvent.as,rif r2 x1
_i40ea7a3aa53cbd,ja,CatalogWidgetSpinnerEvent,com/sulake/habbo/catalog/viewer/widgets/events/CatalogWidgetSpinnerEvent.as,r1 1.00
_i51916ae7f9a707,Dp,_i51916ae7f9a707,,
_iacdd97f5df962a,u3e,_iacdd97f5df962a,,
_ia32e0c459b96a3,h3e,_ia32e0c459b96a3,,
_idfee6137b0eb86,Rs,_idfee6137b0eb86,,
_i5e4b84a807e641,$f,SetExtraPurchaseParameterEvent,com/sulake/habbo/catalog/viewer/widgets/events/SetExtraPurchaseParameterEvent.as,rif r2 x1
_iaea7174beb96ef,Sy,_iaea7174beb96ef,,
_i7ca93159eab558,p3e,_i7ca93159eab558,,
_ic9786f9cac95cb,m3e,_ic9786f9cac95cb,,
IIDHabboCatalog,Ht,IIDHabboCatalog,com/sulake/iid/IIDHabboCatalog.as,nome
_i3b7063ffe0225e,g3e,_i3b7063ffe0225e,,
_if8989b3d82322a,v3e,_if8989b3d82322a,,
_i4812186bb8e721,w3e,_i4812186bb8e721,,
_i79c76fa3be9826,a,HabbiconControllerEvent,com/sulake/habbo/catalog/habbicons/HabbiconControllerEvent.as,r1 1.00
_id75eace94e920c,Ui,HabbiconState,com/sulake/habbo/catalog/habbicons/HabbiconState.as,r2 1.00
_id438126e7d0ddd,Lp,IIDHabbiconController,com/sulake/iid/IIDHabbiconController.as,rif r2 x1
IIDHabboFreeFlowChat,bd,IIDHabboFreeFlowChat,com/sulake/iid/IIDHabboFreeFlowChat.as,nome
_i6c0c96c1d5cea5,Ps,_i6c0c96c1d5cea5,,
_idb24401dc8fed5,a,class_3102,com/sulake/habbo/window/enum/class_3102.as,r1 1.00
_ic6e62e5c7f9c7f,a,class_3988,com/sulake/habbo/window/enum/class_3988.as,r1 1.00
_i179f8748fb7181,Ni,HabboAlertDialogFlag,com/sulake/habbo/window/enum/HabboAlertDialogFlag.as,r1 1.00
_i682aa36de39438,Dy,HabboIconType,com/sulake/habbo/window/enum/HabboIconType.as,r1 1.00
_icc433844a717df,Ur,class_2094,com/sulake/core/window/components/class_2094.as,r2 0.65
_i8570bc9de8ac56,Tn,HabboWindowStyle,com/sulake/habbo/window/enum/HabboWindowStyle.as,r2 1.00
_i32ebe460f88134,Xb,HabboWindowTrackingEvent,com/sulake/habbo/window/enum/HabboWindowTrackingEvent.as,r1 1.00
_i7fe51b06d75d82,ws,HabboWindowType,com/sulake/habbo/window/enum/HabboWindowType.as,r2 0.82
_i757e1b1f2c7471,xj,_i757e1b1f2c7471,,
_id6ea2fd65aa6db,s1,class_4005,com/sulake/habbo/window/enum/class_4005.as,r1 1.00
_iee99991ffb8a7c,a,ProgressIndicatorMode,com/sulake/habbo/window/enum/ProgressIndicatorMode.as,r1 1.00
_i9b66fcead3f126,a,ProgressIndicatorStyle,com/sulake/habbo/window/enum/ProgressIndicatorStyle.as,r1 1.00
_i3522fbdca697b0,o1,class_3852,com/sulake/habbo/window/enum/class_3852.as,r1 1.00
_ibbd7d859e63c97,y3e,_ibbd7d859e63c97,,
_id78f97046f2dc8,a,class_2589,com/sulake/habbo/window/widgets/class_2589.as,r2 0.66
IIDHabboWindowManager,mr,IIDHabboWindowManager,com/sulake/iid/IIDHabboWindowManager.as,nome
_i530fcda20a90a3,Rn,HabboErrorVariableEnum,com/sulake/habbo/tracking/HabboErrorVariableEnum.as,r1 1.00
_ib9db25ba5bb458,Yb,HabboLoginTrackingStep,com/sulake/habbo/tracking/HabboLoginTrackingStep.as,r1 1.00
_iea95a3c791a34f,Gi,IIDHabboTracking,com/sulake/iid/IIDHabboTracking.as,rif r2 x12
_ide7409a1c62b90,Ny,BadgeInfo,com/sulake/habbo/session/BadgeInfo.as,rif r2 x2
_id7a65d24d806e0,a,HabboClubLevelEnum,com/sulake/habbo/session/HabboClubLevelEnum.as,r2 1.00
_ic7ef4177eb47f5,Rt,class_1794,com/sulake/habbo/session/class_1794.as,r3 1.00
_i5a1c5671564b8b,B8,_i5a1c5671564b8b,,
_i8d9db79ac28721,a,BadgeImageReadyEvent,com/sulake/habbo/session/events/BadgeImageReadyEvent.as,r1 1.00
_i2ff5545a92af25,a,FurniIconImageReadyEvent,com/sulake/habbo/session/events/FurniIconImageReadyEvent.as,r1 1.00
_i8ba26a7a9b53fd,a,MysteryBoxKeysUpdateEvent,com/sulake/habbo/session/events/MysteryBoxKeysUpdateEvent.as,r1 1.00
_i0c6f2d34549ee1,a,PerksUpdatedEvent,com/sulake/habbo/session/events/PerksUpdatedEvent.as,r1 1.00
_if25a46d7d9b062,I3e,SessionDataEvent,com/sulake/habbo/session/events/SessionDataEvent.as,link r1
_i0ffb155911d958,a,SessionDataPreferencesEvent,com/sulake/habbo/session/events/SessionDataPreferencesEvent.as,r1 1.00
_i835e769c0fa13a,Hy,SessionDataToWidgetEvent,com/sulake/habbo/session/events/SessionDataToWidgetEvent.as,r1 1.00
_i69fa3993b80504,a,UserNameUpdateEvent,com/sulake/habbo/session/events/UserNameUpdateEvent.as,r1 1.00
_ifa72c25c14e1ee,a,TalentEnum,com/sulake/habbo/session/talent/TalentEnum.as,r1 1.00
_i2ab8ae7fbe3f31,zr,IIDSessionDataManager,com/sulake/iid/IIDSessionDataManager.as,rif r2 x24
_i0a2ca7a30d7842,x3e,_i0a2ca7a30d7842,,
_id11715931e40a5,C3e,HabbletLinkHandler,com/sulake/habbo/window/handlers/HabbletLinkHandler.as,r1 0.75
_iada4b60c6952bf,k8,_iada4b60c6952bf,,
_id25cdd9db61705,a,AlertDialog,com/sulake/habbo/window/utils/AlertDialog.as,r1 0.80
_i82471c54383cae,E3e,AlertDialogWithLink,com/sulake/habbo/window/utils/AlertDialogWithLink.as,r1 0.91
_ia78d790d70bb2a,yq,ConfirmDialog,com/sulake/habbo/window/utils/ConfirmDialog.as,rif r2 x2
_iba77ca6e66414e,M3e,HintTarget,com/sulake/habbo/window/HintTarget.as,r2 0.82
_i7ae91cabdb3998,a,HintManager,com/sulake/habbo/window/HintManager.as,r1 1.00
_i6258f4c74076de,a,ModalDialog,com/sulake/habbo/window/utils/ModalDialog.as,r2 0.40
_if989dd810bf53b,A3e,ResourceManager,com/sulake/habbo/window/ResourceManager.as,r1 0.80
_i2d5a01199c4aeb,a,SimpleAlertDialog,com/sulake/habbo/window/utils/SimpleAlertDialog.as,r1 0.92
_i94a86f08ab2bc0,a,class_1868,com/sulake/habbo/window/utils/class_1868.as,r1 0.84
_i688a65c20d3750,Ka,Theme,com/sulake/habbo/window/theme/Theme.as,r1 1.00
_i164017e26913b6,a,_i164017e26913b6,,
_ic1349a2fed7f18,P3e,HabboPagesViewer,com/sulake/habbo/window/utils/habbopedia/HabboPagesViewer.as,r1 0.71
_i45daa6f1b105d3,a,FloorPlanCache,com/sulake/habbo/window/utils/floorplaneditor/FloorPlanCache.as,r1 0.69
_i18feeffd292276,a,FloorPlanPreviewer,com/sulake/habbo/window/utils/floorplaneditor/FloorPlanPreviewer.as,r2 0.58
_i95c893e66f605d,a,_i95c893e66f605d,,
_ic256081df290f4,N3e,ImportExportDialog,com/sulake/habbo/window/utils/floorplaneditor/ImportExportDialog.as,r1 0.89
_i47c35d9523844d,a,BCFloorPlanEditor,com/sulake/habbo/window/utils/floorplaneditor/BCFloorPlanEditor.as,r1 0.74
_i855faa876ca501,a,AvatarImageWidget,com/sulake/habbo/friendbar/landingview/widget/AvatarImageWidget.as,r2 0.52
_i71a1b22dcbc6bf,a,BadgeImageWidget,com/sulake/habbo/window/widgets/BadgeImageWidget.as,r1 0.70
_ia8c4131fb71d6e,a,BalloonWidget,com/sulake/habbo/window/widgets/BalloonWidget.as,r1 0.47
_i5dd122ce9050aa,a,class_4058,com/sulake/habbo/window/utils/class_4058.as,r1 1.00
_i6efc2bd98d8c0b,Eq,ChestItemGridOverlayWidget,com/sulake/habbo/window/widgets/ChestItemGridOverlayWidget.as,r1 1.00
_i91e7df017c9907,a,CountdownWidget,com/sulake/habbo/window/widgets/CountdownWidget.as,r1 0.83
_i891fa9dcb71dfc,a,FurnitureImageWidget,com/sulake/habbo/window/widgets/FurnitureImageWidget.as,r1 0.87
_if289f7c7d518e9,a,HoverBitmapWidget,com/sulake/habbo/window/widgets/HoverBitmapWidget.as,r1 0.53
_ic6021fb0cf9742,a,IlluminaBorderWidget,com/sulake/habbo/window/widgets/IlluminaBorderWidget.as,r1 0.78
_i6ef7c23a0c037b,a,IlluminaChatBubbleWidget,com/sulake/habbo/window/widgets/IlluminaChatBubbleWidget.as,r1 0.84
_i0624c5c3f065a4,a,IlluminaInputWidget,com/sulake/habbo/window/widgets/IlluminaInputWidget.as,r1 0.65
_i99093f8b77b10e,Rq,LimitedItemGridOverlayWidget,com/sulake/habbo/window/widgets/LimitedItemGridOverlayWidget.as,r1 1.00
_i6bb171179d9dab,Pq,LimitedItemPreviewOverlayWidget,com/sulake/habbo/window/widgets/LimitedItemPreviewOverlayWidget.as,r1 1.00
_i977166746ce1f5,Sq,LimitedItemSupplyLeftOverlayWidget,com/sulake/habbo/window/widgets/LimitedItemSupplyLeftOverlayWidget.as,r1 1.00
_i05e007cd6d0ed2,a,PetImageWidget,com/sulake/habbo/window/widgets/PetImageWidget.as,r1 0.83
_i4f79d3ef333a5e,a,PixelLimitWidget,com/sulake/habbo/window/widgets/PixelLimitWidget.as,r2 0.51
_i7328beaabbd4dd,a,_i7328beaabbd4dd,,
_iaed849eecb101b,F3e,class_2465,com/sulake/habbo/inventory/class_2465.as,r2 1.00
_i25c0704ea25025,he,class_1901,com/sulake/habbo/inventory/enum/class_1901.as,r1 1.00
_i8db461cfd19b83,Ee,class_2106,com/sulake/habbo/inventory/enum/class_2106.as,r1 1.00
_i56ff412b4bf3bc,ji,class_2245,com/sulake/habbo/inventory/enum/class_2245.as,r1 1.00
UnseenItemCategoryEnum,a,UnseenItemCategoryEnum,com/sulake/habbo/inventory/enum/class_1799.as,nome
_i4a56f6de2ab88a,Yl,HabboInventoryEffectsEvent,com/sulake/habbo/inventory/events/HabboInventoryEffectsEvent.as,r1 1.00
_ide59efc4916f7d,a,HabboInventoryFurniListParsedEvent,com/sulake/habbo/inventory/events/HabboInventoryFurniListParsedEvent.as,r1 1.00
_i104ed259dbb969,f0,HabboInventoryHabboClubEvent,com/sulake/habbo/inventory/events/HabboInventoryHabboClubEvent.as,r1 1.00
_id794d52b298f18,Gn,HabboInventoryTrackingEvent,com/sulake/habbo/inventory/events/HabboInventoryTrackingEvent.as,r1 1.00
_icdd06cb3b86570,a,HabboUnseenItemsUpdatedEvent,com/sulake/habbo/inventory/events/HabboUnseenItemsUpdatedEvent.as,r1 1.00
IIDHabboInventory,Ss,IIDHabboInventory,com/sulake/iid/IIDHabboInventory.as,nome
_i78c0f2a03d4b42,Op,class_4120,com/sulake/habbo/window/utils/class_4120.as,r2 1.00
_iabae5a0505acfa,a,ProductImageWidget,com/sulake/habbo/window/widgets/ProductImageWidget.as,r1 0.94
_ica529aca8b30ef,a,ProgressIndicatorWidget,com/sulake/habbo/window/widgets/ProgressIndicatorWidget.as,r1 0.66
_i589f80f45efe53,Fq,ProductIconWidget,com/sulake/habbo/window/widgets/ProductIconWidget.as,r1 0.81
_i9d2121157a7d8c,Hq,RarityItemGridOverlayWidget,com/sulake/habbo/window/widgets/RarityItemGridOverlayWidget.as,r1 1.00
_i82e6317239d141,a,RarityItemPreviewOverlayWidget,com/sulake/habbo/window/widgets/RarityItemPreviewOverlayWidget.as,r1 0.83
RoomPreviewerWidget,a,RoomPreviewerWidget,com/sulake/habbo/window/widgets/RoomPreviewerWidget.as,nome
_ic1bbe24340ab1b,a,RoomThumbnailWidget,com/sulake/habbo/window/widgets/RoomThumbnailWidget.as,r1 0.75
_i926031ad1737a5,jq,RoomUserCountWidget,com/sulake/habbo/window/widgets/RoomUserCountWidget.as,r1 0.67
_ib28d223f96859a,a,RunningNumberWidget,com/sulake/habbo/window/widgets/RunningNumberWidget.as,r1 0.71
_ib89041b9dee18b,a,SeparatorWidget,com/sulake/habbo/window/widgets/SeparatorWidget.as,r1 0.60
_id3e67e47447751,a,UpdatingTimeStampWidget,com/sulake/habbo/window/widgets/UpdatingTimeStampWidget.as,r1 0.83
_i237ad153c09716,a,_i237ad153c09716,,
_ic6ad2622dd81e4,V3e,HabboWindowManagerComponent,com/sulake/habbo/window/HabboWindowManagerComponent.as,r1 0.41
HabboWindowManagerComponentBootstrap,U3e,HabboWindowManagerComponentBootstrap,com/sulake/bootstrap/HabboWindowManagerComponentBootstrap.as,nome
_i34b5455b6fee5a,Cj,AnimatedColor,com/sulake/habbo/window/utils/AnimatedColor.as,r4 0.81
_i6472dde8824f3e,a,_i6472dde8824f3e,,
_i7cf244ea644be1,j3e,CellTemplate,com/sulake/habbo/window/utils/tableview/CellTemplate.as,r1 1.00
_i3960298574f675,ke,TableCell,com/sulake/habbo/window/utils/tableview/TableCell.as,r2 0.70
_i13478fabf83476,a,TableCellView,com/sulake/habbo/window/utils/tableview/TableCellView.as,r2 0.60
_iab9ff4f3940eff,Wt,TableColumn,com/sulake/habbo/window/utils/tableview/TableColumn.as,r2 0.38
_ib6362842261925,Q3e,TableRowModel,com/sulake/habbo/window/utils/tableview/TableRowModel.as,r2 1.00
_i218d0577d62298,a,TableRowView,com/sulake/habbo/window/utils/tableview/TableRowView.as,r1 0.62
_i2ffec14d4a7361,a,TableView,com/sulake/habbo/window/utils/tableview/TableView.as,r1 0.49
_i24b36eb1576e5c,K3e,ArcFour,com/sulake/habbo/communication/encryption/ArcFour.as,r2 0.53
_i29c64ba5832fc6,a,_i29c64ba5832fc6,,
_i66493047bfc316,Kq,_i66493047bfc316,,
_i1539123571f770,a,_i1539123571f770,,
_ide6ad8493e414c,It,_ide6ad8493e414c,,
_i3b3366fae3ac25,J3e,_i3b3366fae3ac25,,
_ie7005e12dcc716,a,_ie7005e12dcc716,,
HabboCommunicationManagerBootstrap,r1e,HabboCommunicationManagerBootstrap,com/sulake/bootstrap/HabboCommunicationManagerBootstrap.as,nome
_i5f52e06808bfdb,a,WebApiLoginProvider,com/sulake/habbo/communication/login/WebApiLoginProvider.as,r2 0.37
_i36dda2ad7d38bd,a1e,_i36dda2ad7d38bd,,
_ibe8d19426549bb,a,_ibe8d19426549bb,,
_idef684cb055ee2,i1e,AvatarView,login/AvatarView.as,r1 0.51
_ie651c9eb502c8d,n1e,_ie651c9eb502c8d,,
_i4fed3af11e97f2,a,EnvironmentView,login/EnvironmentView.as,r1 0.44
_i7dd80957d27010,o1e,LoginView,login/LoginView.as,r1 0.59
_i55124e2029b352,d1e,SsoTokenView,login/SsoTokenView.as,r1 0.50
_i9c4762047416b3,a,WebCaptchaView,login/WebCaptchaView.as,r1 0.65
_i5695b26dc75860,a,LoginFlow,login/LoginFlow.as,r1 0.43
_iddd818d68db8a8,f1e,class_3744,com/sulake/core/communication/messages/class_3744.as,r1 0.96
_ic018fc731c2fff,l1e,class_4227,com/sulake/core/communication/wireformat/class_4227.as,r1 0.93
_i2f68cab7ba0c7d,a,class_3722,com/sulake/core/communication/wireformat/class_3722.as,r1 0.54
_if47aeb3c52d77a,a,_if47aeb3c52d77a,,
_ie8793fd7065da0,u1e,_ie8793fd7065da0,,
_idbfdd30e53be6e,h1e,_idbfdd30e53be6e,,
_i9cb51196b3123e,Zf,AdEvent,com/sulake/habbo/advertisement/events/AdEvent.as,r1 1.00
_i17ae80d02b1e0d,$b,InterstitialEvent,com/sulake/habbo/advertisement/events/InterstitialEvent.as,r1 1.00
IIDHabboAdManager,c1,IIDHabboAdManager,com/sulake/iid/IIDHabboAdManager.as,nome
_i77ffb8eb653325,p1e,AvatarEditorEvent,com/sulake/habbo/avatar/enum/AvatarEditorEvent.as,r1 1.00
_if1f5a9572c6242,xt,class_1962,com/sulake/habbo/avatar/enum/class_1962.as,r1 1.00
_ic723960da8d613,oi,_ic723960da8d613,,
_id5b29fc725a026,Zb,class_2721,com/sulake/habbo/avatar/enum/class_2721.as,r1 1.00
_ic225682705604e,a,AvatarUpdateEvent,com/sulake/habbo/avatar/events/AvatarUpdateEvent.as,r1 1.00
IIDHabboAvatarEditor,f1,IIDHabboAvatarEditor,com/sulake/iid/IIDHabboAvatarEditor.as,nome
_i2e425bff3e7315,a,ActiveConversationsCountEvent,com/sulake/habbo/friendbar/events/ActiveConversationsCountEvent.as,r1 1.00
_i846b725b9ecc27,a,FindFriendsNotificationEvent,com/sulake/habbo/friendbar/events/FindFriendsNotificationEvent.as,r1 1.00
_i673d8f3008848c,a,FriendBarResizeEvent,com/sulake/habbo/friendbar/events/FriendBarResizeEvent.as,r1 1.00
_i635225cbef277c,a,FriendBarSelectionEvent,com/sulake/habbo/friendbar/events/FriendBarSelectionEvent.as,r1 1.00
_ia4a25bac5427ed,a,FriendBarUpdateEvent,com/sulake/habbo/friendbar/events/FriendBarUpdateEvent.as,r1 1.00
_i4f2713b920ea1a,a,FriendRequestUpdateEvent,com/sulake/habbo/friendbar/events/FriendRequestUpdateEvent.as,r1 1.00
_ic5607a72e312d6,a,NewMessageEvent,com/sulake/habbo/friendbar/events/NewMessageEvent.as,r1 1.00
_i18ee518b70e8d2,a,NotificationEvent,com/sulake/habbo/friendbar/events/NotificationEvent.as,r1 1.00
_i2a4ad8de562e4e,$a,class_2751,com/sulake/habbo/friendbar/groupforums/class_2751.as,r1 1.00
_ic888d035288ac7,$q,UnseenForumsCountUpdatedEvent,com/sulake/habbo/friendbar/groupforums/UnseenForumsCountUpdatedEvent.as,r1 1.00
_i27c389c329e120,v1e,_i27c389c329e120,,
IIDHabboFriendBar,Hp,IIDHabboFriendBar,com/sulake/iid/IIDHabboFriendBar.as,nome
_ia6cca34e2357ad,Wj,IIDHabboFriendBarData,com/sulake/iid/IIDHabboFriendBarData.as,rif r2 x1
_i630ced5606cd11,Vp,IIDHabboFriendBarView,com/sulake/iid/IIDHabboFriendBarView.as,rif r2 x2
_i690e38c7db2c45,w1e,_i690e38c7db2c45,,
_iaf1bec03bc8e59,S8,IIDHabboLandingView,com/sulake/iid/IIDHabboLandingView.as,rif r2 x3
_i02f0bfa1f81855,y1e,IIDHabboTalent,com/sulake/iid/IIDHabboTalent.as,rif r2 x1
_ia4c17117df4f10,fa,_ia4c17117df4f10,,
_i48a6c3347862bd,a,class_2080,com/sulake/habbo/friendlist/class_2080.as,r1 1.00
_i5d3db49d7508c7,Vo,FriendRequestEvent,com/sulake/habbo/friendlist/events/FriendRequestEvent.as,r1 1.00
_i8de99593910eed,_d,HabboFriendListTrackingEvent,com/sulake/habbo/friendlist/events/HabboFriendListTrackingEvent.as,r1 1.00
IIDHabboFriendList,ts,IIDHabboFriendList,com/sulake/iid/IIDHabboFriendList.as,nome
_i093bb8bc42fe22,qb,class_3666,com/sulake/habbo/game/class_3666.as,r1 1.00
_i9f2aa15e5c932b,b1,GameChatEvent,com/sulake/habbo/game/events/GameChatEvent.as,r1 1.00
IIDHabboGameManager,l0,IIDHabboGameManager,com/sulake/iid/IIDHabboGameManager.as,nome
_i40e826c0f1452b,a,class_2346,com/sulake/habbo/groups/class_2346.as,r1 1.00
_ia8cd5fbc90d9c7,D8,GuildSettingsChangedInManageEvent,com/sulake/habbo/groups/events/GuildSettingsChangedInManageEvent.as,r1 1.00
IIDHabboGroupsManager,L8,IIDHabboGroupsManager,com/sulake/iid/IIDHabboGroupsManager.as,nome
_i1416556892b512,Qy,HabboHelpTrackingEvent,com/sulake/habbo/help/enum/HabboHelpTrackingEvent.as,r1 1.00
_ib1db848f3f55d9,ff,HabboHelpTutorialEvent,com/sulake/habbo/help/enum/HabboHelpTutorialEvent.as,r1 1.00
_i7882974730247a,Jb,class_2083,com/sulake/habbo/help/enum/class_2083.as,r2 1.00
IIDHabboHelp,zi,IIDHabboHelp,com/sulake/iid/IIDHabboHelp.as,nome
_i8f37735b59c143,_1,class_2191,com/sulake/habbo/messenger/class_2191.as,r3 1.00
_idbdba57ee3b03f,Xy,ActiveConversationEvent,com/sulake/habbo/messenger/events/ActiveConversationEvent.as,r1 1.00
_i9ce61a1b7f2d72,qf,MiniMailMessageEvent,com/sulake/habbo/messenger/events/MiniMailMessageEvent.as,r1 1.00
IIDHabboMessenger,b0,IIDHabboMessenger,com/sulake/iid/IIDHabboMessenger.as,nome
IIDHabboModeration,Up,IIDHabboModeration,com/sulake/iid/IIDHabboModeration.as,nome
_id868ab4785b05f,I1e,_id868ab4785b05f,,
_ic0e5fe835a73dc,Gt,HabboNavigatorTrackingEvent,com/sulake/habbo/navigator/events/HabboNavigatorTrackingEvent.as,r1 1.00
_ied3e1a0245233d,Jf,HabboRoomSettingsTrackingEvent,com/sulake/habbo/navigator/events/HabboRoomSettingsTrackingEvent.as,r1 1.00
IIDHabboNavigator,Qi,IIDHabboNavigator,com/sulake/iid/IIDHabboNavigator.as,nome
IIDHabboNewNavigator,e_,IIDHabboNewNavigator,com/sulake/iid/IIDHabboNewNavigator.as,nome
_i524b489eaec50c,Uo,NotificationExtraDataKey,com/sulake/habbo/notifications/NotificationExtraDataKey.as,r1 1.00
_ia19bb93dcbc94a,yr,NotificationType,com/sulake/habbo/notifications/NotificationType.as,r1 1.00
IIDHabboNotifications,Cn,IIDHabboNotifications,com/sulake/iid/IIDHabboNotifications.as,nome
_ia8f69ce462e757,a,QuestCompletedEvent,com/sulake/habbo/quest/events/QuestCompletedEvent.as,r1 1.00
_i2da2e3f4116d12,a,QuestsListEvent,com/sulake/habbo/quest/events/QuestsListEvent.as,r1 1.00
_i51004860d7bf7b,a,UnseenAchievementsCountUpdateEvent,com/sulake/habbo/quest/events/UnseenAchievementsCountUpdateEvent.as,r1 1.00
_i4ca3bc2c91697e,a,UnseenDailyTasksCountUpdateEvent,com/sulake/habbo/quest/events/UnseenDailyTasksCountUpdateEvent.as,r1 1.00
_i9fb5fe3bad0cf2,C1e,_i9fb5fe3bad0cf2,,
IIDHabboQuestEngine,_0,IIDHabboQuestEngine,com/sulake/iid/IIDHabboQuestEngine.as,nome
_i498b42cc0b57ee,a,UnseenRewardTrackRewardsCountUpdateEvent,com/sulake/habbo/quest/events/UnseenRewardTrackRewardsCountUpdateEvent.as,r1 1.00
_iecc214afd33629,kj,IIDRewardTrackController,com/sulake/iid/IIDRewardTrackController.as,rif r2 x1
_i73f5dac30164c3,E1e,GenericErrorEnum,com/sulake/habbo/session/enum/GenericErrorEnum.as,r1 1.00
_i246e9604857181,qe,RoomControllerLevelEnum,com/sulake/habbo/session/enum/RoomControllerLevelEnum.as,r2 1.00
_ifce84d7444f35e,a,RoomTradingLevelEnum,com/sulake/habbo/session/enum/RoomTradingLevelEnum.as,r1 1.00
_i9920b53cfa3039,Re,RoomSessionEvent,com/sulake/habbo/session/events/RoomSessionEvent.as,r1 1.00
_i2ba5a6e5c8c678,a,RoomSessionChatEvent,com/sulake/habbo/session/events/RoomSessionChatEvent.as,r1 1.00
_i64ae71afe287a3,a,RoomSessionConfirmPetBreedingEvent,com/sulake/habbo/session/events/RoomSessionConfirmPetBreedingEvent.as,r1 1.00
_i04c705ae5350f1,a,RoomSessionConfirmPetBreedingResultEvent,com/sulake/habbo/session/events/RoomSessionConfirmPetBreedingResultEvent.as,r1 1.00
_i74cd1cc5837720,a,RoomSessionDanceEvent,com/sulake/habbo/session/events/RoomSessionDanceEvent.as,r1 1.00
_i8426cd0b3cd690,M1e,RoomSessionDimmerPresetsEventPresetItem,com/sulake/habbo/session/events/RoomSessionDimmerPresetsEventPresetItem.as,rif r2 x1
_ifa4be023e1e580,u1,RoomSessionDimmerPresetsEvent,com/sulake/habbo/session/events/RoomSessionDimmerPresetsEvent.as,r1 1.00
_i9f5428401869b8,Go,RoomSessionDoorbellEvent,com/sulake/habbo/session/events/RoomSessionDoorbellEvent.as,r1 1.00
_i0b8cba6725ba5d,Ta,RoomSessionErrorMessageEvent,com/sulake/habbo/session/events/RoomSessionErrorMessageEvent.as,r1 1.00
_i1aab59f7cc3022,a,RoomSessionFavouriteGroupUpdateEvent,com/sulake/habbo/session/events/RoomSessionFavouriteGroupUpdateEvent.as,r1 1.00
_i03df4ef053f153,a,RoomSessionFriendRequestEvent,com/sulake/habbo/session/events/RoomSessionFriendRequestEvent.as,r1 1.00
_i92b91292f34897,a,RoomSessionNestBreedingSuccessEvent,com/sulake/habbo/session/events/RoomSessionNestBreedingSuccessEvent.as,r1 1.00
_i8f192a7f886cf2,a,RoomSessionPetBreedingEvent,com/sulake/habbo/session/events/RoomSessionPetBreedingEvent.as,r1 1.00
_i7ed0d7b6adf972,a,RoomSessionPetBreedingResultEvent,com/sulake/habbo/session/events/RoomSessionPetBreedingResultEvent.as,r1 1.00
_i02af583ad41a98,a,RoomSessionPetCommandsUpdateEvent,com/sulake/habbo/session/events/RoomSessionPetCommandsUpdateEvent.as,r1 1.00
_i9ea54d0c99cb8d,a,RoomSessionPetFigureUpdateEvent,com/sulake/habbo/session/events/RoomSessionPetFigureUpdateEvent.as,r1 1.00
_i13a35b561c8d7c,a,RoomSessionPetInfoUpdateEvent,com/sulake/habbo/session/events/RoomSessionPetInfoUpdateEvent.as,r1 1.00
_i992c14fc054ab3,a,RoomSessionPetLevelUpdateEvent,com/sulake/habbo/session/events/RoomSessionPetLevelUpdateEvent.as,r1 1.00
_i3ac8480edcf407,el,RoomSessionPetPackageEvent,com/sulake/habbo/session/events/RoomSessionPetPackageEvent.as,r1 1.00
_i5588afdb7518fc,a,RoomSessionPetStatusUpdateEvent,com/sulake/habbo/session/events/RoomSessionPetStatusUpdateEvent.as,r1 1.00
_i2f86606dba7d59,ud,RoomSessionPollEvent,com/sulake/habbo/session/events/RoomSessionPollEvent.as,r1 1.00
_if2c352b907d139,t_,RoomSessionPresentEvent,com/sulake/habbo/session/events/RoomSessionPresentEvent.as,r1 1.00
_i75c6a0b0833706,jp,RoomSessionPropertyUpdateEvent,com/sulake/habbo/session/events/RoomSessionPropertyUpdateEvent.as,r1 1.00
_i4a13c80c1f8017,a,RoomSessionQueueEvent,com/sulake/habbo/session/events/RoomSessionQueueEvent.as,r1 1.00
_ie02d7cfe7875e9,a,RoomSessionUserBadgesEvent,com/sulake/habbo/session/events/RoomSessionUserBadgesEvent.as,r1 1.00
_i3f1e34d9a77e00,a,RoomSessionUserDataUpdateEvent,com/sulake/habbo/session/events/RoomSessionUserDataUpdateEvent.as,r1 1.00
_i84ecaed147b483,a,RoomSessionUserFigureUpdateEvent,com/sulake/habbo/session/events/RoomSessionUserFigureUpdateEvent.as,r1 1.00
_if7db27a877cf3a,hd,_if7db27a877cf3a,,
_i33ee6ce2446cc9,Wa,IIDHabboRoomSessionManager,com/sulake/iid/IIDHabboRoomSessionManager.as,rif r2 x7
_icac11f11495634,a,AvatarExpressionEnum,com/sulake/habbo/ui/widget/enums/AvatarExpressionEnum.as,r2 1.00
_i75bee7aa5e35d4,so,class_3015,com/sulake/habbo/ui/widget/enums/class_3015.as,r1 1.00
_icf8611d0b0b385,bf,_icf8611d0b0b385,,
_i099e0d4298e664,Zq,_i099e0d4298e664,,
_i019c43eb45a743,Q,RoomWidgetEnum,com/sulake/habbo/ui/widget/enums/RoomWidgetEnum.as,r1 1.00
_ic9c8c604a78d1c,qq,RoomWidgetFurniInfoUsagePolicyEnum,com/sulake/habbo/ui/widget/enums/RoomWidgetFurniInfoUsagePolicyEnum.as,r4 1.00
_i13fd7fd09b6ecb,Xi,RoomWidgetInfostandExtraParamEnum,com/sulake/habbo/ui/widget/enums/RoomWidgetInfostandExtraParamEnum.as,r1 1.00
_ic40476df330c82,ac,class_3668,com/sulake/habbo/ui/widget/enums/class_3668.as,r2 1.00
_i96bd093c689af7,W1e,BreedingRarityCategoryData,com/sulake/habbo/ui/widget/events/BreedingRarityCategoryData.as,r4 1.00
_i321b08b9450b3c,Jq,_i321b08b9450b3c,,
_i14c4adcbd4868d,a,HideRoomWidgetEvent,com/sulake/habbo/ui/widget/events/HideRoomWidgetEvent.as,r1 1.00
_ib72a9e9de6cc2d,eJ,_ib72a9e9de6cc2d,,
_id2a46ede952b17,a,RoomDesktopMouseZoomEnableEvent,com/sulake/habbo/ui/widget/events/RoomDesktopMouseZoomEnableEvent.as,r1 1.00
_i19bbf26e9f4df2,Ge,RoomWidgetUpdateEvent,com/sulake/habbo/ui/widget/events/RoomWidgetUpdateEvent.as,r1 1.00
_i9de0a6cc5d981b,zp,RoomWidgetAchievementResolutionTrophyDataUpdateEvent,com/sulake/habbo/ui/widget/events/RoomWidgetAchievementResolutionTrophyDataUpdateEvent.as,r1 1.00
_i3683ec9bf62a84,oI,RoomWidgetAvatarEditorUpdateEvent,com/sulake/habbo/ui/widget/events/RoomWidgetAvatarEditorUpdateEvent.as,r1 1.00
_ica6d1e55cb40d3,a,RoomWidgetAvatarInfoEvent,com/sulake/habbo/ui/widget/events/RoomWidgetAvatarInfoEvent.as,r1 1.00
_i1ab98fc3414912,a,RoomWidgetChatInputContentUpdateEvent,com/sulake/habbo/ui/widget/events/RoomWidgetChatInputContentUpdateEvent.as,r1 1.00
_icb2a21034d9d2b,ic,RoomWidgetChooserContentEvent,com/sulake/habbo/ui/widget/events/RoomWidgetChooserContentEvent.as,r1 1.00
_ia3ff0e0952ad19,a_,RoomWidgetClothingChangeUpdateEvent,com/sulake/habbo/ui/widget/events/RoomWidgetClothingChangeUpdateEvent.as,r1 1.00
_i045216e688f3a2,a,RoomWidgetConfirmPetBreedingEvent,com/sulake/habbo/ui/widget/events/RoomWidgetConfirmPetBreedingEvent.as,r1 1.00
_i38bd506914ac7c,a,RoomWidgetConfirmPetBreedingResultEvent,com/sulake/habbo/ui/widget/events/RoomWidgetConfirmPetBreedingResultEvent.as,r1 1.00
_i9370493ccf50d8,Yp,RoomWidgetCreditFurniUpdateEvent,com/sulake/habbo/ui/widget/events/RoomWidgetCreditFurniUpdateEvent.as,r1 1.00
_ice8aa5dcccd66b,a,RoomWidgetDanceUpdateEvent,com/sulake/habbo/ui/widget/events/RoomWidgetDanceUpdateEvent.as,r1 1.00
_i26b919b971d9f3,a,RoomWidgetDimmerStateUpdateEvent,com/sulake/habbo/ui/widget/events/RoomWidgetDimmerStateUpdateEvent.as,r1 1.00
_i42206c7e1a45f9,B1e,RoomWidgetDimmerUpdateEventPresetItem,com/sulake/habbo/ui/widget/events/RoomWidgetDimmerUpdateEventPresetItem.as,rif r2 x1
_icb250839cc48c7,h0,RoomWidgetDimmerUpdateEvent,com/sulake/habbo/ui/widget/events/RoomWidgetDimmerUpdateEvent.as,r1 1.00
_i5dce8483b10245,_f,RoomWidgetDoorbellEvent,com/sulake/habbo/ui/widget/events/RoomWidgetDoorbellEvent.as,r1 1.00
_i4eaef1184f81f2,pd,RoomWidgetEcotronBoxDataUpdateEvent,com/sulake/habbo/ui/widget/events/RoomWidgetEcotronBoxDataUpdateEvent.as,r1 1.00
_id339c4631c6bdd,a,RoomWidgetFloodControlEvent,com/sulake/habbo/ui/widget/events/RoomWidgetFloodControlEvent.as,r1 1.00
_i54b1e647607a27,$l,RoomWidgetFriendRequestUpdateEvent,com/sulake/habbo/ui/widget/events/RoomWidgetFriendRequestUpdateEvent.as,r1 1.00
_idc1039edd6cd0f,p0,RoomWidgetFurniInfoUpdateEvent,com/sulake/habbo/ui/widget/events/RoomWidgetFurniInfoUpdateEvent.as,r1 1.00
_i1319c3e5194dca,a,RoomWidgetHabboClubUpdateEvent,com/sulake/habbo/ui/widget/events/RoomWidgetHabboClubUpdateEvent.as,r1 1.00
_ie04757924958d7,md,RoomWidgetLoadingBarUpdateEvent,com/sulake/habbo/ui/widget/events/RoomWidgetLoadingBarUpdateEvent.as,r1 1.00
_i0ab21c1c90d052,m0,RoomWidgetMiniMailUpdateEvent,com/sulake/habbo/ui/widget/events/RoomWidgetMiniMailUpdateEvent.as,r1 1.00
_ie2b38bcbfc893f,a,RoomWidgetPetBreedingEvent,com/sulake/habbo/ui/widget/events/RoomWidgetPetBreedingEvent.as,r1 1.00
_i379b91ccbc0b9d,a,RoomWidgetPetBreedingResultEvent,com/sulake/habbo/ui/widget/events/RoomWidgetPetBreedingResultEvent.as,r1 1.00
_i7ea9cd93bd311d,a,RoomWidgetPetCommandsUpdateEvent,com/sulake/habbo/ui/widget/events/RoomWidgetPetCommandsUpdateEvent.as,r1 1.00
_i025f24f3de1b6e,a,RoomWidgetPetFigureUpdateEvent,com/sulake/habbo/ui/widget/events/RoomWidgetPetFigureUpdateEvent.as,r1 1.00
_ic135e0e959ae03,a,RoomWidgetPetInfoUpdateEvent,com/sulake/habbo/ui/widget/events/RoomWidgetPetInfoUpdateEvent.as,r1 1.00
_i7647a6d0b52f13,a,RoomWidgetPetLevelUpdateEvent,com/sulake/habbo/ui/widget/events/RoomWidgetPetLevelUpdateEvent.as,r1 1.00
_i13e1cd7bf35a3f,Nd,RoomWidgetPetPackageUpdateEvent,com/sulake/habbo/ui/widget/events/RoomWidgetPetPackageUpdateEvent.as,r1 1.00
_ic28842eb80a281,a,RoomWidgetPetStatusUpdateEvent,com/sulake/habbo/ui/widget/events/RoomWidgetPetStatusUpdateEvent.as,r1 1.00
_ie386e16be415c5,zn,RoomWidgetPlayListEditorEvent,com/sulake/habbo/ui/widget/events/RoomWidgetPlayListEditorEvent.as,r1 1.00
_id672e4ef157dac,rl,RoomWidgetPlayListEditorNowPlayingEvent,com/sulake/habbo/ui/widget/events/RoomWidgetPlayListEditorNowPlayingEvent.as,r1 1.00
_i212834f3dbf006,uf,RoomWidgetPollUpdateEvent,com/sulake/habbo/ui/widget/events/RoomWidgetPollUpdateEvent.as,r1 1.00
_i4f603d10898f78,Zt,RoomWidgetPresentDataUpdateEvent,com/sulake/habbo/ui/widget/events/RoomWidgetPresentDataUpdateEvent.as,r1 1.00
_i9448848d1b603a,p1,RoomWidgetPurseUpdateEvent,com/sulake/habbo/ui/widget/events/RoomWidgetPurseUpdateEvent.as,r1 1.00
_ie73afac22f08b2,a,RoomWidgetRentableBotForceOpenContextMenuEvent,com/sulake/habbo/ui/widget/events/RoomWidgetRentableBotForceOpenContextMenuEvent.as,r1 1.00
_ib7c64febb72df9,a,RoomWidgetRentableBotInfoUpdateEvent,com/sulake/habbo/ui/widget/events/RoomWidgetRentableBotInfoUpdateEvent.as,r1 1.00
_i682a2fdd6da34a,a,RoomWidgetRentableBotSkillListUpdateEvent,com/sulake/habbo/ui/widget/events/RoomWidgetRentableBotSkillListUpdateEvent.as,r1 1.00
_i19b2d18c98922e,v0,RoomWidgetRoomEngineUpdateEvent,com/sulake/habbo/ui/widget/events/RoomWidgetRoomEngineUpdateEvent.as,r1 1.00
_iaf22cc7cbbf7d2,a,RoomWidgetRoomObjectNameEvent,com/sulake/habbo/ui/widget/events/RoomWidgetRoomObjectNameEvent.as,r1 1.00
_i4b95e33c26f375,$r,RoomWidgetRoomObjectUpdateEvent,com/sulake/habbo/ui/widget/events/RoomWidgetRoomObjectUpdateEvent.as,r1 1.00
_ife7878490e2a23,tm,RoomWidgetRoomObjectPlaceEvent,com/sulake/habbo/ui/widget/events/RoomWidgetRoomObjectPlaceEvent.as,r1 1.00
_i728dcacdc6e79b,Zl,RoomWidgetRoomQueueUpdateEvent,com/sulake/habbo/ui/widget/events/RoomWidgetRoomQueueUpdateEvent.as,r1 1.00
_i3fcf1991b35c52,lI,RoomWidgetRoomViewUpdateEvent,com/sulake/habbo/ui/widget/events/RoomWidgetRoomViewUpdateEvent.as,r1 1.00
_ib6cecbe3fa773b,w0,RoomWidgetSettingsUpdateEvent,com/sulake/habbo/ui/widget/events/RoomWidgetSettingsUpdateEvent.as,r1 1.00
_idfa4f229d2d7c5,am,RoomWidgetShowPlaceholderEvent,com/sulake/habbo/ui/widget/events/RoomWidgetShowPlaceholderEvent.as,r1 1.00
_i89b3ba3974dd8e,Od,RoomWidgetSongUpdateEvent,com/sulake/habbo/ui/widget/events/RoomWidgetSongUpdateEvent.as,r1 1.00
_i1957ca1daf815e,V8,RoomWidgetSpamWallPostItEditEvent,com/sulake/habbo/ui/widget/events/RoomWidgetSpamWallPostItEditEvent.as,r1 1.00
_ieb9cf18bbe8092,im,RoomWidgetStickieDataUpdateEvent,com/sulake/habbo/ui/widget/events/RoomWidgetStickieDataUpdateEvent.as,r1 1.00
_ic39f15ceaa820c,a,RoomWidgetToolbarClickedUpdateEvent,com/sulake/habbo/ui/widget/events/RoomWidgetToolbarClickedUpdateEvent.as,r1 1.00
_icbdfb256e75a6c,nm,RoomWidgetTrophyDataUpdateEvent,com/sulake/habbo/ui/widget/events/RoomWidgetTrophyDataUpdateEvent.as,r1 1.00
_i908d700158378b,ql,RoomWidgetTutorialEvent,com/sulake/habbo/ui/widget/events/RoomWidgetTutorialEvent.as,r1 1.00
_icbad873ac0e715,a,RoomWidgetUpdateEffectsUpdateEvent,com/sulake/habbo/ui/widget/events/RoomWidgetUpdateEffectsUpdateEvent.as,r1 1.00
_icb5d03378f11dd,a,RoomWidgetUserDataUpdateEvent,com/sulake/habbo/ui/widget/events/RoomWidgetUserDataUpdateEvent.as,r1 1.00
_i892e8eec4bea50,ha,RoomWidgetUserInfoUpdateEvent,com/sulake/habbo/ui/widget/events/RoomWidgetUserInfoUpdateEvent.as,r1 1.00
_i804aee8f328e39,a,RoomWidgetUserLocationUpdateEvent,com/sulake/habbo/ui/widget/events/RoomWidgetUserLocationUpdateEvent.as,r1 1.00
_i89b09d2f2cdfe7,a,RoomWidgetWaveUpdateEvent,com/sulake/habbo/ui/widget/events/RoomWidgetWaveUpdateEvent.as,r1 1.00
_idd32139e158d6b,Fd,_idd32139e158d6b,,
_ibff80068d96282,U8,UseProductItem,com/sulake/habbo/ui/widget/events/UseProductItem.as,r2 0.51
_ic890471105ecf8,tr,RoomWidgetMessage,com/sulake/habbo/ui/widget/messages/RoomWidgetMessage.as,r1 1.00
_i96ab78ffcc7c4e,i_,RoomWidgetAvatarEditorMessage,com/sulake/habbo/ui/widget/messages/RoomWidgetAvatarEditorMessage.as,r1 1.00
_ib208f969fda319,a,RoomWidgetAvatarExpressionMessage,com/sulake/habbo/ui/widget/messages/RoomWidgetAvatarExpressionMessage.as,r1 1.00
_id97fcc89498407,a,RoomWidgetChangeMottoMessage,com/sulake/habbo/ui/widget/messages/RoomWidgetChangeMottoMessage.as,r1 1.00
_i9656bf7acfc73e,a,RoomWidgetChangePostureMessage,com/sulake/habbo/ui/widget/messages/RoomWidgetChangePostureMessage.as,r1 1.00
_i9403852188305a,a,RoomWidgetChatMessage,com/sulake/habbo/ui/widget/messages/RoomWidgetChatMessage.as,r1 1.00
_i0be3646e0a17f5,Rj,RoomWidgetChatSelectAvatarMessage,com/sulake/habbo/ui/widget/messages/RoomWidgetChatSelectAvatarMessage.as,r1 1.00
_i8883f968de1bc5,a,RoomWidgetChatTypingMessage,com/sulake/habbo/ui/widget/messages/RoomWidgetChatTypingMessage.as,r1 1.00
_iaa638cd3bdf861,G8,RoomWidgetClothingChangeMessage,com/sulake/habbo/ui/widget/messages/RoomWidgetClothingChangeMessage.as,r1 1.00
_ia4fb66dd542d3a,Pj,RoomWidgetConversionPointMessage,com/sulake/habbo/ui/widget/messages/RoomWidgetConversionPointMessage.as,r1 1.00
_i9ae7e43c56d64c,j8,RoomWidgetCreditFurniRedeemMessage,com/sulake/habbo/ui/widget/messages/RoomWidgetCreditFurniRedeemMessage.as,r1 1.00
_i40433dc1e20340,a,RoomWidgetDanceMessage,com/sulake/habbo/ui/widget/messages/RoomWidgetDanceMessage.as,r1 1.00
_id199079f133072,a,RoomWidgetDimmerChangeStateMessage,com/sulake/habbo/ui/widget/messages/RoomWidgetDimmerChangeStateMessage.as,r1 1.00
_i210afe014858ab,a,RoomWidgetDimmerPreviewMessage,com/sulake/habbo/ui/widget/messages/RoomWidgetDimmerPreviewMessage.as,r1 1.00
_ida1d376bc23f37,a,RoomWidgetDimmerSavePresetMessage,com/sulake/habbo/ui/widget/messages/RoomWidgetDimmerSavePresetMessage.as,r1 1.00
_ie7f4f968665606,z8,RoomWidgetEcotronBoxOpenMessage,com/sulake/habbo/ui/widget/messages/RoomWidgetEcotronBoxOpenMessage.as,r1 1.00
_i4b690e0f8214a9,eb,RoomWidgetFriendRequestMessage,com/sulake/habbo/ui/widget/messages/RoomWidgetFriendRequestMessage.as,r1 1.00
_i8ae8cc81172b69,wa,RoomWidgetFurniActionMessage,com/sulake/habbo/ui/widget/messages/RoomWidgetFurniActionMessage.as,r1 1.00
_i979de7514e041c,Jr,RoomWidgetFurniToWidgetMessage,com/sulake/habbo/ui/widget/messages/RoomWidgetFurniToWidgetMessage.as,r1 1.00
_i121f3ffd498b15,a,RoomWidgetGetBadgeDetailsMessage,com/sulake/habbo/ui/widget/messages/RoomWidgetGetBadgeDetailsMessage.as,r1 1.00
_i678ce3166404b2,a,RoomWidgetGetBadgeImageMessage,com/sulake/habbo/ui/widget/messages/RoomWidgetGetBadgeImageMessage.as,r1 1.00
_i4b813f62a18fad,a,RoomWidgetGetEffectsMessage,com/sulake/habbo/ui/widget/messages/RoomWidgetGetEffectsMessage.as,r1 1.00
_ife79eaca438904,tl,RoomWidgetGetObjectLocationMessage,com/sulake/habbo/ui/widget/messages/RoomWidgetGetObjectLocationMessage.as,r1 1.00
_i1ba3f9083cf83f,bm,RoomWidgetGetSettingsMessage,com/sulake/habbo/ui/widget/messages/RoomWidgetGetSettingsMessage.as,r1 1.00
_i06c95d0fef665d,Q8,RoomWidgetInventoryUpdatedMessage,com/sulake/habbo/ui/widget/messages/RoomWidgetInventoryUpdatedMessage.as,r1 1.00
_if5640ae59f807f,a,RoomWidgetLetUserInMessage,com/sulake/habbo/ui/widget/messages/RoomWidgetLetUserInMessage.as,r1 1.00
_ia876d839f6e4cd,_m,RoomWidgetMeMenuMessage,com/sulake/habbo/ui/widget/messages/RoomWidgetMeMenuMessage.as,r1 1.00
_i4715460d72b7bb,Dj,RoomWidgetNavigateToRoomMessage,com/sulake/habbo/ui/widget/messages/RoomWidgetNavigateToRoomMessage.as,r1 1.00
_i91a27ad8e39509,a,RoomWidgetOpenCatalogMessage,com/sulake/habbo/ui/widget/messages/RoomWidgetOpenCatalogMessage.as,r1 1.00
_i4e7ba2d7dd9837,a,RoomWidgetOpenInventoryMessage,com/sulake/habbo/ui/widget/messages/RoomWidgetOpenInventoryMessage.as,r1 1.00
_i2813b9dbbac448,Y8,RoomWidgetOpenPetPackageMessage,com/sulake/habbo/ui/widget/messages/RoomWidgetOpenPetPackageMessage.as,r1 1.00
_ia84072880195f0,En,RoomWidgetOpenProfileMessage,com/sulake/habbo/ui/widget/messages/RoomWidgetOpenProfileMessage.as,r1 1.00
_icc997f75e3dd02,oc,RoomWidgetPetCommandMessage,com/sulake/habbo/ui/widget/messages/RoomWidgetPetCommandMessage.as,r1 1.00
_i105996b06e9d7a,rb,RoomWidgetPlayListModificationMessage,com/sulake/habbo/ui/widget/messages/RoomWidgetPlayListModificationMessage.as,r1 1.00
_i036b0867dfa761,K8,RoomWidgetPlayListPlayStateMessage,com/sulake/habbo/ui/widget/messages/RoomWidgetPlayListPlayStateMessage.as,r1 1.00
_i5da47fa6575bbf,um,RoomWidgetPlayListUserActionMessage,com/sulake/habbo/ui/widget/messages/RoomWidgetPlayListUserActionMessage.as,r1 1.00
_i2b5fc8d2a3e644,oo,RoomWidgetPollMessage,com/sulake/habbo/ui/widget/messages/RoomWidgetPollMessage.as,r1 1.00
_i35388897695d16,o_,RoomWidgetPresentOpenMessage,com/sulake/habbo/ui/widget/messages/RoomWidgetPresentOpenMessage.as,r1 1.00
_i60ec6f534d82f7,di,RoomWidgetRequestWidgetMessage,com/sulake/habbo/ui/widget/messages/RoomWidgetRequestWidgetMessage.as,r1 1.00
_i2911f85783abce,Ei,RoomWidgetRoomObjectMessage,com/sulake/habbo/ui/widget/messages/RoomWidgetRoomObjectMessage.as,r1 1.00
_ia849bdd29634a2,zo,RoomWidgetRoomQueueMessage,com/sulake/habbo/ui/widget/messages/RoomWidgetRoomQueueMessage.as,r1 1.00
_ide12cf54ee7ab1,a,RoomWidgetRoomTagSearchMessage,com/sulake/habbo/ui/widget/messages/RoomWidgetRoomTagSearchMessage.as,r1 1.00
_ic1e56000fc7534,$8,RoomWidgetScriptProceedMessage,com/sulake/habbo/ui/widget/messages/RoomWidgetScriptProceedMessage.as,r1 1.00
_i7f14d10fdf63e0,Fu,RoomWidgetSelectEffectMessage,com/sulake/habbo/ui/widget/messages/RoomWidgetSelectEffectMessage.as,r1 1.00
_i9d169e041a02fe,a,RoomWidgetSelectOutfitMessage,com/sulake/habbo/ui/widget/messages/RoomWidgetSelectOutfitMessage.as,r1 1.00
_i6578da8c3a3f38,a,RoomWidgetShowOwnRoomsMessage,com/sulake/habbo/ui/widget/messages/RoomWidgetShowOwnRoomsMessage.as,r1 1.00
_ia429154f85ccab,Z8,RoomWidgetSpamWallPostItFinishEditingMessage,com/sulake/habbo/ui/widget/messages/RoomWidgetSpamWallPostItFinishEditingMessage.as,r1 1.00
_iba20ab8df328dc,hf,RoomWidgetStickieSendUpdateMessage,com/sulake/habbo/ui/widget/messages/RoomWidgetStickieSendUpdateMessage.as,r1 1.00
_ie1a8329a79c949,a,RoomWidgetStopEffectMessage,com/sulake/habbo/ui/widget/messages/RoomWidgetStopEffectMessage.as,r1 1.00
_i4a3f63dc6d6d23,tb,RoomWidgetStoreSettingsMessage,com/sulake/habbo/ui/widget/messages/RoomWidgetStoreSettingsMessage.as,r1 1.00
_if77f4c1b052149,pf,RoomWidgetUseProductMessage,com/sulake/habbo/ui/widget/messages/RoomWidgetUseProductMessage.as,r1 1.00
_i469a8515eae9d6,ee,RoomWidgetUserActionMessage,com/sulake/habbo/ui/widget/messages/RoomWidgetUserActionMessage.as,r1 1.00
_i4edc1353e1cfff,a,RoomWidgetZoomToggleMessage,com/sulake/habbo/ui/widget/messages/RoomWidgetZoomToggleMessage.as,r1 1.00
IIDHabboRoomUI,al,IIDHabboRoomUI,com/sulake/iid/IIDHabboRoomUI.as,nome
_ia57980bbc2be8f,za,_ia57980bbc2be8f,,
_i84bacb6a01b95d,De,HabboSoundTypesEnum,com/sulake/habbo/sound/HabboSoundTypesEnum.as,r1 1.00
_iec87e93f7897ef,co,NowPlayingEvent,com/sulake/habbo/sound/events/NowPlayingEvent.as,r1 1.00
_ied726fcececf64,Qo,PlayListStatusEvent,com/sulake/habbo/sound/events/PlayListStatusEvent.as,r1 1.00
_ic354dd751b36a1,Hu,SongDiskInventoryReceivedEvent,com/sulake/habbo/sound/events/SongDiskInventoryReceivedEvent.as,r1 1.00
_i97362c5e0823b1,fo,SongInfoReceivedEvent,com/sulake/habbo/sound/events/SongInfoReceivedEvent.as,r1 1.00
_if0e2a8dbd41d79,ab,SoundCompleteEvent,com/sulake/habbo/sound/events/SoundCompleteEvent.as,r1 1.00
_i9d2f4646e0b775,Vu,TraxSongLoadEvent,com/sulake/habbo/sound/events/TraxSongLoadEvent.as,r1 1.00
IIDHabboSoundManager,Ds,IIDHabboSoundManager,com/sulake/iid/IIDHabboSoundManager.as,nome
_i5ec2a9fb851458,ib,class_3585,com/sulake/habbo/phonenumber/class_3585.as,r2 1.00
_if42c14163c5ecb,lo,class_3718,com/sulake/habbo/phonenumber/class_3718.as,r1 1.00
_ib99022119ffb00,as,class_1954,com/sulake/habbo/toolbar/class_1954.as,r1 1.00
_ieecda0d7d465c5,rn,HabboToolbarEnum,com/sulake/habbo/toolbar/HabboToolbarEnum.as,r1 1.00
_i9e8d2dfa2de5b8,a,HabboToolbarIconEnum,com/sulake/habbo/toolbar/HabboToolbarIconEnum.as,r1 0.99
_ibd303bd75190c6,Bt,ToolbarDisplayExtensionIds,com/sulake/habbo/toolbar/ToolbarDisplayExtensionIds.as,r1 1.00
_i0cc6982d0b73d6,d_,class_2104,com/sulake/habbo/toolbar/class_2104.as,r1 1.00
_ic79ebb342f5385,mm,ExtensionViewEvent,com/sulake/habbo/toolbar/events/ExtensionViewEvent.as,r1 1.00
_if357b9fab77cd6,hr,HabboToolbarEvent,com/sulake/habbo/toolbar/events/HabboToolbarEvent.as,r1 1.00
IIDHabboToolbar,pa,IIDHabboToolbar,com/sulake/iid/IIDHabboToolbar.as,nome
_ia2a7cc74990b7e,gm,WiredAchievementsUpdatedEvent,com/sulake/habbo/roomevents/events/WiredAchievementsUpdatedEvent.as,r1 1.00
_i2f18718166e6ba,q8,WiredMenuEvent,com/sulake/habbo/roomevents/events/WiredMenuEvent.as,r1 1.00
_idca851ea11b274,vm,WiredUserClickHandledEvent,com/sulake/habbo/roomevents/events/WiredUserClickHandledEvent.as,r1 1.00
IIDHabboUserDefinedRoomEvents,c_,IIDHabboUserDefinedRoomEvents,com/sulake/iid/IIDHabboUserDefinedRoomEvents.as,nome
_i880c23aa07acd2,k1e,_i880c23aa07acd2,,
_i0e593aa76d02b7,T1e,_i0e593aa76d02b7,,
_i740353366b067c,R1e,_i740353366b067c,,
_ie0f78481c6fecd,P1e,_ie0f78481c6fecd,,
_i182a176f172360,S1e,_i182a176f172360,,
_ibd2e5638385a25,D1e,_ibd2e5638385a25,,
_i9c7cec161ab2fa,L1e,AdImageRequest,com/sulake/habbo/advertisement/AdImageRequest.as,r2 0.37
_i4c0eeb7d9fbd02,a,AdManager,com/sulake/habbo/advertisement/AdManager.as,r1 0.62
AdManagerBootstrap,O1e,AdManagerBootstrap,com/sulake/bootstrap/AdManagerBootstrap.as,nome
_i2021a3f1e44ad7,F1e,AvatarEditorMessageHandler,com/sulake/habbo/avatar/AvatarEditorMessageHandler.as,r2 1.00
_ia090ce63c0985e,dc,CategoryBaseModel,com/sulake/habbo/avatar/common/CategoryBaseModel.as,link r1
_i15778776e8d498,oJ,TabUtils,com/sulake/habbo/avatar/common/TabUtils.as,r1 1.00
_i74df3cd2d86e16,nb,CategoryBaseView,com/sulake/habbo/avatar/common/CategoryBaseView.as,r1 1.00
_i6ff8511ce5d6e4,J8,FigureDataView,com/sulake/habbo/avatar/figuredata/FigureDataView.as,r2 0.83
_i5acf0a1ca74356,a,FigureData,com/sulake/habbo/avatar/figuredata/FigureData.as,r2 0.86
_iacdbfb36bcadab,a,BodyView,com/sulake/habbo/avatar/generic/BodyView.as,r1 0.47
_if932d426471cef,V1e,BodyModel,com/sulake/habbo/avatar/generic/BodyModel.as,r2 0.81
_i44b8785e749ba8,U1e,EffectsParamView,com/sulake/habbo/avatar/effects/EffectsParamView.as,r1 0.86
_ia58e1e57a8ccd2,G1e,EffectsView,com/sulake/habbo/avatar/effects/EffectsView.as,r2 0.76
_i9d707f89d96ae5,Lj,EffectsModel,com/sulake/habbo/inventory/effects/EffectsModel.as,r1 1.00
_if8e508155bce7a,j1e,HeadView,com/sulake/habbo/avatar/head/HeadView.as,r1 0.70
_i0d9384304fee3f,z1e,_i0d9384304fee3f,,
_i0312bde8b3608d,Q1e,OutfitView,com/sulake/habbo/avatar/wardrobe/OutfitView.as,r1 0.69
Outfit,a,Outfit,com/sulake/habbo/avatar/wardrobe/Outfit.as,nome
_ia96e1dde56a061,X1e,HotLooksView,com/sulake/habbo/avatar/hotlooks/HotLooksView.as,r1 0.69
_i56622745f30543,a,HotLooksModel,com/sulake/habbo/avatar/hotlooks/HotLooksModel.as,r1 1.00
_ib352ddc298c246,K1e,LegsView,com/sulake/habbo/avatar/legs/LegsView.as,r1 0.56
_i6a786085638bcc,$1e,_i6a786085638bcc,,
_i6686d1368d44b6,a,CategoryData,com/sulake/habbo/avatar/common/CategoryData.as,r2 0.67
_i5ae47eaac4dfae,a,MiscView,com/sulake/habbo/avatar/misc/MiscView.as,r1 0.47
_i96bce6165e38ba,q1e,_i96bce6165e38ba,,
_i119c49a0612348,a,NftOutfit,com/sulake/habbo/avatar/wardrobe/NftOutfit.as,r1 1.00
_i5e6876725b605e,J1e,NftAvatarsView,com/sulake/habbo/avatar/nft/NftAvatarsView.as,r1 0.69
_ia099787393b57d,e6e,NftWardrobeParamView,com/sulake/habbo/avatar/nft/NftWardrobeParamView.as,r1 0.58
_ieeced3384abf5a,r6e,NftAvatarsModel,com/sulake/habbo/avatar/nft/NftAvatarsModel.as,r2 1.00
_i57e27dd676879e,t6e,TorsoView,com/sulake/habbo/avatar/torso/TorsoView.as,r1 0.63
_i2b6b9bb6456430,a6e,_i2b6b9bb6456430,,
_i8fd91e4e86cace,a,WardrobeSlot,com/sulake/habbo/avatar/wardrobe/WardrobeSlot.as,r1 0.83
_i570d6b641941d6,a,WardrobeView,com/sulake/habbo/avatar/wardrobe/WardrobeView.as,r1 1.00
_i065cedc390c7b2,s6e,WardrobeModel,com/sulake/habbo/avatar/wardrobe/WardrobeModel.as,r1 1.00
_i1de3fe29df8cdd,a,AvatarEditorGridView,com/sulake/habbo/avatar/common/AvatarEditorGridView.as,r1 0.91
_i17c5851d19d086,dJ,AvatarEditorGridItemEffect,com/sulake/habbo/avatar/effects/AvatarEditorGridItemEffect.as,r1 0.87
_i9d4fbcbbee44ba,d6e,AvatarEditorGridViewEffects,com/sulake/habbo/avatar/effects/AvatarEditorGridViewEffects.as,r1 0.88
_i203ee4cd704cbd,a,AvatarEditorNameSuggestionListRenderer,com/sulake/habbo/avatar/view/AvatarEditorNameSuggestionListRenderer.as,r2 0.83
_i97b65d24f5d16a,a,AvatarEditorNameChangeView,com/sulake/habbo/avatar/view/AvatarEditorNameChangeView.as,r1 0.88
_ic4f18ac7675c85,a,AvatarEditorView,com/sulake/habbo/avatar/AvatarEditorView.as,r1 0.74
_i65f8fee4c0c35c,a,AvatarEditorGridColorItem,com/sulake/habbo/avatar/common/AvatarEditorGridColorItem.as,r1 0.89
_i5a2e0c5c118229,a,AvatarEditorGridPartItem,com/sulake/habbo/avatar/common/AvatarEditorGridPartItem.as,r1 0.43
_iebf3ec4c001c8f,a,HabboAvatarEditor,com/sulake/habbo/avatar/HabboAvatarEditor.as,r1 0.55
_i30bead01dcfe00,a,HabboAvatarEditorManager,com/sulake/habbo/avatar/HabboAvatarEditorManager.as,r1 0.39
HabboAvatarEditorManagerBootstrap,_6e,HabboAvatarEditorManagerBootstrap,com/sulake/bootstrap/HabboAvatarEditorManagerBootstrap.as,nome
_iaf493d1c5cb8f4,Hj,AssetAlias,com/sulake/habbo/avatar/alias/AssetAlias.as,rif r2 x2
_i292cc04ba9f9de,h6e,AssetAliasCollection,com/sulake/habbo/avatar/alias/AssetAliasCollection.as,r1 0.40
_i8cef586a7d2c4d,ym,ActiveActionData,com/sulake/habbo/avatar/actions/ActiveActionData.as,r1 1.00
_i3b70815cf1538b,lJ,AvatarImageBodyPartContainer,com/sulake/habbo/avatar/AvatarImageBodyPartContainer.as,r3 0.41
_ib536a8ef121ab7,sl,AnimationLayerData,com/sulake/habbo/room/object/visualization/data/AnimationLayerData.as,r2 1.00
_i14a6ddc910d740,bJ,_i14a6ddc910d740,,
_i4c82939a4f8e7d,Vj,AvatarImageBodyPartCache,com/sulake/habbo/avatar/cache/AvatarImageBodyPartCache.as,r3 1.00
_ia7a5c584a0b344,a,AvatarImageDirectionCache,com/sulake/habbo/avatar/cache/AvatarImageDirectionCache.as,r1 1.00
_id0752657a29fd9,uJ,ImageData,com/sulake/habbo/avatar/cache/ImageData.as,r2 1.00
_i7c398bc4617959,a,AvatarImageCache,com/sulake/habbo/avatar/cache/AvatarImageCache.as,r1 0.71
_i768174f7debbdb,e5,class_1984,com/sulake/habbo/avatar/class_1984.as,r2 1.00
_i0a80381622f50a,a,AvatarImage,com/sulake/habbo/avatar/AvatarImage.as,r2 0.39
_i42af3b35c045a6,a,AvatarAssetDownloadLibrary,com/sulake/habbo/avatar/AvatarAssetDownloadLibrary.as,r1 0.81
_i370608800c92e4,Uj,_i370608800c92e4,,
_iee6f7ccba77688,a,AvatarAssetDownloadManager,com/sulake/habbo/avatar/AvatarAssetDownloadManager.as,r1 0.71
_i7d43921526789a,g6e,_i7d43921526789a,,
_iba0fdd1889b1d7,a,class_3391,com/sulake/habbo/communication/messages/incoming/userdefinedroomevents/class_3391.as,r3 0.88
_i9ccc9abf9a7065,v6e,_i9ccc9abf9a7065,,
_i044aaccceba670,w6e,AddDataContainer,com/sulake/habbo/avatar/animation/AddDataContainer.as,r2 0.67
_i13670d1db719ff,y6e,AvatarDataContainer,com/sulake/habbo/avatar/animation/AvatarDataContainer.as,r1 0.71
_ib52d59b932d209,I6e,DirectionDataContainer,com/sulake/habbo/avatar/animation/DirectionDataContainer.as,rif r2 x1
_i77579afa3e636b,x6e,SpriteDataContainer,com/sulake/habbo/avatar/animation/SpriteDataContainer.as,r2 0.72
_i854ad0adf527a0,a,Animation,com/sulake/habbo/quest/Animation.as,rif r2 x1
_ibffd1c88b59848,E6e,_ibffd1c88b59848,,
_i4c2be2d686eb96,_I,_i4c2be2d686eb96,,rif r3 x2
_i06e34bce61e8da,jj,AvatarImagePartContainer,com/sulake/habbo/avatar/AvatarImagePartContainer.as,rif r2 x3
_i59c0f895a1fce3,M6e,AvatarCanvas,com/sulake/habbo/avatar/structure/AvatarCanvas.as,r4 0.43
_i67496ffc88a00e,a,_i67496ffc88a00e,,
_ic25f9f9f1b2a0e,a,Vector3D,com/sulake/habbo/avatar/geometry/Vector3D.as,r1 1.00
_i6797666d5edd8e,zj,Node3D,com/sulake/habbo/avatar/geometry/Node3D.as,link r2
_i9cf08a11423103,pJ,GeometryItem,com/sulake/habbo/avatar/geometry/GeometryItem.as,r2 0.36
_if1bfae441c74ac,B6e,GeometryBodyPart,com/sulake/habbo/avatar/geometry/GeometryBodyPart.as,r3 0.38
_i9755326c535286,a,Matrix4x4,com/sulake/habbo/avatar/geometry/Matrix4x4.as,r2 1.00
_i4348b05dcf4229,A6e,AvatarModelGeometry,com/sulake/habbo/avatar/geometry/AvatarModelGeometry.as,r1 0.43
_i85993f180b5982,k6e,_i85993f180b5982,,
_ifdb56e79d73225,a,AnimationAction,com/sulake/habbo/avatar/structure/animation/AnimationAction.as,r2 0.46
_ib6e3512f89dd7e,T6e,_ib6e3512f89dd7e,,r3 0.52
_if9120b8cf86723,R6e,PartColor,com/sulake/habbo/avatar/structure/figure/PartColor.as,r2 0.70
_ic792608a47b5b3,mJ,class_2253,com/sulake/habbo/avatar/structure/figure/class_2253.as,r2 0.63
_i45dbf55d91c9cd,P6e,FigurePart,com/sulake/habbo/avatar/structure/figure/FigurePart.as,r2 0.40
_ibc3a989fa26af4,S6e,FigurePartSet,com/sulake/habbo/avatar/structure/figure/FigurePartSet.as,r2 0.51
_i9c7c4b7e2b5255,Xj,SetType,com/sulake/habbo/avatar/structure/figure/SetType.as,r2 0.80
_ic6e8c87bd9f047,D6e,FigureSetData,com/sulake/habbo/avatar/structure/FigureSetData.as,r3 0.70
_ibdbcb98261ec17,gJ,ActivePartSet,com/sulake/habbo/avatar/structure/parts/ActivePartSet.as,r2 0.47
_i6d938d8ffc2023,Yj,PartDefinition,com/sulake/habbo/avatar/structure/parts/PartDefinition.as,r1 1.00
_ia45b6ff1e92c6e,L6e,_ia45b6ff1e92c6e,,
_i3fe91d088edba1,N6e,AvatarStructure,com/sulake/habbo/avatar/AvatarStructure.as,r1 0.50
_iab60697f51dfc3,a,_iab60697f51dfc3,,
_ie06e68f5bf2551,a,EffectAssetDownloadLibrary,com/sulake/habbo/avatar/EffectAssetDownloadLibrary.as,r1 0.83
_i423e47e91528fd,a,EffectAssetDownloadManager,com/sulake/habbo/avatar/EffectAssetDownloadManager.as,r1 0.73
_id4c9dee94784a2,a,_id4c9dee94784a2,,
_i0ea2873ff2489e,a,AvatarStructureDownload,com/sulake/habbo/avatar/structure/AvatarStructureDownload.as,r1 0.82
AvatarRenderManager,a,AvatarRenderManager,com/sulake/habbo/avatar/class_573.as,nome
AvatarRenderManagerBootstrap,U6e,AvatarRenderManagerBootstrap,com/sulake/bootstrap/AvatarRenderManagerBootstrap.as,nome
_i0e36a18c4a460a,G6e,ClubBuyConfirmationDialog,com/sulake/habbo/catalog/club/ClubBuyConfirmationDialog.as,r1 0.93
_i90c1799f40de2f,a,ProductGridItem,com/sulake/habbo/catalog/viewer/ProductGridItem.as,r1 0.64
_ie0b7b3c9091503,a,Product,com/sulake/habbo/catalog/viewer/Product.as,r1 0.68
_i119caa97a40e3e,a,ProductContainer,com/sulake/habbo/catalog/viewer/ProductContainer.as,r1 1.00
_i6956f9cc3a8fa9,$j,BundleProductContainer,com/sulake/habbo/catalog/viewer/BundleProductContainer.as,r1 1.00
_i9dc1c102cabfa3,Zj,SingleProductContainer,com/sulake/habbo/catalog/viewer/SingleProductContainer.as,r1 1.00
_i6eadf1b3cf5c76,j6e,MultiProductContainer,com/sulake/habbo/catalog/viewer/MultiProductContainer.as,r1 1.00
_ib785ec6e474a87,a,Offer,com/sulake/habbo/catalog/viewer/Offer.as,r1 0.96
_ic774ae9b050db6,a,ClubBuyOfferData,com/sulake/habbo/catalog/club/ClubBuyOfferData.as,r2 0.84
_icd4a8314baf91f,wJ,ClubBuyController,com/sulake/habbo/catalog/club/ClubBuyController.as,r1 1.00
_i384f6dac8ca08d,a,ClubExtendConfirmationDialog,com/sulake/habbo/catalog/club/ClubExtendConfirmationDialog.as,r1 0.94
_icb9c77203d59c8,Q6e,ClubExtendController,com/sulake/habbo/catalog/club/ClubExtendController.as,r1 1.00
_id6bd46d0b67fae,X6e,ClubGiftConfirmationDialog,com/sulake/habbo/catalog/club/ClubGiftConfirmationDialog.as,r1 0.93
_i92c094a6f4d147,Y6e,ClubGiftController,com/sulake/habbo/catalog/club/ClubGiftController.as,r2 0.58
_i89dda4206e386d,a,RequestedPage,com/sulake/habbo/catalog/navigation/RequestedPage.as,r3 1.00
_i48e7560160014c,K6e,CatalogWindowState,com/sulake/habbo/catalog/CatalogWindowState.as,r2 0.78
_i6568135bcdb9b6,w1,ClubStatus,com/sulake/habbo/catalog/clubcenter/util/ClubStatus.as,r1 1.00
_i7097d913eb08dd,$6e,ClubCenterView,com/sulake/habbo/catalog/clubcenter/ClubCenterView.as,r1 0.93
_i8ae9398e39f4c6,a,ClubSpecialInfoBubbleView,com/sulake/habbo/catalog/clubcenter/ClubSpecialInfoBubbleView.as,r1 0.90
_i09fc94cd5111ee,a,BadgeResolver,com/sulake/habbo/catalog/clubcenter/util/BadgeResolver.as,r1 0.93
_i1a03fa031d38ec,a,HabboClubCenter,com/sulake/habbo/catalog/clubcenter/HabboClubCenter.as,r1 0.57
_i9e2908bd36c918,Mm,BaseItemWrapper,com/sulake/habbo/catalog/collectibles/renderer/model/BaseItemWrapper.as,rif r2 x1
_ie4ab4296010e5f,a,class_2712,com/sulake/habbo/catalog/collectibles/util/class_2712.as,r1 1.00
_ic14aafed7de9bd,a,CollectiblesRewardBoxView,com/sulake/habbo/catalog/collectibles/CollectiblesRewardBoxView.as,r1 0.87
_ib130e0ed7be04a,a,class_4367,com/sulake/habbo/catalog/collectibles/renderer/collections/class_4367.as,r1 1.00
_i41dcf9e111c0f4,e8e,CollectionsNavigationNodeRenderer,com/sulake/habbo/catalog/collectibles/renderer/collections/CollectionsNavigationNodeRenderer.as,r1 0.83
_i7328beaabbd4dd,a,_i7328beaabbd4dd,,
_i2ebfc4cefa1528,y1,CollectibleProductPreviewer,com/sulake/habbo/catalog/collectibles/tabs/subviews/CollectibleProductPreviewer.as,r2 0.86
_ia1f54ca54221ee,I1,AbstractCollectibleItemRenderer,com/sulake/habbo/catalog/collectibles/renderer/AbstractCollectibleItemRenderer.as,link r1
_i75156f0454155e,t5,CollectionItemWrapper,com/sulake/habbo/catalog/collectibles/renderer/model/CollectionItemWrapper.as,rif r2 x2
_i00239fd41288f9,t8e,_i00239fd41288f9,,
_i447617a98b2453,a,CollectionView,com/sulake/habbo/catalog/collectibles/tabs/subviews/CollectionView.as,r1 0.97
_ifc66690c58aba6,a,CollectionsTab,com/sulake/habbo/catalog/collectibles/tabs/CollectionsTab.as,r1 0.81
_ifb87e928a580b5,i8e,_ifb87e928a580b5,,
_if5b8f9b1f268a9,n8e,_if5b8f9b1f268a9,,
_icba27d2f621a83,a,_icba27d2f621a83,,
_i6fc46af739130d,a,MintInventoryListTab,com/sulake/habbo/catalog/collectibles/tabs/MintInventoryListTab.as,r1 0.88
_i4d51f6040bfebc,s8e,RewardCollectibleItemRenderer,com/sulake/habbo/catalog/collectibles/renderer/RewardCollectibleItemRenderer.as,r1 1.00
_i6d7b308f6e9949,CJ,RewardClaimsTab,com/sulake/habbo/catalog/collectibles/tabs/RewardClaimsTab.as,r1 0.85
_i57cb33c7bd4857,o8e,_i57cb33c7bd4857,,
_i345395b49b24c6,d8e,ShopNavigationNodeRenderer,com/sulake/habbo/catalog/collectibles/renderer/collections/ShopNavigationNodeRenderer.as,r1 0.65
_i6bbe5d43fc4832,a,_i6bbe5d43fc4832,,
_id68df683738b4f,a,ShopTab,com/sulake/habbo/catalog/collectibles/tabs/ShopTab.as,r1 0.98
_i3355e6f0aa627d,MJ,TransferNftsTab,com/sulake/habbo/catalog/collectibles/tabs/TransferNftsTab.as,r1 0.75
_ief83b391928b90,a,CollectiblesView,com/sulake/habbo/inventory/collectibles/CollectiblesView.as,r1 0.76
_i6711c81b7845f0,c8e,CollectiblesController,com/sulake/habbo/catalog/collectibles/CollectiblesController.as,r1 0.77
_i45071396a0cc39,a,HabbiconProgressBarView,com/sulake/habbo/catalog/habbicons/HabbiconProgressBarView.as,r1 1.00
_id7b7a81e254e5a,f8e,HabbiconAlbumHeaderView,com/sulake/habbo/catalog/habbicons/HabbiconAlbumHeaderView.as,r1 1.00
_i13420d01dec7b2,ez,HabbiconAlbumStats,com/sulake/habbo/catalog/habbicons/HabbiconAlbumStats.as,r2 1.00
_i2840facf0120d4,l8e,HabbiconAlbumModel,com/sulake/habbo/catalog/habbicons/HabbiconAlbumModel.as,rif r2 x1
_i8347bfbe07bd59,is,HabbiconTabMode,com/sulake/habbo/catalog/habbicons/HabbiconTabMode.as,r1 1.00
_i59393f7c4a2e9b,b8e,HabbiconTabView,com/sulake/habbo/catalog/habbicons/HabbiconTabView.as,r1 0.53
_icfa6cbeee6f558,rz,HabbiconSetModel,com/sulake/habbo/catalog/habbicons/HabbiconSetModel.as,r1 1.00
_i673fbc0939999f,a,HabbiconSetRailRowView,com/sulake/habbo/catalog/habbicons/HabbiconSetRailRowView.as,r1 0.88
_i4de88f08491475,u8e,HabbiconSetRailView,com/sulake/habbo/catalog/habbicons/HabbiconSetRailView.as,r1 1.00
_i89a85e8e42538d,a,HabbiconTileView,com/sulake/habbo/catalog/habbicons/HabbiconTileView.as,r1 0.92
_ib4754dfcb17f97,h8e,HabbiconRewardPanelView,com/sulake/habbo/catalog/habbicons/HabbiconRewardPanelView.as,r1 0.98
_i475d7198c6923c,a,HabbiconSetPageView,com/sulake/habbo/catalog/habbicons/HabbiconSetPageView.as,r1 1.00
_i33bf0e1d95bc31,a,HabbiconCollectionTrayGroupView,com/sulake/habbo/catalog/habbicons/HabbiconCollectionTrayGroupView.as,r1 1.00
_iaa6ad0f651e0df,g8e,HabbiconCollectionTrayView,com/sulake/habbo/catalog/habbicons/HabbiconCollectionTrayView.as,r1 0.92
_i0b765599922037,WJ,HabbiconEntryModel,com/sulake/habbo/catalog/habbicons/HabbiconEntryModel.as,r2 1.00
_i574ea976cf85f7,cc,HabbiconPopupMode,com/sulake/habbo/catalog/habbicons/HabbiconPopupMode.as,r1 1.00
_i926aed7e9b3be6,a,HabbiconPopupController,com/sulake/habbo/catalog/habbicons/HabbiconPopupController.as,r1 0.81
_i79b2db400fca6b,a,HabbiconView,com/sulake/habbo/catalog/habbicons/HabbiconView.as,r1 0.78
_i41862e398fb81e,a,HabbiconPurchaseConfirmationView,com/sulake/habbo/catalog/habbicons/HabbiconPurchaseConfirmationView.as,r1 0.97
_if53b4e41cd4dfc,a,HabbiconController,com/sulake/habbo/catalog/habbicons/HabbiconController.as,r1 0.55
_i6946992fde5ee2,a,EarningsView,com/sulake/habbo/catalog/earnings/EarningsView.as,r1 0.96
_i81f3d4b76e3fcd,x8e,EarningsController,com/sulake/habbo/catalog/earnings/EarningsController.as,r1 0.85
_i2cddbb044afc63,C8e,_i2cddbb044afc63,,
_i2446cc4d501775,Am,_i2446cc4d501775,,
_i083a46c1e8de69,Pn,RoomObjectEvent,com/sulake/room/events/RoomObjectEvent.as,link r1
_ic4963f84724f3a,Ct,RoomObjectMouseEvent,com/sulake/room/events/RoomObjectMouseEvent.as,r1 1.00
_ia426aa44281928,E8e,RoomToObjectEvent,com/sulake/room/events/RoomToObjectEvent.as,link r1
_ic9cd719772f331,Kt,RoomObjectUpdateMessage,com/sulake/room/messages/RoomObjectUpdateMessage.as,link r1
_i8648eb6df0e7e4,ol,RoomObjectBadgeAssetEvent,com/sulake/habbo/room/events/RoomObjectBadgeAssetEvent.as,r1 1.00
_i39ae2b9a9a941b,dl,RoomObjectDataRequestEvent,com/sulake/habbo/room/events/RoomObjectDataRequestEvent.as,r1 1.00
_i0b05b553fd9d92,a,RoomObjectDimmerStateUpdateEvent,com/sulake/habbo/room/events/RoomObjectDimmerStateUpdateEvent.as,r1 1.00
_i90916ccb5add94,fc,RoomObjectFloorHoleEvent,com/sulake/habbo/room/events/RoomObjectFloorHoleEvent.as,r1 1.00
_i37e27acdb4d186,i5,RoomObjectFurniIconAssetEvent,com/sulake/habbo/room/events/RoomObjectFurniIconAssetEvent.as,r1 1.00
_icdd807e9445b6d,ar,RoomObjectFurnitureActionEvent,com/sulake/habbo/room/events/RoomObjectFurnitureActionEvent.as,r1 1.00
_ia94bd85b25a7ce,ju,RoomObjectHSLColorEnableEvent,com/sulake/habbo/room/events/RoomObjectHSLColorEnableEvent.as,r2 0.69
_i5826b7d5df54e0,Bo,RoomObjectMoveEvent,com/sulake/habbo/room/events/RoomObjectMoveEvent.as,r1 1.00
_i05c9bf0603b298,zu,RoomObjectPlaySoundIdEvent,com/sulake/habbo/room/events/RoomObjectPlaySoundIdEvent.as,r1 1.00
_ifdf45f6401be78,a,RoomObjectRoomAdEvent,com/sulake/habbo/room/events/RoomObjectRoomAdEvent.as,r1 1.00
_ie8ed8cfac2bf75,Ao,RoomObjectSamplePlaybackEvent,com/sulake/habbo/room/events/RoomObjectSamplePlaybackEvent.as,r1 1.00
_i937d60b3d579a1,Za,RoomObjectStateChangeEvent,com/sulake/habbo/room/events/RoomObjectStateChangeEvent.as,r1 1.00
_ib6f39ea0caf1c9,Qu,RoomObjectTileMouseEvent,com/sulake/habbo/room/events/RoomObjectTileMouseEvent.as,r2 1.00
_if3406c2daa9853,km,RoomObjectWallMouseEvent,com/sulake/habbo/room/events/RoomObjectWallMouseEvent.as,r2 0.58
_i74b518e7373c0f,ae,RoomObjectWidgetRequestEvent,com/sulake/habbo/room/events/RoomObjectWidgetRequestEvent.as,r1 1.00
_i6cb568c242cccb,n5,RoomToObjectOwnAvatarMoveEvent,com/sulake/habbo/room/events/RoomToObjectOwnAvatarMoveEvent.as,r1 1.00
_i49a442e68cf65c,ta,RoomObjectUpdateStateMessage,com/sulake/habbo/room/messages/RoomObjectUpdateStateMessage.as,link r2
_id2a85955f014d7,hI,_id2a85955f014d7,,
_i968603e8bbf77b,tz,_i968603e8bbf77b,,
_i01dad10f9d4341,Tm,_i01dad10f9d4341,,
_ic226be3facdd8b,az,RoomObjectAvatarDanceUpdateMessage,com/sulake/habbo/room/messages/RoomObjectAvatarDanceUpdateMessage.as,r2 0.50
_i0420b143d54452,Rm,_i0420b143d54452,,
_ida0d62b5c92010,iz,_ida0d62b5c92010,,
_ib11dce6351722d,nz,_ib11dce6351722d,,
_i9b67a9462a7a2a,sz,RoomObjectAvatarExpressionUpdateMessage,com/sulake/habbo/room/messages/RoomObjectAvatarExpressionUpdateMessage.as,r3 0.64
_if4dd7adabd297b,s5,RoomObjectAvatarFigureUpdateMessage,com/sulake/habbo/room/messages/RoomObjectAvatarFigureUpdateMessage.as,r3 0.44
_i9f8252a99bd8d0,oz,RoomObjectAvatarFlatControlUpdateMessage,com/sulake/habbo/room/messages/RoomObjectAvatarFlatControlUpdateMessage.as,r2 1.00
_iae7c59f7300820,dz,_iae7c59f7300820,,
_i749bf3780b7596,cz,_i749bf3780b7596,,
_i665e47ad6b1c72,fz,_i665e47ad6b1c72,,
_i30799b71d14d5b,lz,_i30799b71d14d5b,,
_i6627f42ce5755e,bz,_i6627f42ce5755e,,
_i9c870519720957,_z,_i9c870519720957,,
_i39614b98ac5574,uz,_i39614b98ac5574,,
_i6cf23aa1345e3c,Pm,_i6cf23aa1345e3c,,
_ib9b36ff7f03806,o5,_ib9b36ff7f03806,,
_i0afa2a7bc8611d,hz,_i0afa2a7bc8611d,,
_i65644137156476,Sm,_i65644137156476,,
_i271046b6d05d70,pz,RoomObjectAvatarTypingUpdateMessage,com/sulake/habbo/room/messages/RoomObjectAvatarTypingUpdateMessage.as,r2 0.50
_i1234264269422e,cl,_i1234264269422e,,
_i88a38763d260b0,M1,_i88a38763d260b0,,
_ia7e9a08c5b7a4d,mz,_ia7e9a08c5b7a4d,,
_i39f7ecd6ab9902,gt,_i39f7ecd6ab9902,,
_ibc591173c99cd0,pI,RoomObjectFurniIconUpdateMessage,com/sulake/habbo/room/messages/RoomObjectFurniIconUpdateMessage.as,r1 1.00
_i39fe90566c58b9,Xu,RoomObjectGroupBadgeUpdateMessage,com/sulake/habbo/room/messages/RoomObjectGroupBadgeUpdateMessage.as,r1 1.00
_i39cc9188cd70ee,gz,_i39cc9188cd70ee,,
_i824d0547164476,Dm,RoomObjectItemDataUpdateMessage,com/sulake/habbo/room/messages/RoomObjectItemDataUpdateMessage.as,rif r2 x1
_i6ccdf09949be90,vz,_i6ccdf09949be90,,
_ida7a8e19a52e05,f_,RoomObjectRoomAdUpdateMessage,com/sulake/habbo/room/messages/RoomObjectRoomAdUpdateMessage.as,r1 1.00
_ib36abe10a75890,mI,RoomObjectRoomColorUpdateMessage,com/sulake/habbo/room/messages/RoomObjectRoomColorUpdateMessage.as,r1 1.00
_i2b688d4db8c4e9,fl,RoomObjectRoomFloorHoleUpdateMessage,com/sulake/habbo/room/messages/RoomObjectRoomFloorHoleUpdateMessage.as,r1 1.00
_ib431640e8dfe73,a,RoomObjectRoomMaskUpdateMessage,com/sulake/habbo/room/messages/RoomObjectRoomMaskUpdateMessage.as,r1 1.00
_iebad6c0342525d,Yu,RoomObjectRoomPlanePropertyUpdateMessage,com/sulake/habbo/room/messages/RoomObjectRoomPlanePropertyUpdateMessage.as,r1 1.00
_i6bcdd287114f73,Ku,RoomObjectRoomPlaneVisibilityUpdateMessage,com/sulake/habbo/room/messages/RoomObjectRoomPlaneVisibilityUpdateMessage.as,r1 1.00
_if1f766e1bfa776,vd,RoomObjectRoomUpdateMessage,com/sulake/habbo/room/messages/RoomObjectRoomUpdateMessage.as,r1 1.00
_ia9a296a1d0c77f,$u,_ia9a296a1d0c77f,,
_iccc71a5346b686,W1,RoomObjectTileCursorUpdateMessage,com/sulake/habbo/room/messages/RoomObjectTileCursorUpdateMessage.as,r2 0.77
_i3e710f34c754a4,Zu,RoomObjectVisibilityUpdateMessage,com/sulake/habbo/room/messages/RoomObjectVisibilityUpdateMessage.as,r1 1.00
_i5c73c5392ed889,gI,_i5c73c5392ed889,,
_i8cf2bb16e51768,vI,RoomObjectVariableFxStatusRemoveMessage,com/sulake/habbo/room/messages/RoomObjectVariableFxStatusRemoveMessage.as,r2 1.00
_i6e624f83caecdf,wI,RoomObjectVariableFxStatusUpdateMessage,com/sulake/habbo/room/messages/RoomObjectVariableFxStatusUpdateMessage.as,r3 0.59
_i08cb8c42ad2df0,M8e,FramerateTracker,com/sulake/habbo/tracking/FramerateTracker.as,r1 1.00
_i7cdbc447a7047c,W8e,LagWarningLogger,com/sulake/habbo/tracking/LagWarningLogger.as,r1 1.00
_i31caa08e5a4bc6,B8e,LatencyTracker,com/sulake/habbo/tracking/LatencyTracker.as,r1 1.00
_i5ce0ec41e5720d,A8e,GarbageTester,com/sulake/habbo/tracking/GarbageTester.as,rif r2 x1
_i671b3ce9a6bed0,a,PerformanceTracker,com/sulake/habbo/tracking/PerformanceTracker.as,r1 0.76
_i4ae2a1c8ab79be,T8e,ToolbarClickTracker,com/sulake/habbo/tracking/ToolbarClickTracker.as,r1 1.00
_id97c2b808a4229,a,HabboTracking,com/sulake/habbo/tracking/HabboTracking.as,r3 0.35
_i19f592aa452c1c,R8e,_i19f592aa452c1c,,
_i2021392b2ee590,P8e,VipBenefitsWindow,com/sulake/habbo/catalog/club/VipBenefitsWindow.as,r1 0.78
_i94df5b47c0dd52,a,HabboCatalogUtils,com/sulake/habbo/catalog/HabboCatalogUtils.as,r1 0.96
_i7d4d32aebf5cf4,ob,MarketPlaceOfferData,com/sulake/habbo/catalog/marketplace/MarketPlaceOfferData.as,r2 1.00
_i817e9868af5052,S8e,MarketplaceConfirmationDialog,com/sulake/habbo/catalog/marketplace/MarketplaceConfirmationDialog.as,r1 0.95
_i49f48a48f819f3,a,MarketPlaceLogic,com/sulake/habbo/catalog/marketplace/MarketPlaceLogic.as,r1 1.00
_id7229627ba0bb1,L8e,TopViewSelector,com/sulake/habbo/catalog/TopViewSelector.as,r2 0.67
_ic9427f550503a3,a,CatalogNode,com/sulake/habbo/catalog/navigation/CatalogNode.as,r1 1.00
_i9d8230d8919913,a,CatalogNodeRenderable,com/sulake/habbo/catalog/navigation/CatalogNodeRenderable.as,r1 0.80
_i0ea404ab16d5ed,a,CatalogNavigator,com/sulake/habbo/catalog/navigation/CatalogNavigator.as,r1 0.89
_ie77c6441483e2f,N8e,OfferReward,com/sulake/habbo/catalog/offers/OfferReward.as,r2 0.38
_i4310779b617fa6,a,SponsorPayProvider,com/sulake/habbo/catalog/offers/SponsorPayProvider.as,r1 0.97
_ic717edd973de1a,a,SupersonicProvider,com/sulake/habbo/catalog/offers/SupersonicProvider.as,r1 1.00
_ia161e2c03e4887,a,OfferCenter,com/sulake/habbo/catalog/offers/OfferCenter.as,r1 0.87
_iac4662ba2a1804,V8e,Purse,com/sulake/habbo/catalog/purse/Purse.as,r3 0.60
_i244071ff3d6929,U8e,GiftWrappingConfiguration,com/sulake/habbo/catalog/purchase/GiftWrappingConfiguration.as,r2 1.00
_i4c7de87b1264c6,G8e,PlacedObjectPurchaseData,com/sulake/habbo/catalog/purchase/PlacedObjectPurchaseData.as,r2 0.84
_i726cc487b9a55a,a,_i726cc487b9a55a,,
_i72e094e6c7d784,a,class_3266,com/sulake/habbo/catalog/viewer/class_3266.as,r1 0.95
_ib9ba39e25d55c7,yz,RentUtils,com/sulake/habbo/catalog/viewer/widgets/utils/RentUtils.as,r1 1.00
_i3ab0482f2fd256,a,PurchaseConfirmationDialog,com/sulake/habbo/catalog/purchase/PurchaseConfirmationDialog.as,r1 0.78
_i9df63e77cf2591,a,RentConfirmationWindow,com/sulake/habbo/catalog/purchase/RentConfirmationWindow.as,r1 0.97
_i6c832f018a8d82,Q8e,PrizeGridItem,com/sulake/habbo/catalog/recycler/PrizeGridItem.as,link r1
_i7aa6e318aa1948,Iz,PrizeContainer,com/sulake/habbo/catalog/recycler/PrizeContainer.as,r1 0.55
_i6a14a62a6c7f8f,xz,DealPrizeContainer,com/sulake/habbo/catalog/recycler/DealPrizeContainer.as,r1 1.00
_i1dfe4febbaf8ea,X8e,_i1dfe4febbaf8ea,,
_id1ad0c5605e2cc,a,RecyclerLogic,com/sulake/habbo/catalog/recycler/RecyclerLogic.as,r1 1.00
_i652248c4334a0c,K8e,CatalogSearchEntry,com/sulake/habbo/catalog/search/CatalogSearchEntry.as,r2 0.35
_i58f5a9fd2c28f6,$8e,AbstractSpecialItem,com/sulake/habbo/catalog/special_items_display/model/AbstractSpecialItem.as,r1 1.00
_idc17f310f853d4,Z8e,FurniSpecialItem,com/sulake/habbo/catalog/special_items_display/model/FurniSpecialItem.as,r2 1.00
_i48e544d5a3574a,a,SpecialItemElementView,com/sulake/habbo/catalog/special_items_display/view/SpecialItemElementView.as,r1 1.00
_i2641a89287a7f8,J8e,SpecialItemPageButtonView,com/sulake/habbo/catalog/special_items_display/view/SpecialItemPageButtonView.as,r1 0.88
_i2b47896e53a18e,a,SpecialItemsView,com/sulake/habbo/catalog/special_items_display/SpecialItemsView.as,r1 0.95
_id40d4536cc14db,a,SpecialItemsController,com/sulake/habbo/catalog/special_items_display/SpecialItemsController.as,r1 1.00
_if16fde42c62978,a,TargetedOffer,com/sulake/habbo/catalog/targetedoffers/data/TargetedOffer.as,r2 0.59
_i0ffe7cbfdd6f24,t5e,MallOfferDialogView,com/sulake/habbo/catalog/targetedoffers/MallOfferDialogView.as,r1 0.75
_i0ef640f64f31aa,a5e,class_4096,com/sulake/habbo/catalog/targetedoffers/util/class_4096.as,r1 1.00
_i56dc057a89e7eb,B1,OfferView,com/sulake/habbo/catalog/targetedoffers/OfferView.as,r1 0.83
_ic33882b6b9e0c6,a,MallOfferMinimizedView,com/sulake/habbo/catalog/targetedoffers/MallOfferMinimizedView.as,r1 0.89
_i98aba72cdd5888,a,TargetedOfferDialogView,com/sulake/habbo/catalog/targetedoffers/TargetedOfferDialogView.as,r1 0.82
_ib1a42500adbcfb,a,TargetedOfferMinimizedView,com/sulake/habbo/catalog/targetedoffers/TargetedOfferMinimizedView.as,r1 0.93
_ie0f5889a8cadaa,o5e,TargetedOfferPurchaseConfirmationView,com/sulake/habbo/catalog/targetedoffers/TargetedOfferPurchaseConfirmationView.as,r1 0.84
_ib26334c435e209,d5e,class_3485,com/sulake/habbo/catalog/targetedoffers/util/class_3485.as,r1 1.00
_i1e72b3b688ee99,c5e,HabboMallOffer,com/sulake/habbo/catalog/targetedoffers/data/HabboMallOffer.as,r2 1.00
_ia6eddae2cee010,a,MallOfferExternalInterfaceHelper,com/sulake/habbo/catalog/targetedoffers/util/MallOfferExternalInterfaceHelper.as,r1 1.00
_icedc1963e9153d,l5e,OfferController,com/sulake/habbo/catalog/targetedoffers/OfferController.as,r1 0.59
_i4f7cb1a99e3abf,Er,CatalogWidget,com/sulake/habbo/catalog/viewer/widgets/CatalogWidget.as,r1 1.00
_ifb2212afec3a7b,Ir,CatalogWidgetEnum,com/sulake/habbo/catalog/viewer/widgets/CatalogWidgetEnum.as,r1 1.00
_i1ba974d768d000,b5e,ActivityPointDisplayCatalogWidget,com/sulake/habbo/catalog/viewer/widgets/ActivityPointDisplayCatalogWidget.as,r1 0.72
_ie7af1745a8d65a,_5e,_ie7af1745a8d65a,,
_i42e1ccc59637aa,u5e,BuilderAddonsCatalogWidget,com/sulake/habbo/catalog/viewer/widgets/BuilderAddonsCatalogWidget.as,r1 0.94
_id4eb1fa5394551,h5e,BuilderCatalogWidget,com/sulake/habbo/catalog/viewer/widgets/BuilderCatalogWidget.as,r1 0.84
_i698c6558e68b81,p5e,BuilderLoyaltyCatalogWidget,com/sulake/habbo/catalog/viewer/widgets/BuilderLoyaltyCatalogWidget.as,r1 0.91
_ifbf969513add2b,m5e,BuilderSubscriptionCatalogWidget,com/sulake/habbo/catalog/viewer/widgets/BuilderSubscriptionCatalogWidget.as,r1 0.66
_ia0db3daf88302c,g5e,BundleGridViewCatalogWidget,com/sulake/habbo/catalog/viewer/widgets/BundleGridViewCatalogWidget.as,r1 0.63
_i160989254bb93c,wd,CatalogWidgetBundleDisplayExtraInfoEvent,com/sulake/habbo/catalog/viewer/widgets/events/CatalogWidgetBundleDisplayExtraInfoEvent.as,r1 1.00
_i2468a8485f4a71,lc,ExtraInfoItemData,com/sulake/habbo/catalog/viewer/widgets/bundlepurchaseinfodisplay/ExtraInfoItemData.as,r2 0.66
_if637dccafabd48,a,ExtraInfoListItem,com/sulake/habbo/catalog/viewer/widgets/bundlepurchaseinfodisplay/ExtraInfoListItem.as,r2 0.84
_ib7a5b3dd8a203f,v5e,_ib7a5b3dd8a203f,,
_i22efa99496357d,w5e,_i22efa99496357d,,
_iaeaf9985589af5,y5e,ExtraInfoBundlesInfoItem,com/sulake/habbo/catalog/viewer/widgets/bundlepurchaseinfodisplay/listitem/ExtraInfoBundlesInfoItem.as,r1 0.44
_ie16303873c771c,Cz,UpdateableExtraInfoListItem,com/sulake/habbo/catalog/viewer/widgets/bundlepurchaseinfodisplay/UpdateableExtraInfoListItem.as,link r1
_i3f3d3ae96c0476,a,ExtraInfoDiscountValueItem,com/sulake/habbo/catalog/viewer/widgets/bundlepurchaseinfodisplay/listitem/ExtraInfoDiscountValueItem.as,r1 0.98
_ib3e70b5308853b,a,ExtraInfoPromoItem,com/sulake/habbo/catalog/viewer/widgets/bundlepurchaseinfodisplay/listitem/ExtraInfoPromoItem.as,r1 0.76
_i80599614188089,a,ExtraInfoViewManager,com/sulake/habbo/catalog/viewer/widgets/bundlepurchaseinfodisplay/ExtraInfoViewManager.as,r1 1.00
_i8925f1ee1931a5,a,_i8925f1ee1931a5,,r1 1.00
_ia904a4c6661ba7,M5e,_ia904a4c6661ba7,,
_i2034d9f66a97bc,W5e,BuyGuildWidget,com/sulake/habbo/catalog/viewer/widgets/BuyGuildWidget.as,r1 0.71
_ie865a9251442e6,B5e,ClubBuyItem,com/sulake/habbo/catalog/club/ClubBuyItem.as,r1 0.95
ClubBuyCatalogWidget,A5e,ClubBuyCatalogWidget,com/sulake/habbo/catalog/viewer/widgets/ClubBuyCatalogWidget.as,nome
_i038b2507d20588,a,ClubGiftWidget,com/sulake/habbo/catalog/viewer/widgets/ClubGiftWidget.as,r1 0.89
_i355653ba20ab27,T5e,FeaturedItemsCatalogWidget,com/sulake/habbo/catalog/viewer/widgets/FeaturedItemsCatalogWidget.as,r1 0.56
_i65008cd54be2f4,a,GuildSelectorCatalogWidget,com/sulake/habbo/catalog/viewer/widgets/GuildSelectorCatalogWidget.as,r1 0.71
_i9b23c0631523e5,Mz,ItemGridCatalogWidget,com/sulake/habbo/catalog/viewer/widgets/ItemGridCatalogWidget.as,r1 0.74
_ic2efb71277bc3c,a,PageLocalization,com/sulake/habbo/catalog/viewer/PageLocalization.as,r1 1.00
_ia5a23a7dc47646,R5e,LocalizationCatalogWidget,com/sulake/habbo/catalog/viewer/widgets/LocalizationCatalogWidget.as,r1 0.82
_i8b19b21dd60240,Wz,VipBuyItem,com/sulake/habbo/catalog/club/VipBuyItem.as,r1 0.96
LoyaltyVipBuyCatalogWidget,P5e,LoyaltyVipBuyCatalogWidget,com/sulake/habbo/catalog/viewer/widgets/LoyaltyVipBuyCatalogWidget.as,nome
_i12694e0b7ed736,S5e,MadMoneyCatalogWidget,com/sulake/habbo/catalog/viewer/widgets/MadMoneyCatalogWidget.as,r1 0.88
_iad343899b1a78a,AJ,MarketplaceChart,com/sulake/habbo/catalog/marketplace/MarketplaceChart.as,r2 1.00
_iaf13c10bedabc1,a,MarketPlaceCatalogWidget,com/sulake/habbo/catalog/viewer/widgets/MarketPlaceCatalogWidget.as,r1 0.89
_ic22ec06fa8f907,a,MarketPlaceOwnItemsCatalogWidget,com/sulake/habbo/catalog/viewer/widgets/MarketPlaceOwnItemsCatalogWidget.as,r1 0.86
_i2e49d9857ab96f,a,NewPetsCatalogWidget,com/sulake/habbo/catalog/viewer/widgets/NewPetsCatalogWidget.as,r1 0.77
_i607368b696b61c,a,PetPreviewCatalogWidget,com/sulake/habbo/catalog/viewer/widgets/PetPreviewCatalogWidget.as,r1 0.46
_i2aa67793cf48f9,F5e,PetsCatalogWidget,com/sulake/habbo/catalog/viewer/widgets/PetsCatalogWidget.as,r1 0.74
_ie37beda1ff8b98,H5e,ColourGridCatalogWidget,com/sulake/habbo/catalog/viewer/widgets/ColourGridCatalogWidget.as,r1 0.68
_i09277bbfc3a185,V5e,RedeemItemCodeCatalogWidget,com/sulake/habbo/catalog/viewer/widgets/RedeemItemCodeCatalogWidget.as,r1 0.78
_i7f62a883adbdc9,U5e,_i7f62a883adbdc9,,
_ia3976122ea3d24,G5e,GuildForumSelectorCatalogWidget,com/sulake/habbo/catalog/viewer/widgets/GuildForumSelectorCatalogWidget.as,r1 1.00
_i3c6cb319998ce7,kJ,_i3c6cb319998ce7,,
_i77f18ccdb42f79,a,ProductViewCatalogWidget,com/sulake/habbo/catalog/viewer/widgets/ProductViewCatalogWidget.as,r1 0.52
_if9f2584d23cc7d,j5e,PurchaseCatalogWidget,com/sulake/habbo/catalog/viewer/widgets/PurchaseCatalogWidget.as,r1 0.62
_i3039ecaf752262,a,CatalogObjectMover,com/sulake/habbo/catalog/viewer/CatalogObjectMover.as,r1 0.48
_ic17bf475d2c9f2,a,FrankRecyclerEmotion,com/sulake/habbo/catalog/viewer/widgets/franksemotions/FrankRecyclerEmotion.as,r1 0.78
_i12cfcfaa9f1e5b,a,RecyclerEngineAnimator,com/sulake/habbo/catalog/viewer/widgets/utils/RecyclerEngineAnimator.as,r1 0.93
_id3510786569e02,Y5e,RecyclerCatalogWidget,com/sulake/habbo/catalog/viewer/widgets/RecyclerCatalogWidget.as,r1 0.74
_i9c5af2a0b44297,K5e,RecycleRewardDisplayWrapper,com/sulake/habbo/catalog/recycler/RecycleRewardDisplayWrapper.as,rif r2 x1
_i9cff5a83918bc0,a,RecyclerPrizesCatalogWidget,com/sulake/habbo/catalog/viewer/widgets/RecyclerPrizesCatalogWidget.as,r1 1.00
_i03f8a8bb40f693,TJ,RoomAdPurchaseData,com/sulake/habbo/catalog/purchase/RoomAdPurchaseData.as,r2 1.00
_i23e9c16b7fc2a8,Z5e,RoomAdsCatalogWidget,com/sulake/habbo/catalog/viewer/widgets/RoomAdsCatalogWidget.as,r1 0.81
_i5ec124401ee52b,q5e,RoomPreviewCatalogWidget,com/sulake/habbo/catalog/viewer/widgets/RoomPreviewCatalogWidget.as,r2 0.52
_i6f8f8f178369b3,J5e,_i6f8f8f178369b3,,
_i32f4678ea2cf3a,e2e,SimplePriceCatalogWidget,com/sulake/habbo/catalog/viewer/widgets/SimplePriceCatalogWidget.as,r1 0.58
_ib653b920a76f68,r2e,SongDiskProductViewCatalogWidget,com/sulake/habbo/catalog/viewer/widgets/SongDiskProductViewCatalogWidget.as,r1 0.75
_ie6f44ff569d9f3,t2e,_ie6f44ff569d9f3,,
_i97b46b97727201,a2e,SpacesNewCatalogWidget,com/sulake/habbo/catalog/viewer/widgets/SpacesNewCatalogWidget.as,r1 0.85
_i1740dc4d4a05d8,a,SpinnerCatalogWidget,com/sulake/habbo/catalog/viewer/widgets/SpinnerCatalogWidget.as,r1 0.46
_i6714d114740f39,n2e,SpecialInfoWidget,com/sulake/habbo/catalog/viewer/widgets/SpecialInfoWidget.as,r1 0.36
_ifa8a7b4cca9cd4,s2e,TextInputCatalogWidget,com/sulake/habbo/catalog/viewer/widgets/TextInputCatalogWidget.as,r1 0.56
_iba074b304e1a23,a,TotalPriceWidget,com/sulake/habbo/catalog/viewer/widgets/TotalPriceWidget.as,r1 0.83
_i7c99ed282f2378,d2e,TraxPreviewCatalogWidget,com/sulake/habbo/catalog/viewer/widgets/TraxPreviewCatalogWidget.as,r1 0.45
_if4471440bae020,a,TrophyCatalogWidget,com/sulake/habbo/catalog/viewer/widgets/TrophyCatalogWidget.as,r1 0.73
_ic177a6d1710e9c,a,UniqueLimitedItemWidget,com/sulake/habbo/catalog/viewer/widgets/UniqueLimitedItemWidget.as,r1 0.37
_i2c643871886e24,a,UserBadgeSelectorCatalogWidget,com/sulake/habbo/catalog/viewer/widgets/UserBadgeSelectorCatalogWidget.as,r1 0.67
_ifb179f54ff3292,RJ,VipBuyCatalogWidget,com/sulake/habbo/catalog/viewer/widgets/VipBuyCatalogWidget.as,r1 0.78
_i8cce99c0f76e73,b2e,WarningCatalogWidget,com/sulake/habbo/catalog/viewer/widgets/WarningCatalogWidget.as,r1 0.49
_i4e8a8f972ea2c9,a,_i4e8a8f972ea2c9,,
_i677805113378f9,_2e,CatalogViewer,com/sulake/habbo/catalog/viewer/CatalogViewer.as,r1 1.00
_ic1fe91acd85cf9,u2e,FurniProductContainer,com/sulake/habbo/catalog/viewer/FurniProductContainer.as,r2 0.75
_ib0fa5dbb7b4686,a,FurnitureOffer,com/sulake/habbo/catalog/viewer/FurnitureOffer.as,r1 1.00
_id9d3527ebb6cd0,a,VideoOfferManager,com/sulake/habbo/catalog/VideoOfferManager.as,r1 1.00
_i3ac0ecc07711b5,a,HabboCatalog,com/sulake/habbo/catalog/HabboCatalog.as,r1 0.69
HabboCatalogBootstrap,g2e,HabboCatalogBootstrap,com/sulake/bootstrap/HabboCatalogBootstrap.as,nome
_i85076ee6779a7f,v2e,ErrorPopupCtrl,com/sulake/habbo/communication/demo/ErrorPopupCtrl.as,r1 0.90
_ibccba20d9ef3fb,a,class_2626,com/sulake/habbo/communication/demo/class_2626.as,r1 0.64
_ie76d34577a6dfb,dFe,_ie76d34577a6dfb,,
_ia38770f7bf9920,a,class_1891,com/sulake/habbo/communication/demo/class_1891.as,r1 0.86
_ifffc223d172097,w2e,_ifffc223d172097,,r2 0.64
_ie72bf603454f2a,y2e,class_64,com/sulake/habbo/communication/demo/class_64.as,link r1
HabboCommunicationDemoBootstrap,I2e,HabboCommunicationDemoBootstrap,com/sulake/bootstrap/HabboCommunicationDemoBootstrap.as,nome
_i2fa0866e7d5ae4,x2e,ChatViewController,com/sulake/habbo/freeflowchat/ChatViewController.as,r2 0.53
_ia3aae74ed814ca,d5,ChatItem,com/sulake/habbo/freeflowchat/data/ChatItem.as,r2 1.00
_i73351c72dc710a,a,ChatEventHandler,com/sulake/habbo/help/cfh/registry/chat/ChatEventHandler.as,r1 0.55
_i2ff19c5d0969b6,E2e,_i2ff19c5d0969b6,,
_iacf874ac30f50e,a,ChatBubbleWidth,com/sulake/habbo/freeflowchat/viewer/enum/ChatBubbleWidth.as,r1 1.00
_i39c5fa10c913a3,a,class_2455,com/sulake/habbo/freeflowchat/history/visualization/enum/class_2455.as,r1 1.00
_ifad939e32488e5,a,ChatHistoryBuffer,com/sulake/habbo/freeflowchat/history/ChatHistoryBuffer.as,r2 0.47
_iacdfacc0f5faaf,PJ,class_2883,com/sulake/habbo/freeflowchat/history/visualization/entry/class_2883.as,r3 1.00
_i3109bcc04cb767,SJ,ChatHistoryScrollBar,com/sulake/habbo/freeflowchat/history/visualization/ChatHistoryScrollBar.as,r1 0.41
_ic3378ac2c66a26,a,ChatHistoryScrollView,com/sulake/habbo/freeflowchat/history/visualization/ChatHistoryScrollView.as,r1 0.59
_i5de1fd90567d39,a,ChatHistoryTray,com/sulake/habbo/freeflowchat/history/visualization/ChatHistoryTray.as,r1 0.82
_ib15910b44066e4,A2e,ChatHistoryEntryBitmapBubble,com/sulake/habbo/freeflowchat/history/visualization/entry/ChatHistoryEntryBitmapBubble.as,r2 1.00
_i1ebfe190e14cde,a,ChatHistoryRoomChangeEntry,com/sulake/habbo/freeflowchat/history/visualization/entry/ChatHistoryRoomChangeEntry.as,r1 0.74
_i94929b1b534b80,T2e,_i94929b1b534b80,,
_iafcc3dc1f16fab,a,ChatBubbleSimulationEntity,com/sulake/habbo/freeflowchat/viewer/simulation/ChatBubbleSimulationEntity.as,r2 0.61
_i0686fd39d501f8,a,ChatBubbleSimulationWithLimitedWideRect,com/sulake/habbo/freeflowchat/viewer/simulation/ChatBubbleSimulationWithLimitedWideRect.as,r3 1.00
_i9a7707260014d9,a,FurniturePartyBeamerVisualization,com/sulake/habbo/room/object/visualization/furniture/FurniturePartyBeamerVisualization.as,r1 0.37
_i8f2f265ef1ef61,a,ChatFlowStage,com/sulake/habbo/freeflowchat/viewer/simulation/ChatFlowStage.as,r1 1.00
_i617eb8fd1439bc,kz,class_1796,com/sulake/habbo/freeflowchat/style/class_1796.as,r2 0.63
ChatBubble,a,ChatBubble,com/sulake/habbo/freeflowchat/viewer/visualization/ChatBubble.as,nome
PooledChatBubble,a,PooledChatBubble,com/sulake/habbo/freeflowchat/viewer/visualization/PooledChatBubble.as,nome
_i6f8720ecb419d2,a,_i6f8720ecb419d2,,
_i2918945789cfd0,P2e,ChatStyle,com/sulake/habbo/freeflowchat/viewer/visualization/style/ChatStyle.as,r2 0.79
_ic8d39cbda79f5d,a,ChatStyleLibrary,com/sulake/habbo/freeflowchat/viewer/visualization/style/ChatStyleLibrary.as,r1 0.93
_ie7c3942a34e4a9,a,ChatBubbleFactory,com/sulake/habbo/freeflowchat/viewer/ChatBubbleFactory.as,r1 0.90
_i34d0b8d168d6cf,a,ChatFlowViewer,com/sulake/habbo/freeflowchat/viewer/ChatFlowViewer.as,r2 0.82
_i61a875a6ab157d,a,ChatMarkup,com/sulake/habbo/freeflowchat/viewer/enum/ChatMarkup.as,r1 0.77
_ic7e06ddd04f428,a,HabboFreeFlowChat,com/sulake/habbo/freeflowchat/HabboFreeFlowChat.as,r1 0.68
HabboFreeFlowChatBootstrap,O2e,HabboFreeFlowChatBootstrap,com/sulake/bootstrap/HabboFreeFlowChatBootstrap.as,nome
_i9981e2607e6106,a,_i9981e2607e6106,,
_i4710f86d832e91,a,StringBuffer,com/sulake/habbo/friendbar/groupforums/StringBuffer.as,r1 1.00
_i0fa8f46fa38595,a,MessageListView,com/sulake/habbo/friendbar/groupforums/MessageListView.as,r1 0.99
_ib94d9beacd8e1f,a,ForumSettingsView,com/sulake/habbo/friendbar/groupforums/ForumSettingsView.as,r1 0.91
_ia5ff58566a5229,V2e,ForumsListView,com/sulake/habbo/friendbar/groupforums/ForumsListView.as,r1 0.94
_i6fe544527af8bc,a,ThreadListView,com/sulake/habbo/friendbar/groupforums/ThreadListView.as,r1 0.99
_i71d2dad4f131cf,bc,ThreadsListData,com/sulake/habbo/friendbar/groupforums/ThreadsListData.as,r1 1.00
_iac4c9b18dc8954,a,GroupForumView,com/sulake/habbo/friendbar/groupforums/GroupForumView.as,r1 0.95
_i5fc7873e38918b,a,ComposeMessageView,com/sulake/habbo/friendbar/groupforums/ComposeMessageView.as,r1 0.93
_ida6151b10f20db,G2e,ForumsListData,com/sulake/habbo/friendbar/groupforums/ForumsListData.as,r2 0.74
_i1d5ba45ef85773,j2e,MessagesListData,com/sulake/habbo/friendbar/groupforums/MessagesListData.as,r2 0.67
_i4f770b8c4065c9,a,GroupForumController,com/sulake/habbo/friendbar/groupforums/GroupForumController.as,r1 0.88
_i24fd9c805f49b4,T1,AbstractView,com/sulake/habbo/friendbar/view/AbstractView.as,link r1
_i9f038d24de89b8,a,CommonWidgetSettings,com/sulake/habbo/friendbar/landingview/layout/CommonWidgetSettings.as,r1 1.00
_ief07b25cc9165f,a,DynamicLayoutManager,com/sulake/habbo/friendbar/landingview/layout/DynamicLayoutManager.as,r1 0.91
_i855faa876ca501,Q2e,AvatarImageWidget,com/sulake/habbo/friendbar/landingview/widget/AvatarImageWidget.as,r2 0.52
_i9f2dc93aa21f58,X2e,BonusRarePromoWidget,com/sulake/habbo/friendbar/landingview/widget/BonusRarePromoWidget.as,r1 0.92
_i98e901db508d47,Lz,CatalogPromoWidget,com/sulake/habbo/friendbar/landingview/widget/CatalogPromoWidget.as,r1 0.97
_ifb850602de4616,Y2e,CatalogPromoWidgetSmall,com/sulake/habbo/friendbar/landingview/widget/CatalogPromoWidgetSmall.as,r1 1.00
_i0d3f63d44477e7,K2e,UserListWidget,com/sulake/habbo/friendbar/landingview/widget/UserListWidget.as,r1 0.76
_i110317aabcb052,$2e,CommunityGoalHallOfFameWidget,com/sulake/habbo/friendbar/landingview/widget/CommunityGoalHallOfFameWidget.as,r1 1.00
_ib7f37ab205f09e,Z2e,CommunityGoalPrizesWidget,com/sulake/habbo/friendbar/landingview/widget/CommunityGoalPrizesWidget.as,r1 1.00
_ia49a1510fd5b49,a,CommunityGoalWidget,com/sulake/habbo/friendbar/landingview/widget/CommunityGoalWidget.as,r1 0.99
_i77257fa6720e78,a,CommunityGoalVsModeWidget,com/sulake/habbo/friendbar/landingview/widget/CommunityGoalVsModeWidget.as,r1 1.00
_ie02dd6838d9e94,q2e,CommunityGoalVsModeWidgetWithVoting,com/sulake/habbo/friendbar/landingview/widget/CommunityGoalVsModeWidgetWithVoting.as,r1 0.92
_ia456f77227c0bd,Fz,TitleElementHandler,com/sulake/habbo/friendbar/landingview/widget/elements/TitleElementHandler.as,r1 1.00
_id976290ed562f5,To,class_4383,com/sulake/habbo/friendbar/landingview/widget/elements/class_4383.as,r1 0.72
_ib4effe08cdaeb9,J2e,_ib4effe08cdaeb9,,
_i3dccb769edfdb1,e9e,CatalogButtonElementHandler,com/sulake/habbo/friendbar/landingview/widget/elements/CatalogButtonElementHandler.as,r1 1.00
_i67de10f0eb499f,r9e,class_4391,com/sulake/habbo/friendbar/landingview/widget/elements/class_4391.as,r1 0.59
_ic8f2d7458465f8,Hz,class_4392,com/sulake/habbo/friendbar/landingview/widget/elements/class_4392.as,r1 1.00
_i2b51ddd1c2b237,t9e,class_4400,com/sulake/habbo/friendbar/landingview/widget/elements/class_4400.as,r2 1.00
_i9439df8b752f0f,a,ConcurrentUsersInfoElementHandler,com/sulake/habbo/friendbar/landingview/widget/elements/ConcurrentUsersInfoElementHandler.as,r1 0.96
_ibb75601e66744d,i9e,class_4398,com/sulake/habbo/friendbar/landingview/widget/elements/class_4398.as,r3 0.43
_i07e92f695e1316,n9e,_i07e92f695e1316,,
_i40ccefe7ff9ec5,s9e,class_4393,com/sulake/habbo/friendbar/landingview/widget/elements/class_4393.as,r2 0.49
_i10197dbdd652e8,a,class_4402,com/sulake/habbo/friendbar/landingview/widget/elements/class_4402.as,r1 0.82
_i9b23f8f6c1fcc4,d9e,_i9b23f8f6c1fcc4,,
_i19d322bc9d159b,c9e,_i19d322bc9d159b,,
_i74de287be45990,f9e,_i74de287be45990,,
_i9c86dd796530ca,l9e,_i9c86dd796530ca,,
_i3701490b675904,b9e,class_4394,com/sulake/habbo/friendbar/landingview/widget/elements/class_4394.as,r2 0.70
_i1b6f8a19e4d182,_9e,class_4399,com/sulake/habbo/friendbar/landingview/widget/elements/class_4399.as,r1 0.92
_i67c155a5771992,u9e,_i67c155a5771992,,
_i9a4383bf310e53,h9e,class_4396,com/sulake/habbo/friendbar/landingview/widget/elements/class_4396.as,r1 1.00
_i15990bb65f2b39,p9e,_i15990bb65f2b39,,
_ie87bc960274d34,m9e,_ie87bc960274d34,,
_i4993aec0953d7b,g9e,class_4387,com/sulake/habbo/friendbar/landingview/widget/elements/class_4387.as,r1 1.00
_i07810a5b4aa0ba,v9e,class_4390,com/sulake/habbo/friendbar/landingview/widget/elements/class_4390.as,r3 1.00
_i8b5f561e68f06a,a,class_4365,com/sulake/habbo/friendbar/landingview/widget/elements/class_4365.as,r1 1.00
_i616e40d7c4c1d9,a,GenericWidget,com/sulake/habbo/friendbar/landingview/widget/GenericWidget.as,r1 1.00
_i299171dfb0e4bb,a,DailyQuestWidget,com/sulake/habbo/friendbar/landingview/widget/DailyQuestWidget.as,r1 0.87
_i31a3bcac4ac13c,a,ExpiringCatalogPageWidget,com/sulake/habbo/friendbar/landingview/widget/ExpiringCatalogPageWidget.as,r1 0.92
_i0103ec5a1d9771,I9e,_i0103ec5a1d9771,,
_i067f8259e4c175,x9e,HabboModerationPromoWidget,com/sulake/habbo/friendbar/landingview/widget/HabboModerationPromoWidget.as,r1 1.00
_ie417f52cca331b,C9e,HabboTalentsPromoWidget,com/sulake/habbo/friendbar/landingview/widget/HabboTalentsPromoWidget.as,r1 0.92
_i5ec46d815b620c,E9e,HabboWayPromoWidget,com/sulake/habbo/friendbar/landingview/widget/HabboWayPromoWidget.as,r1 0.88
_i994f2e99c17bd8,a,NextLimitedRareCountdownWidget,com/sulake/habbo/friendbar/landingview/widget/NextLimitedRareCountdownWidget.as,r1 0.79
_i9ee91d89a6a997,a,PromoArticleWidget,com/sulake/habbo/friendbar/landingview/widget/PromoArticleWidget.as,r1 0.88
_i7a51171b535c07,B9e,RoomHopperNetworkWidget,com/sulake/habbo/friendbar/landingview/widget/RoomHopperNetworkWidget.as,r1 0.63
_i0115def2a60883,A9e,SafetyQuizPromoWidget,com/sulake/habbo/friendbar/landingview/widget/SafetyQuizPromoWidget.as,r1 0.82
_i1941a371919aae,xI,WidgetContainer,com/sulake/habbo/friendbar/landingview/layout/WidgetContainer.as,r1 0.55
_i2623b9e8c97b66,a,WidgetContainerWidget,com/sulake/habbo/friendbar/landingview/widget/WidgetContainerWidget.as,r1 1.00
_i13adec41529b00,a,LandingViewWidgetType,com/sulake/habbo/friendbar/landingview/layout/LandingViewWidgetType.as,r1 1.00
_i575bd81238cd74,R1,BackgroundObject,com/sulake/habbo/friendbar/landingview/layout/backgroundobjects/BackgroundObject.as,r1 1.00
_ia00c6a65d7d44a,a,PathResetEvent,com/sulake/habbo/friendbar/landingview/layout/backgroundobjects/events/PathResetEvent.as,r1 1.00
_iab490f2c705391,T9e,LinearMovingBackgroundObject,com/sulake/habbo/friendbar/landingview/layout/backgroundobjects/LinearMovingBackgroundObject.as,r3 0.73
_iacd2ef4dfaf876,R9e,RandomWalkMovingBackgroundObject,com/sulake/habbo/friendbar/landingview/layout/backgroundobjects/RandomWalkMovingBackgroundObject.as,r2 0.47
_ie8e405654db950,P9e,SpiralMovingBackgroundObject,com/sulake/habbo/friendbar/landingview/layout/backgroundobjects/SpiralMovingBackgroundObject.as,r3 0.37
_i1288b4165a60f6,S9e,StaticAnimatedBackgroundObject,com/sulake/habbo/friendbar/landingview/layout/backgroundobjects/StaticAnimatedBackgroundObject.as,r3 0.62
_i7e460e43e08dbb,eh,class_4334,com/sulake/habbo/friendbar/landingview/layout/backgroundobjects/class_4334.as,r1 1.00
_if3ccb9e6106c9d,a,MovingBackgroundObjects,com/sulake/habbo/friendbar/landingview/layout/MovingBackgroundObjects.as,r1 0.56
_if2cbc474459a03,a,WidgetContainerLayout,com/sulake/habbo/friendbar/landingview/layout/WidgetContainerLayout.as,r1 0.68
_i9ff68e425f4619,vf,HabboLandingView,com/sulake/habbo/friendbar/landingview/HabboLandingView.as,r1 0.65
_i18019ad5461956,L9e,HabboEpicPopupView,com/sulake/habbo/friendbar/popup/HabboEpicPopupView.as,r1 0.89
_i27ab1cfccad4a2,N9e,CitizenshipPopupController,com/sulake/habbo/friendbar/talent/CitizenshipPopupController.as,r1 0.75
_ia3e4831a2119e4,O9e,TalentLevelUpController,com/sulake/habbo/friendbar/talent/TalentLevelUpController.as,r1 0.96
_i1ca738ed098a85,a,TalentPromoCtrl,com/sulake/habbo/friendbar/talent/TalentPromoCtrl.as,r1 0.78
_i7cc4acb8292ecd,a,TalentProgressMeter,com/sulake/habbo/friendbar/talent/TalentProgressMeter.as,r1 0.93
_i9c741afed6d979,a,TalentTrackController,com/sulake/habbo/friendbar/talent/TalentTrackController.as,r1 0.66
_i36017fc4b1e989,U9e,HabboTalent,com/sulake/habbo/friendbar/talent/HabboTalent.as,r1 0.77
_i9f60804682a4fd,a,FriendNotification,com/sulake/habbo/friendbar/data/FriendNotification.as,r1 1.00
Tab,a,Tab,com/sulake/habbo/navigator/domain/Tab.as,nome
_icd6fee137df1fb,a,class_2932,com/sulake/habbo/friendbar/view/tabs/class_2932.as,r1 0.91
Token,a,Token,com/sulake/habbo/friendbar/view/tabs/tokens/Token.as,nome
_i1e11c708e45f70,j9e,AchievementToken,com/sulake/habbo/friendbar/view/tabs/tokens/AchievementToken.as,r1 1.00
_iff276053b5095e,z9e,GameToken,com/sulake/habbo/friendbar/view/tabs/tokens/GameToken.as,r1 1.00
_i2cbb00d171b2fc,Q9e,QuestToken,com/sulake/habbo/friendbar/view/tabs/tokens/QuestToken.as,r1 1.00
_ie88c83f8b9a5f4,X9e,RoomEventToken,com/sulake/habbo/friendbar/view/tabs/tokens/RoomEventToken.as,r1 1.00
_ia512cad66338d0,a,_ia512cad66338d0,,
_i4c37cdb2f3ddf9,Gz,_i4c37cdb2f3ddf9,,
_ic5de4c9d811f8a,a,FriendEntity,com/sulake/habbo/friendbar/data/FriendEntity.as,r2 0.43
_i2f720ebb619618,a,_i2f720ebb619618,,
_i07f8e08f70f09a,Y9e,_i07f8e08f70f09a,,
_i40950a8922808f,a,FriendRequestsTab,com/sulake/habbo/friendbar/view/tabs/FriendRequestsTab.as,r1 0.97
_ia137f6f7ac7e48,K9e,TextCropper,com/sulake/habbo/friendbar/view/utils/TextCropper.as,r2 0.57
_i3c21f28a3503c6,a,HabboFriendBarView,com/sulake/habbo/friendbar/view/HabboFriendBarView.as,r1 0.84
_i6b3f2f1d33d729,NJ,FriendRequest,com/sulake/habbo/friendlist/domain/FriendRequest.as,r2 1.00
_i83801f53ecf5d4,a,HabboFriendBarData,com/sulake/habbo/friendbar/data/HabboFriendBarData.as,r1 0.88
_i991c91b29ccdc8,q9e,HabboFriendBar,com/sulake/habbo/friendbar/HabboFriendBar.as,link r1
HabboFriendBarBootstrap,J9e,HabboFriendBarBootstrap,com/sulake/bootstrap/HabboFriendBarBootstrap.as,nome
_i729a2649bf00e6,a,_i729a2649bf00e6,,
_ica8df658ff5fbf,a,LoaderUI,onBoardingHcUi/LoaderUI.as,r1 0.71
_ic23a7de95b02bc,P1,Button,onBoardingHcUi/Button.as,link r1
_i87eab2e94f4a7a,e4e,_i87eab2e94f4a7a,,
_i160c7d9612a1e2,jz,ColouredButton,onBoardingHcUi/ColouredButton.as,r1 0.85
_i005ccc085f3c54,OJ,_i005ccc085f3c54,,
_i4a576b64885f7b,r4e,RadioButtonGroup,onBoardingHcUi/RadioButtonGroup.as,r1 1.00
_ia35e79954d9cca,t4e,_ia35e79954d9cca,,
_ic3aafb30a3697a,a4e,_ic3aafb30a3697a,,
_i287d60928f1c2a,i4e,RandomAvatarCloudsAnimation,com/sulake/habbo/friendbar/onBoardingHcSteps/RandomAvatarCloudsAnimation.as,r2 0.35
_i2aecae64b181bd,a,AvatarEditor,com/sulake/habbo/friendbar/onBoardingHcSteps/AvatarEditor.as,r1 0.91
_if23792bbaa3f53,n4e,_if23792bbaa3f53,,
_i13a68c8bca97be,s4e,FriendListTabsView,com/sulake/habbo/friendlist/FriendListTabsView.as,r1 0.80
_i46d934ddae6ccc,_o,Util,com/sulake/habbo/roomevents/Util.as,r1 0.68
_if804c2db33ecc1,a,FriendListView,com/sulake/habbo/friendlist/FriendListView.as,r1 0.77
_i93ea2c42770c65,a,FriendCategory,com/sulake/habbo/friendlist/domain/FriendCategory.as,r1 0.80
_i1d964d2b696352,a,AlertView,com/sulake/habbo/navigator/AlertView.as,r2 0.58
_iede55c4a384997,d4e,FriendRemoveView,com/sulake/habbo/friendlist/FriendRemoveView.as,r1 0.92
_ie359c5d6d7037d,c4e,RelationshipStatusSelector,com/sulake/habbo/friendlist/RelationshipStatusSelector.as,r1 0.80
_i85b8bb13c55f88,f4e,RoomInviteView,com/sulake/habbo/friendlist/RoomInviteView.as,r1 0.85
FriendsView,a,FriendsView,com/sulake/habbo/friendlist/FriendsView.as,nome
_ib23a6197e97189,l4e,OpenedToWebPopup,com/sulake/habbo/friendlist/OpenedToWebPopup.as,r1 0.78
SimpleAlertView,b4e,SimpleAlertView,com/sulake/habbo/navigator/SimpleAlertView.as,nome
_i2362d931a86308,_4e,_i2362d931a86308,,
_i9652dbec46c048,u4e,AvatarSearchResults,com/sulake/habbo/friendlist/domain/AvatarSearchResults.as,r2 1.00
_ia32e2bdb03af10,EI,Friend,com/sulake/habbo/friendlist/domain/Friend.as,r2 0.92
_ib2807bf778297f,h4e,FriendOnlineImageListener,com/sulake/habbo/friendlist/domain/FriendOnlineImageListener.as,rif r2 x1
_i0b7d3518a2f21e,a,FriendCategories,com/sulake/habbo/friendlist/domain/FriendCategories.as,r1 0.72
_i76e56c2c24bcce,m4e,FriendCategoriesDeps,com/sulake/habbo/friendlist/domain/FriendCategoriesDeps.as,r2 1.00
_i6b3f2f1d33d729,a,FriendRequest,com/sulake/habbo/friendlist/domain/FriendRequest.as,r2 1.00
_i0739d382225a0b,g4e,class_3626,com/sulake/habbo/friendlist/class_3626.as,r1 0.90
_i5334802f4cc3b6,v4e,SearchView,com/sulake/habbo/navigator/view/search/SearchView.as,r1 0.79
_i84f37112f7de83,Qz,FriendListTab,com/sulake/habbo/friendlist/domain/FriendListTab.as,r2 0.89
_i1592a561f84451,w4e,FriendListTabs,com/sulake/habbo/friendlist/domain/FriendListTabs.as,r1 1.00
_ia7612e84c41769,y4e,FriendListTabsDeps,com/sulake/habbo/friendlist/domain/FriendListTabsDeps.as,r2 1.00
_i0e45867196032d,I4e,FriendRequests,com/sulake/habbo/friendlist/domain/FriendRequests.as,r2 0.64
_iaec6492ba501cd,x4e,_iaec6492ba501cd,,
_id726576b6c1847,a,HabboFriendList,com/sulake/habbo/friendlist/HabboFriendList.as,r1 0.97
HabboFriendListBootstrap,E4e,HabboFriendListBootstrap,com/sulake/bootstrap/HabboFriendListBootstrap.as,nome
_ifffc223d172097,M4e,_ifffc223d172097,,r2 0.64
_i35712dea4baca5,a,_i35712dea4baca5,,
_i31f5752efff6cb,uc,_i31f5752efff6cb,,
_i1fdc4e34ee6db8,Xz,_i1fdc4e34ee6db8,,
_i767d5f89546306,W4e,AbstractAStarNode,com/sulake/habbo/game/snowwar/utils/AbstractAStarNode.as,link r1
_i21944b8c0b6d65,qa,class_4083,com/sulake/habbo/game/snowwar/utils/class_4083.as,r1 1.00
_i9da34c54331b7f,a,Direction8,com/sulake/habbo/game/snowwar/utils/Direction8.as,r1 1.00
_ia3fa615a06af04,a,Direction360,com/sulake/habbo/game/snowwar/utils/Direction360.as,r1 0.91
_i6dea7346fe87fa,a,Location3D,com/sulake/habbo/game/snowwar/utils/Location3D.as,r1 1.00
_i468b5ff7ac08d9,a,Tile,com/sulake/habbo/game/snowwar/Tile.as,r1 1.00
_icad46d28e8d77e,a,class_4268,com/sulake/habbo/game/snowwar/utils/class_4268.as,r1 1.00
_ib587e46fbf5b79,S1,SnowWarGameObject,com/sulake/habbo/game/snowwar/gameobjects/SnowWarGameObject.as,link r1
_id28af6dd8ebaf3,a,HumanGameObject,com/sulake/habbo/game/snowwar/gameobjects/HumanGameObject.as,r1 0.64
_i03d0e96c720136,a,class_4035,com/sulake/habbo/game/snowwar/utils/class_4035.as,r2 1.00
_i476344de23bbdc,a,SnowBallGameObject,com/sulake/habbo/game/snowwar/gameobjects/SnowBallGameObject.as,r1 0.95
_if3fef88ffea2e2,A4e,_if3fef88ffea2e2,,
_i2a10f01de2414e,k4e,_i2a10f01de2414e,,
_i0021ecd8f808c7,T4e,_i0021ecd8f808c7,,
_ieb13346c2d4bc2,FJ,_ieb13346c2d4bc2,,
_i4db150f736eaf5,HJ,_i4db150f736eaf5,,
_i1251b5128da168,VJ,_i1251b5128da168,,
_i55d1e66c8bd5e5,R4e,_i55d1e66c8bd5e5,,
ViewMode,_5,ViewMode,,
_i298b4dbc9d9530,Yz,SnowballGivingGameObject,com/sulake/habbo/game/snowwar/gameobjects/SnowballGivingGameObject.as,link r1
_idaa0523987c70f,a,SnowballMachineGameObject,com/sulake/habbo/game/snowwar/gameobjects/SnowballMachineGameObject.as,r2 1.00
_i4ba81d678b4546,a,SnowballPileGameObject,com/sulake/habbo/game/snowwar/gameobjects/SnowballPileGameObject.as,r1 1.00
_i851790281e147f,a,TreeGameObject,com/sulake/habbo/game/snowwar/gameobjects/TreeGameObject.as,r2 1.00
_ifffc223d172097,P4e,_ifffc223d172097,,r2 0.64
_i9cd301e8b2b5e0,a,WindowUtils,com/sulake/habbo/game/snowwar/utils/WindowUtils.as,r1 0.79
_id027c67c14d2a4,a,LeaderboardTable,com/sulake/habbo/game/snowwar/leaderboard/LeaderboardTable.as,r1 1.00
_i6b95585d807ac2,qz,TotalGroupLeaderboardTable,com/sulake/habbo/game/snowwar/leaderboard/TotalGroupLeaderboardTable.as,rif r2 x1
_ibdbbbf08d5e743,Jz,TotalLeaderboardTable,com/sulake/habbo/game/snowwar/leaderboard/TotalLeaderboardTable.as,r2 1.00
_ic367e57e81c8e3,S4e,WeeklyFriendLeaderboardTable,com/sulake/habbo/game/snowwar/leaderboard/WeeklyFriendLeaderboardTable.as,rif r2 x1
_id0d5a7420f198c,D4e,WeeklyGroupLeaderboardTable,com/sulake/habbo/game/snowwar/leaderboard/WeeklyGroupLeaderboardTable.as,rif r2 x1
_i6984636676e396,L4e,WeeklyTotalLeaderboardTable,com/sulake/habbo/game/snowwar/leaderboard/WeeklyTotalLeaderboardTable.as,rif r2 x1
_icb6c3f6125836a,a,LeaderboardViewController,com/sulake/habbo/game/snowwar/leaderboard/LeaderboardViewController.as,r1 0.91
_ieb99a8ffc41b78,O4e,_ieb99a8ffc41b78,,
_i2d286a7637ae90,F4e,DefaultGameStage,com/sulake/habbo/game/snowwar/arena/DefaultGameStage.as,link r1
_icd3b336425aff8,H4e,class_2526,com/sulake/habbo/game/snowwar/arena/class_2526.as,r1 1.00
_i063eadf76af6a8,a,class_2527,com/sulake/habbo/game/snowwar/class_2527.as,r1 1.00
_i44a138495f3ef4,V4e,SynchronizedGameArena,com/sulake/habbo/game/snowwar/arena/SynchronizedGameArena.as,r2 0.66
_i96e0e29f3f6515,fb,SnowWarAnimatedWindowElement,com/sulake/habbo/game/snowwar/utils/SnowWarAnimatedWindowElement.as,r2 0.76
_ice0d113fd58981,a,SnowWarUI,com/sulake/habbo/game/snowwar/ui/SnowWarUI.as,r1 0.82
_i66142e2954d529,G4e,_i66142e2954d529,,
_i8934c5d3273a99,a,GameArenaView,com/sulake/habbo/game/snowwar/ui/GameArenaView.as,r1 0.56
_ic04843316a0c4b,rQ,BackgroundViewController,com/sulake/habbo/game/snowwar/ui/BackgroundViewController.as,r1 1.00
_ife50d5168941f1,a,GameEndingViewController,com/sulake/habbo/game/snowwar/ui/GameEndingViewController.as,r1 0.94
_i823a5b8925ee98,Q4e,GameLoadingViewController,com/sulake/habbo/game/snowwar/ui/GameLoadingViewController.as,r1 0.95
_i99a9317c49d674,X4e,GameLobbyWindowCtrl,com/sulake/habbo/game/snowwar/ui/GameLobbyWindowCtrl.as,r1 0.88
_idcd149a6052b30,a,GamesMainViewController,com/sulake/habbo/game/snowwar/ui/GamesMainViewController.as,r1 0.89
_i4d368dfb05f536,K4e,_i4d368dfb05f536,,
_id7b2dcd9eb76ec,a,SnowWarEngine,com/sulake/habbo/game/snowwar/SnowWarEngine.as,r1 0.75
_i4969fc84c17441,$4e,HabboGameManager,com/sulake/habbo/game/HabboGameManager.as,r1 0.44
HabboGameManagerBootstrap,Z4e,HabboGameManagerBootstrap,com/sulake/bootstrap/HabboGameManagerBootstrap.as,nome
_i5165dd008e74fb,MI,ColorGridCtrl,com/sulake/habbo/groups/ColorGridCtrl.as,r1 0.95
_id79e4c2015f2c4,tQ,GroupDetailsCtrl,com/sulake/habbo/groups/GroupDetailsCtrl.as,r1 0.90
_i28734a9d5c49c7,q4e,DetailsWindowCtrl,com/sulake/habbo/groups/DetailsWindowCtrl.as,r1 0.86
_ia0ab39c85fef69,a,ExtendedProfileWindowCtrl,com/sulake/habbo/groups/ExtendedProfileWindowCtrl.as,r1 0.95
_i10de3d6b342844,e7e,GroupCreatedWindowCtrl,com/sulake/habbo/groups/GroupCreatedWindowCtrl.as,r1 0.85
_ie3f9726fb16658,a,GroupRoomInfoCtrl,com/sulake/habbo/groups/GroupRoomInfoCtrl.as,r1 0.90
_idd4df60085ac06,a,HabboGroupsEditorData,com/sulake/habbo/groups/events/HabboGroupsEditorData.as,r1 1.00
_i881d93f1eca229,a,BadgeEditorPartItem,com/sulake/habbo/groups/badge/BadgeEditorPartItem.as,r1 1.00
_i47b3ac57e00bb8,a,BadgeLayerOptions,com/sulake/habbo/groups/badge/BadgeLayerOptions.as,r2 0.54
_ieb784f9082b663,a,BadgeLayerCtrl,com/sulake/habbo/groups/badge/BadgeLayerCtrl.as,r1 0.97
_i51057203e2f3c6,t7e,BadgeSelectPartCtrl,com/sulake/habbo/groups/badge/BadgeSelectPartCtrl.as,r1 0.83
_i9853a4cb4e9a61,a7e,BadgeEditorCtrl,com/sulake/habbo/groups/badge/BadgeEditorCtrl.as,r1 0.91
_i6c8daec45d46d8,a,GuildSettingsData,com/sulake/habbo/groups/GuildSettingsData.as,r2 0.61
_i800b5d9a834fb5,a,class_3162,com/sulake/habbo/groups/class_3162.as,r1 0.85
GuildManagementWindowCtrl,a,GuildManagementWindowCtrl,com/sulake/habbo/groups/GuildManagementWindowCtrl.as,nome
_i37e158a402dcc5,UJ,_i37e158a402dcc5,,
_i95783eae7683cb,a,GuildMembersWindowCtrl,com/sulake/habbo/groups/GuildMembersWindowCtrl.as,r1 0.90
HcRequiredWindowCtrl,o7e,HcRequiredWindowCtrl,com/sulake/habbo/groups/HcRequiredWindowCtrl.as,nome
_i28d33b032638d7,GJ,BadgeLeaderboardDataServerChunk,com/sulake/habbo/groups/badge_leaderboard/server/BadgeLeaderboardDataServerChunk.as,r2 1.00
_id6bf71fdb5ed61,d7e,_id6bf71fdb5ed61,,
_i6f95d432543885,c7e,BadgeLeaderboardDataServerContext,com/sulake/habbo/groups/badge_leaderboard/server/BadgeLeaderboardDataServerContext.as,r1 1.00
_if4302c201d51fd,jJ,_if4302c201d51fd,,
_i867289b10619da,a,BadgeLeaderboardDataServer,com/sulake/habbo/groups/badge_leaderboard/server/BadgeLeaderboardDataServer.as,r1 0.49
_i65ecebb38489a5,zJ,BadgeLeaderboardEntryView,com/sulake/habbo/groups/badge_leaderboard/BadgeLeaderboardEntryView.as,r1 1.00
_ic383d621fcee46,a,BadgeLeaderboardView,com/sulake/habbo/groups/badge_leaderboard/BadgeLeaderboardView.as,r1 0.87
_i542d825c2b483c,a,BadgeLeaderboardController,com/sulake/habbo/groups/badge_leaderboard/BadgeLeaderboardController.as,r1 0.92
_ia4dc137ed49aaa,a,HabboGroupsManager,com/sulake/habbo/groups/HabboGroupsManager.as,r1 0.94
HabboGroupsManagerBootstrap,_7e,HabboGroupsManagerBootstrap,com/sulake/bootstrap/HabboGroupsManagerBootstrap.as,nome
_i5844b03221b5d3,a,ChatReportController,com/sulake/habbo/help/ChatReportController.as,r1 0.96
_ie387a73a75c026,a,CallForHelpManager,com/sulake/habbo/help/CallForHelpManager.as,r1 0.96
_ia4c5e902a89997,p7e,ChatReviewReporterFeedbackCtrl,com/sulake/habbo/help/ChatReviewReporterFeedbackCtrl.as,r1 0.96
_i8b04e8d294f3e0,m7e,HelpController,com/sulake/habbo/help/guidehelp/HelpController.as,r1 0.99
_i78641debf2b0c8,At,GuideSessionStateEnum,com/sulake/habbo/help/enum/GuideSessionStateEnum.as,r1 1.00
_ib6e3512f89dd7e,g7e,_ib6e3512f89dd7e,,r3 0.52
_i4810d97c46cebd,a,GuideSessionData,com/sulake/habbo/help/guidehelp/GuideSessionData.as,r3 0.42
_ib45ea61ac6e4d5,a,GuideSessionController,com/sulake/habbo/help/guidehelp/GuideSessionController.as,r1 0.86
_i8b80634b02a416,w7e,GuideHelpManager,com/sulake/habbo/help/GuideHelpManager.as,r1 0.68
_i81a9a0d72d6af8,a,HabboWayController,com/sulake/habbo/help/HabboWayController.as,r1 0.96
_ia57b98dae89605,a,HabboWayQuizController,com/sulake/habbo/help/HabboWayQuizController.as,r1 0.98
_ie8472a9d6b140a,I7e,ReportStatusTableObject,com/sulake/habbo/help/reportstatus/ReportStatusTableObject.as,r1 0.78
_i381836e1bfde2b,a,MyReportStatus,com/sulake/habbo/help/MyReportStatus.as,r1 0.93
_if6a279f469e66b,a,NameSuggestionListRenderer,com/sulake/habbo/help/namechange/NameSuggestionListRenderer.as,r1 0.55
_ia7d81f5a2758fb,a,NameChangeView,com/sulake/habbo/help/namechange/NameChangeView.as,r1 0.91
_ie278fed0589375,sQ,NameChangeController,com/sulake/habbo/help/namechange/NameChangeController.as,r1 0.84
_ib59abbf73da039,a,SafetyBookletController,com/sulake/habbo/help/SafetyBookletController.as,r1 0.94
_if25a784c1f6d60,M7e,SanctionInfo,com/sulake/habbo/help/SanctionInfo.as,r1 0.98
_i2d720abb488aea,a,TopicsFlowHelpController,com/sulake/habbo/help/TopicsFlowHelpController.as,r1 0.93
_i06c1071cdac330,B7e,WelcomeScreenController,com/sulake/habbo/help/WelcomeScreenController.as,r1 0.65
_i73351c72dc710a,A7e,ChatEventHandler,com/sulake/habbo/help/cfh/registry/chat/ChatEventHandler.as,r1 0.55
_i8c3ae87293bc14,k7e,ChatRegistryItem,com/sulake/habbo/help/cfh/registry/chat/ChatRegistryItem.as,rif r2 x1
_idb27b2f46e0e2a,a,ChatRegistry,com/sulake/habbo/help/cfh/registry/chat/ChatRegistry.as,r1 1.00
_i3239af07c4ae5b,R7e,_i3239af07c4ae5b,,
_i0c63f6b96e5f23,P7e,_i0c63f6b96e5f23,,
_i03da6cdd9857d0,a,InstantMessageRegistry,com/sulake/habbo/help/cfh/registry/instantmessage/InstantMessageRegistry.as,r1 1.00
_ibca42353a11e2c,D7e,UserRegistryItem,com/sulake/habbo/help/cfh/registry/user/UserRegistryItem.as,rif r2 x1
_i349c7aeb8063d2,a,UserRegistry,com/sulake/habbo/help/cfh/registry/user/UserRegistry.as,r1 1.00
_i632965d35979f1,a,HabboHelp,com/sulake/habbo/help/HabboHelp.as,r1 0.80
HabboHelpBootstrap,N7e,HabboHelpBootstrap,com/sulake/bootstrap/HabboHelpBootstrap.as,nome
_iba2d9f01015142,a,Badge,com/sulake/habbo/inventory/badges/Badge.as,r1 0.92
_i40358324654c2d,a,BadgeGridView,com/sulake/habbo/inventory/badges/BadgeGridView.as,r1 0.85
_if5a97aedc2b227,a,BadgesView,com/sulake/habbo/inventory/badges/BadgesView.as,r1 0.92
_ie6a84a3ab36ff9,a,BadgesModel,com/sulake/habbo/inventory/badges/BadgesModel.as,r2 0.52
_i7953035e5767fb,a,BotGridItem,com/sulake/habbo/inventory/bots/BotGridItem.as,r1 0.73
_i0e897109e22603,a,BotsView,com/sulake/habbo/inventory/bots/BotsView.as,r1 0.59
_i3bf5e28ee38044,U7e,_i3bf5e28ee38044,,
_i1b60011614647b,G7e,_i1b60011614647b,,
_iaddbcec7e28b6b,a,CollectibleGroupedItem,com/sulake/habbo/inventory/collectibles/CollectibleGroupedItem.as,r1 0.59
_i7883f7e61fc402,j7e,_i7883f7e61fc402,,
_ief83b391928b90,a,CollectiblesView,com/sulake/habbo/inventory/collectibles/CollectiblesView.as,r1 0.76
_iba4c94629214f9,Q7e,_iba4c94629214f9,,
_iabbc38aaa08728,XJ,EffectListProxy,com/sulake/habbo/inventory/effects/EffectListProxy.as,r2 0.42
_i9d707f89d96ae5,a,EffectsModel,com/sulake/habbo/inventory/effects/EffectsModel.as,r1 1.00
_i3fd803214f862e,a,GroupItem,com/sulake/habbo/inventory/items/GroupItem.as,r1 0.91
_i8bd67609db18c3,a,CreditTradingItem,com/sulake/habbo/inventory/items/CreditTradingItem.as,r1 1.00
_ic5d576eaeb6c7e,BI,FurnitureItem,com/sulake/habbo/inventory/items/FurnitureItem.as,r2 0.95
_ibe2e3f77fbcc64,a,class_3936,com/sulake/habbo/inventory/furni/class_3936.as,r1 1.00
_i426ab6885e4639,X7e,_i426ab6885e4639,,
_id7abb0e422b7ec,a,FurniView,com/sulake/habbo/ui/widget/chooser/furni/FurniView.as,r1 0.88
_i3a19c4e25517aa,K7e,FurniModel,com/sulake/habbo/inventory/furni/FurniModel.as,r1 0.48
_i4aeaf22f647ba3,YJ,Effect,com/sulake/habbo/inventory/effects/Effect.as,r2 0.81
_iaf559a20f2184a,a,ItemPopupCtrl,com/sulake/habbo/inventory/ItemPopupCtrl.as,r1 0.90
_i46d934ddae6ccc,a,Util,com/sulake/habbo/roomevents/Util.as,r1 0.68
_i09789c2d6b65b1,a,TradingView,com/sulake/habbo/inventory/trading/TradingView.as,r1 0.89
_i21eb7d755ced95,a,TradingNameScamDetectionResult,com/sulake/habbo/inventory/trading/namescam/TradingNameScamDetectionResult.as,r2 1.00
_i724a0e1e424244,a,class_3792,com/sulake/habbo/inventory/trading/namescam/class_3792.as,r1 1.00
_i99839d6e8d7d7f,a,TradingNameScamWarningView,com/sulake/habbo/inventory/trading/namescam/TradingNameScamWarningView.as,r1 0.93
_iacaffd5c35ea1a,q7e,TradingNameScamWarningController,com/sulake/habbo/inventory/trading/namescam/TradingNameScamWarningController.as,r2 0.72
_i9c356345970645,J7e,TradingNameScamWarningData,com/sulake/habbo/inventory/trading/namescam/TradingNameScamWarningData.as,r2 1.00
_icae9f1daf0df7e,a,TradingModel,com/sulake/habbo/inventory/trading/TradingModel.as,r1 0.79
_ifffc223d172097,epe,_ifffc223d172097,,r2 0.64
_if01ec582044adb,a,InventoryMainView,com/sulake/habbo/inventory/InventoryMainView.as,r1 0.59
_ia2332e24c202f7,tpe,MarketplaceView,com/sulake/habbo/inventory/marketplace/MarketplaceView.as,r1 0.97
_i10ab26bd6c6dc0,a,MarketplaceModel,com/sulake/habbo/inventory/marketplace/MarketplaceModel.as,r1 0.90
_ic9081651d99fa7,a,PetsGridItem,com/sulake/habbo/inventory/pets/PetsGridItem.as,r1 0.80
_ifa901c1e4497c0,a,PetsView,com/sulake/habbo/inventory/pets/PetsView.as,r1 0.69
_i27a49090a9ceca,spe,_i27a49090a9ceca,,
_iac4662ba2a1804,ope,Purse,com/sulake/habbo/catalog/purse/Purse.as,r3 0.60
_icb252c9d40cca3,a,_icb252c9d40cca3,,
_i9873e4b334fe0a,cpe,class_1806,com/sulake/habbo/inventory/class_1806.as,r2 1.00
_i8fbecaee227a95,fpe,TradeRequirementWrapper,com/sulake/habbo/inventory/wired_trading/requirements/TradeRequirementWrapper.as,rif r2 x1
_i27028f939050ee,Xm,_i27028f939050ee,,
_iecb8bc72b6c8e8,lpe,OfferingNodeView,com/sulake/habbo/inventory/wired_trading/requirements/offerings/OfferingNodeView.as,r1 1.00
_i89c85b431e3c0c,a,OfferingRuleView,com/sulake/habbo/inventory/wired_trading/requirements/offerings/OfferingRuleView.as,r1 1.00
_if4d7201e223f85,a,OfferingRequirementsView,com/sulake/habbo/inventory/wired_trading/requirements/offerings/OfferingRequirementsView.as,r1 1.00
_ic26873ce75a80d,a,WiredTradeRequirementsView,com/sulake/habbo/inventory/wired_trading/requirements/WiredTradeRequirementsView.as,r1 0.95
_i23d6c4838490fb,upe,WiredTradeRequirementsModel,com/sulake/habbo/inventory/wired_trading/requirements/WiredTradeRequirementsModel.as,r1 1.00
_i12b3d4e0273d39,hpe,WiredTradingView,com/sulake/habbo/inventory/wired_trading/WiredTradingView.as,r1 0.91
_ia11eda1c0de509,a,WiredTradingModel,com/sulake/habbo/inventory/wired_trading/WiredTradingModel.as,r1 0.75
_i22a77772e782d2,ppe,HabboInventory,com/sulake/habbo/inventory/HabboInventory.as,link r1
HabboInventoryBootstrap,mpe,HabboInventoryBootstrap,com/sulake/bootstrap/HabboInventoryBootstrap.as,nome
_id571b4f59fe3a6,gpe,class_1784,com/sulake/habbo/friendlist/class_1784.as,r3 1.00
_i24f5eb0f99123f,Mn,_i24f5eb0f99123f,,
_i0630dd238e5c3b,vpe,_i0630dd238e5c3b,,
_i6b3c337f69ddf9,AI,MessengerHabbiconPickerSection,com/sulake/habbo/messenger/habbicons/MessengerHabbiconPickerSection.as,r3 1.00
_i251efbe6e7b221,a,MessengerHabbiconPickerTileView,com/sulake/habbo/messenger/habbicons/MessengerHabbiconPickerTileView.as,r1 0.52
_ie4ec59dcabcbda,a,MessengerHabbiconPickerSectionView,com/sulake/habbo/messenger/habbicons/MessengerHabbiconPickerSectionView.as,r1 1.00
_i4bc10bc6fe4592,a,MessengerHabbiconPicker,com/sulake/habbo/messenger/habbicons/MessengerHabbiconPicker.as,r1 0.83
_ic5ff0108d6ce3d,a,MainView,com/sulake/habbo/messenger/MainView.as,r1 0.93
_i572bdecb417280,xpe,HabboMessenger,com/sulake/habbo/messenger/HabboMessenger.as,r1 0.35
HabboMessengerBootstrap,Cpe,HabboMessengerBootstrap,com/sulake/bootstrap/HabboMessengerBootstrap.as,nome
_i646bad3c10dda5,Ki,ModActionDefinition,com/sulake/habbo/moderation/ModActionDefinition.as,r5 0.86
_i58406f37d2a825,Qn,WindowTracker,com/sulake/habbo/moderation/WindowTracker.as,r1 1.00
_i95f594a2d4617c,a,ModActionCtrl,com/sulake/habbo/moderation/ModActionCtrl.as,r1 0.97
_i800668bea26789,_Q,OpenRoomInSpectatorMode,com/sulake/habbo/moderation/OpenRoomInSpectatorMode.as,r2 0.62
_i3246fba6366324,a,RoomVisitsCtrl,com/sulake/habbo/moderation/RoomVisitsCtrl.as,r1 0.83
_if79b6691783178,a,SendMsgsCtrl,com/sulake/habbo/moderation/SendMsgsCtrl.as,r1 0.81
_i748d2e67b028f0,a,UserInfoCtrl,com/sulake/habbo/moderation/UserInfoCtrl.as,r1 0.99
_i71af277ba73585,O1,UserInfoFrameCtrl,com/sulake/habbo/moderation/UserInfoFrameCtrl.as,r1 0.87
_i0b67bba163784c,Bpe,_i0b67bba163784c,,
_i9ea0ebd2bb50e2,Ape,HideDiscussionThread,com/sulake/habbo/moderation/HideDiscussionThread.as,r3 0.37
_i2cad9628752fc9,kpe,OpenDiscussionMessage,com/sulake/habbo/moderation/OpenDiscussionMessage.as,r3 0.37
_i5abb16a9d039ec,Tpe,OpenDiscussionThread,com/sulake/habbo/moderation/OpenDiscussionThread.as,r3 0.47
_i5a730048dfe6b4,$J,OpenExternalLink,com/sulake/habbo/moderation/OpenExternalLink.as,r1 0.67
_i6e1e7baccbc442,a,ChatlogCtrl,com/sulake/habbo/moderation/ChatlogCtrl.as,r1 0.93
_ie3e4bc2c9e3cf0,a,RoomToolCtrl,com/sulake/habbo/moderation/RoomToolCtrl.as,r1 0.94
_i65b93a88820a33,Ym,OpenRoomTool,com/sulake/habbo/moderation/OpenRoomTool.as,r2 0.62
_i38eebeab0dc4fe,Rpe,_i38eebeab0dc4fe,,
_i6aa3e3eb0871b8,Ppe,_i6aa3e3eb0871b8,,
_idd60f52a54096e,Spe,IssueBundle,com/sulake/habbo/moderation/IssueBundle.as,r2 0.79
_i06a65cfb54e6aa,F1,IssueCategoryNames,com/sulake/habbo/moderation/IssueCategoryNames.as,r1 1.00
_i1aac1079950aa3,a,UserClassificationCtrl,com/sulake/habbo/moderation/UserClassificationCtrl.as,r1 0.81
_i7b78c4930d7410,$m,IssueListView,com/sulake/habbo/moderation/IssueListView.as,r1 0.91
_i872f63f6cf1dd3,Lpe,MyIssuesView,com/sulake/habbo/moderation/MyIssuesView.as,r1 0.88
_ifc81d1e19633bb,Npe,OpenIssuesView,com/sulake/habbo/moderation/OpenIssuesView.as,r1 1.00
_i291dc03cc69aea,Ope,PickedIssuesView,com/sulake/habbo/moderation/PickedIssuesView.as,r1 1.00
_i47e4df8f6d37a4,a,IssueBrowser,com/sulake/habbo/moderation/IssueBrowser.as,r1 0.91
_i8040f198122e61,a,IssueManager,com/sulake/habbo/moderation/IssueManager.as,r1 0.91
_i0db7641922cd55,a,IssueHandler,com/sulake/habbo/moderation/IssueHandler.as,r1 0.94
_i257ad17760d265,Vpe,StartPanelCtrl,com/sulake/habbo/moderation/StartPanelCtrl.as,r1 0.84
_i0f04adb6c7a201,Upe,ModerationMessageHandler,com/sulake/habbo/moderation/ModerationMessageHandler.as,r1 1.00
_i8013ad14712710,A0,class_2456,com/sulake/habbo/moderation/new_mod_tool_tabs/class_2456.as,link r1
_i41057468dc9580,a,class_3414,com/sulake/habbo/moderation/new_mod_tool_tabs/class_3414.as,r1 0.54
_i10e9241d87196a,jpe,class_2457,com/sulake/habbo/moderation/new_mod_tool_tabs/class_2457.as,r1 0.92
_ic172ef504726ec,zpe,class_2978,com/sulake/habbo/moderation/new_mod_tool_tabs/class_2978.as,r1 0.66
_ia61d2b231afb56,a,class_2817,com/sulake/habbo/moderation/new_mod_tool_tabs/class_2817.as,r1 0.92
_i5e3b284220e097,Xpe,class_3748,com/sulake/habbo/moderation/new_mod_tool_tabs/class_3748.as,r1 0.94
_i8aa0f7d2c50476,a,class_1978,com/sulake/habbo/moderation/class_1978.as,r1 0.94
_i4753a518ce8846,Kpe,ModerationManager,com/sulake/habbo/moderation/ModerationManager.as,r1 1.00
ModerationManagerBootstrap,$pe,ModerationManagerBootstrap,com/sulake/bootstrap/ModerationManagerBootstrap.as,nome
_i294c8d3d621c76,Zpe,class_4018,com/sulake/habbo/navigator/class_4018.as,r2 0.66
_i5c97d0b4f1a424,qpe,CutToWidth,com/sulake/habbo/navigator/CutToWidth.as,r2 0.76
_i46d934ddae6ccc,a,Util,com/sulake/habbo/roomevents/Util.as,r1 0.68
_i1d964d2b696352,a,AlertView,com/sulake/habbo/navigator/AlertView.as,r2 0.58
ClubPromoAlertView,Jpe,ClubPromoAlertView,com/sulake/habbo/navigator/ClubPromoAlertView.as,nome
_i184729ad7333de,hQ,GuestRoomDoorbell,com/sulake/habbo/navigator/GuestRoomDoorbell.as,r1 0.96
_i4b21c7d8f6275a,pQ,GuestRoomPasswordInput,com/sulake/habbo/navigator/GuestRoomPasswordInput.as,r1 0.95
_i4ce4fd230e7f1b,a,GuildInfoCtrl,com/sulake/habbo/navigator/GuildInfoCtrl.as,r1 0.94
_i3c35577e7f7d54,eme,_i3c35577e7f7d54,,
_i844c8afb8fa2f2,rme,_i844c8afb8fa2f2,,
_i70590f4ef2a6de,tme,NavigatorData,com/sulake/habbo/navigator/domain/NavigatorData.as,r2 0.61
_ia602bb6d74ab39,ame,_ia602bb6d74ab39,,
_if0813cc86e12d5,ime,EventsTabPageDecorator,com/sulake/habbo/navigator/mainview/tabpagedecorators/EventsTabPageDecorator.as,r1 0.86
_id0057c73eaaa21,a,MyRoomsTabPageDecorator,com/sulake/habbo/navigator/mainview/tabpagedecorators/MyRoomsTabPageDecorator.as,r1 0.93
_i2c32c6bac91913,sme,_i2c32c6bac91913,,
_i972d8a1ed8b495,ome,RoomsTabPageDecorator,com/sulake/habbo/navigator/mainview/tabpagedecorators/RoomsTabPageDecorator.as,r1 0.89
_ib8cae57a34e22f,dme,SearchTabPageDecorator,com/sulake/habbo/navigator/mainview/tabpagedecorators/SearchTabPageDecorator.as,r1 0.93
Tab,p5,Tab,com/sulake/habbo/navigator/domain/Tab.as,nome
_i157d1c6d90ac28,a,Tabs,com/sulake/habbo/navigator/domain/Tabs.as,r1 0.86
SimpleAlertView,Hd,SimpleAlertView,com/sulake/habbo/navigator/SimpleAlertView.as,nome
_ifffc223d172097,cme,_ifffc223d172097,,r2 0.64
_i4f2b80bf9a9f32,a,RoomEventInfoCtrl,com/sulake/habbo/navigator/inroom/RoomEventInfoCtrl.as,r1 0.98
_i8d256e2ef99201,Vd,TextFieldManager,com/sulake/habbo/navigator/TextFieldManager.as,r1 0.61
_i69c550a90aedf7,vQ,RoomEventViewCtrl,com/sulake/habbo/navigator/inroom/RoomEventViewCtrl.as,r1 0.66
_i6715abaa3e9744,qm,TagRenderer,com/sulake/habbo/navigator/TagRenderer.as,r1 0.82
_ibf551c14125b88,a,RaidProtectionSettingsData,com/sulake/habbo/navigator/raidprotection/RaidProtectionSettingsData.as,r3 0.53
_iba310260543510,a,RaidProtectionSettingsView,com/sulake/habbo/navigator/raidprotection/RaidProtectionSettingsView.as,r1 0.93
_idc80ea2de7c365,a,RaidProtectionSettingsController,com/sulake/habbo/navigator/raidprotection/RaidProtectionSettingsController.as,r1 0.60
_i1eba66e26295b5,wQ,RoomInfoViewCtrl,com/sulake/habbo/navigator/inroom/RoomInfoViewCtrl.as,r1 0.96
_i2813a92184edc7,a,UserCountRenderer,com/sulake/habbo/navigator/UserCountRenderer.as,r1 1.00
_id99151c551e279,a,CategoryListCtrl,com/sulake/habbo/navigator/mainview/CategoryListCtrl.as,r1 0.95
_i5916e83de6ced6,bme,PopupCtrl,com/sulake/habbo/navigator/PopupCtrl.as,r1 0.59
_ie398ce0f2a1fc1,_me,RoomPopupCtrl,com/sulake/habbo/navigator/RoomPopupCtrl.as,r1 0.99
_i92a45a39ef83a6,eg,GuestRoomListCtrl,com/sulake/habbo/navigator/mainview/GuestRoomListCtrl.as,r1 0.87
_i2cdaf18174f885,yQ,RoomSessionTags,com/sulake/habbo/navigator/domain/RoomSessionTags.as,rif r3 x1
_i2fccd50df58084,ume,PromotedRoomsGuestRoomListCtrl,com/sulake/habbo/navigator/mainview/PromotedRoomsGuestRoomListCtrl.as,r2 1.00
_icbb1ceacd6378d,a,PromotedRoomsListCtrl,com/sulake/habbo/navigator/mainview/PromotedRoomsListCtrl.as,r1 0.98
_iee750cac5bd23e,pme,OfficialRoomListCtrl,com/sulake/habbo/navigator/mainview/OfficialRoomListCtrl.as,r1 1.00
_i6fbe6d805bb83f,mme,PopularTagsListCtrl,com/sulake/habbo/navigator/mainview/PopularTagsListCtrl.as,r1 0.77
_i4f1eef10abef39,gme,RoomAdListCtrl,com/sulake/habbo/navigator/mainview/RoomAdListCtrl.as,r1 0.71
_i2a0c570095003b,vme,TextSearchInputs,com/sulake/habbo/navigator/TextSearchInputs.as,r1 0.96
MainViewCtrl,a,MainViewCtrl,com/sulake/habbo/navigator/mainview/MainViewCtrl.as,nome
_i90836f060e0e4a,yme,OfficialRoomImageLoader,com/sulake/habbo/navigator/mainview/OfficialRoomImageLoader.as,r1 0.50
_i78a06652f62200,a,OfficialRoomEntryManager,com/sulake/habbo/navigator/mainview/OfficialRoomEntryManager.as,r1 0.96
_i7eab44859f4902,xQ,EnforceCategoryCtrl,com/sulake/habbo/navigator/roomsettings/EnforceCategoryCtrl.as,r1 0.85
_i69a645768ac185,Ja,_i69a645768ac185,,
RoomCreateViewCtrl,a,RoomCreateViewCtrl,com/sulake/habbo/navigator/roomsettings/RoomCreateViewCtrl.as,nome
_i84e9dc9209830e,EQ,RoomFilterCtrl,com/sulake/habbo/navigator/roomsettings/RoomFilterCtrl.as,r1 0.83
_i6af06655da9686,ZJ,ConfirmDialogView,com/sulake/habbo/navigator/roomsettings/ConfirmDialogView.as,r1 0.85
_i436cf1020191cf,a,UserListCtrl,com/sulake/habbo/navigator/roomsettings/UserListCtrl.as,r1 0.85
_i371306483ee1e7,Ime,BanListCtrl,com/sulake/habbo/navigator/roomsettings/BanListCtrl.as,r1 1.00
_if2c2be65fbf244,a,RoomSettingsCtrl,com/sulake/habbo/navigator/roomsettings/RoomSettingsCtrl.as,r1 0.95
_i2623d462349c2d,a,ToolbarHoverCtrl,com/sulake/habbo/navigator/toolbar/ToolbarHoverCtrl.as,r1 0.84
HabboNavigator,Cme,HabboNavigator,com/sulake/habbo/navigator/HabboNavigator.as,nome
HabboNavigatorBootstrap,Eme,HabboNavigatorBootstrap,com/sulake/bootstrap/HabboNavigatorBootstrap.as,nome
_i7cf8d1352301f2,Mme,NavigatorCacheEntry,com/sulake/habbo/navigator/cache/NavigatorCacheEntry.as,r2 1.00
_i5044ecb27b9bcd,a,class_2572,com/sulake/habbo/sound/class_2572.as,r3 0.49
_i2cf5f62c71f608,Bme,_i2cf5f62c71f608,,
_i3c6c5131a7afaf,WQ,SearchContext,com/sulake/habbo/navigator/context/SearchContext.as,r2 0.63
_i81ccbd7640280c,Ame,SearchContextHistoryManager,com/sulake/habbo/navigator/context/SearchContextHistoryManager.as,r1 1.00
_if790d16aadf797,a,LiftDataContainer,com/sulake/habbo/navigator/lift/LiftDataContainer.as,r1 1.00
_i947765933f9978,Tme,FakeMainViewCtrl,com/sulake/habbo/navigator/transitional/FakeMainViewCtrl.as,r1 1.00
_i82f5362d5f6c51,qJ,LegacyNavigator,com/sulake/habbo/navigator/transitional/LegacyNavigator.as,r1 1.00
_id7229627ba0bb1,Rme,TopViewSelector,com/sulake/habbo/catalog/TopViewSelector.as,r2 0.67
_i8133903a5dc245,Pme,QuickLinksView,com/sulake/habbo/navigator/view/QuickLinksView.as,r1 0.80
_i5eb52478b5589e,Sme,RoomInfoPopup,com/sulake/habbo/navigator/view/RoomInfoPopup.as,r1 0.98
_i31b9212f856bf0,a,class_3876,com/sulake/habbo/navigator/view/search/class_3876.as,r1 1.00
_i5334802f4cc3b6,a,SearchView,com/sulake/habbo/navigator/view/search/SearchView.as,r1 0.79
ViewMode,a,ViewMode,,
_i3fbb457a8e41b2,lb,_i3fbb457a8e41b2,,
_i60e483118640fb,a,BlockResultsView,com/sulake/habbo/navigator/view/search/results/BlockResultsView.as,r1 0.77
_ia543ca7619b1d5,JJ,RoomEntryUtils,com/sulake/habbo/navigator/view/search/results/RoomEntryUtils.as,r1 1.00
_ic909d72f5f75ce,BQ,RoomEntryElementFactory,com/sulake/habbo/navigator/view/search/results/RoomEntryElementFactory.as,r1 0.88
_ie95b184944e135,a,CategoryElementFactory,com/sulake/habbo/navigator/view/search/results/CategoryElementFactory.as,r1 0.81
_if8a8c569a7f379,a,NavigatorView,com/sulake/habbo/navigator/view/NavigatorView.as,r1 0.93
_ie95d9a9afaa618,Fme,class_2184,com/sulake/habbo/navigator/class_2184.as,r1 0.70
_ic54658da6eb483,a,HabboNewNavigator,com/sulake/habbo/navigator/HabboNewNavigator.as,r1 0.75
HabboNewNavigatorBootstrap,Hme,HabboNewNavigatorBootstrap,com/sulake/bootstrap/HabboNewNavigatorBootstrap.as,nome
_i8ee8ccf6cafba7,a,FeedSettings,com/sulake/habbo/notifications/feed/FeedSettings.as,r1 1.00
_ia8d7f83cabbae8,rg,GenericNotificationItemData,com/sulake/habbo/notifications/feed/data/GenericNotificationItemData.as,r2 1.00
_i34a530f27856ee,a,MOTDNotification,com/sulake/habbo/notifications/singular/MOTDNotification.as,r1 0.80
_ifffc223d172097,a,_ifffc223d172097,,r2 0.64
_ifa5d6d31b765cb,a,NotificationPopup,com/sulake/habbo/notifications/NotificationPopup.as,r1 0.92
_ibd71555efc141a,a,ClubGiftNotification,com/sulake/habbo/notifications/singular/ClubGiftNotification.as,r1 0.44
_i119355bc0e7458,a,HabboAlertDialogManager,com/sulake/habbo/notifications/singular/HabboAlertDialogManager.as,r1 0.95
_i7ef92326c57e36,Qme,HabboNotificationItem,com/sulake/habbo/notifications/singular/HabboNotificationItem.as,r2 1.00
_i50a67c0c0682bf,Xme,HabboNotificationItemStyle,com/sulake/habbo/notifications/singular/HabboNotificationItemStyle.as,r1 1.00
_ia288deda5eccd9,a,HabboNotificationItemView,com/sulake/habbo/notifications/singular/HabboNotificationItemView.as,r1 0.72
_ib45a26d490a227,a,HabboNotificationViewManager,com/sulake/habbo/notifications/singular/HabboNotificationViewManager.as,r1 0.79
_i2706e50e7be06d,a,NewFeatureNotification,com/sulake/habbo/notifications/singular/NewFeatureNotification.as,r1 0.93
_i80a8bc82ca9c71,a,SafetyLockedNotification,com/sulake/habbo/notifications/singular/SafetyLockedNotification.as,r1 0.86
_ifdfc0a6345a61e,a,SingularNotificationController,com/sulake/habbo/notifications/singular/SingularNotificationController.as,r1 0.83
_if06879cdbf5e00,qme,PetImageUtility,com/sulake/habbo/notifications/utils/PetImageUtility.as,r2 1.00
_i885b5bc9260a59,Jme,ProductImageUtility,com/sulake/habbo/notifications/utils/ProductImageUtility.as,r1 1.00
_idfb48f56b7ba09,ege,HabboNotifications,com/sulake/habbo/notifications/HabboNotifications.as,r1 0.70
HabboNotificationsBootstrap,rge,HabboNotificationsBootstrap,com/sulake/bootstrap/HabboNotificationsBootstrap.as,nome
AchievementCategory,PI,AchievementCategory,com/sulake/habbo/quest/AchievementCategory.as,nome
_i11dd5c1c79640b,a,AchievementCategories,com/sulake/habbo/quest/AchievementCategories.as,r1 0.65
ProgressBar,a,ProgressBar,com/sulake/habbo/quest/ProgressBar.as,nome
_i20a0e4d41c9bbf,a,AchievementController,com/sulake/habbo/quest/AchievementController.as,r1 0.95
_i7e7db3ed594686,a,AchievementResolutionCompletedView,com/sulake/habbo/quest/AchievementResolutionCompletedView.as,r1 0.94
_i9128f8e1ce3f9f,a,AchievementResolutionProgressView,com/sulake/habbo/quest/AchievementResolutionProgressView.as,r1 0.98
_i73770f35d8fe45,a,AchievementsResolutionController,com/sulake/habbo/quest/AchievementsResolutionController.as,r1 0.96
_i854ad0adf527a0,sge,Animation,com/sulake/habbo/quest/Animation.as,rif r2 x1
_i7df400d6b5f3d7,oge,RewardDisplayWrapper,com/sulake/habbo/quest/dailytasks/tasks/RewardDisplayWrapper.as,rif r2 x1
_idfc820d7a5d493,dge,DailyTaskRewardView,com/sulake/habbo/quest/dailytasks/tasks/DailyTaskRewardView.as,r1 1.00
_i573bdaec91ce2b,a,DailyTaskView,com/sulake/habbo/quest/dailytasks/tasks/DailyTaskView.as,r1 0.99
_i523ef231f0415f,cge,UnclaimedTasksView,com/sulake/habbo/quest/dailytasks/UnclaimedTasksView.as,r1 0.64
_iae007fa0a34680,a,DailyTasksView,com/sulake/habbo/quest/dailytasks/DailyTasksView.as,r1 0.90
_ic57bbe60602571,a,DailyTasksController,com/sulake/habbo/quest/dailytasks/DailyTasksController.as,r1 0.92
_i141c4e0d47145a,lge,_i141c4e0d47145a,,
_i5b9b85ed2f4d9b,bge,RewardTrackTask,com/sulake/habbo/quest/rewardtrack/data/RewardTrackTask.as,r2 0.57
_ib305f5d6cfaf51,_ge,RewardTrackPrize,com/sulake/habbo/quest/rewardtrack/data/RewardTrackPrize.as,r2 0.79
_ide29040a1e3d12,uge,RewardTrack,com/sulake/habbo/quest/rewardtrack/data/RewardTrack.as,r2 0.79
_i9e153638158a14,hge,RewardTrackHeaderView,com/sulake/habbo/quest/rewardtrack/view/header/RewardTrackHeaderView.as,r1 0.97
_i7223902fc9f378,a,RewardTrackProgressBarViewBase,com/sulake/habbo/quest/rewardtrack/view/progress/RewardTrackProgressBarViewBase.as,r1 1.00
_i3550f322b86ebb,pge,RewardTrackMainProgressBarView,com/sulake/habbo/quest/rewardtrack/view/progress/RewardTrackMainProgressBarView.as,r1 1.00
_i2cb96584c12179,a,RewardTrackPrizeLayout,com/sulake/habbo/quest/rewardtrack/view/prizes/RewardTrackPrizeLayout.as,r1 1.00
_i4a83021938f554,gge,_i4a83021938f554,,
_i10c01de1628146,a,RewardTrackPrizeView,com/sulake/habbo/quest/rewardtrack/view/prizes/RewardTrackPrizeView.as,r1 0.96
_i27f430edfb62d2,wge,RewardTrackPointIndicatorView,com/sulake/habbo/quest/rewardtrack/view/prizes/RewardTrackPointIndicatorView.as,r1 1.00
_i70bd76c774522a,a,RewardTrackPrizeTrackView,com/sulake/habbo/quest/rewardtrack/view/prizes/RewardTrackPrizeTrackView.as,r1 0.91
_i46ffd8a8158eb3,RQ,RewardTrackTaskProgressBarView,com/sulake/habbo/quest/rewardtrack/view/progress/RewardTrackTaskProgressBarView.as,rif r2 x2
_ibc17860aa681d0,a,RewardTrackTaskLevelView,com/sulake/habbo/quest/rewardtrack/view/tasks/RewardTrackTaskLevelView.as,r1 1.00
_i46c55e44a04943,xge,RewardTrackTaskDetailsView,com/sulake/habbo/quest/rewardtrack/view/tasks/RewardTrackTaskDetailsView.as,r1 0.97
_i9d09adbec26794,rh,class_4342,com/sulake/habbo/quest/rewardtrack/view/tasks/class_4342.as,r3 1.00
_ie7014d5bff503d,a,RewardTrackTaskFilterButtonView,com/sulake/habbo/quest/rewardtrack/view/tasks/RewardTrackTaskFilterButtonView.as,r1 0.78
_i1de53ca6ce61c2,Cge,RewardTrackTaskRowView,com/sulake/habbo/quest/rewardtrack/view/tasks/RewardTrackTaskRowView.as,r1 0.89
_i5805a0e6b2bec0,Ege,RewardTrackTaskListView,com/sulake/habbo/quest/rewardtrack/view/tasks/RewardTrackTaskListView.as,r1 0.97
_i1d4e3f80ae1ff4,a,RewardTrackTheme,com/sulake/habbo/quest/rewardtrack/view/theme/RewardTrackTheme.as,r1 1.00
_ibfd29addab3910,Wge,RewardTrackView,com/sulake/habbo/quest/rewardtrack/view/RewardTrackView.as,r1 0.98
_i0518797a9eca25,a,RewardTrackPremiumPurchaseConfirmationView,com/sulake/habbo/quest/rewardtrack/view/premium/RewardTrackPremiumPurchaseConfirmationView.as,r1 0.96
_ia19d659f55b043,a,RewardTrackController,com/sulake/habbo/quest/rewardtrack/RewardTrackController.as,r1 0.96
_ifffc223d172097,Age,_ifffc223d172097,,r2 0.64
NextQuestTimer,a,NextQuestTimer,com/sulake/habbo/quest/NextQuestTimer.as,nome
_i58ce58b5fd2199,a,QuestCompleted,com/sulake/habbo/quest/QuestCompleted.as,r1 0.98
QuestDetails,a,QuestDetails,com/sulake/habbo/quest/QuestDetails.as,nome
QuestTracker,a,QuestTracker,com/sulake/habbo/quest/QuestTracker.as,nome
_ibee8441775be41,a,QuestsList,com/sulake/habbo/quest/QuestsList.as,r1 0.89
_i1c4bc6d416373b,Sge,QuestController,com/sulake/habbo/quest/QuestController.as,r1 1.00
_icb8005a5b56352,a,RoomCompetitionController,com/sulake/habbo/quest/RoomCompetitionController.as,r1 0.91
_i8e7e3ff8c9bdc5,a,CalendarArrowButton,com/sulake/habbo/quest/seasonalcalendar/CalendarArrowButton.as,r1 0.72
_i6a5143a7fd80fd,Lge,_i6a5143a7fd80fd,,
_i7082c4e0fc8d19,Ls,CalendarEntityStateEnums,com/sulake/habbo/quest/seasonalcalendar/CalendarEntityStateEnums.as,r2 0.82
_i9b99c9aac2cb36,a,Calendar,com/sulake/habbo/quest/seasonalcalendar/Calendar.as,r1 0.84
_i49ec19652f828e,Oge,CatalogPromo,com/sulake/habbo/quest/seasonalcalendar/CatalogPromo.as,r1 0.89
_ib7024c44f27105,Fge,RareTeaser,com/sulake/habbo/quest/seasonalcalendar/RareTeaser.as,r1 0.97
_i2b00a80b91ec07,Hge,MainWindow,com/sulake/habbo/quest/seasonalcalendar/MainWindow.as,r1 0.68
_i12aa3dab2f0272,a,Twinkle,com/sulake/habbo/quest/Twinkle.as,r1 1.00
_i24fff1c103accc,a,TwinkleImages,com/sulake/habbo/quest/TwinkleImages.as,r1 1.00
_ia017f303fec8b9,a,HabboQuestEngine,com/sulake/habbo/quest/HabboQuestEngine.as,r1 0.89
HabboQuestEngineBootstrap,jge,HabboQuestEngineBootstrap,com/sulake/bootstrap/HabboQuestEngineBootstrap.as,nome
_i6291062e40ad2e,zge,AssetCallbackInfo,com/sulake/habbo/room/AssetCallbackInfo.as,r2 0.70
_i7c04727cd89fc6,hc,class_3682,com/sulake/room/object/enum/class_3682.as,r1 1.00
_ib4418ceb502b48,Cd,RoomObjectSpriteType,com/sulake/room/object/enum/RoomObjectSpriteType.as,r2 1.00
_i10fc7021668e13,a,RoomObjectSprite,com/sulake/room/object/visualization/RoomObjectSprite.as,r2 0.55
_i85ea36654631c1,a,RoomObjectSpriteVisualization,com/sulake/room/object/visualization/RoomObjectSpriteVisualization.as,r1 0.62
_i8d22c9ec256818,a,class_3763,com/sulake/room/object/visualization/utils/class_3763.as,r1 1.00
_i740cf002bbac06,a,_i740cf002bbac06,,
_ife606a88bea7d7,a,GraphicAssetCollection,com/sulake/room/object/visualization/utils/GraphicAssetCollection.as,r3 0.51
_ic91c09d87802b0,DQ,ExpressionAddition,com/sulake/habbo/room/object/visualization/avatar/additions/ExpressionAddition.as,link r1
_i3be64fb43d22c9,a,FloatingHeart,com/sulake/habbo/room/object/visualization/avatar/additions/FloatingHeart.as,r1 1.00
_i217a6fb7139b3f,a,class_3337,com/sulake/habbo/room/object/visualization/avatar/additions/class_3337.as,r2 1.00
_i4902c6922dcd81,a,FloatingIdleZ,com/sulake/habbo/room/object/visualization/avatar/additions/FloatingIdleZ.as,r1 1.00
_i3307952bea18ce,a,_i3307952bea18ce,,
_ie98f7f86fd3c3a,Jge,GuideStatusBubble,com/sulake/habbo/room/object/visualization/avatar/additions/GuideStatusBubble.as,r1 0.59
_ie3e46b47c57e8d,eve,MutedBubble,com/sulake/habbo/room/object/visualization/avatar/additions/MutedBubble.as,r1 0.59
_i0e70e8f1f11de1,rve,NumberBubble,com/sulake/habbo/room/object/visualization/avatar/additions/NumberBubble.as,r1 1.00
_i5b21762ad26d73,tee,TypingBubble,com/sulake/habbo/room/object/visualization/avatar/additions/TypingBubble.as,r1 1.00
_ib72d79d3bd953e,a,HabbiconBubble,com/sulake/habbo/room/object/visualization/avatar/additions/HabbiconBubble.as,r1 0.97
_i6472dde8824f3e,a,_i6472dde8824f3e,,
_idcd565c9fc5fc2,ave,StackedAdditionEntry,com/sulake/habbo/room/object/visualization/stacked/StackedAdditionEntry.as,r2 0.64
_i4f006e26e6fef4,ive,class_4243,com/sulake/habbo/room/object/visualization/stacked/class_4243.as,r2 1.00
_i63057e56fc7c66,a,StackedAdditionStack,com/sulake/habbo/room/object/visualization/stacked/StackedAdditionStack.as,r2 0.59
_i2da8fa33720ae2,U1,VariableFxStatusData,com/sulake/habbo/room/object/visualization/variablefx/VariableFxStatusData.as,r3 0.63
_ie6695702e12f7f,ng,VariableFxRendererContext,com/sulake/habbo/room/object/visualization/variablefx/VariableFxRendererContext.as,rif r3 x1
_i0171c8d3865eb5,NI,VariableFxVisualizer,com/sulake/habbo/room/object/visualization/variablefx/VariableFxVisualizer.as,rif r2 x2
_i82e02fb29d8d0f,a,VariableFxStackAddition,com/sulake/habbo/room/object/visualization/variablefx/VariableFxStackAddition.as,r1 1.00
_i6db8f00fe5c2c7,a,StackedAdditions,com/sulake/habbo/room/object/visualization/avatar/additions/StackedAdditions.as,r1 1.00
_i0aa2b1d248498b,sg,class_3399,com/sulake/habbo/room/object/visualization/variablefx/class_3399.as,r1 1.00
_ie92d044e1c1dc6,a,_ie92d044e1c1dc6,,
_i035958745d5a2f,OI,AvatarVisualizationData,com/sulake/habbo/room/object/visualization/avatar/AvatarVisualizationData.as,r3 0.59
_i4c2be2d686eb96,a,_i4c2be2d686eb96,,rif r3 x2
_ic5a4894af6503a,NQ,AnimationFrameData,com/sulake/habbo/room/object/visualization/data/AnimationFrameData.as,r2 0.83
_ifefa50c339c68e,nve,AnimationFrameDirectionalData,com/sulake/habbo/room/object/visualization/data/AnimationFrameDirectionalData.as,r3 1.00
_ia0054c2ae8a3b4,sve,AnimationFrameSequenceData,com/sulake/habbo/room/object/visualization/data/AnimationFrameSequenceData.as,r2 1.00
_ib536a8ef121ab7,ove,AnimationLayerData,com/sulake/habbo/room/object/visualization/data/AnimationLayerData.as,r2 1.00
_i0f5c2701488e5a,OQ,class_2861,com/sulake/habbo/room/object/visualization/data/class_2861.as,r2 1.00
_ib6e3512f89dd7e,a,_ib6e3512f89dd7e,,r3 0.52
_i2a89a2ed9df742,FQ,AnimationStateData,com/sulake/habbo/room/object/visualization/data/AnimationStateData.as,r1 1.00
_i54299e35a30c85,a,ColorData,com/sulake/habbo/room/object/visualization/data/ColorData.as,r1 1.00
_id0fcd05cf5dc0a,a,class_3181,com/sulake/habbo/room/object/visualization/data/class_3181.as,r1 0.91
_i005445f9600522,y5,DirectionData,com/sulake/habbo/room/object/visualization/data/DirectionData.as,r2 1.00
_iaf5c045ab6d2d2,a,SizeData,com/sulake/habbo/room/object/visualization/data/SizeData.as,r1 0.73
_i2cd50a958f5d00,If,AnimationSizeData,com/sulake/habbo/room/object/visualization/data/AnimationSizeData.as,r2 1.00
_ide9637b1b21cad,Rc,FurnitureVisualizationData,com/sulake/habbo/room/object/visualization/furniture/FurnitureVisualizationData.as,r1 0.83
_ifab20f58896856,og,AnimatedFurnitureVisualizationData,com/sulake/habbo/room/object/visualization/furniture/AnimatedFurnitureVisualizationData.as,r1 1.00
_id8cbc56f599d85,a,FurnitureVisualization,com/sulake/habbo/room/object/visualization/furniture/FurnitureVisualization.as,r1 0.43
_if4d411777be59f,a,_if4d411777be59f,,
_i43c1376b8a0ee1,FI,AvatarFurnitureVisualizationData,com/sulake/habbo/room/object/visualization/furniture/AvatarFurnitureVisualizationData.as,r2 1.00
_i605c6a61b35201,a,class_2056,com/sulake/habbo/room/object/visualization/furniture/class_2056.as,r1 0.72
_ie0932a011045ee,a,FurnitureBottleVisualization,com/sulake/habbo/room/object/visualization/furniture/FurnitureBottleVisualization.as,r1 1.00
_i20801533b340a2,fve,FurnitureBuilderPlaceholderVisualization,com/sulake/habbo/room/object/visualization/furniture/FurnitureBuilderPlaceholderVisualization.as,r2 0.85
_i17d7fe4127b79c,a,class_1819,com/sulake/habbo/room/object/visualization/furniture/class_1819.as,r1 0.68
_i8eed08e4d2dee5,lve,_i8eed08e4d2dee5,,
_if205f256ddc213,a,class_2299,com/sulake/habbo/room/object/visualization/furniture/class_2299.as,r1 1.00
_i3624ef38ef7f9b,_ve,FurniturePlane,com/sulake/habbo/room/object/visualization/furniture/FurniturePlane.as,r2 0.69
_ic20945b9d0adc7,uve,FurnitureCuboidVisualization,com/sulake/habbo/room/object/visualization/furniture/FurnitureCuboidVisualization.as,r1 0.43
_i131a92b7e084dd,a,ExtraDataManager,com/sulake/habbo/room/object/visualization/data/ExtraDataManager.as,r1 0.61
_i69a55e47af5570,a,class_1881,com/sulake/habbo/room/object/visualization/furniture/class_1881.as,r1 1.00
_i3726d1e717b565,hve,class_1882,com/sulake/habbo/room/object/visualization/furniture/class_1882.as,link r1
_ide358056cb5e8c,UQ,FurnitureExternalImageVisualization,com/sulake/habbo/room/object/visualization/furniture/FurnitureExternalImageVisualization.as,r1 0.69
_i07d560c92130db,iee,FurnitureParticleSystemParticle,com/sulake/habbo/room/object/visualization/furniture/FurnitureParticleSystemParticle.as,link r1
_i99695989e9aff3,a,FurnitureParticleSystemEmitter,com/sulake/habbo/room/object/visualization/furniture/FurnitureParticleSystemEmitter.as,r1 0.86
_ia6f0a967acd420,mve,FurnitureParticleSystem,com/sulake/habbo/room/object/visualization/furniture/FurnitureParticleSystem.as,r2 0.37
_i54e53e0b3b7496,GQ,FurnitureFireworksVisualization,com/sulake/habbo/room/object/visualization/furniture/FurnitureFireworksVisualization.as,link r1
_i551491f2661da2,a,class_1820,com/sulake/habbo/room/object/visualization/furniture/class_1820.as,r1 0.75
_ie6933d69236885,a,FurnitureGiftWrappedFireworksVisualization,com/sulake/habbo/room/object/visualization/furniture/FurnitureGiftWrappedFireworksVisualization.as,r1 0.74
_ifed280f5c59983,wve,FurnitureGiftWrappedVisualization,com/sulake/habbo/room/object/visualization/furniture/FurnitureGiftWrappedVisualization.as,r2 0.80
_i795fa2ffc016ed,a,class_2015,com/sulake/habbo/room/object/visualization/furniture/class_2015.as,r1 0.79
_i91f324b2523c67,a,class_2058,com/sulake/habbo/room/object/visualization/furniture/class_2058.as,r1 0.69
_ie5c52af9dd7bab,a,FurnitureHabboWheelVisualization,com/sulake/habbo/room/object/visualization/furniture/FurnitureHabboWheelVisualization.as,r1 1.00
_i7bf54cca43cb0a,a,FurnitureMannequinVisualization,com/sulake/habbo/room/object/visualization/furniture/FurnitureMannequinVisualization.as,r1 0.53
_ia2b4d13fdd00ef,a,_ia2b4d13fdd00ef,,
_i2acdb34b9f83b6,a,FurniturePlanetSystemVisualizationPlanetObject,com/sulake/habbo/room/object/visualization/furniture/FurniturePlanetSystemVisualizationPlanetObject.as,r2 1.00
_ib279aee77b21e2,Wve,FurniturePlanetSystemVisualization,com/sulake/habbo/room/object/visualization/furniture/FurniturePlanetSystemVisualization.as,r3 0.39
_ie3f23b48ab6ed6,Bve,_ie3f23b48ab6ed6,,
_i48fbb63f4d7361,jQ,AnimatedFurnitureVisualization,com/sulake/habbo/room/object/visualization/furniture/AnimatedFurnitureVisualization.as,link r1
_i06a3ad8c061434,a,FurnitureQueueTileVisualization,com/sulake/habbo/room/object/visualization/furniture/FurnitureQueueTileVisualization.as,r1 1.00
_i7516a4400c4aac,a,FurnitureRoomBrandingVisualization,com/sulake/habbo/room/object/visualization/furniture/FurnitureRoomBrandingVisualization.as,r2 0.40
_i96754a2cc5c77c,kve,FurnitureRoomBackgroundVisualization,com/sulake/habbo/room/object/visualization/furniture/FurnitureRoomBackgroundVisualization.as,r2 1.00
_ia937140dea5d06,Tve,FurnitureRoomBillboardVisualization,com/sulake/habbo/room/object/visualization/furniture/FurnitureRoomBillboardVisualization.as,r3 0.71
_i098e8448cdc3d8,a,class_1896,com/sulake/habbo/room/object/visualization/furniture/class_1896.as,r1 1.00
_i0b997eb6d55cc2,Pve,_i0b997eb6d55cc2,,
_i71f4b1413bb906,Sve,FurnitureStickieVisualization,com/sulake/habbo/room/object/visualization/furniture/FurnitureStickieVisualization.as,r2 1.00
_i4e3149c5d515ba,a,FurnitureValRandomizerVisualization,com/sulake/habbo/room/object/visualization/furniture/FurnitureValRandomizerVisualization.as,r1 1.00
_ie6a1953d687daf,a,class_1850,com/sulake/habbo/room/object/visualization/furniture/class_1850.as,r1 0.87
_i293d8b0c01e6ae,a,class_2122,com/sulake/habbo/room/object/visualization/furniture/class_2122.as,r1 0.87
_i32a211069af09a,a,ShoreMaskCreatorUtility,com/sulake/habbo/room/object/visualization/furniture/ShoreMaskCreatorUtility.as,r1 1.00
_ib7e16c22bce345,a,FurnitureWaterAreaVisualization,com/sulake/habbo/room/object/visualization/furniture/FurnitureWaterAreaVisualization.as,r1 0.55
_ieaf994a0a8db4d,a,class_2089,com/sulake/habbo/room/object/visualization/furniture/class_2089.as,r1 0.55
_i66eb785a68df77,I5,_i66eb785a68df77,,
_i37726337c7aa7b,a,SnowSplashVisualization,com/sulake/habbo/room/object/visualization/game/SnowSplashVisualization.as,r1 1.00
_i0bb384571b8eca,a,SnowballVisualization,com/sulake/habbo/room/object/visualization/game/SnowballVisualization.as,r1 1.00
_i70e5afc24f50b7,a,PetAnimationSizeData,com/sulake/habbo/room/object/visualization/pet/PetAnimationSizeData.as,r1 0.71
_ic235894631ff9c,UI,AnimatedPetVisualizationData,com/sulake/habbo/room/object/visualization/pet/AnimatedPetVisualizationData.as,r1 0.75
_if4cd9156baa739,a,ExperienceData,com/sulake/habbo/room/object/visualization/pet/ExperienceData.as,r2 0.69
_i10ea9725fdaead,a,AnimatedPetVisualization,com/sulake/habbo/room/object/visualization/pet/AnimatedPetVisualization.as,r1 0.50
_i3f83df98af9a52,see,RoomPlaneBitmapMask,com/sulake/habbo/room/object/visualization/room/RoomPlaneBitmapMask.as,rif r3 x1
_if941dcf7ed892a,oee,RoomPlaneRectangleMask,com/sulake/habbo/room/object/visualization/room/RoomPlaneRectangleMask.as,rif r3 x1
_ie170765c0cd446,a,_ie170765c0cd446,,
_i301ed78b84ced2,a,PlaneMaskVisualization,com/sulake/habbo/room/object/visualization/room/mask/PlaneMaskVisualization.as,r3 1.00
_i123e32243dd568,zQ,PlaneMask,com/sulake/habbo/room/object/visualization/room/mask/PlaneMask.as,r2 1.00
_i6e31596d14b1fc,a,Randomizer,com/sulake/habbo/room/object/visualization/room/utils/Randomizer.as,r1 1.00
_i63140f3b3dd32e,a,PlaneMaterialCell,com/sulake/habbo/room/object/visualization/room/rasterizer/basic/PlaneMaterialCell.as,r3 1.00
_i17cbb127b1fdd2,_Fe,_i17cbb127b1fdd2,,
_i100993e9e6cd52,a,PlaneMaterialCellColumn,com/sulake/habbo/room/object/visualization/room/rasterizer/basic/PlaneMaterialCellColumn.as,r2 0.91
_id172d31764c7f1,a,PlaneVisualizationLayer,com/sulake/habbo/room/object/visualization/room/rasterizer/basic/PlaneVisualizationLayer.as,r2 0.73
_i3fbc7ebaffb088,__,_i3fbc7ebaffb088,,
_i09819458f6d9af,C5,class_2481,com/sulake/room/object/visualization/class_2481.as,r4 1.00
_i5976696720af79,a,RoomPlane,com/sulake/habbo/room/object/visualization/room/RoomPlane.as,r2 0.60
_i645011d6ce6acd,jve,PlaneMaskManager,com/sulake/habbo/room/object/visualization/room/mask/PlaneMaskManager.as,r2 0.54
_i4748bc4375ad27,zve,_i4748bc4375ad27,,
_ic6c731df9e72d6,cee,_ic6c731df9e72d6,,
_i5cf472141dd32d,Qve,PlaneVisualization,com/sulake/habbo/room/object/visualization/room/rasterizer/basic/PlaneVisualization.as,r3 0.46
_i9de2a0b833c85a,fg,Plane,com/sulake/habbo/room/object/visualization/room/rasterizer/basic/Plane.as,r2 1.00
_i6095d43a6309e2,lg,_i6095d43a6309e2,,
_i8599bf34b0dac1,a,PlaneMaterialCellMatrix,com/sulake/habbo/room/object/visualization/room/rasterizer/basic/PlaneMaterialCellMatrix.as,r1 1.00
_i551ffa6716215f,a,PlaneMaterial,com/sulake/habbo/room/object/visualization/room/rasterizer/basic/PlaneMaterial.as,r3 1.00
_i0dd4eb63c06080,a,_i0dd4eb63c06080,,
_i7eef5fdd8710d5,a,PlaneTexture,com/sulake/habbo/room/object/visualization/room/rasterizer/basic/PlaneTexture.as,r2 1.00
_i409db2025a9976,a,PlaneRasterizer,com/sulake/habbo/room/object/visualization/room/rasterizer/basic/PlaneRasterizer.as,r1 0.71
_i676ed24348a6f1,jI,_i676ed24348a6f1,,
_i0207260716a6da,a,LandscapeRasterizer,com/sulake/habbo/room/object/visualization/room/rasterizer/animated/LandscapeRasterizer.as,r1 0.49
_i0f71c7942ba502,$ve,_i0f71c7942ba502,,
_i5bfc79a9dfe578,KQ,_i5bfc79a9dfe578,,
_i572c95e7d59877,$Q,_i572c95e7d59877,,
_ifc8c1f2c209595,Zve,_ifc8c1f2c209595,,
_i8459b525b333b4,ZQ,RoomVisualizationData,com/sulake/habbo/room/object/visualization/room/RoomVisualizationData.as,rif r2 x1
_i9d0ceac7f65a34,a,RoomVisualization,com/sulake/habbo/room/object/visualization/room/RoomVisualization.as,r1 0.44
_if29d469b89aa7a,Jve,_if29d469b89aa7a,,
_id36d1f14f9006e,Xn,class_3376,com/sulake/habbo/room/object/visualization/variablefx/class_3376.as,r2 1.00
_ifbc44a0f22a526,qQ,_ifbc44a0f22a526,,
_ic5169bd4096d14,ewe,_ic5169bd4096d14,,
_i2f470e442dfd4c,rwe,_i2f470e442dfd4c,,
_id0fbcb77a2d7a4,JQ,_id0fbcb77a2d7a4,,
_ibac1dba2e7d9ad,a,_ibac1dba2e7d9ad,,
_i1921f54ea13f34,se,class_3649,com/sulake/habbo/room/object/visualization/variablefx/class_3649.as,r1 0.95
_ib05914d1a9d6c1,Or,class_2881,com/sulake/habbo/room/object/visualization/variablefx/class_2881.as,r1 1.00
_i634fc8568eea49,_r,VariableFxWidth,com/sulake/habbo/room/object/visualization/variablefx/VariableFxWidth.as,r1 1.00
_i3b0b1a104db30e,Mr,_i3b0b1a104db30e,,
_i720b3bfea4fc76,twe,VariableFxPreviewStyleDefinition,com/sulake/habbo/room/object/visualization/variablefx/VariableFxPreviewStyleDefinition.as,rif r2 x1
_i9f5c16f487415b,eX,class_2043,com/sulake/habbo/room/object/visualization/variablefx/class_2043.as,r1 0.66
_ib9d6e1e5bc9659,fee,class_3723,com/sulake/habbo/room/object/visualization/variablefx/class_3723.as,r1 0.67
_i011e37bea19c9d,T0,_i011e37bea19c9d,,
_i86d979200501e4,_g,VariableFxSegmentedProgress,com/sulake/habbo/room/object/visualization/variablefx/VariableFxSegmentedProgress.as,r1 1.00
_ie350626dc54d16,Dn,VariableFxClipRect,com/sulake/habbo/room/object/visualization/variablefx/rendering/VariableFxClipRect.as,rif r2 x2
_if9c565e581aaf2,a,VariableFxBitmapComposer,com/sulake/habbo/room/object/visualization/variablefx/rendering/VariableFxBitmapComposer.as,r2 0.54
_i26e7864ae1c203,ub,class_4078,com/sulake/habbo/room/object/visualization/variablefx/class_4078.as,r1 1.00
_icd785ec085405b,awe,VariableFxIconDefinition,com/sulake/habbo/room/object/visualization/variablefx/rendering/VariableFxIconDefinition.as,rif r2 x1
_i365aa3bdac4ac5,iwe,class_4356,com/sulake/habbo/room/object/visualization/variablefx/rendering/class_4356.as,r1 0.63
_if1185b8b04225f,rX,_if1185b8b04225f,,
_i1753a1dd74e7fe,a,VariableFxIconOverlayLayout,com/sulake/habbo/room/object/visualization/variablefx/rendering/VariableFxIconOverlayLayout.as,r1 0.66
_i9bb55377cc9ec0,a,VariableFxConfiguredIcon,com/sulake/habbo/room/object/visualization/variablefx/rendering/VariableFxConfiguredIcon.as,r1 0.73
_i5ec3143bd5c7df,R0,_i5ec3143bd5c7df,,
_i34b5455b6fee5a,nwe,AnimatedColor,com/sulake/habbo/window/utils/AnimatedColor.as,r4 0.81
_ib0fc30d140febd,a,AnimatedPaintColor,com/sulake/habbo/room/object/visualization/variablefx/animation/AnimatedPaintColor.as,r2 0.62
_ica159a57a288c6,a,BarVariableFxRendererBase,com/sulake/habbo/room/object/visualization/variablefx/renderers/bar/BarVariableFxRendererBase.as,r1 0.47
_ia5e0dd9af591c3,Sc,VariableFxBarSliceUtils,com/sulake/habbo/room/object/visualization/variablefx/renderers/bar/VariableFxBarSliceUtils.as,r2 1.00
ArrowProgressBarRenderer,a,ArrowProgressBarRenderer,com/sulake/habbo/room/object/visualization/variablefx/renderers/bar/ArrowProgressBarRenderer.as,nome
BlockProgressBarRenderer,a,BlockProgressBarRenderer,com/sulake/habbo/room/object/visualization/variablefx/renderers/bar/BlockProgressBarRenderer.as,nome
ClassicProgressBarRenderer,a,ClassicProgressBarRenderer,com/sulake/habbo/room/object/visualization/variablefx/renderers/bar/ClassicProgressBarRenderer.as,nome
BossHealthBarRenderer,a,BossHealthBarRenderer,com/sulake/habbo/room/object/visualization/variablefx/renderers/bar/BossHealthBarRenderer.as,nome
ClassicMiniProgressBarRenderer,a,ClassicMiniProgressBarRenderer,com/sulake/habbo/room/object/visualization/variablefx/renderers/bar/ClassicMiniProgressBarRenderer.as,nome
HealthProgressBarRenderer,a,HealthProgressBarRenderer,com/sulake/habbo/room/object/visualization/variablefx/renderers/bar/HealthProgressBarRenderer.as,nome
_ibd01b8c7c90da6,a,MaskedHeartFillFramePrebake,com/sulake/habbo/room/object/visualization/variablefx/renderers/bar/MaskedHeartFillFramePrebake.as,r2 0.57
MaskedHeartFillRenderer,a,MaskedHeartFillRenderer,com/sulake/habbo/room/object/visualization/variablefx/renderers/bar/MaskedHeartFillRenderer.as,nome
_i5770a10ad51569,_we,VariableFxColorUtils,com/sulake/habbo/room/object/visualization/variablefx/rendering/VariableFxColorUtils.as,r1 0.58
StripedProgressBarRenderer,a,StripedProgressBarRenderer,com/sulake/habbo/room/object/visualization/variablefx/renderers/bar/StripedProgressBarRenderer.as,nome
ThermometerHealthPointsRenderer,a,ThermometerHealthPointsRenderer,com/sulake/habbo/room/object/visualization/variablefx/renderers/bar/ThermometerHealthPointsRenderer.as,nome
_i4ee873a01ce766,pwe,StackedHealthPointsHeartPrebake,com/sulake/habbo/room/object/visualization/variablefx/renderers/healthpoints/StackedHealthPointsHeartPrebake.as,r2 0.41
_i77ab3f1e18f22d,a,class_3933,com/sulake/habbo/room/object/visualization/variablefx/renderers/healthpoints/class_3933.as,r1 1.00
StackedHealthPointsRenderer,a,StackedHealthPointsRenderer,com/sulake/habbo/room/object/visualization/variablefx/renderers/healthpoints/StackedHealthPointsRenderer.as,nome
_i67b765ce4118ce,a,LevelBadgePainter,com/sulake/habbo/room/object/visualization/variablefx/renderers/level/LevelBadgePainter.as,r1 0.59
_i446b7371e98d4f,vwe,_i446b7371e98d4f,,
_i6994f7e62f42e0,a,LevelDetailsNumberPainter,com/sulake/habbo/room/object/visualization/variablefx/renderers/level/LevelDetailsNumberPainter.as,r1 0.44
_i15a10bf98354a5,a,LevelProgressPathSample,com/sulake/habbo/room/object/visualization/variablefx/renderers/level/LevelProgressPathSample.as,r1 1.00
_i79abe72a89ebfc,a,LevelProgressPathAnimator,com/sulake/habbo/room/object/visualization/variablefx/renderers/level/LevelProgressPathAnimator.as,r1 0.59
_i570c5c44a0830d,a,LevelDetailsNumberProgress,com/sulake/habbo/room/object/visualization/variablefx/renderers/level/LevelDetailsNumberProgress.as,r1 0.85
LevelDetailsRenderer,a,LevelDetailsRenderer,com/sulake/habbo/room/object/visualization/variablefx/renderers/level/LevelDetailsRenderer.as,nome
_i9dcec8c32c62ab,Iwe,_i9dcec8c32c62ab,,
LevelWithProgressRenderer,a,LevelWithProgressRenderer,com/sulake/habbo/room/object/visualization/variablefx/renderers/level/LevelWithProgressRenderer.as,nome
_i6efbc504472990,iX,NumberDisplayRendererBase,com/sulake/habbo/room/object/visualization/variablefx/renderers/number/NumberDisplayRendererBase.as,r1 0.63
_i37316aafb277bd,nX,class_4305,com/sulake/habbo/room/object/visualization/variablefx/renderers/number/class_4305.as,r1 0.56
BakedColorNumberDisplayRenderer,a,BakedColorNumberDisplayRenderer,com/sulake/habbo/room/object/visualization/variablefx/renderers/number/BakedColorNumberDisplayRenderer.as,nome
_ia27cd49e2ca324,Ewe,_ia27cd49e2ca324,,
RecolorableNumberDisplayRenderer,a,RecolorableNumberDisplayRenderer,com/sulake/habbo/room/object/visualization/variablefx/renderers/number/RecolorableNumberDisplayRenderer.as,nome
_i96287a438137a5,a,VariableFxRendererRegistry,com/sulake/habbo/room/object/visualization/variablefx/VariableFxRendererRegistry.as,r1 0.38
_i53edf27252db07,Wwe,RoomObjectVisualizationFactory,com/sulake/habbo/room/object/RoomObjectVisualizationFactory.as,link r1
RoomObjectVisualizationFactoryBootstrap,Bwe,RoomObjectVisualizationFactoryBootstrap,com/sulake/bootstrap/RoomObjectVisualizationFactoryBootstrap.as,nome
_ia33f03bce82fa4,oX,_ia33f03bce82fa4,,
_i30cab1472eb473,Os,RoomContentLoadedEvent,com/sulake/room/events/RoomContentLoadedEvent.as,r1 1.00
RoomManagerException,lee,RoomManagerException,com/sulake/room/exceptions/RoomManagerException.as,nome
IIDRoomObjectVisualizationFactory,z1,IIDRoomObjectVisualizationFactory,com/sulake/iid/IIDRoomObjectVisualizationFactory.as,nome
_i6ece2f35b0876d,dX,_i6ece2f35b0876d,,
_i74ecb5612bff51,a,class_2258,com/sulake/habbo/room/class_2258.as,r1 0.71
_ifa11931d95ed3c,Awe,class_1778,com/sulake/habbo/room/utils/class_1778.as,r2 0.89
_ife6fc3a9b52a5a,a,class_1865,com/sulake/habbo/room/utils/class_1865.as,r1 0.95
_icfca7cb2d7d36f,a,class_1981,com/sulake/habbo/room/class_1981.as,r1 0.50
_ic963f8e6cbdc1e,fX,class_1769,com/sulake/habbo/room/utils/class_1769.as,r2 0.92
_i75adafb7afbf7d,a,_i75adafb7afbf7d,,
_i232051de556d65,lX,_i232051de556d65,,r2 0.86
_i18d93dd01b076c,a,RoomAreaSelectionManager,com/sulake/habbo/room/utils/RoomAreaSelectionManager.as,r3 0.42
_i689e605d5647e6,Rwe,class_2057,com/sulake/habbo/room/utils/class_2057.as,r2 0.94
_ia9f18440779806,Pwe,class_1761,com/sulake/habbo/room/utils/class_1761.as,r2 0.78
_i5be196442bdc66,_ee,class_1862,package_50/class_1862.as,rif r3 x1
_i80f75fb0bfd290,a,class_1912,com/sulake/habbo/room/utils/class_1912.as,r1 0.82
_ie8acdd5d1c04f0,Dwe,_ie8acdd5d1c04f0,,
_i22200329e429e4,Lwe,class_2198,com/sulake/habbo/room/utils/class_2198.as,r3 0.61
_i42d3ba6ab25577,a,class_1852,com/sulake/habbo/room/utils/class_1852.as,r1 0.92
_ic6c96a9f498fea,a,_ic6c96a9f498fea,,
_i9f2de1cfe6b867,Fwe,_i9f2de1cfe6b867,,
_i994973fb8b03e8,a,RoomObjectModel,com/sulake/room/object/RoomObjectModel.as,r1 0.72
_i6739f2d927a4f7,a,RoomObject,com/sulake/room/object/RoomObject.as,r1 1.00
_i0d7fbac1241f02,Uwe,RoomObjectManager,com/sulake/room/RoomObjectManager.as,r2 0.63
_i0d12989151372c,S0,ObjectLogicBase,com/sulake/room/object/logic/ObjectLogicBase.as,link r1
_i5cd1753188af5f,uee,_i5cd1753188af5f,,
_i075b9cb5a4bd74,a,MovingObjectLogic,com/sulake/habbo/room/object/logic/MovingObjectLogic.as,r2 0.75
_idaa1be9491242e,a,_idaa1be9491242e,,
_iddfbe479a2e0a4,XI,_iddfbe479a2e0a4,,
_ibf1aa2c19499a6,pee,_ibf1aa2c19499a6,,
_ie8e5bafca0d615,mee,_ie8e5bafca0d615,,
_if39d71cba35e7f,gee,_if39d71cba35e7f,,
_i8eba673f438fb6,vee,_i8eba673f438fb6,,
_ib0f987bbfc46a7,a,_ib0f987bbfc46a7,,
_i6bdf21f5c55b93,bX,class_1859,com/sulake/habbo/room/object/logic/furniture/class_1859.as,link r1
_if4cd418738d883,a,class_1860,com/sulake/habbo/room/object/logic/furniture/class_1860.as,r1 0.49
_ieead78a21202a2,ia,_ieead78a21202a2,,
_i71acf5133595cb,jwe,_i71acf5133595cb,,
_iee7459e37b19ea,zwe,_iee7459e37b19ea,,
_i8c3dc0f8af7eca,Qwe,_i8c3dc0f8af7eca,,
_i4e3b0276274778,a,class_1827,com/sulake/habbo/room/object/logic/furniture/class_1827.as,r1 0.66
_i271ca8e9a7b329,Xwe,_i271ca8e9a7b329,,
_i0740395a1bd99e,Ywe,_i0740395a1bd99e,,
_id9944b30979167,Kwe,_id9944b30979167,,
_if52f53208223b6,$we,_if52f53208223b6,,
_i0bc3175e9533f6,Zwe,_i0bc3175e9533f6,,
_i7f5c093fe1ca11,qwe,FurnitureCuckooClockLogic,com/sulake/habbo/room/object/logic/furniture/FurnitureCuckooClockLogic.as,r1 0.49
_i7cbd0f9136e21e,Jwe,_i7cbd0f9136e21e,,
_i6dfc79a91f7142,eye,FurnitureDiceLogic,com/sulake/habbo/room/object/logic/furniture/FurnitureDiceLogic.as,r2 0.54
_iebd5ae50466afe,rye,_iebd5ae50466afe,,
_i3e7d3cec56717a,tye,_i3e7d3cec56717a,,
_ifc4f9166121c52,aye,_ifc4f9166121c52,,
_ic32bb3841fda96,iye,_ic32bb3841fda96,,
_i6439aedd7c17e0,uX,_i6439aedd7c17e0,,
_i1ecbe29bb2d248,nye,_i1ecbe29bb2d248,,
_i533b6fdd5a581d,sye,_i533b6fdd5a581d,,
_i295c6334a9d747,a,class_1977,com/sulake/habbo/room/object/logic/furniture/class_1977.as,r2 0.51
_ia4c380f0e5de2b,a,class_1828,com/sulake/habbo/room/object/logic/furniture/class_1828.as,r1 0.47
_i78bb9d147c98ad,a,_i78bb9d147c98ad,,
_ia806d4fc6737c6,cye,class_2009,com/sulake/habbo/room/object/logic/furniture/class_2009.as,r2 0.45
_ife02fee8328419,a,class_1863,com/sulake/habbo/room/object/logic/furniture/class_1863.as,r2 0.55
_i2d8b70556a3059,fye,_i2d8b70556a3059,,
_i3b5de99acd8e6d,lye,_i3b5de99acd8e6d,,
_ie0889c07477fd3,a,class_1835,com/sulake/habbo/room/object/logic/furniture/class_1835.as,r2 0.43
_i8240c31fcb03d1,_ye,FurnitureHockeyScoreLogic,com/sulake/habbo/room/object/logic/furniture/FurnitureHockeyScoreLogic.as,r1 0.57
_i496d8ac8b187a9,uye,_i496d8ac8b187a9,,
_if0ef273109016c,hye,_if0ef273109016c,,
_i5b6a182d13dae6,pye,FurnitureJukeboxLogic,com/sulake/habbo/room/object/logic/furniture/FurnitureJukeboxLogic.as,r3 0.44
_i7297b66b118e45,mye,_i7297b66b118e45,,
_i73c3ea79070c14,a,FurnitureMannequinLogic,com/sulake/habbo/room/object/logic/furniture/FurnitureMannequinLogic.as,r1 0.58
_i1d29a008ce7564,vye,_i1d29a008ce7564,,
_i720559d360da30,wye,_i720559d360da30,,
_i6a197777779f81,yye,_i6a197777779f81,,
_i58182c41a2acb0,Iye,_i58182c41a2acb0,,
_i009bde352ad1c9,a,FurnitureNftCreditLogic,com/sulake/habbo/room/object/logic/furniture/FurnitureNftCreditLogic.as,r1 0.56
_i239da90dc368e5,Cye,_i239da90dc368e5,,
_ide4760a5506b34,Eye,_ide4760a5506b34,,
_i51e260ebd91560,Mye,_i51e260ebd91560,,
_ie42040cb3a635e,Wye,_ie42040cb3a635e,,
_if645d709041f2e,Bye,_if645d709041f2e,,
_i000a8d1db3bf85,a,FurniturePresentLogic,com/sulake/habbo/room/object/logic/furniture/FurniturePresentLogic.as,r1 0.48
_ib3d2ffe4e56b17,kye,_ib3d2ffe4e56b17,,
_i10037e19d5896f,a,_i10037e19d5896f,,
_i895a1905188281,Rye,_i895a1905188281,,
_i9d6f7341b2cc80,Pye,_i9d6f7341b2cc80,,
_ib136a475f043aa,Sye,_ib136a475f043aa,,
_iae9c9bb81833ac,Dye,_iae9c9bb81833ac,,
_i0f78127ce2d941,a,FurnitureRoomBrandingLogic,com/sulake/habbo/room/object/logic/furniture/FurnitureRoomBrandingLogic.as,r1 0.52
_i906feadd506f6d,Lye,FurnitureRoomBackgroundLogic,com/sulake/habbo/room/object/logic/furniture/FurnitureRoomBackgroundLogic.as,r3 1.00
_i1539450ca517fa,Nye,FurnitureRoomBillboardLogic,com/sulake/habbo/room/object/logic/furniture/FurnitureRoomBillboardLogic.as,r4 0.46
_i4cf711a6040ac6,Oye,_i4cf711a6040ac6,,
_i2094e5e2955149,a,class_1950,com/sulake/habbo/room/object/logic/furniture/class_1950.as,r1 1.00
_i0d71bd86cf0820,Hye,_i0d71bd86cf0820,,
_i3b93d84677a1f6,a,class_2266,com/sulake/habbo/room/object/logic/furniture/class_2266.as,r2 0.48
_i3267fa15a4e78d,Uye,FurnitureSoundMachineLogic,com/sulake/habbo/room/object/logic/furniture/FurnitureSoundMachineLogic.as,r2 0.37
_ifa5875e1aa7e01,Gye,FurnitureStickieLogic,com/sulake/habbo/room/object/logic/furniture/FurnitureStickieLogic.as,r1 0.61
_idc40cc5cc9b6b7,jye,_idc40cc5cc9b6b7,,
_i35919ed96dfbe4,zye,_i35919ed96dfbe4,,
_if18141ba69fe13,a,class_2022,com/sulake/habbo/room/object/logic/furniture/class_2022.as,r1 0.67
_i19605e0eb99c92,Xye,_i19605e0eb99c92,,
_i203b6dc07e2d03,Yye,_i203b6dc07e2d03,,
_iabd0c66dd370c9,Kye,_iabd0c66dd370c9,,
_i4d6b2ea4e00ab6,$ye,_i4d6b2ea4e00ab6,,
_i62a26ee11c9176,Zye,_i62a26ee11c9176,,
_i99e9baf5326dfa,qye,class_2230,com/sulake/habbo/room/object/logic/game/class_2230.as,r2 1.00
_i423297daa5b4b3,Jye,_i423297daa5b4b3,,
_id99fbd1db383ba,a,RoomTileCursorLogic,com/sulake/habbo/room/object/logic/room/RoomTileCursorLogic.as,r1 0.52
_i917497322ffd57,rIe,_i917497322ffd57,,
_i0d4faad08c025e,tIe,_i0d4faad08c025e,,
_i74a4b0638ea85b,aIe,_i74a4b0638ea85b,,
_i1e1e30c5c148cd,iIe,PetInfo,com/sulake/habbo/session/PetInfo.as,r2 0.96
_if9fca5cbc76ac5,a,_if9fca5cbc76ac5,,
_i8fbae7bfabb6c5,a,RoomSession,com/sulake/habbo/session/RoomSession.as,r1 0.37
_ib5b587c5c8d999,Cs,BaseHandler,com/sulake/habbo/session/handler/BaseHandler.as,link r1
_i76e240dce9eb96,sIe,_i76e240dce9eb96,,
_i795d1126dfec06,oIe,_i795d1126dfec06,,
_i20e7c32ed847e4,dIe,_i20e7c32ed847e4,,
_icd29db278fb83b,cIe,_icd29db278fb83b,,
_ie86b940d653add,fIe,_ie86b940d653add,,
_iddb67b9629e4cc,lIe,_iddb67b9629e4cc,,
_i57dfbe01b00d5b,bIe,_i57dfbe01b00d5b,,
_i30cabf432b21c9,_Ie,_i30cabf432b21c9,,
_i5a9c2d9986688e,uIe,_i5a9c2d9986688e,,
_ie71d04bf9880a8,a,RoomSessionHandler,com/sulake/habbo/session/handler/RoomSessionHandler.as,r1 0.81
_i17fb8a0113e22b,hIe,UserData,com/sulake/habbo/session/UserData.as,r2 0.94
_i7bcf97948e1954,pIe,_i7bcf97948e1954,,
_i5e6ec866fbd0ed,mIe,_i5e6ec866fbd0ed,,
_i75896a274ac241,a,_i75896a274ac241,,
_icb3008898b6d0d,vIe,_icb3008898b6d0d,,
_i82cbd16141a96f,Pr,RoomWidgetBase,com/sulake/habbo/ui/widget/RoomWidgetBase.as,link r1
_i72f61517febd2b,a,CameraEffect,com/sulake/habbo/ui/widget/camera/CameraEffect.as,r1 0.96
_i17b2041e2f8a1c,a,_i17b2041e2f8a1c,,
_i3f410f62fc4912,wIe,CameraFxStrengthSlider,com/sulake/habbo/ui/widget/camera/CameraFxStrengthSlider.as,r1 0.65
_i7d90d9a4a248d7,a,PhotoPurchaseConfirmationDialog,com/sulake/habbo/ui/widget/camera/PhotoPurchaseConfirmationDialog.as,r1 0.94
_i3ee8177d1a400b,a,CameraPhotoLab,com/sulake/habbo/ui/widget/camera/CameraPhotoLab.as,r1 0.83
_ic8166e76e7af49,IIe,CameraSlotData,com/sulake/habbo/ui/widget/camera/CameraSlotData.as,r1 1.00
_ia68393c6ac1039,a,CameraViewFinder,com/sulake/habbo/ui/widget/camera/CameraViewFinder.as,r1 0.89
_i39943ef30a7b9b,CIe,CameraWidget,com/sulake/habbo/ui/widget/camera/CameraWidget.as,r1 0.67
_i2c96c92a0cad6b,EIe,RoomThumbnailCameraWidget,com/sulake/habbo/ui/widget/camera/RoomThumbnailCameraWidget.as,r1 0.76
_i4a9600a7ed365d,a,ContextInfoView,com/sulake/habbo/ui/widget/contextmenu/ContextInfoView.as,r1 0.77
_i6f10aa89d93021,a,ButtonMenuView,com/sulake/habbo/ui/widget/contextmenu/ButtonMenuView.as,r1 0.94
_ifa71026768d42e,$i,AvatarContextInfoButtonView,com/sulake/habbo/ui/widget/avatarinfo/AvatarContextInfoButtonView.as,link r1
_icef9a38b00c427,mg,class_2698,com/sulake/habbo/ui/widget/avatarinfo/class_2698.as,r2 0.86
_ifa1e5dbd635f86,a,AvatarMenuView,com/sulake/habbo/ui/widget/avatarinfo/AvatarMenuView.as,r1 0.68
_ib449dd467f115e,a,BreedMonsterPlantsConfirmationView,com/sulake/habbo/ui/widget/avatarinfo/BreedMonsterPlantsConfirmationView.as,r1 0.99
_i4f4da9743c6149,a,BreedPetView,com/sulake/habbo/ui/widget/avatarinfo/BreedPetView.as,r1 0.78
_i4749d1df712823,yee,_i4749d1df712823,,
_ibd90a20027bec8,a,BreedPetsResultView,com/sulake/habbo/ui/widget/avatarinfo/BreedPetsResultView.as,r1 0.97
_ia489d58983a255,a,ConfirmPetBreedingView,com/sulake/habbo/ui/widget/avatarinfo/ConfirmPetBreedingView.as,r1 0.95
_ie20aa5fa58d118,AIe,DecorateModeView,com/sulake/habbo/ui/widget/avatarinfo/DecorateModeView.as,r1 0.69
_id2bda7e35b8871,a,NestBreedingSuccessView,com/sulake/habbo/ui/widget/avatarinfo/NestBreedingSuccessView.as,r1 0.96
_i50731604c31b79,gg,NewUserHelpView,com/sulake/habbo/ui/widget/avatarinfo/NewUserHelpView.as,r1 1.00
_i8a0a9e606bc93b,a,OwnAvatarMenuView,com/sulake/habbo/ui/widget/avatarinfo/OwnAvatarMenuView.as,r1 0.86
_i638841bac35cab,TIe,_i638841bac35cab,,
_ibfe32564695b2a,vg,PetInfoData,com/sulake/habbo/ui/widget/avatarinfo/PetInfoData.as,r2 0.93
_i4860900e82cb4c,a,OwnPetMenuView,com/sulake/habbo/ui/widget/avatarinfo/OwnPetMenuView.as,r1 0.67
_icc48ccf7af3cf5,a,PetMenuView,com/sulake/habbo/ui/widget/avatarinfo/PetMenuView.as,r1 0.65
_icd02ed3a08acf3,vX,class_2504,com/sulake/habbo/ui/widget/avatarinfo/class_2504.as,r2 0.79
_ic50216c9275a21,Es,class_2965,com/sulake/habbo/ui/widget/avatarinfo/botskills/class_2965.as,r1 1.00
_ia990e9b9b98ae3,ch,RentableBotMenuView,com/sulake/habbo/ui/widget/avatarinfo/RentableBotMenuView.as,r1 0.89
_ic70f9e8832b057,a,UseProductConfirmationView,com/sulake/habbo/ui/widget/avatarinfo/UseProductConfirmationView.as,r1 0.94
_ia2d7f49d61d7d0,a,UseProductView,com/sulake/habbo/ui/widget/avatarinfo/UseProductView.as,r1 0.93
_ia7f6eb58e9a30e,Iee,AvatarContextInfoView,com/sulake/habbo/ui/widget/avatarinfo/AvatarContextInfoView.as,link r1
_iaca8ba9a335502,a,UserNameView,com/sulake/habbo/ui/widget/avatarinfo/UserNameView.as,r1 0.75
_i753515df76eb47,a,AvatarInfoWidget,com/sulake/habbo/ui/widget/avatarinfo/AvatarInfoWidget.as,r1 0.38
_i90d8dda96b4ee3,SIe,ChatStyleGridEntry,com/sulake/habbo/ui/widget/chatinput/styleselector/ChatStyleGridEntry.as,rif r2 x1
_i9ac24a3f19afb1,a,ChatStyleGridView,com/sulake/habbo/ui/widget/chatinput/styleselector/ChatStyleGridView.as,r1 1.00
_ic328c9027586c5,a,ChatStyleSelector,com/sulake/habbo/ui/widget/chatinput/styleselector/ChatStyleSelector.as,r1 0.38
_i0122c3c29c9fb0,LIe,_i0122c3c29c9fb0,,
_i7614c151b60899,M5,HabbiconSelectorSection,com/sulake/habbo/ui/widget/chatinput/habbiconselector/HabbiconSelectorSection.as,rif r2 x1
_ib6eee109c4c5b5,a,HabbiconSelector,com/sulake/habbo/ui/widget/chatinput/habbiconselector/HabbiconSelector.as,r1 0.83
_ia8fe3d69367e35,a,RoomChatInputView,com/sulake/habbo/ui/widget/chatinput/RoomChatInputView.as,r1 0.74
_i5377b64960d6f9,a,RoomChatInputWidget,com/sulake/habbo/ui/widget/chatinput/RoomChatInputWidget.as,r2 0.47
_i9e9170b64ef712,xX,_i9e9170b64ef712,,
_i42c6f04c087d37,FIe,FurniChooserTableObject,com/sulake/habbo/ui/widget/chooser/furni/FurniChooserTableObject.as,r2 1.00
_id7abb0e422b7ec,a,FurniView,com/sulake/habbo/ui/widget/chooser/furni/FurniView.as,r1 0.88
_i36225d19530f96,HIe,_i36225d19530f96,,
_i3e724795fb6d96,VIe,UsersChooserTableObject,com/sulake/habbo/ui/widget/chooser/users/UsersChooserTableObject.as,r1 1.00
_ic77b6caa41c3ef,a,UsersView,com/sulake/habbo/ui/widget/chooser/users/UsersView.as,r1 0.85
_i5a2952878a9191,a,_i5a2952878a9191,,
_i7168b9b075d93e,Mi,class_2920,com/sulake/habbo/ui/widget/crafting/utils/class_2920.as,r1 1.00
_iece46080a7f3ee,GIe,CraftingProgressBarController,com/sulake/habbo/ui/widget/crafting/controller/CraftingProgressBarController.as,r1 0.69
_i206ea1af068d0a,a,CraftingInfoController,com/sulake/habbo/ui/widget/crafting/controller/CraftingInfoController.as,r1 0.94
_if60d86b957e459,a,FurniThumbnailRendererBase,com/sulake/habbo/ui/widget/crafting/renderer/FurniThumbnailRendererBase.as,r1 0.66
_i438ecf5cc0af85,zIe,CraftingInventoryItemRenderer,com/sulake/habbo/ui/widget/crafting/renderer/CraftingInventoryItemRenderer.as,rif r2 x1
_if37f59f47bfab8,Cg,CraftingGridControllerBase,com/sulake/habbo/ui/widget/crafting/controller/CraftingGridControllerBase.as,link r1
_i638087170f178e,QIe,CraftingInventoryListController,com/sulake/habbo/ui/widget/crafting/controller/CraftingInventoryListController.as,r1 1.00
_if5400bfec99bca,XIe,CraftingMixerItemRenderer,com/sulake/habbo/ui/widget/crafting/renderer/CraftingMixerItemRenderer.as,rif r2 x1
_i1195931c9dfcca,a,CraftingMixerController,com/sulake/habbo/ui/widget/crafting/controller/CraftingMixerController.as,r1 1.00
_ie4cee413b7dab0,KIe,CraftingRecipeItemRenderer,com/sulake/habbo/ui/widget/crafting/renderer/CraftingRecipeItemRenderer.as,rif r2 x1
_i535c15d86e72c4,Eg,CraftingFurnitureItem,com/sulake/habbo/ui/widget/crafting/utils/CraftingFurnitureItem.as,r2 0.63
_i9027f6b019b9c4,$Ie,CraftingRecipeListController,com/sulake/habbo/ui/widget/crafting/controller/CraftingRecipeListController.as,r1 0.58
_i6e791c446e0c07,a,CraftingWidget,com/sulake/habbo/ui/widget/crafting/CraftingWidget.as,r1 0.76
_iaa0ffb9723fcea,qIe,DoorbellView,com/sulake/habbo/ui/widget/doorbell/DoorbellView.as,r1 0.95
_i0722d7723e5457,a,DoorbellWidget,com/sulake/habbo/ui/widget/doorbell/DoorbellWidget.as,r2 0.56
_ie84ecdd93597f7,a,EffectView,com/sulake/habbo/ui/widget/effects/EffectView.as,r1 0.86
_icc92bbe42723f1,a,EffectsWidget,com/sulake/habbo/ui/widget/effects/EffectsWidget.as,r1 0.94
_i834f366a5f30b3,txe,FriendRequestDialog,com/sulake/habbo/ui/widget/friendrequest/FriendRequestDialog.as,r1 0.71
_i4a4d87dfc39421,axe,FriendRequestWidget,com/sulake/habbo/ui/widget/friendrequest/FriendRequestWidget.as,r2 0.39
_i84e266c8cad221,a,CustomStackHeightWidget,com/sulake/habbo/ui/widget/furniture/CustomStackHeightWidget.as,r1 0.68
_ie4a34d39626df4,a,AreaHideFurniWidget,com/sulake/habbo/ui/widget/furniture/areahide/AreaHideFurniWidget.as,r1 0.86
_i226e02bd3d4093,a,BackgroundColorWidgetSlider,com/sulake/habbo/ui/widget/furniture/backgroundcolor/BackgroundColorWidgetSlider.as,r1 1.00
_i8c319734d71aaf,a,BackgroundColorFurniWidget,com/sulake/habbo/ui/widget/furniture/backgroundcolor/BackgroundColorFurniWidget.as,r1 0.97
_ia165be8f33be85,a,ClothingChangeFurnitureWidget,com/sulake/habbo/ui/widget/furniture/clothingchange/ClothingChangeFurnitureWidget.as,r1 0.61
_ic9464bc2f1f10b,a,EffectBoxOpenDialogView,com/sulake/habbo/ui/widget/furniture/effectbox/EffectBoxOpenDialogView.as,r1 0.92
_i2b2d1e5d121c0d,Yo,FurnitureContextInfoView,com/sulake/habbo/ui/widget/furniture/contextmenu/FurnitureContextInfoView.as,link r1
_ic2756adaa93116,Cee,FriendFurniContextMenuView,com/sulake/habbo/ui/widget/furniture/friendfurni/FriendFurniContextMenuView.as,r1 0.73
_i65279069478f2e,dxe,GuildFurnitureContextMenuView,com/sulake/habbo/ui/widget/furniture/guildfurnicontextmenu/GuildFurnitureContextMenuView.as,r1 0.87
_i834be4f5fbfdeb,Eee,MysteryBoxContextMenuView,com/sulake/habbo/ui/widget/furniture/mysterybox/MysteryBoxContextMenuView.as,r1 0.85
_id1ca2613e8f036,a,MysteryBoxToolbarExtension,com/sulake/habbo/ui/widget/furniture/mysterybox/MysteryBoxToolbarExtension.as,r1 0.91
_i567ad9ba21c117,cxe,MysteryBoxOpenDialogView,com/sulake/habbo/ui/widget/furniture/mysterybox/MysteryBoxOpenDialogView.as,r1 0.98
_i61ea4fdd7b758c,a,MysteryTrophyOpenDialogView,com/sulake/habbo/ui/widget/furniture/mysterytrophy/MysteryTrophyOpenDialogView.as,r1 0.93
_ie043dbe60c3dff,Wee,GenericUsableFurnitureContextMenuView,com/sulake/habbo/ui/widget/furniture/contextmenu/GenericUsableFurnitureContextMenuView.as,r1 0.71
_ic6e943c372520c,a,MonsterPlantSeedConfirmationView,com/sulake/habbo/ui/widget/furniture/contextmenu/MonsterPlantSeedConfirmationView.as,r1 0.92
_i9a000fc5ada44f,fxe,MonsterPlantSeedContextMenuView,com/sulake/habbo/ui/widget/furniture/contextmenu/MonsterPlantSeedContextMenuView.as,r1 0.80
_i5388f65d6e31c9,a,PurchasableClothingConfirmationView,com/sulake/habbo/ui/widget/furniture/contextmenu/PurchasableClothingConfirmationView.as,r1 0.98
_i9022b0638af3a9,lxe,RandomTeleportContextMenuView,com/sulake/habbo/ui/widget/furniture/contextmenu/RandomTeleportContextMenuView.as,r1 0.71
_i487e6e30b32bd2,bxe,FurnitureContextMenuWidget,com/sulake/habbo/ui/widget/furniture/contextmenu/FurnitureContextMenuWidget.as,r2 0.44
_i8ef1c1be6a1569,a,CreditFurniWidget,com/sulake/habbo/ui/widget/furniture/credit/CreditFurniWidget.as,r1 0.85
_i43436edd61d81f,uxe,DimmerViewAlphaSlider,com/sulake/habbo/ui/widget/furniture/dimmer/DimmerViewAlphaSlider.as,r2 0.84
_i4b9511cf387b2b,hxe,DimmerViewColorGrid,com/sulake/habbo/ui/widget/furniture/dimmer/DimmerViewColorGrid.as,r1 0.95
_iec80e4a8c23e5f,a,DimmerView,com/sulake/habbo/ui/widget/furniture/dimmer/DimmerView.as,r1 0.94
_i0973b3ad4e4c9d,mxe,_i0973b3ad4e4c9d,,
_i4c04346bce7a60,a,DimmerFurniWidget,com/sulake/habbo/ui/widget/furniture/dimmer/DimmerFurniWidget.as,r2 0.72
_i89745755cb7a5e,a,EcotronBoxFurniWidget,com/sulake/habbo/ui/widget/furniture/ecotronbox/EcotronBoxFurniWidget.as,r1 0.69
_i61bb441827e106,a,ExternalImageWidget,com/sulake/habbo/ui/widget/furniture/externalimage/ExternalImageWidget.as,r1 0.86
_ibc4a604f9f0a51,yxe,FriendFurniConfirmWidget,com/sulake/habbo/ui/widget/furniture/friendfurni/FriendFurniConfirmWidget.as,r1 0.95
_i6b2c24eeb663c0,a,FriendFurniEngravingView,com/sulake/habbo/ui/widget/furniture/friendfurni/FriendFurniEngravingView.as,r1 0.85
_ief831903465097,Ixe,HabboweenEngravingView,com/sulake/habbo/ui/widget/furniture/friendfurni/HabboweenEngravingView.as,r1 1.00
_if749c2519a79a7,xxe,LoveLockEngravingView,com/sulake/habbo/ui/widget/furniture/friendfurni/LoveLockEngravingView.as,r1 1.00
_i88a01d647caaf2,Cxe,WildWestEngravingView,com/sulake/habbo/ui/widget/furniture/friendfurni/WildWestEngravingView.as,r1 1.00
_i77fad838e3a1bf,Exe,FriendFurniEngravingWidget,com/sulake/habbo/ui/widget/furniture/friendfurni/FriendFurniEngravingWidget.as,r2 0.45
_i816d1c5f1eb067,a,HighScoreDisplayWidget,com/sulake/habbo/ui/widget/furniture/highscore/HighScoreDisplayWidget.as,r1 0.81
_ie4eb1e1696637d,a,MannequinWidget,com/sulake/habbo/ui/widget/furniture/mannequin/MannequinWidget.as,r1 0.96
_ied0a793609eae6,Bxe,PetPackageFurniWidget,com/sulake/habbo/ui/widget/furniture/petpackage/PetPackageFurniWidget.as,r1 0.77
_ib5ef6ab1488e70,Axe,PlaceholderView,com/sulake/habbo/ui/widget/furniture/placeholder/PlaceholderView.as,r1 0.90
_i12c58bc80d1a99,kxe,PlaceholderWidget,com/sulake/habbo/ui/widget/furniture/placeholder/PlaceholderWidget.as,r2 0.60
_iaf88645a905721,a,PresentFurniWidget,com/sulake/habbo/ui/widget/furniture/present/PresentFurniWidget.as,r1 0.81
_i85e27b6035b135,a,RentableSpaceDisplayWidget,com/sulake/habbo/ui/widget/furniture/rentablespace/RentableSpaceDisplayWidget.as,r1 0.98
_i16709fc29f2034,a,CustomUserNotificationWidget,com/sulake/habbo/ui/widget/furniture/requirementsmissing/CustomUserNotificationWidget.as,r1 0.93
_ic20aa64dd4a93f,Pxe,_ic20aa64dd4a93f,,
_i6b6a9985f61bda,a,StickieFurniWidget,com/sulake/habbo/ui/widget/furniture/stickie/StickieFurniWidget.as,r1 0.84
_i8e77c984fbd756,Sxe,SpamWallPostItFurniWidget,com/sulake/habbo/ui/widget/furniture/stickie/SpamWallPostItFurniWidget.as,r1 0.51
_ie4eefac8d60107,a,TrophyTheme,com/sulake/habbo/ui/widget/furniture/trophy/TrophyTheme.as,r1 1.00
_i416619cc42513a,WX,TrophyView,com/sulake/habbo/ui/widget/furniture/trophy/TrophyView.as,r1 0.94
_i52f30627109492,Dxe,AchievementResolutionTrophyFurniWidget,com/sulake/habbo/ui/widget/furniture/trophy/AchievementResolutionTrophyFurniWidget.as,r1 0.66
_ie6a3e2be1f6602,Lxe,NikoTrophyView,com/sulake/habbo/ui/widget/furniture/trophy/NikoTrophyView.as,r1 0.98
_if225c4fdd9e945,a,TrophyFurniWidget,com/sulake/habbo/ui/widget/furniture/trophy/TrophyFurniWidget.as,r1 0.78
_iabdfb93a7546d4,BX,YoutubeDisplayWidget,com/sulake/habbo/ui/widget/furniture/video/YoutubeDisplayWidget.as,r1 0.47
_i4366dba4674c30,Nxe,_i4366dba4674c30,,
_ic6a39627f1e0b7,Oxe,_ic6a39627f1e0b7,,
_i76a90094ad3bff,Fxe,CommandConfiguration,com/sulake/habbo/ui/widget/infostand/CommandConfiguration.as,r2 1.00
_i127ff8e7a8995e,Hxe,InfoStandBotView,com/sulake/habbo/ui/widget/infostand/InfoStandBotView.as,r1 0.92
_i69a99f9e7c6e7e,AX,InfoStandFurniData,com/sulake/habbo/ui/widget/infostand/InfoStandFurniData.as,r2 0.95
_i0f10dd31918f8e,a,InfoStandFurniView,com/sulake/habbo/ui/widget/infostand/InfoStandFurniView.as,r1 0.80
_i4e70c47ad8bd41,Vxe,InfoStandCrackableFurniView,com/sulake/habbo/ui/widget/infostand/InfoStandCrackableFurniView.as,r1 0.90
_i0e355522c53629,Uxe,InfoStandJukeboxView,com/sulake/habbo/ui/widget/infostand/InfoStandJukeboxView.as,r1 0.89
_ie10aa5e41ead8c,Gxe,InfoStandPetData,com/sulake/habbo/ui/widget/infostand/InfoStandPetData.as,r2 0.97
_i9392c374560138,a,PetCommandTool,com/sulake/habbo/ui/widget/infostand/PetCommandTool.as,r1 0.75
_i907e4f6ee4d4d2,zxe,class_3912,com/sulake/habbo/ui/widget/infostand/class_3912.as,r2 0.52
_i4579a074802588,a,InfoStandPetView,com/sulake/habbo/ui/widget/infostand/InfoStandPetView.as,r1 0.94
_i870cefdc7ed278,Xxe,InfoStandRentableBotData,com/sulake/habbo/ui/widget/infostand/InfoStandRentableBotData.as,r2 1.00
_i829a4b39d5b110,a,InfoStandRentableBotView,com/sulake/habbo/ui/widget/infostand/InfoStandRentableBotView.as,r1 0.88
_i388c88cac39fb0,Kxe,InfoStandSongDiskView,com/sulake/habbo/ui/widget/infostand/InfoStandSongDiskView.as,r1 0.83
_i95d64984c45438,$xe,InfoStandUserData,com/sulake/habbo/ui/widget/infostand/InfoStandUserData.as,r2 0.88
_i807bbb1715b665,Zxe,TagListRenderer,com/sulake/habbo/ui/widget/infostand/TagListRenderer.as,r1 0.87
_ibfa878a79cbe40,a,InfoStandUserView,com/sulake/habbo/ui/widget/infostand/InfoStandUserView.as,r1 0.93
_ib70b793bc60aff,a,InfoStandWidget,com/sulake/habbo/ui/widget/infostand/InfoStandWidget.as,r1 0.40
_id2763166e71c58,eCe,LoadingBarWidget,com/sulake/habbo/ui/widget/loadingbar/LoadingBarWidget.as,r1 0.51
_i45d9a48612e977,rCe,MeMenuDanceView,com/sulake/habbo/ui/widget/memenu/MeMenuDanceView.as,r1 0.93
_ia8a8bd0c654777,a,MeMenuMainView,com/sulake/habbo/ui/widget/memenu/MeMenuMainView.as,r1 0.89
_i9512c820b08983,tCe,_i9512c820b08983,,
_ieb0bad0ad93dbe,aCe,MeMenuSoundSettingsSlider,com/sulake/habbo/toolbar/memenu/soundsettings/MeMenuSoundSettingsSlider.as,r2 0.93
_ie5ea7e9f3d3010,a,MeMenuSoundSettingsItem,com/sulake/habbo/ui/widget/memenu/soundsettings/MeMenuSoundSettingsItem.as,r1 0.81
_i885a2f84c1c472,iCe,MeMenuSoundSettingsView,com/sulake/habbo/ui/widget/memenu/soundsettings/MeMenuSoundSettingsView.as,r1 0.69
_i89645fce0539d9,a,MeMenuWidget,com/sulake/habbo/ui/widget/memenu/MeMenuWidget.as,r1 0.51
_i87ba68a0359367,a,MusicInventoryGridItem,com/sulake/habbo/ui/widget/playlisteditor/MusicInventoryGridItem.as,r1 1.00
_ie1bbcfedb4dfd3,nCe,MusicInventoryGridView,com/sulake/habbo/ui/widget/playlisteditor/MusicInventoryGridView.as,r1 0.49
_i04a56cb3cf39f8,Ko,class_3939,com/sulake/habbo/ui/widget/playlisteditor/class_3939.as,r1 1.00
_i4b0a9d1bdc53dd,a,MusicInventoryStatusView,com/sulake/habbo/ui/widget/playlisteditor/MusicInventoryStatusView.as,r1 0.87
_ieb1422ae3889af,a,PlayListEditorItem,com/sulake/habbo/ui/widget/playlisteditor/PlayListEditorItem.as,r1 1.00
_i073931f2f0bba2,sCe,_i073931f2f0bba2,,
_if0ac1127ca58f1,a,PlayListStatusView,com/sulake/habbo/ui/widget/playlisteditor/PlayListStatusView.as,r1 0.98
_i2e3651d0e08c42,a,MainWindowHandler,com/sulake/habbo/ui/widget/playlisteditor/MainWindowHandler.as,r1 0.56
_ia4595a858c8a71,a,PlayListEditorWidget,com/sulake/habbo/ui/widget/playlisteditor/PlayListEditorWidget.as,r2 0.39
_ic1b89d6fa944bd,Tee,PollContentDialog,com/sulake/habbo/ui/widget/poll/PollContentDialog.as,r1 0.96
_ic06021027b402d,a,PollOfferDialog,com/sulake/habbo/ui/widget/poll/PollOfferDialog.as,r1 0.87
_ic5a4e33935af5e,cCe,PollSession,com/sulake/habbo/ui/widget/poll/PollSession.as,r1 1.00
_ic6e81ef7e17882,fCe,PollWidget,com/sulake/habbo/ui/widget/poll/PollWidget.as,r2 0.50
_ie3ccaacf060e9f,lCe,RoomQueueWidget,com/sulake/habbo/ui/widget/roomqueue/RoomQueueWidget.as,r1 0.71
_i3027ee33afa33e,p_,RoomToolsCtrlBase,com/sulake/habbo/ui/widget/roomtools/RoomToolsCtrlBase.as,r1 0.87
_id442b9f2ff4cc7,a,RoomToolsInfoCtrl,com/sulake/habbo/ui/widget/roomtools/RoomToolsInfoCtrl.as,r1 0.75
_i233b553f5aa215,a,RoomToolsHistory,com/sulake/habbo/ui/widget/roomtools/RoomToolsHistory.as,r1 0.92
_i9298adb12bfa9e,a,RoomToolsToolbarCtrl,com/sulake/habbo/ui/widget/roomtools/RoomToolsToolbarCtrl.as,r1 0.92
_id7115ede480faf,a,RoomVisitHistoryEntry,com/sulake/habbo/ui/widget/roomtools/RoomVisitHistoryEntry.as,r2 1.00
_i59213a3e58e812,a,RoomVisitHistory,com/sulake/habbo/ui/widget/roomtools/RoomVisitHistory.as,r1 1.00
_i5fb4c00ce52ab2,a,RoomToolsWidget,com/sulake/habbo/ui/widget/roomtools/RoomToolsWidget.as,r1 0.71
_i00a253761c8ccd,gCe,HelpBubbleItem,com/sulake/habbo/ui/widget/uihelpbubbles/HelpBubbleItem.as,r2 0.60
_i1ed6da471a3c64,vCe,UiHelpBubble,com/sulake/habbo/ui/widget/uihelpbubbles/UiHelpBubble.as,r1 0.94
UiHelpBubbleIconEnum,Pee,UiHelpBubbleIconEnum,com/sulake/habbo/ui/widget/uihelpbubbles/UiHelpBubbleIconEnum.as,nome
_if98c0e0f0165f5,wCe,UiHelpBubblesWidget,com/sulake/habbo/ui/widget/uihelpbubbles/UiHelpBubblesWidget.as,r1 0.35
_i411d38a0520560,a,WordQuizView,com/sulake/habbo/ui/widget/wordquiz/WordQuizView.as,r1 0.81
_i72c36f26e55b6a,a,WordQuizWidget,com/sulake/habbo/ui/widget/wordquiz/WordQuizWidget.as,r1 0.73
_ib7455301508c29,yCe,_ib7455301508c29,,
_i553898c59253ac,ICe,_i553898c59253ac,,
_i40e41479ebf1d6,a,class_2749,com/sulake/habbo/ui/class_2749.as,r1 0.77
_if783f98ab3517a,CCe,_if783f98ab3517a,,
_i8aa60cf7752841,ECe,CameraWidgetHandler,com/sulake/habbo/ui/handler/CameraWidgetHandler.as,r2 0.47
_i56969680557c90,a,ChatInputWidgetHandler,com/sulake/habbo/ui/handler/ChatInputWidgetHandler.as,r1 0.85
_i87f7316abcc27f,WCe,_i87f7316abcc27f,,
_i76099cd02223e2,BCe,CraftingWidgetHandler,com/sulake/habbo/ui/handler/CraftingWidgetHandler.as,r3 0.38
_i5821f8d59735ae,ACe,_i5821f8d59735ae,,
_ie48b1d7737c635,kCe,_ie48b1d7737c635,,
_if8669f2118a79c,TCe,class_3320,com/sulake/habbo/ui/handler/class_3320.as,r4 0.37
_i443c847635aa66,RCe,ExternalImageWidgetHandler,com/sulake/habbo/ui/handler/ExternalImageWidgetHandler.as,r1 0.54
_ic35f7fe3fc7b4a,PCe,class_2468,com/sulake/habbo/ui/handler/class_2468.as,r2 0.52
_i257ef750370511,SCe,class_2877,com/sulake/habbo/ui/handler/class_2877.as,r4 0.38
_i8af23fb20a7d10,DCe,_i8af23fb20a7d10,,
_i931c587734d43c,LCe,_i931c587734d43c,,
_if87133d90f4986,NCe,_if87133d90f4986,,
_i3ddf16498bf9dc,a,FurnitureBadgeDisplayWidgetHandler,com/sulake/habbo/ui/handler/FurnitureBadgeDisplayWidgetHandler.as,r1 0.82
_i33d4e7fb80a4cc,a,FurnitureClothingChangeWidgetHandler,com/sulake/habbo/ui/handler/FurnitureClothingChangeWidgetHandler.as,r2 0.37
_id5ecc21eb86b59,a,_id5ecc21eb86b59,,
_i9667853c680298,VCe,_i9667853c680298,,
_id564e63da488c3,UCe,_id564e63da488c3,,
_i0646423a40ec22,GCe,_i0646423a40ec22,,
_i957fa92898f3ec,jCe,_i957fa92898f3ec,,
_iab13b3950b1b8f,a,class_3494,com/sulake/habbo/ui/handler/class_3494.as,r1 0.36
_i5297e33f5eb882,a,FurniturePresentWidgetHandler,com/sulake/habbo/ui/handler/FurniturePresentWidgetHandler.as,r1 0.40
_i247b0ca1f6c5a5,XCe,_i247b0ca1f6c5a5,,
_ic55260dbbeb5f1,a,FurnitureRoomLinkHandler,com/sulake/habbo/ui/handler/FurnitureRoomLinkHandler.as,r1 0.67
_ia988f6899b904d,KCe,_ia988f6899b904d,,
_ia4de0a71b31cb4,$Ce,_ia4de0a71b31cb4,,
_if7bc470a5ba277,a,class_3348,com/sulake/habbo/ui/handler/class_3348.as,r1 0.38
_i3085de0f1bffe8,qCe,_i3085de0f1bffe8,,
_i45b84ce927bac1,ex,ChooserItem,com/sulake/habbo/ui/widget/chooser/ChooserItem.as,r1 1.00
_i7c92299dcbbf61,JCe,_i7c92299dcbbf61,,
_i368c5b612eb4e1,eEe,_i368c5b612eb4e1,,
_if38921ddcfa024,rEe,_if38921ddcfa024,,
_iec1e38f428606b,tEe,_iec1e38f428606b,,
_ida8978e04d483c,aEe,_ida8978e04d483c,,
_ie32516cfa93bc4,iEe,_ie32516cfa93bc4,,
_i584ed2dff7febe,nEe,_i584ed2dff7febe,,
_i71b57f6149e2ea,sEe,PetPackageFurniWidgetHandler,com/sulake/habbo/ui/handler/PetPackageFurniWidgetHandler.as,r4 0.37
_i54e410066cd13f,oEe,_i54e410066cd13f,,
_i33a474905b06d5,dEe,_i33a474905b06d5,,
_i2385b3773e3f75,cEe,_i2385b3773e3f75,,
_ideb38a57371232,fEe,_ideb38a57371232,,
_i9c74f73f094a9f,lEe,RoomThumbnailCameraWidgetHandler,com/sulake/habbo/ui/handler/RoomThumbnailCameraWidgetHandler.as,r1 0.80
_ie5864b61bc82b7,bEe,RoomToolsWidgetHandler,com/sulake/habbo/ui/handler/RoomToolsWidgetHandler.as,r1 0.53
_i8a1f54468ce118,_Ee,SpamWallPostItWidgetHandler,com/sulake/habbo/ui/handler/SpamWallPostItWidgetHandler.as,r1 0.40
_i9d4bfb94c10006,uEe,_i9d4bfb94c10006,,
_iee2ef9c53a9ddd,hEe,_iee2ef9c53a9ddd,,
_ic95acf034a17b5,pEe,_ic95acf034a17b5,,
_ic8c6cf7245e3cb,a,_ic8c6cf7245e3cb,,
_i6729bb645ea05d,a,_i6729bb645ea05d,,
RoomUIBootstrap,gEe,RoomUIBootstrap,com/sulake/bootstrap/RoomUIBootstrap.as,nome
_iea7eec089a9432,a,BadgeImageManager,com/sulake/habbo/session/BadgeImageManager.as,r1 0.95
_i6133bf74eed29e,vEe,BlockedUsersManager,com/sulake/habbo/session/BlockedUsersManager.as,r1 0.74
_ibf6442cab0de8c,a,FurniIconImageManager,com/sulake/habbo/session/FurniIconImageManager.as,r1 0.85
_i7a33e0d3bbbc56,yEe,HabboGroupInfoManager,com/sulake/habbo/session/HabboGroupInfoManager.as,rif r2 x1
_i0c57a95900ea88,IEe,IgnoredUsersManager,com/sulake/habbo/session/IgnoredUsersManager.as,r2 0.59
_ibae911be0a4b7c,xEe,PerkManager,com/sulake/habbo/session/PerkManager.as,rif r2 x1
_i232051de556d65,xf,_i232051de556d65,,r2 0.86
_ifce5f118c136d0,a,FurnitureDataParser,com/sulake/habbo/session/furniture/FurnitureDataParser.as,r1 0.73
_icdf87d94f6e96e,SX,_icdf87d94f6e96e,,
_ida43bde8bb5d5f,a,ProductDataParser,com/sulake/habbo/session/product/ProductDataParser.as,r1 0.67
_if2d5b58a0b2964,a,SessionDataManager,com/sulake/habbo/session/SessionDataManager.as,r1 0.61
_if02a1918f4f7f0,EEe,_if02a1918f4f7f0,,
_if98cddcc8836a1,LX,HabboSoundBase,com/sulake/habbo/sound/HabboSoundBase.as,link r1
_idd2bf75d7f3a2f,a,HabboSoundWithPitch,com/sulake/habbo/sound/HabboSoundWithPitch.as,r1 0.48
_ie7c28677746028,MEe,FurniSamplePlaybackManager,com/sulake/habbo/sound/furni/FurniSamplePlaybackManager.as,r2 0.42
_i044760197c5b0d,Y1,_i044760197c5b0d,,r2 0.60
_iafc579740e8549,a,_iafc579740e8549,,
_i1cdade9e16e263,BEe,_i1cdade9e16e263,,
_i3704a8e1e0b812,a,_i3704a8e1e0b812,,
_i3a140a9639f977,a,_i3a140a9639f977,,
_i1f262830f4a4e6,a,TraxSample,com/sulake/habbo/sound/trax/TraxSample.as,r1 1.00
_ie6d1b530e39888,a,TraxSampleManager,com/sulake/habbo/sound/music/TraxSampleManager.as,r1 0.52
_i977f1dee8b8409,REe,TraxChannel,com/sulake/habbo/sound/trax/TraxChannel.as,r2 0.46
_iee1d8022c3d640,PEe,TraxChannelItem,com/sulake/habbo/sound/trax/TraxChannelItem.as,rif r2 x1
_ie6c252e54bec82,SEe,TraxData,com/sulake/habbo/sound/trax/TraxData.as,r1 1.00
_ia62f79decb5f48,See,TraxChannelSample,com/sulake/habbo/sound/trax/TraxChannelSample.as,r4 1.00
_ic03dd2a77de473,a,TraxSequencer,com/sulake/habbo/sound/trax/TraxSequencer.as,r1 0.68
_i598ce0fe1eeee6,a,HabboSoundManagerFlash10,com/sulake/habbo/sound/HabboSoundManagerFlash10.as,r2 0.36
HabboSoundManagerFlash10Bootstrap,NEe,HabboSoundManagerFlash10Bootstrap,com/sulake/bootstrap/HabboSoundManagerFlash10Bootstrap.as,nome
_iffe110b74a1377,a,CalendarItemWiggle,com/sulake/habbo/campaign/calendar/CalendarItemWiggle.as,r1 0.86
_i7b4d38cae23a25,a,CalendarItem,com/sulake/habbo/campaign/calendar/CalendarItem.as,r1 0.66
_i2b8b57f763b8bd,FEe,CalendarSpinnerUtil,com/sulake/habbo/campaign/calendar/CalendarSpinnerUtil.as,r1 0.73
_i5214c973cffec6,a,CalendarView,com/sulake/habbo/campaign/calendar/CalendarView.as,r1 0.93
_i8a76ef9fa8555c,VEe,HabboCampaigns,com/sulake/habbo/campaign/HabboCampaigns.as,r1 1.00
_i438aa56552b2e3,UEe,NuxGiftSelectionView,com/sulake/habbo/nux/NuxGiftSelectionView.as,r1 0.97
_i73d1d6187e7005,GEe,NuxNoobRoomOfferView,com/sulake/habbo/nux/NuxNoobRoomOfferView.as,r1 0.91
_ief27c0efcbe509,jEe,NuxOfferOldUserView,com/sulake/habbo/nux/NuxOfferOldUserView.as,r1 0.91
_i0a806489fb4a2e,zEe,HabboNuxDialogs,com/sulake/habbo/nux/HabboNuxDialogs.as,r1 0.68
_id50af1bfbd5c16,a,PhoneNumberCollectMinimizedView,com/sulake/habbo/phonenumber/PhoneNumberCollectMinimizedView.as,r1 0.71
_ibde46d4ad54bb0,a,PhoneNumberCollectView,com/sulake/habbo/phonenumber/PhoneNumberCollectView.as,r1 0.69
_i5d5c447f22aee9,a,VerificationCodeInputMinimizedView,com/sulake/habbo/phonenumber/VerificationCodeInputMinimizedView.as,r1 0.71
_i755aef643f76b2,a,VerificationCodeInputView,com/sulake/habbo/phonenumber/VerificationCodeInputView.as,r1 0.92
_i0791a9f13e2a90,$Ee,HabboPhoneNumber,com/sulake/habbo/phonenumber/HabboPhoneNumber.as,r1 0.75
_i641e26644d02ac,ZEe,IIDHabboCampaigns,com/sulake/iid/IIDHabboCampaigns.as,rif r2 x1
_i2a129d21ac843c,qEe,IIDHabboNuxDialogs,com/sulake/iid/IIDHabboNuxDialogs.as,rif r2 x1
_ibea0042195ffff,JEe,IIDHabboPhoneNumber,com/sulake/iid/IIDHabboPhoneNumber.as,rif r2 x1
_if687f0b68f6963,eMe,BottomBackgroundBorder,com/sulake/habbo/toolbar/BottomBackgroundBorder.as,r1 0.55
_id457b02a15b536,OX,AbstractSubMenuController,com/sulake/habbo/toolbar/abstractsubmenu/AbstractSubMenuController.as,r1 0.63
_idd8d99f55a58d4,rMe,MeMenuNewIconLoader,com/sulake/habbo/toolbar/memenu/MeMenuNewIconLoader.as,rif r2 x1
_i0b3f8b77a65efb,a,MeMenuNewController,com/sulake/habbo/toolbar/memenu/MeMenuNewController.as,r1 0.88
_i71e2148633d9a0,aMe,ProgMenuController,com/sulake/habbo/toolbar/progmenu/ProgMenuController.as,r1 0.85
_ibc1f178303963c,a,BottomBarLeft,com/sulake/habbo/toolbar/BottomBarLeft.as,r1 0.59
_i200d517636857d,a,_i200d517636857d,,
_i4ca8c16e8e75c6,nMe,CitizenshipVipDiscountPromoExtension,com/sulake/habbo/toolbar/extensions/CitizenshipVipDiscountPromoExtension.as,r1 0.76
_i4b719a04aad1e9,sMe,CitizenshipVipQuestsPromoExtension,com/sulake/habbo/toolbar/extensions/CitizenshipVipQuestsPromoExtension.as,r1 0.75
_i9ae7a45195b169,a,ClubDiscountPromoExtension,com/sulake/habbo/toolbar/extensions/ClubDiscountPromoExtension.as,r1 0.86
_i7ec5bd3102cda2,a,CurrencyIndicatorBase,com/sulake/habbo/toolbar/extensions/purse/CurrencyIndicatorBase.as,r1 0.71
_i1f3e580416c21f,a,PurseClubArea,com/sulake/habbo/toolbar/extensions/purse/PurseClubArea.as,r1 1.00
_id57b9e7142e781,a,PurseAreaExtension,com/sulake/habbo/toolbar/extensions/PurseAreaExtension.as,r1 0.76
_ic57ad9cd4889d4,fMe,ChatSettingsView,com/sulake/habbo/toolbar/extensions/settings/ChatSettingsView.as,r1 0.97
_i4c372bcdde2472,lMe,OtherSettingsView,com/sulake/habbo/toolbar/extensions/settings/OtherSettingsView.as,r1 0.95
_ieb0bad0ad93dbe,Lee,MeMenuSoundSettingsSlider,com/sulake/habbo/toolbar/memenu/soundsettings/MeMenuSoundSettingsSlider.as,r2 0.93
_i1919838f137a34,a,_i1919838f137a34,,
_ia8ebcf7c6b2a30,bMe,SoundSettingsView,com/sulake/habbo/toolbar/extensions/settings/SoundSettingsView.as,r2 0.97
_ia79883c0fbd2af,_Me,WordFilterSettingsView,com/sulake/habbo/toolbar/extensions/settings/WordFilterSettingsView.as,r1 0.78
_i2ecd30a6111f49,a,SettingsExtension,com/sulake/habbo/toolbar/extensions/SettingsExtension.as,r1 0.90
_i7744255db12398,a,VideoOfferExtension,com/sulake/habbo/toolbar/extensions/VideoOfferExtension.as,r1 0.93
_ia0b696a4f4206b,a,SeasonalCurrencyIndicator,com/sulake/habbo/toolbar/extensions/purse/indicators/SeasonalCurrencyIndicator.as,r1 0.95
_ia41927851e178c,mMe,OfferExtension,com/sulake/habbo/toolbar/offers/OfferExtension.as,r1 0.74
_if21c3927bcc2ec,gMe,HabboToolbar,com/sulake/habbo/toolbar/HabboToolbar.as,r1 0.45
HabboToolbarBootstrap,vMe,HabboToolbarBootstrap,com/sulake/bootstrap/HabboToolbarBootstrap.as,nome
_ifffc223d172097,Nee,_ifffc223d172097,,r2 0.64
_i46d934ddae6ccc,a,Util,com/sulake/habbo/roomevents/Util.as,r1 0.68
_ic88d6d9c8eaf36,Te,WiredUIPreset,com/sulake/habbo/roomevents/wired_setup/uibuilder/presets/WiredUIPreset.as,r1 1.00
_i5e830860c36106,wMe,_i5e830860c36106,,
_i810755096381fa,yMe,AlignRightWrapperPreset,com/sulake/habbo/roomevents/wired_setup/uibuilder/presets/AlignRightWrapperPreset.as,r1 1.00
_idf86305abdb876,IMe,CenteredContainerPreset,com/sulake/habbo/roomevents/wired_setup/uibuilder/presets/CenteredContainerPreset.as,r1 0.72
_i65b0dc2f8df13c,xMe,AssetButtonPreset,com/sulake/habbo/roomevents/wired_setup/uibuilder/presets/AssetButtonPreset.as,r2 0.75
_i56fd4ebd3ffc7a,a,VerticalSplitterPreset,com/sulake/habbo/roomevents/wired_setup/uibuilder/presets/VerticalSplitterPreset.as,r1 1.00
_i06f0d4500d7992,CMe,AssetButtonRowPreset,com/sulake/habbo/roomevents/wired_setup/uibuilder/presets/AssetButtonRowPreset.as,r1 1.00
_icd39345c711f38,EMe,AvatarImagePreset,com/sulake/habbo/roomevents/wired_setup/uibuilder/presets/AvatarImagePreset.as,r1 1.00
_ib1a172ad77c269,MMe,BitmapViewPreset,com/sulake/habbo/roomevents/wired_setup/uibuilder/presets/BitmapViewPreset.as,r1 1.00
_ie20bd7833613d5,a,ButtonPreset,com/sulake/habbo/roomevents/wired_setup/uibuilder/presets/ButtonPreset.as,r2 0.93
_ied1665245e7536,BMe,ButtonRowPreset,com/sulake/habbo/roomevents/wired_setup/uibuilder/presets/ButtonRowPreset.as,r2 1.00
_i7e920d97f8f502,AMe,CheckboxGroupPreset,com/sulake/habbo/roomevents/wired_setup/uibuilder/presets/CheckboxGroupPreset.as,r2 0.67
_i51566f3c0be9c4,a,TextParam,com/sulake/habbo/roomevents/wired_setup/uibuilder/params/TextParam.as,r2 0.85
_i4e6c42757b29f9,kMe,CheckboxOptionPreset,com/sulake/habbo/roomevents/wired_setup/uibuilder/presets/CheckboxOptionPreset.as,r1 0.70
_i75df1570b9d891,TMe,CollapseExpandSectionButtonPreset,com/sulake/habbo/roomevents/wired_setup/uibuilder/presets/CollapseExpandSectionButtonPreset.as,r1 0.84
_ief57aad8ea1044,HX,PaddedContainerPreset,com/sulake/habbo/roomevents/wired_setup/uibuilder/presets/PaddedContainerPreset.as,r2 0.86
_i312c70e3770868,RMe,ContainerButtonPreset,com/sulake/habbo/roomevents/wired_setup/uibuilder/presets/ContainerButtonPreset.as,r3 0.72
_i7c94bb8db295dd,PMe,_i7c94bb8db295dd,,
_iba12564bb2c648,SMe,DropdownPreset,com/sulake/habbo/roomevents/wired_setup/uibuilder/presets/DropdownPreset.as,r1 1.00
_i95ddc49fb38a50,VX,TextPreset,com/sulake/habbo/roomevents/wired_setup/uibuilder/presets/TextPreset.as,r1 0.72
_id99ce0f7d4575f,DMe,HtmlPreset,com/sulake/habbo/roomevents/wired_setup/uibuilder/presets/HtmlPreset.as,r2 0.70
_ic0cba71da4f003,LMe,HorizontalSectionListPreset,com/sulake/habbo/roomevents/wired_setup/uibuilder/presets/HorizontalSectionListPreset.as,r1 1.00
_i33f39459006001,NMe,_i33f39459006001,,
_i7a1832ad618dde,a,NumberInputPreset,com/sulake/habbo/roomevents/wired_setup/uibuilder/presets/NumberInputPreset.as,r1 0.96
_iba76a18a4e797b,a,MiniAssetIconButtonPreset,com/sulake/habbo/roomevents/wired_setup/uibuilder/presets/MiniAssetIconButtonPreset.as,r1 0.67
_i38048c6c00a026,FMe,PressedButtonMiniAssetIconButtonPreset,com/sulake/habbo/roomevents/wired_setup/uibuilder/presets/PressedButtonMiniAssetIconButtonPreset.as,r2 0.56
_i606600d13b0b83,a,RadioButtonPreset,com/sulake/habbo/roomevents/wired_setup/uibuilder/presets/RadioButtonPreset.as,r1 0.79
_i5d274bb910cdad,HMe,RadioGroupPreset,com/sulake/habbo/roomevents/wired_setup/uibuilder/presets/RadioGroupPreset.as,r1 0.82
_i3d55c89b610c88,a,ScrollListPreset,com/sulake/habbo/roomevents/wired_setup/uibuilder/presets/ScrollListPreset.as,r2 0.63
_i87102ffda54365,a,SectionParam,com/sulake/habbo/roomevents/wired_setup/uibuilder/params/SectionParam.as,r2 0.79
_i55f88194bac350,Wr,VariableExtraSourceTypes,com/sulake/habbo/roomevents/wired_setup/common/VariableExtraSourceTypes.as,r1 1.00
_iabd90f9e1b7d88,a,WiredInputSourcePicker,com/sulake/habbo/roomevents/wired_setup/inputsources/WiredInputSourcePicker.as,r1 1.00
_if5b19511824827,UMe,SourceTypeOption,com/sulake/habbo/roomevents/wired_setup/inputsources/SourceTypeOption.as,r1 0.73
_i16eef2d5aa511c,GMe,SourceTypePicker,com/sulake/habbo/roomevents/wired_setup/inputsources/SourceTypePicker.as,r1 1.00
_ia9d78e89df1b6e,jMe,NewSourceTypeOption,com/sulake/habbo/roomevents/wired_setup/inputsources/newpicker/NewSourceTypeOption.as,r1 0.58
_ib39e1941b71f54,zMe,NewSourceTypePicker,com/sulake/habbo/roomevents/wired_setup/inputsources/newpicker/NewSourceTypePicker.as,r2 0.41
_ie6c60bbbdb860c,GX,SourceTypeSelectorPreset,com/sulake/habbo/roomevents/wired_setup/uibuilder/presets/SourceTypeSelectorPreset.as,r1 1.00
_i38643a4c1cbb4c,jX,SectionPreset,com/sulake/habbo/roomevents/wired_setup/uibuilder/presets/SectionPreset.as,r1 1.00
_i8d0d248c3bfd40,QMe,SimpleListViewPreset,com/sulake/habbo/roomevents/wired_setup/uibuilder/presets/SimpleListViewPreset.as,r1 1.00
_i1ccbae7544152a,XMe,SpacerPreset,com/sulake/habbo/roomevents/wired_setup/uibuilder/presets/SpacerPreset.as,r2 1.00
_i12794419348d10,YMe,SpacingPreset,com/sulake/habbo/roomevents/wired_setup/uibuilder/presets/SpacingPreset.as,r2 1.00
_ia56bd560817792,KMe,_ia56bd560817792,,
_i92cb7f62bc594c,$Me,StaticBitmapAssetWrapperPreset,com/sulake/habbo/roomevents/wired_setup/uibuilder/presets/StaticBitmapAssetWrapperPreset.as,r1 1.00
_ib3e0676c249ed8,ZMe,_ib3e0676c249ed8,,
_i0b156e8ed319cf,qMe,TextAreaPreset,com/sulake/habbo/roomevents/wired_setup/uibuilder/presets/TextAreaPreset.as,r2 0.85
_i92159845999fa5,JMe,TextInputPreset,com/sulake/habbo/roomevents/wired_setup/uibuilder/presets/TextInputPreset.as,r2 0.88
_icdb967f3b78500,eWe,TextualButtonPreset,com/sulake/habbo/roomevents/wired_setup/uibuilder/presets/TextualButtonPreset.as,r2 0.94
_ide5b1bd84cddf1,mb,WiredStyle,com/sulake/habbo/roomevents/wired_setup/uibuilder/styles/WiredStyle.as,r1 1.00
_i5eb8e5c7d60e31,a,IlluminaWiredStyle,com/sulake/habbo/roomevents/wired_setup/uibuilder/styles/IlluminaWiredStyle.as,r1 1.00
_idc1eecd92ec814,a,VariableNodeView,com/sulake/habbo/roomevents/wired_setup/uibuilder/presets/newvariablepicker/overview/VariableNodeView.as,r1 0.88
_i80c76766307628,a,VariableNodeListView,com/sulake/habbo/roomevents/wired_setup/uibuilder/presets/newvariablepicker/overview/VariableNodeListView.as,r1 1.00
_ia3fbb4075934db,Oee,_ia3fbb4075934db,,
_ie9b036cbdb0a9d,k5,_ie9b036cbdb0a9d,,
_i7ed019c28ab2de,a,TabButtonConfigs,com/sulake/habbo/roomevents/wired_setup/uibuilder/presets/newvariablepicker/tabbuttons/TabButtonConfigs.as,r1 1.00
_ibd071328082405,a,TabButtonView,com/sulake/habbo/roomevents/wired_setup/uibuilder/presets/newvariablepicker/tabbuttons/TabButtonView.as,r1 0.86
_ia6882b207ee06a,aWe,ExpandedVariablePickerView,com/sulake/habbo/roomevents/wired_setup/uibuilder/presets/newvariablepicker/ExpandedVariablePickerView.as,r1 1.00
_idb6f7a3eb29739,a,NewVariablePicker,com/sulake/habbo/roomevents/wired_setup/uibuilder/presets/newvariablepicker/NewVariablePicker.as,r1 0.74
_i9d7a0216df26bd,iWe,VariablePickerPreset,com/sulake/habbo/roomevents/wired_setup/uibuilder/presets/VariablePickerPreset.as,r1 1.00
_i07892605d121d3,nWe,_i07892605d121d3,,
_i06979cb8998f90,sWe,SliderPreset,com/sulake/habbo/roomevents/wired_setup/uibuilder/presets/SliderPreset.as,r1 1.00
_i015b170543ce89,a,VolterMiniAssetIconButtonPreset,com/sulake/habbo/roomevents/wired_setup/uibuilder/presets/VolterMiniAssetIconButtonPreset.as,r1 0.68
_i5974b0a777d415,dWe,WindowWrapperPreset,com/sulake/habbo/roomevents/wired_setup/uibuilder/presets/WindowWrapperPreset.as,r3 0.82
_i1a4dde5e559d2f,rx,NamedDropdownPreset,com/sulake/habbo/roomevents/wired_setup/uibuilder/presets/combinations/NamedDropdownPreset.as,r1 1.00
_ib8fdbd8e5c0184,cWe,NamedNumberInputPreset,com/sulake/habbo/roomevents/wired_setup/uibuilder/presets/combinations/NamedNumberInputPreset.as,r1 1.00
_i0cf8b438738ec0,fWe,NamedTextInputPreset,com/sulake/habbo/roomevents/wired_setup/uibuilder/presets/combinations/NamedTextInputPreset.as,r1 1.00
_i40db6014091ae0,lWe,RewardListPreset,com/sulake/habbo/roomevents/wired_setup/uibuilder/presets/combinations/RewardListPreset.as,r1 1.00
_ib5a01094bc9ef7,a,TextInputParam,com/sulake/habbo/roomevents/wired_setup/uibuilder/params/TextInputParam.as,r4 0.49
_ie178127977d407,bWe,RewardRowPreset,com/sulake/habbo/roomevents/wired_setup/uibuilder/presets/combinations/RewardRowPreset.as,r1 1.00
_iee639c9c9b110a,_We,ChestItemIconPreviewerPreset,com/sulake/habbo/roomevents/wired_setup/uibuilder/presets/contracts/ChestItemIconPreviewerPreset.as,r1 1.00
_iebcc0162eee76a,QX,ItemTypeTableObject,com/sulake/habbo/roomevents/wired_setup/uibuilder/presets/contracts/itemtable/ItemTypeTableObject.as,r1 0.43
_if6c2f582cf1bf0,a,ItemTypeSelectionPreset,com/sulake/habbo/roomevents/wired_setup/uibuilder/presets/contracts/ItemTypeSelectionPreset.as,r1 0.93
_i2f4c4ae7eb4c75,a,TradeRuleNodeView,com/sulake/habbo/roomevents/wired_setup/uibuilder/presets/contracts/TradeRuleNodeView.as,r1 0.79
_i9d5ee1662e57fb,a,TradeRuleEditorPreset,com/sulake/habbo/roomevents/wired_setup/uibuilder/presets/contracts/TradeRuleEditorPreset.as,r1 0.81
_i5d656ac3bec052,hWe,_i5d656ac3bec052,,
_iff502295c1b254,a,TradeRuleListEditorPreset,com/sulake/habbo/roomevents/wired_setup/uibuilder/presets/contracts/TradeRuleListEditorPreset.as,r1 1.00
_i0ce74aac8dd224,Wn,AbstractSectionPreset,com/sulake/habbo/roomevents/wired_setup/uibuilder/presets/sections/AbstractSectionPreset.as,link r1
_if0c296b5abd8de,mWe,BorderSection,com/sulake/habbo/roomevents/wired_setup/uibuilder/presets/sections/BorderSection.as,r2 1.00
_i396f3a2b1cf31c,gWe,UsageInfoSection,com/sulake/habbo/roomevents/wired_setup/uibuilder/presets/sections/UsageInfoSection.as,r1 1.00
_iadd4b4e55d032c,vWe,UsageWarningSection,com/sulake/habbo/roomevents/wired_setup/uibuilder/presets/sections/UsageWarningSection.as,r1 1.00
_i17d811ef5ce00c,Ms,SourceTypeSelectorParam,com/sulake/habbo/roomevents/wired_setup/uibuilder/params/SourceTypeSelectorParam.as,rif r2 x4
_ic0d24aba517716,wWe,ChooseVariableSection,com/sulake/habbo/roomevents/wired_setup/uibuilder/presets/sections/ChooseVariableSection.as,r1 1.00
_i92610bddfd0e81,Ud,class_4181,com/sulake/habbo/roomevents/wired_setup/common/slider_converter/class_4181.as,rif r2 x8
_ic112cebaf59223,gb,SliderValuePulses,com/sulake/habbo/roomevents/wired_setup/common/slider_converter/SliderValuePulses.as,rif r2 x4
_id666daf215557e,St,NumberInputParam,com/sulake/habbo/roomevents/wired_setup/uibuilder/params/NumberInputParam.as,rif r2 x8
_i4734d8a125de31,pn,SliderSection,com/sulake/habbo/roomevents/wired_setup/uibuilder/presets/sections/SliderSection.as,r2 0.89
_ia6b1f3109672da,j,RadioButtonParam,com/sulake/habbo/roomevents/wired_setup/uibuilder/params/RadioButtonParam.as,rif r2 x162
_i2a9f7e4520b04c,a,ValueOrVariableSection,com/sulake/habbo/roomevents/wired_setup/uibuilder/presets/sections/ValueOrVariableSection.as,r1 1.00
_if91a771c301fa3,IWe,VariableNameSection,com/sulake/habbo/roomevents/wired_setup/uibuilder/presets/sections/VariableNameSection.as,r1 1.00
_i7316f4819fa395,xWe,VariablePlaceholderModeSection,com/sulake/habbo/roomevents/wired_setup/uibuilder/presets/sections/VariablePlaceholderModeSection.as,r1 1.00
_ib245694b064b38,Ys,TextAreaParam,com/sulake/habbo/roomevents/wired_setup/uibuilder/params/TextAreaParam.as,rif r2 x4
_i8aa7ee6f17f870,CWe,ApiKeySection,com/sulake/habbo/roomevents/wired_setup/uibuilder/presets/sections/applications/ApiKeySection.as,r1 0.90
_i0470c12df453ab,Fee,ItemTypeSelectionSection,com/sulake/habbo/roomevents/wired_setup/uibuilder/presets/sections/applications/ItemTypeSelectionSection.as,r1 1.00
_i361e840b433998,a,HtmlTextParam,com/sulake/habbo/roomevents/wired_setup/uibuilder/params/HtmlTextParam.as,r3 1.00
_iefddc27b30a9da,Hee,PlaceholderNameSection,com/sulake/habbo/roomevents/wired_setup/uibuilder/presets/sections/applications/PlaceholderNameSection.as,r1 1.00
_i70191c6625757f,Vee,PlaceholderTypeSection,com/sulake/habbo/roomevents/wired_setup/uibuilder/presets/sections/applications/PlaceholderTypeSection.as,r1 1.00
_ib87e26bb9d6800,EWe,InputSourceSection,com/sulake/habbo/roomevents/wired_setup/uibuilder/presets/main_layout/InputSourceSection.as,r1 0.85
_i4c02fecee8e5a2,MWe,AdvancedSettingsWrapperPreset,com/sulake/habbo/roomevents/wired_setup/uibuilder/presets/main_layout/AdvancedSettingsWrapperPreset.as,r1 1.00
_ib3a3558d424b57,ze,CheckboxOptionParam,com/sulake/habbo/roomevents/wired_setup/uibuilder/params/CheckboxOptionParam.as,rif r2 x29
_i8f5f15dd11feb6,WWe,ChronoMaskFilterPreset,com/sulake/habbo/roomevents/wired_setup/uibuilder/presets/applications/ChronoMaskFilterPreset.as,r2 1.00
_i371aa12b02f2a8,m_,ChronoFieldRangeFilter,com/sulake/habbo/roomevents/wired_setup/common/utils/ChronoFieldRangeFilter.as,rif r2 x2
_i6741935e2591cc,a,ChronoRangeFilterPreset,com/sulake/habbo/roomevents/wired_setup/uibuilder/presets/applications/ChronoRangeFilterPreset.as,r3 1.00
_ida2bf348f24bff,a,NeighborhoodFloor,com/sulake/habbo/roomevents/wired_setup/common/NeighborhoodFloor.as,r1 1.00
_i11dd7f30d6b093,a,FloorDrawingPreset,com/sulake/habbo/roomevents/wired_setup/uibuilder/presets/applications/FloorDrawingPreset.as,r1 0.43
_iea880e61f5b3bb,kWe,FloorEditorPreset,com/sulake/habbo/roomevents/wired_setup/uibuilder/presets/applications/FloorEditorPreset.as,r1 1.00
_i073ee3bafab1aa,TWe,FloatVerticallyPreset,com/sulake/habbo/roomevents/wired_setup/uibuilder/presets/FloatVerticallyPreset.as,r2 1.00
_ia96f6adf337f82,a,LevelXpPreviewPreset,com/sulake/habbo/roomevents/wired_setup/uibuilder/presets/applications/LevelXpPreviewPreset.as,r1 1.00
_i3886028cc3e20b,PWe,SubVariableCreatorPreset,com/sulake/habbo/roomevents/wired_setup/uibuilder/presets/applications/SubVariableCreatorPreset.as,r1 1.00
_i10ea0408e12f2a,Dg,FooterPreset,com/sulake/habbo/roomevents/wired_setup/uibuilder/presets/main_layout/FooterPreset.as,r1 1.00
_if61e300dedfec6,$e,ActionTypeCodes,com/sulake/habbo/roomevents/wired_setup/actiontypes/ActionTypeCodes.as,r1 1.00
_ib5e253911f41f2,$1,ListScrollParams,com/sulake/habbo/roomevents/wired_setup/uibuilder/params/ListScrollParams.as,rif r2 x1
_ibdaa08d0b75d60,vb,MenuItem,com/sulake/habbo/roomevents/wired_setup/uibuilder/presets/menu/elements/MenuItem.as,rif r2 x9
_i39cf834c6e26f9,Uee,_i39cf834c6e26f9,,
_ia6be47fa1b0a25,SWe,MenuItemView,com/sulake/habbo/roomevents/wired_setup/uibuilder/presets/menu/views/MenuItemView.as,r1 0.37
_i14c4a30707b854,T5,MenuPreset,com/sulake/habbo/roomevents/wired_setup/uibuilder/presets/menu/MenuPreset.as,r1 0.79
_i8cdb190f070733,a,HeaderPreset,com/sulake/habbo/roomevents/wired_setup/uibuilder/presets/main_layout/HeaderPreset.as,r1 1.00
_i2dc16b5e8d90f5,a,FramePreset,com/sulake/habbo/roomevents/wired_setup/uibuilder/presets/main_layout/FramePreset.as,r1 0.56
_i3edf0d1907dc23,DWe,IlluminaHeaderPreset,com/sulake/habbo/roomevents/wired_setup/uibuilder/presets/main_layout/IlluminaHeaderPreset.as,r1 1.00
_i8fa8f12a4ba3a5,LWe,_i8fa8f12a4ba3a5,,
_ic6c93f8e3dc9c9,NWe,VolterHeaderPreset,com/sulake/habbo/roomevents/wired_setup/uibuilder/presets/main_layout/VolterHeaderPreset.as,r1 1.00
_i8a45695680e9bf,OWe,VariableFxCategoryDefinition,com/sulake/habbo/roomevents/wired_setup/addons/variablefx/model/VariableFxCategoryDefinition.as,r1 1.00
_i4de4cdc17119eb,KX,VariableFxOption,com/sulake/habbo/roomevents/wired_setup/addons/variablefx/model/VariableFxOption.as,r2 0.82
_ibc5adbf6d3ce2d,FWe,VariableFxStyleDefinition,com/sulake/habbo/roomevents/wired_setup/addons/variablefx/model/VariableFxStyleDefinition.as,r2 0.56
_ibfea6fa7e85ad3,an,VariableFxEditorMetadata,com/sulake/habbo/roomevents/wired_setup/addons/variablefx/model/VariableFxEditorMetadata.as,r1 0.73
_ia66007fd54d1d8,a,VariableFxVariableOverrideRowPreset,com/sulake/habbo/roomevents/wired_setup/addons/variablefx/presets/VariableFxVariableOverrideRowPreset.as,r1 1.00
_i7f7037a2211d9f,HWe,VariableFxAdvancedRangePreset,com/sulake/habbo/roomevents/wired_setup/addons/variablefx/presets/VariableFxAdvancedRangePreset.as,r1 1.00
_i5265c346ac78f8,a,VariableFxAudienceVariablePopup,com/sulake/habbo/roomevents/wired_setup/addons/variablefx/presets/VariableFxAudienceVariablePopup.as,r1 1.00
_i1a6c3c871e36e7,a,VariableFxPreviewBlockPreset,com/sulake/habbo/roomevents/wired_setup/addons/variablefx/presets/VariableFxPreviewBlockPreset.as,r1 1.00
_i424e917c37d0d2,Lg,AbstractLevelUpConfig,com/sulake/habbo/roomevents/wired_setup/addons/levelupper/AbstractLevelUpConfig.as,r1 1.00
_i4b3d4c68501bcd,$X,LinearLevelUpper,com/sulake/habbo/roomevents/wired_setup/addons/levelupper/LinearLevelUpper.as,r2 0.69
_i537a732dae0aa1,a,VariableFxPreviewStatus,com/sulake/habbo/roomevents/wired_setup/addons/variablefx/model/VariableFxPreviewStatus.as,r1 0.86
_ib0d9b15328b4d7,a,VariableFxPreviewPreset,com/sulake/habbo/roomevents/wired_setup/addons/variablefx/presets/VariableFxPreviewPreset.as,r1 0.86
_i2e872c685ba8fe,zWe,VariableFxValueRangePreset,com/sulake/habbo/roomevents/wired_setup/addons/variablefx/presets/VariableFxValueRangePreset.as,r1 1.00
_ic0d82f49e1914d,bh,_ic0d82f49e1914d,,
_i325593874eac60,Ks,class_4330,com/sulake/habbo/roomevents/wired_setup/addons/variablefx/model/class_4330.as,r2 1.00
_i09162108aba3ec,Ne,ExpandableDropdownOption,com/sulake/habbo/roomevents/wired_setup/common/advanced_dropdown/ExpandableDropdownOption.as,rif r2 x3
_if9efaf470b34d0,Vr,DropdownParam,com/sulake/habbo/roomevents/wired_setup/uibuilder/params/DropdownParam.as,r2 0.49
_i208b167747f3d4,a,VariableFxVisibilitySettingsPreset,com/sulake/habbo/roomevents/wired_setup/addons/variablefx/presets/VariableFxVisibilitySettingsPreset.as,r1 1.00
_i667cfeea46b78c,g_,class_4355,com/sulake/habbo/roomevents/wired_setup/addons/variablefx/model/class_4355.as,r2 1.00
_if3809f26120aaf,a,VariableFxVisualizationSettingsPreset,com/sulake/habbo/roomevents/wired_setup/addons/variablefx/presets/VariableFxVisualizationSettingsPreset.as,r1 0.96
_i92ed2c8b2a0d70,ZX,PresetManager,com/sulake/habbo/roomevents/wired_setup/uibuilder/PresetManager.as,r1 0.54
_i1bb1be473f41ba,a,UbuntuWiredStyle,com/sulake/habbo/roomevents/wired_setup/uibuilder/styles/UbuntuWiredStyle.as,r1 1.00
_i4c5af94826f5fe,_h,UbuntuPresetManager,com/sulake/habbo/roomevents/wired_trading/UbuntuPresetManager.as,r2 0.67
_ie2256911de4c76,wb,AbstractUbuntuWiredUI,com/sulake/habbo/roomevents/wired_trading/AbstractUbuntuWiredUI.as,link r1
_i483021024ebfe7,a,SelfDonationToolView,com/sulake/habbo/roomevents/misc/SelfDonationToolView.as,r1 1.00
_ic27a20e22b5c65,a,SelfDonationTool,com/sulake/habbo/roomevents/misc/SelfDonationTool.as,r1 0.97
_i3e178b17bdb928,yb,WiredMenuDefaultTab,com/sulake/habbo/roomevents/wired_menu/tabs/WiredMenuDefaultTab.as,r1 1.00
_i11e0babef7ba3c,KWe,TransactionPreviewTableObject,com/sulake/habbo/roomevents/wired_menu/tabs/tab_chests/TransactionPreviewTableObject.as,r1 1.00
_i8fee463f9b0499,O0,TransactionConfig,com/sulake/habbo/roomevents/wired_trading/transactions/overview/TransactionConfig.as,r1 1.00
_i9d5e780f303299,a,WiredMenuChestsTab,com/sulake/habbo/roomevents/wired_menu/tabs/tab_chests/WiredMenuChestsTab.as,r1 0.95
_i803af9b5712735,$We,WiredMenuInfoTab,com/sulake/habbo/roomevents/wired_menu/tabs/tab_info/WiredMenuInfoTab.as,r2 1.00
_i2a5e5bb4eb2265,a,VariableTypePicker,com/sulake/habbo/roomevents/wired_menu/tabs/common/VariableTypePicker.as,r1 0.81
_i8bf95b7a48db5b,a,RoomObjectHighLighter,com/sulake/habbo/roomevents/wired_setup/RoomObjectHighLighter.as,r2 0.70
_i50e092fba08e38,a,VariableInfoBubbleView,com/sulake/habbo/roomevents/wired_menu/tabs/tab_variable_overview/VariableInfoBubbleView.as,r2 0.59
_i8c838f6918f149,eY,VariableHoldersHighlighter,com/sulake/habbo/roomevents/wired_menu/tabs/tab_variable_overview/VariableHoldersHighlighter.as,r3 0.44
_i0bce42e5015b29,a,VariableValueTableObject,com/sulake/habbo/roomevents/wired_menu/tabs/tab_inspection/VariableValueTableObject.as,r1 0.58
_i09ce46d1f4d78a,a,VariableHolderPreviewer,com/sulake/habbo/roomevents/wired_menu/tabs/tab_inspection/VariableHolderPreviewer.as,r1 1.00
_ia246ab0c4548de,a,WiredMenuInspectionTab,com/sulake/habbo/roomevents/wired_menu/tabs/tab_inspection/WiredMenuInspectionTab.as,r1 0.89
_ifaf38892102cfa,uh,_ifaf38892102cfa,,
_i9a463af1557843,a,ErrorDataTableObject,com/sulake/habbo/roomevents/wired_menu/tabs/tab_monitor/ErrorDataTableObject.as,r1 1.00
_ib12f3521ec35e9,rBe,WiredErrorInfoView,com/sulake/habbo/roomevents/wired_menu/tabs/tab_monitor/WiredErrorInfoView.as,r1 0.95
_i3c0b158fe4ce87,a,WiredMenuMonitorTab,com/sulake/habbo/roomevents/wired_menu/tabs/tab_monitor/WiredMenuMonitorTab.as,r1 0.99
_i11371175bee782,tBe,WiredMenuSettingsTab,com/sulake/habbo/roomevents/wired_menu/tabs/tab_settings/WiredMenuSettingsTab.as,r1 0.74
_i50108c33681996,P5,_i50108c33681996,,
_i572f253609e008,vl,PropertyTableObject,com/sulake/habbo/roomevents/wired_menu/tabs/tab_variable_overview/PropertyTableObject.as,r1 0.81
_i837e74ffde12ad,aBe,TextTableObject,com/sulake/habbo/roomevents/wired_menu/tabs/tab_variable_overview/TextTableObject.as,r1 1.00
_i2c080e8e5a5aae,iBe,_i2c080e8e5a5aae,,
_ie1a00f1b35c15e,a,WiredMenuOverviewTab,com/sulake/habbo/roomevents/wired_menu/tabs/tab_variable_overview/WiredMenuOverviewTab.as,r1 0.94
_i74a191edfafe6b,S5,WiredMenuTabConfig,com/sulake/habbo/roomevents/wired_menu/tabs/WiredMenuTabConfig.as,r1 1.00
_i2662b284d20f4e,a,WiredMenuTabConfigs,com/sulake/habbo/roomevents/wired_menu/tabs/WiredMenuTabConfigs.as,r1 1.00
_i81b4bc9f4d2b04,a,WiredMenuView,com/sulake/habbo/roomevents/wired_menu/WiredMenuView.as,r1 0.87
_ia7f76a0064569b,a,PagedTableView,com/sulake/habbo/roomevents/common/PagedTableView.as,r1 0.88
_ia990eddaf7d2af,a,WiredRoomLogListTableObject,com/sulake/habbo/roomevents/wired_menu/roomlogs/WiredRoomLogListTableObject.as,r1 0.67
_i286704874a5667,a,WiredRoomLogListView,com/sulake/habbo/roomevents/wired_menu/roomlogs/WiredRoomLogListView.as,r1 0.86
_idbc405bb6ab159,oBe,WiredRoomLogListController,com/sulake/habbo/roomevents/wired_menu/roomlogs/WiredRoomLogListController.as,rif r2 x1
_i572072dd32624b,a,PermanentVariableHolderPreviewer,com/sulake/habbo/roomevents/wired_menu/variables_management/detail/PermanentVariableHolderPreviewer.as,r1 0.88
_ic613dbf78cca73,a,VariableManagementDetailView,com/sulake/habbo/roomevents/wired_menu/variables_management/detail/VariableManagementDetailView.as,r1 0.94
_i563c4539cc84ba,fBe,VariableManagementDetailController,com/sulake/habbo/roomevents/wired_menu/variables_management/detail/VariableManagementDetailController.as,r2 0.45
_i578ed57463cf67,lBe,_i578ed57463cf67,,
_ifd27e341d1a12b,a,VariableManagementOverviewView,com/sulake/habbo/roomevents/wired_menu/variables_management/overview/VariableManagementOverviewView.as,r1 0.94
_ib728af19bce8a8,bBe,VariableManagementOverviewController,com/sulake/habbo/roomevents/wired_menu/variables_management/overview/VariableManagementOverviewController.as,r2 0.47
_ic0965d9bf1e4d6,a,WiredMenuController,com/sulake/habbo/roomevents/wired_menu/WiredMenuController.as,r1 0.70
_iffc7bad7ebd9b2,ft,AddonCodes,com/sulake/habbo/roomevents/wired_setup/addons/AddonCodes.as,r1 1.00
_i8fa5daa62624c8,uBe,class_2862,com/sulake/habbo/roomevents/wired_setup/inputsources/class_2862.as,r2 1.00
_ia0ee0a671341c7,a,DefaultElement,com/sulake/habbo/roomevents/wired_setup/DefaultElement.as,r1 1.00
_i8724b2a2e3d9f9,Yr,DefaultAddonType,com/sulake/habbo/roomevents/wired_setup/addons/DefaultAddonType.as,link r1
_ifb860dc1520456,hBe,class_3957,com/sulake/habbo/roomevents/wired_setup/addons/class_3957.as,r1 1.00
_ifc8bde7cbd8eac,pBe,AnimationTime,com/sulake/habbo/roomevents/wired_setup/addons/AnimationTime.as,r1 1.00
_if63f0b9622d075,mBe,CarryUsers,com/sulake/habbo/roomevents/wired_setup/addons/CarryUsers.as,r1 1.00
_i35fa8f392ae143,a,class_3959,com/sulake/habbo/roomevents/wired_setup/addons/class_3959.as,r1 1.00
_i5f286c3873b333,vBe,class_4013,com/sulake/habbo/roomevents/wired_setup/addons/class_4013.as,r1 1.00
_i8be68424e4ac2b,wBe,_i8be68424e4ac2b,,
_i486ce957e88dbd,yBe,class_4297,com/sulake/habbo/roomevents/wired_setup/addons/class_4297.as,r1 1.00
_i40b6b9d31aa71a,tY,SelectorFilter,com/sulake/habbo/roomevents/wired_setup/addons/SelectorFilter.as,r1 1.00
_icb61e8812d191c,IBe,class_4298,com/sulake/habbo/roomevents/wired_setup/addons/class_4298.as,rif r2 x1
_i5bb529ce6ae8fc,a,class_4100,com/sulake/habbo/roomevents/wired_setup/addons/class_4100.as,r1 1.00
_ied69211cf6dd77,xBe,class_4101,com/sulake/habbo/roomevents/wired_setup/addons/class_4101.as,rif r2 x1
_i19053ecf7bb00a,CBe,GlobalPlaceholderAddon,com/sulake/habbo/roomevents/wired_setup/addons/GlobalPlaceholderAddon.as,r1 1.00
_if8e46e52f70946,EBe,class_4094,com/sulake/habbo/roomevents/wired_setup/addons/class_4094.as,r1 1.00
_ibbfad83d506357,MBe,class_3932,com/sulake/habbo/roomevents/wired_setup/addons/class_3932.as,r1 1.00
_ic4b4d661cd105a,WBe,NoMoveAnimation,com/sulake/habbo/roomevents/wired_setup/addons/NoMoveAnimation.as,rif r2 x1
_i3a643c05b3acbc,BBe,class_3935,com/sulake/habbo/roomevents/wired_setup/addons/class_3935.as,rif r2 x1
_i2991b5802708ea,ABe,class_4185,com/sulake/habbo/roomevents/wired_setup/addons/class_4185.as,r1 1.00
_i8b560f19d3d6d0,wi,SubVariableParam,com/sulake/habbo/roomevents/wired_setup/uibuilder/params/applications/SubVariableParam.as,rif r2 x15
_i13cfc0def33842,kBe,class_3903,com/sulake/habbo/roomevents/wired_setup/addons/class_3903.as,r1 1.00
_i75b6c9a608a396,TBe,class_3902,com/sulake/habbo/roomevents/wired_setup/addons/class_3902.as,r1 1.00
_i57e663d55fd30c,RBe,class_3981,com/sulake/habbo/roomevents/wired_setup/addons/class_3981.as,rif r2 x1
_i66050163646b81,PBe,class_4197,com/sulake/habbo/roomevents/wired_setup/addons/class_4197.as,rif r2 x1
_i282c4b331e85c0,a,class_3866,com/sulake/habbo/roomevents/wired_setup/addons/class_3866.as,r1 1.00
_i62b37be5b0966a,DBe,ExponentialLevelUpper,com/sulake/habbo/roomevents/wired_setup/addons/levelupper/ExponentialLevelUpper.as,r2 0.82
_i6de5fcecbb17bd,a,InterpolateLevelUpper,com/sulake/habbo/roomevents/wired_setup/addons/levelupper/InterpolateLevelUpper.as,r2 1.00
_i7034338af1423c,Gee,_i7034338af1423c,,
_ieeb3d17e706413,a,class_4241,com/sulake/habbo/roomevents/wired_setup/addons/class_4241.as,r1 1.00
_i22a9b9321fe760,a,class_4205,com/sulake/habbo/roomevents/wired_setup/addons/class_4205.as,r1 1.00
_i79d61480778b62,FBe,class_4046,com/sulake/habbo/roomevents/wired_setup/addons/class_4046.as,r1 1.00
_i48c423b070c8d6,a,class_4198,com/sulake/habbo/roomevents/wired_setup/addons/class_4198.as,r1 1.00
_i41fbeebab15a87,a,VariablesWebApiAddon,com/sulake/habbo/roomevents/wired_setup/addons/VariablesWebApiAddon.as,r1 0.91
_iad1cbf2bd00a95,a,class_3904,com/sulake/habbo/roomevents/wired_setup/addons/chests/class_3904.as,r1 1.00
_i95be529946a9f8,UBe,class_4234,com/sulake/habbo/roomevents/wired_setup/addons/chests/class_4234.as,r1 1.00
_i9024f2460f2748,a,class_4348,com/sulake/habbo/roomevents/wired_setup/addons/variablefx/model/class_4348.as,r1 1.00
_i757ceb20cfe0c5,Ib,class_4106,com/sulake/habbo/roomevents/wired_setup/addons/variablefx/class_4106.as,r1 1.00
_i241fc543b006eb,jBe,class_4178,com/sulake/habbo/roomevents/wired_setup/addons/variablefx/class_4178.as,rif r2 x1
_i6f1dbce5c79cf2,zBe,_i6f1dbce5c79cf2,,
_ide8973f47e57a7,QBe,class_4184,com/sulake/habbo/roomevents/wired_setup/addons/variablefx/class_4184.as,r1 1.00
_iadbd6da2f02b4a,XBe,class_4143,com/sulake/habbo/roomevents/wired_setup/addons/variablefx/class_4143.as,r2 1.00
_i68ed21989d3006,YBe,_i68ed21989d3006,,
_i9741e74755cae8,KBe,class_4107,com/sulake/habbo/roomevents/wired_setup/addons/variablefx/class_4107.as,rif r2 x1
_ia10fa2e70e5a60,$Be,AddonTypes,com/sulake/habbo/roomevents/wired_setup/addons/AddonTypes.as,r1 1.00
_i9b2faec50decbc,Ce,DefaultActionType,com/sulake/habbo/roomevents/wired_setup/actiontypes/DefaultActionType.as,link r1
_ibe20bd1526dc0b,ZBe,class_4126,com/sulake/habbo/roomevents/wired_setup/actiontypes/class_4126.as,r1 1.00
_i8859a6b9e833b4,Cf,class_3976,com/sulake/habbo/roomevents/wired_setup/actiontypes/class_3976.as,r1 1.00
_i1972a9895dc399,a,class_4125,com/sulake/habbo/roomevents/wired_setup/actiontypes/class_4125.as,r1 1.00
_ifb47d4b30a7ade,JBe,class_4276,com/sulake/habbo/roomevents/wired_setup/actiontypes/class_4276.as,r1 1.00
_i765e316daff7d7,a,class_3977,com/sulake/habbo/roomevents/wired_setup/actiontypes/class_3977.as,r1 0.88
_ia4fd956db02ec2,rAe,_ia4fd956db02ec2,,
_ia8e401be4b20a9,a,class_4216,com/sulake/habbo/roomevents/wired_setup/actiontypes/class_4216.as,r1 1.00
_i40d7692f5a6300,a,class_4139,com/sulake/habbo/roomevents/wired_setup/actiontypes/class_4139.as,r1 1.00
_i2fe20cf05799ab,iAe,_i2fe20cf05799ab,,
_i61df3f44a39a96,nAe,class_4121,com/sulake/habbo/roomevents/wired_setup/actiontypes/class_4121.as,r2 1.00
_iab518a04d0d979,a,class_3990,com/sulake/habbo/roomevents/wired_setup/actiontypes/class_3990.as,r1 1.00
_i8d7661fa7af4fb,oAe,class_4056,com/sulake/habbo/roomevents/wired_setup/actiontypes/class_4056.as,rif r3 x1
_ibb5a491f4af0a0,a,class_4199,com/sulake/habbo/roomevents/wired_setup/actiontypes/class_4199.as,r1 1.00
_i129df422c6ef16,cAe,class_3911,com/sulake/habbo/roomevents/wired_setup/actiontypes/class_3911.as,r1 1.00
_i55cb6984338f25,fAe,class_4051,com/sulake/habbo/roomevents/wired_setup/actiontypes/class_4051.as,rif r3 x1
_i2655d305c29706,lAe,class_4028,com/sulake/habbo/roomevents/wired_setup/actiontypes/class_4028.as,r1 1.00
_i2bfb55afd6852d,bAe,class_3874,com/sulake/habbo/roomevents/wired_setup/actiontypes/class_3874.as,r1 1.00
_i2542ef4f8d9f5b,a,class_4156,com/sulake/habbo/roomevents/wired_setup/actiontypes/class_4156.as,r1 1.00
_ia221c060ea16cd,uAe,_ia221c060ea16cd,,
_ia6316d6c2148bd,a,GiveScore,com/sulake/habbo/roomevents/wired_setup/actiontypes/GiveScore.as,r1 1.00
_i7160f72a3b5dc8,hAe,class_3987,com/sulake/habbo/roomevents/wired_setup/actiontypes/class_3987.as,r1 1.00
_ifc2cd1b3236755,a,class_3917,com/sulake/habbo/roomevents/wired_setup/actiontypes/class_3917.as,r1 1.00
_i789fae52d3ad06,mAe,class_4212,com/sulake/habbo/roomevents/wired_setup/actiontypes/class_4212.as,r1 1.00
_i4f38f32150dd76,gAe,KickFromRoom,com/sulake/habbo/roomevents/wired_setup/actiontypes/KickFromRoom.as,r1 1.00
_ic5acc1f397eba0,vAe,class_3890,com/sulake/habbo/roomevents/wired_setup/actiontypes/class_3890.as,rif r3 x1
_i1fb25e584533e1,a,MoveAsGroup,com/sulake/habbo/roomevents/wired_setup/actiontypes/MoveAsGroup.as,r1 1.00
_i9a1f3ce3d1bee2,yAe,class_4084,com/sulake/habbo/roomevents/wired_setup/actiontypes/class_4084.as,r1 1.00
_i71b39b70f26f65,IAe,class_4117,com/sulake/habbo/roomevents/wired_setup/actiontypes/class_4117.as,r1 1.00
_i67f59177d8d89d,xAe,class_4112,com/sulake/habbo/roomevents/wired_setup/actiontypes/class_4112.as,r1 1.00
_i68988647c8a33d,CAe,class_3937,com/sulake/habbo/roomevents/wired_setup/actiontypes/class_3937.as,r1 1.00
_i0655d0da5135e8,EAe,class_4115,com/sulake/habbo/roomevents/wired_setup/actiontypes/class_4115.as,r1 1.00
_ib28ecdcfb62a89,MAe,class_4183,com/sulake/habbo/roomevents/wired_setup/actiontypes/class_4183.as,r1 1.00
_i4c2271805b682a,WAe,class_3875,com/sulake/habbo/roomevents/wired_setup/actiontypes/class_3875.as,r1 1.00
_ib98dd48963137f,BAe,class_3994,com/sulake/habbo/roomevents/wired_setup/actiontypes/class_3994.as,r1 1.00
_i886a401bdc468c,AAe,class_4043,com/sulake/habbo/roomevents/wired_setup/actiontypes/class_4043.as,r1 1.00
_icb03e25b480e87,a,class_3915,com/sulake/habbo/roomevents/wired_setup/actiontypes/class_3915.as,r1 1.00
_if32827a1d27f50,TAe,ProgressAchievement,com/sulake/habbo/roomevents/wired_setup/actiontypes/ProgressAchievement.as,r1 1.00
_iff55de1e3f8d60,a,ProgressRewardTrack,com/sulake/habbo/roomevents/wired_setup/actiontypes/ProgressRewardTrack.as,r1 1.00
_i75dbe8c28e5601,a,class_4256,com/sulake/habbo/roomevents/wired_setup/actiontypes/class_4256.as,r1 1.00
_i42dc922a61589e,a,class_4032,com/sulake/habbo/roomevents/wired_setup/actiontypes/class_4032.as,r1 0.95
_i8faadd511676a3,DAe,_i8faadd511676a3,,
_i68c5cda6e6c3bb,a,class_4065,com/sulake/habbo/roomevents/wired_setup/actiontypes/class_4065.as,r2 1.00
_if0a8e5c776eea7,NAe,class_4288,com/sulake/habbo/roomevents/wired_setup/actiontypes/class_4288.as,rif r3 x1
_i0f98dc25570958,OAe,SendSignal,com/sulake/habbo/roomevents/wired_setup/actiontypes/SendSignal.as,r1 0.92
_ic8ce28f8c894b1,FAe,class_3984,com/sulake/habbo/roomevents/wired_setup/actiontypes/class_3984.as,r1 1.00
_iffeab41eedf882,Fg,SliderValueHundredth,com/sulake/habbo/roomevents/wired_setup/common/slider_converter/SliderValueHundredth.as,rif r2 x3
_ib2000d52a9d7a6,HAe,SetFurniAltitude,com/sulake/habbo/roomevents/wired_setup/actiontypes/SetFurniAltitude.as,r1 1.00
_i90f74c7c2e1b79,VAe,class_4213,com/sulake/habbo/roomevents/wired_setup/actiontypes/class_4213.as,r1 1.00
_i578dcc57c7214f,UAe,class_4294,com/sulake/habbo/roomevents/wired_setup/actiontypes/class_4294.as,r1 1.00
_i977aca5cb65f5e,GAe,TeleportToRoom,com/sulake/habbo/roomevents/wired_setup/actiontypes/TeleportToRoom.as,rif r3 x1
_i340ebb386b4421,jAe,class_3934,com/sulake/habbo/roomevents/wired_setup/actiontypes/class_3934.as,r1 1.00
_i1825672351b7a8,zAe,class_3944,com/sulake/habbo/roomevents/wired_setup/actiontypes/class_3944.as,rif r3 x1
_i81edc44b305119,QAe,_i81edc44b305119,,
_ibc5d69e50e2d07,sY,class_3456,com/sulake/habbo/roomevents/wired_setup/actiontypes/class_3456.as,r1 1.00
_i5d24f96d23a877,XAe,class_4137,com/sulake/habbo/roomevents/wired_setup/actiontypes/chests/class_4137.as,r1 1.00
_i06f32674010b45,a,class_4128,com/sulake/habbo/roomevents/wired_setup/actiontypes/chests/class_4128.as,r1 1.00
_if2c3285d9b7db4,YAe,class_4129,com/sulake/habbo/roomevents/wired_setup/actiontypes/chests/class_4129.as,r1 1.00
_i2cf0bc7313e50b,KAe,class_4260,com/sulake/habbo/roomevents/wired_setup/actiontypes/chests/class_4260.as,r1 1.00
_i2b1dd9ef5e9952,$Ae,class_4135,com/sulake/habbo/roomevents/wired_setup/actiontypes/chests/class_4135.as,r1 1.00
_i2d0495274d7868,ZAe,ActionTypes,com/sulake/habbo/roomevents/wired_setup/actiontypes/ActionTypes.as,r2 0.75
_iee433105a8ff25,qAe,ClipboardWiredEntry,com/sulake/habbo/roomevents/wired_setup/ClipboardWiredEntry.as,r2 1.00
_i30bf7c5d3206ea,Gr,ConditionCodes,com/sulake/habbo/roomevents/wired_setup/conditions/ConditionCodes.as,r1 1.00
_i65cef7707a1273,Rr,DefaultConditionType,com/sulake/habbo/roomevents/wired_setup/conditions/DefaultConditionType.as,link r1
_ife6074a57bd5c0,JAe,class_4157,com/sulake/habbo/roomevents/wired_setup/conditions/class_4157.as,r1 1.00
_ie103215dd3cc34,a,class_3968,com/sulake/habbo/roomevents/wired_setup/conditions/class_3968.as,r2 0.85
_i301c59dbc08295,a,class_3953,com/sulake/habbo/roomevents/wired_setup/conditions/class_3953.as,r2 1.00
_i2aca40e25c6683,tke,class_3962,com/sulake/habbo/roomevents/wired_setup/conditions/class_3962.as,r2 1.00
_ibd19bd655cf51d,ake,class_4258,com/sulake/habbo/roomevents/wired_setup/conditions/class_4258.as,r2 1.00
_icb42933946e5f8,a,WiredUserAction,com/sulake/habbo/roomevents/wired_setup/common/utils/WiredUserAction.as,r1 1.00
_if92040e9549ae7,a,class_4175,com/sulake/habbo/roomevents/wired_setup/conditions/class_4175.as,r2 0.94
_i2fceed11b900eb,nke,class_4232,com/sulake/habbo/roomevents/wired_setup/conditions/class_4232.as,r1 1.00
_ie5b3486538e39e,ske,class_4188,com/sulake/habbo/roomevents/wired_setup/conditions/class_4188.as,r1 1.00
_i948b45545f126f,oke,_i948b45545f126f,,
_ib0f25832634114,oY,ChestHasAmount,com/sulake/habbo/roomevents/wired_setup/conditions/chests/ChestHasAmount.as,r1 1.00
_ia588d27ab32e78,dke,class_4118,com/sulake/habbo/roomevents/wired_setup/conditions/chests/class_4118.as,r1 1.00
_i3cd7f33a85b073,cke,ClockTimeMatches,com/sulake/habbo/roomevents/wired_setup/conditions/ClockTimeMatches.as,r1 1.00
_id00012c5bf948a,Vg,class_4163,com/sulake/habbo/roomevents/wired_setup/conditions/class_4163.as,r1 1.00
_ife1c4890da4a33,fke,DateMatches,com/sulake/habbo/roomevents/wired_setup/conditions/DateMatches.as,r1 1.00
_i94d768e67b9501,a,class_4219,com/sulake/habbo/roomevents/wired_setup/conditions/class_4219.as,r1 1.00
_ie18681b2065aca,bke,DontHaveStackedFurnis,com/sulake/habbo/roomevents/wired_setup/conditions/DontHaveStackedFurnis.as,r1 1.00
_i8b2453cd9b8592,_ke,FurniHasAltitude,com/sulake/habbo/roomevents/wired_setup/conditions/FurniHasAltitude.as,r1 1.00
_i5f0b5a1692af5a,ix,FurnisHaveAvatars,com/sulake/habbo/roomevents/wired_setup/conditions/FurnisHaveAvatars.as,r1 1.00
_if8d49f2360cf03,uke,FurnisHaveNoAvatars,com/sulake/habbo/roomevents/wired_setup/conditions/FurnisHaveNoAvatars.as,r1 1.00
_i6f5db4eff2cabc,hke,HasStackedFurnis,com/sulake/habbo/roomevents/wired_setup/conditions/HasStackedFurnis.as,r1 1.00
_i940be50a5345a0,a,class_4082,com/sulake/habbo/roomevents/wired_setup/conditions/class_4082.as,r2 1.00
_i028486a695000d,mke,class_4090,com/sulake/habbo/roomevents/wired_setup/conditions/class_4090.as,r1 1.00
_i0d0f466958d744,gke,LevelMatches,com/sulake/habbo/roomevents/wired_setup/conditions/LevelMatches.as,r1 1.00
_i1f104b58923c7b,vke,class_4261,com/sulake/habbo/roomevents/wired_setup/conditions/class_4261.as,r1 1.00
_i694b9b32b55be6,wke,StuffTypeMatches,com/sulake/habbo/roomevents/wired_setup/conditions/StuffTypeMatches.as,r1 1.00
_i1d921306cbeb3f,yke,TeamHasScore,com/sulake/habbo/roomevents/wired_setup/conditions/TeamHasScore.as,r1 1.00
_i47042946d9b804,Ike,class_4072,com/sulake/habbo/roomevents/wired_setup/conditions/class_4072.as,r1 1.00
_ibd2930912061d9,xke,class_4042,com/sulake/habbo/roomevents/wired_setup/conditions/class_4042.as,r1 1.00
_i4e4a51b7581271,Cke,class_4166,com/sulake/habbo/roomevents/wired_setup/conditions/class_4166.as,r1 1.00
_icadc468a39da67,a,TimeMatches,com/sulake/habbo/roomevents/wired_setup/conditions/TimeMatches.as,r1 1.00
_i6cfd83d81b1639,Mke,TriggererMatches,com/sulake/habbo/roomevents/wired_setup/conditions/TriggererMatches.as,r1 1.00
_i374ebaefd4ec9e,Wke,class_4242,com/sulake/habbo/roomevents/wired_setup/conditions/class_4242.as,r1 1.00
_i2c3ed678313cdd,a,class_4038,com/sulake/habbo/roomevents/wired_setup/conditions/class_4038.as,r1 1.00
_i2b63a3e0e36f4b,a,class_3969,com/sulake/habbo/roomevents/wired_setup/conditions/class_3969.as,r1 1.00
_i49b7bc6a3e6df5,kke,ConditionTypes,com/sulake/habbo/roomevents/wired_setup/conditions/ConditionTypes.as,r1 1.00
_i679184ac7c8d31,ba,DefaultSelectorType,com/sulake/habbo/roomevents/wired_setup/selectors/DefaultSelectorType.as,link r1
_i4e17952804f917,Fa,SelectorCodes,com/sulake/habbo/roomevents/wired_setup/selectors/SelectorCodes.as,r1 1.00
_i47ec71b41157f2,Tke,class_3905,com/sulake/habbo/roomevents/wired_setup/selectors/class_3905.as,r1 1.00
_ia322464c2d6d90,Rke,_ia322464c2d6d90,,
_i61b4d76134d6d3,a,InArea,com/sulake/habbo/roomevents/wired_setup/selectors/InArea.as,r1 0.84
_i92051385eb1c24,Pke,_i92051385eb1c24,,
_i5ce346815e5157,a,SpiralUtils,com/sulake/habbo/roomevents/wired_setup/common/utils/SpiralUtils.as,r2 0.37
_i8ebb1d0e29ed4d,nx,_i8ebb1d0e29ed4d,,
_i2c535a8880e615,a,InNeighborhood,com/sulake/habbo/roomevents/wired_setup/selectors/InNeighborhood.as,r1 1.00
_i0de1d913d44e50,Ske,_i0de1d913d44e50,,
_i14f657e1fd9fd9,Dke,class_3966,com/sulake/habbo/roomevents/wired_setup/selectors/class_3966.as,r1 1.00
_ica90e246a93f38,Lke,class_4167,com/sulake/habbo/roomevents/wired_setup/selectors/class_4167.as,rif r2 x1
_i327193416281a9,Nke,FurniWithAltitude,com/sulake/habbo/roomevents/wired_setup/selectors/FurniWithAltitude.as,r1 1.00
_idf1780b35a355e,a,class_4203,com/sulake/habbo/roomevents/wired_setup/selectors/class_4203.as,r1 1.00
_iec1350f0d7657d,Oke,class_4204,com/sulake/habbo/roomevents/wired_setup/selectors/class_4204.as,rif r2 x1
_icb38d111d0ff62,Fke,class_4098,com/sulake/habbo/roomevents/wired_setup/selectors/class_4098.as,r1 1.00
_i1f36c9a7ed6caf,Hke,UsersByName,com/sulake/habbo/roomevents/wired_setup/selectors/UsersByName.as,r1 1.00
_i320f1a20f8ab34,Vke,class_4282,com/sulake/habbo/roomevents/wired_setup/selectors/class_4282.as,r1 1.00
_i6cbdab4a8912e5,Uke,_i6cbdab4a8912e5,,
_i9ed7fc18105f88,Gke,_i9ed7fc18105f88,,
_i0a887c435a5b8c,a,UsersInGroup,com/sulake/habbo/roomevents/wired_setup/selectors/UsersInGroup.as,r2 1.00
_ic12d05158abd1f,zke,_ic12d05158abd1f,,
_i82354248884481,Qke,class_4061,com/sulake/habbo/roomevents/wired_setup/selectors/class_4061.as,r2 1.00
_ib24fbefe4b7aa1,Xke,_ib24fbefe4b7aa1,,
_ia433981004407e,a,_ia433981004407e,,
_i2de7eb28d06d5e,a,class_3897,com/sulake/habbo/roomevents/wired_setup/selectors/class_3897.as,r2 0.84
_if83c3cee3fe813,$ke,class_4231,com/sulake/habbo/roomevents/wired_setup/selectors/class_4231.as,rif r2 x1
_ib06cf7ddef4dc5,Zke,SelectorTypes,com/sulake/habbo/roomevents/wired_setup/selectors/SelectorTypes.as,r1 1.00
_ic48ddb1d35d4e3,lt,DefaultTriggerConf,com/sulake/habbo/roomevents/wired_setup/triggerconfs/DefaultTriggerConf.as,link r1
_i539a2818ddf8ea,Nt,TriggerConfCodes,com/sulake/habbo/roomevents/wired_setup/triggerconfs/TriggerConfCodes.as,r1 1.00
_idb02c61149f605,qke,class_4176,com/sulake/habbo/roomevents/wired_setup/triggerconfs/class_4176.as,rif r2 x1
_i1dfa1f19908a1c,Jke,_i1dfa1f19908a1c,,
_ic017f2433cf59c,eTe,_ic017f2433cf59c,,
_if13b36e9f51c5a,rTe,AvatarEntersRoom,com/sulake/habbo/roomevents/wired_setup/triggerconfs/AvatarEntersRoom.as,rif r2 x1
_iafe9148f0ad328,tTe,class_3958,com/sulake/habbo/roomevents/wired_setup/triggerconfs/class_3958.as,rif r2 x1
_i8023d14b19f05e,aTe,class_4097,com/sulake/habbo/roomevents/wired_setup/triggerconfs/class_4097.as,rif r2 x1
_i2bacdb239c23c5,iTe,_i2bacdb239c23c5,,
_i0e7cc3453dd806,nTe,class_3950,com/sulake/habbo/roomevents/wired_setup/triggerconfs/class_3950.as,r1 1.00
_i825591c748786d,sTe,class_3970,com/sulake/habbo/roomevents/wired_setup/triggerconfs/class_3970.as,rif r2 x1
_i8a7d56cb59a13a,oTe,class_4217,com/sulake/habbo/roomevents/wired_setup/triggerconfs/class_4217.as,rif r2 x1
_i65872c91f1ba0b,dTe,ClockReachTime,com/sulake/habbo/roomevents/wired_setup/triggerconfs/ClockReachTime.as,r1 1.00
_i12b0da9677def7,cTe,class_4015,com/sulake/habbo/roomevents/wired_setup/triggerconfs/class_4015.as,rif r2 x1
_ie013549ba44c2d,fTe,class_4152,com/sulake/habbo/roomevents/wired_setup/triggerconfs/class_4152.as,rif r2 x1
_i05e3a070fc9882,a,_i05e3a070fc9882,,
_id7663a4229fa80,bTe,_id7663a4229fa80,,
_ib3c460de01524f,_Te,ScoreAchieved,com/sulake/habbo/roomevents/wired_setup/triggerconfs/ScoreAchieved.as,r1 1.00
_i20ca908d35e955,uTe,class_4202,com/sulake/habbo/roomevents/wired_setup/triggerconfs/class_4202.as,r1 1.00
_i4abb6bda756b70,hTe,class_4064,com/sulake/habbo/roomevents/wired_setup/triggerconfs/class_4064.as,rif r2 x1
_i5f60cabc4aae9d,pTe,class_4168,com/sulake/habbo/roomevents/wired_setup/triggerconfs/class_4168.as,rif r2 x1
_i9442aa28bcb737,mTe,class_4187,com/sulake/habbo/roomevents/wired_setup/triggerconfs/class_4187.as,r1 1.00
_iebf9f597e3f24f,gTe,class_3954,com/sulake/habbo/roomevents/wired_setup/triggerconfs/class_3954.as,r1 1.00
_i81c33fb266157a,vTe,TriggerOnce,com/sulake/habbo/roomevents/wired_setup/triggerconfs/TriggerOnce.as,r1 1.00
_id5f32242ddb3b9,sx,class_3900,com/sulake/habbo/roomevents/wired_setup/triggerconfs/class_3900.as,r2 1.00
_i40e84e85a3c328,wTe,SliderValueSeconds5,com/sulake/habbo/roomevents/wired_setup/common/slider_converter/SliderValueSeconds5.as,rif r3 x1
_i3fb382f3a060d4,yTe,class_4211,com/sulake/habbo/roomevents/wired_setup/triggerconfs/class_4211.as,r2 0.73
_ib0c5c337fbd1f8,ITe,SliderValueMilliseconds50,com/sulake/habbo/roomevents/wired_setup/common/slider_converter/SliderValueMilliseconds50.as,rif r2 x1
_i76fd6c5c9b45dd,xTe,class_4229,com/sulake/habbo/roomevents/wired_setup/triggerconfs/class_4229.as,r1 1.00
_if1b5573894ef62,CTe,class_4091,com/sulake/habbo/roomevents/wired_setup/triggerconfs/class_4091.as,r1 1.00
_if3c8a12e723098,a,VariableUpdate,com/sulake/habbo/roomevents/wired_setup/triggerconfs/VariableUpdate.as,r1 1.00
_ifaad8f2a50a04e,MTe,TriggerConfs,com/sulake/habbo/roomevents/wired_setup/triggerconfs/TriggerConfs.as,r1 1.00
_id303686a94bf12,bY,WiredUIBuilder,com/sulake/habbo/roomevents/wired_setup/uibuilder/WiredUIBuilder.as,rif r2 x1
_icf59381930830e,WTe,_icf59381930830e,,
_icc96aa77255b98,a,VolterBlueWiredStyle,com/sulake/habbo/roomevents/wired_setup/uibuilder/styles/VolterBlueWiredStyle.as,r1 1.00
_i09c11bdda87da3,a,VolterGreenWiredStyle,com/sulake/habbo/roomevents/wired_setup/uibuilder/styles/VolterGreenWiredStyle.as,r1 1.00
_i5cfb5c3f07bc71,a,VolterWiredStyle,com/sulake/habbo/roomevents/wired_setup/uibuilder/styles/VolterWiredStyle.as,r1 1.00
_if7defba231642b,a,VolterYellowWiredStyle,com/sulake/habbo/roomevents/wired_setup/uibuilder/styles/VolterYellowWiredStyle.as,r1 1.00
_ic33be9a78c1673,mn,class_3947,com/sulake/habbo/roomevents/wired_setup/variables/class_3947.as,link r1
_i6db51f03f0d919,Ed,VariableCodes,com/sulake/habbo/roomevents/wired_setup/variables/VariableCodes.as,r2 1.00
_i2d54f89e272808,BTe,class_4272,com/sulake/habbo/roomevents/wired_setup/variables/class_4272.as,r1 1.00
_ib5b5f0c01b473a,a,class_4030,com/sulake/habbo/roomevents/wired_setup/variables/class_4030.as,r1 1.00
_i98d0e1f6cf4954,a,class_4207,com/sulake/habbo/roomevents/wired_setup/variables/class_4207.as,r2 1.00
_ia48d480c62e017,TTe,class_3995,com/sulake/habbo/roomevents/wired_setup/variables/class_3995.as,r1 1.00
_ic5ddd7b790ffe2,RTe,class_3948,com/sulake/habbo/roomevents/wired_setup/variables/class_3948.as,r1 1.00
_i14a4fa2668ec42,a,class_4177,com/sulake/habbo/roomevents/wired_setup/variables/class_4177.as,r1 1.00
_i5efedb0fe0c300,a,class_4092,com/sulake/habbo/roomevents/wired_setup/variables/class_4092.as,r1 1.00
_ia42ceac54e120e,DTe,ReferenceVariable,com/sulake/habbo/roomevents/wired_setup/variables/ReferenceVariable.as,r1 0.92
_i595173ea6a5413,LTe,class_4218,com/sulake/habbo/roomevents/wired_setup/variables/class_4218.as,r1 0.82
_ieff13fd733e8cd,NTe,VariableTypes,com/sulake/habbo/roomevents/wired_setup/variables/VariableTypes.as,r1 1.00
_i5c407d1021aa91,OTe,WiredConfigurationCache,com/sulake/habbo/roomevents/wired_setup/WiredConfigurationCache.as,r2 0.56
_i5c7e92a7675af9,a,UserDefinedRoomEventsCtrl,com/sulake/habbo/roomevents/wired_setup/UserDefinedRoomEventsCtrl.as,r1 0.75
_if477a7051ad4ea,a,NewVariablePickerHelper,com/sulake/habbo/roomevents/wired_setup/uibuilder/presets/newvariablepicker/NewVariablePickerHelper.as,r1 1.00
_ia83b160712d93c,mc,class_4148,com/sulake/habbo/roomevents/wired_trading/chests/class_4148.as,r2 1.00
_i7bc183c8a43751,VTe,ChestNotificationSettingsUI,com/sulake/habbo/roomevents/wired_trading/chests/settings/ChestNotificationSettingsUI.as,r1 0.93
_i3ceba6cee5ae9f,UTe,WiredChestWiredUpdateConfirmationView,com/sulake/habbo/roomevents/wired_trading/chests/settings/WiredChestWiredUpdateConfirmationView.as,r1 0.86
_i635ff64ac26954,GTe,ChestSettingsUI,com/sulake/habbo/roomevents/wired_trading/chests/settings/ChestSettingsUI.as,r1 0.73
_i87323be12e8dd0,jTe,WiredChestUpgradeConfirmationView,com/sulake/habbo/roomevents/wired_trading/chests/upgrade_confirmation/WiredChestUpgradeConfirmationView.as,r1 0.95
_ia0fd33fc73fb76,a,WiredChestWrapperView,com/sulake/habbo/roomevents/wired_trading/chests/WiredChestWrapperView.as,r1 0.89
_ic6c99b403dede5,pY,AbstractChestSubController,com/sulake/habbo/roomevents/wired_trading/chests/subcontrollers/AbstractChestSubController.as,link r1
_i670b609d82d317,a,CoinChestSubController,com/sulake/habbo/roomevents/wired_trading/chests/subcontrollers/CoinChestSubController.as,r1 0.93
_i27028f939050ee,mY,_i27028f939050ee,,
_ibcdf8492d286d9,a,FurniChestItemView,com/sulake/habbo/roomevents/wired_trading/chests/subcontrollers/views/FurniChestItemView.as,r1 0.86
_i4279ecd77b414d,a,FurniChestView,com/sulake/habbo/roomevents/wired_trading/chests/subcontrollers/views/FurniChestView.as,r1 0.91
_i2b53b8ce57a08f,YTe,FurniChestSubController,com/sulake/habbo/roomevents/wired_trading/chests/subcontrollers/FurniChestSubController.as,r1 1.00
_i067fd58518c8f0,a,WiredChestController,com/sulake/habbo/roomevents/wired_trading/chests/WiredChestController.as,r2 0.40
_id8342db3b3aac6,a,AddEditContractElement,com/sulake/habbo/roomevents/wired_trading/contracts/subcontrollers/AddEditContractElement.as,r1 1.00
_id248c3e337ca31,Ug,AbstractContract,com/sulake/habbo/roomevents/wired_trading/contracts/subcontrollers/util/AbstractContract.as,link r1
_ieee2f725146cd0,a,PaymentContract,com/sulake/habbo/roomevents/wired_trading/contracts/subcontrollers/PaymentContract.as,r1 1.00
_ie1bf70fefc3dd0,ZTe,RewardContract,com/sulake/habbo/roomevents/wired_trading/contracts/subcontrollers/RewardContract.as,r1 1.00
_i26498b7676dd41,qTe,TradeContract,com/sulake/habbo/roomevents/wired_trading/contracts/subcontrollers/TradeContract.as,r1 1.00
_i333ef2818c3e05,JTe,WiredContractController,com/sulake/habbo/roomevents/wired_trading/contracts/WiredContractController.as,r1 1.00
_i7991d24f82103d,a,RewardNotificationView,com/sulake/habbo/roomevents/wired_trading/reward_notification/RewardNotificationView.as,r1 1.00
_ib6b9d084266e47,a,RewardNotificationController,com/sulake/habbo/roomevents/wired_trading/reward_notification/RewardNotificationController.as,r1 0.69
_i0e0321c74e6787,a,class_4074,package_193/class_4074.as,r2 1.00
_i6da95ef5e06665,a,TransactionItemView,com/sulake/habbo/roomevents/wired_trading/transactions/details/furni_overview/TransactionItemView.as,r1 0.77
_i0ba1aa4b7efb44,a,TransactionOverviewView,com/sulake/habbo/roomevents/wired_trading/transactions/details/furni_overview/TransactionOverviewView.as,r1 1.00
_i2cb4068e1db3a1,a,WiredTransactionDetailsView,com/sulake/habbo/roomevents/wired_trading/transactions/details/WiredTransactionDetailsView.as,r1 0.88
_i16c1f1f405500c,iRe,WiredTransactionDetailsController,com/sulake/habbo/roomevents/wired_trading/transactions/details/WiredTransactionDetailsController.as,r2 0.38
_i030847fcef08d0,nRe,TransactionTableObject,com/sulake/habbo/roomevents/wired_trading/transactions/overview/TransactionTableObject.as,r1 0.53
_i574a3acb09cd90,a,WiredTransactionLogsView,com/sulake/habbo/roomevents/wired_trading/transactions/overview/WiredTransactionLogsView.as,r1 0.96
_i92f9b2566441ea,a,_i92f9b2566441ea,,
_i6697a29606b5ec,a,WiredEnvironment,com/sulake/habbo/roomevents/WiredEnvironment.as,r1 0.66
_iac2e0801cee853,a,WiredVariablesSynchronizer,com/sulake/habbo/roomevents/WiredVariablesSynchronizer.as,r1 1.00
_ib9a37f7542ff0f,dRe,_ib9a37f7542ff0f,,r1 0.49
HabboUserDefinedRoomEventsBootstrap,cRe,HabboUserDefinedRoomEventsBootstrap,com/sulake/bootstrap/HabboUserDefinedRoomEventsBootstrap.as,nome
_i85d5d9d5325bb1,Qee,IRoomInstance,com/sulake/room/IRoomInstance.as,r2 1.00
_i67894ae9383239,a,RoomManager,com/sulake/room/RoomManager.as,r1 0.72
_ic06e17549c2d4a,lRe,_ic06e17549c2d4a,,
_if399f2635b00ae,bRe,NineSplitSprite,onBoardingHcUi/NineSplitSprite.as,r3 1.00
_i1e2b1f95f153b2,_Re,_i1e2b1f95f153b2,,
_i146300a17c82c6,uRe,class_3945,com/sulake/room/renderer/cache/class_3945.as,r2 0.79
_i159f8de9b0c33b,hRe,IRoomObjectSpriteVisualization,com/sulake/room/object/visualization/IRoomObjectSpriteVisualization.as,r2 1.00
_i61b69e8b75c790,pRe,class_4287,com/sulake/room/renderer/cache/class_4287.as,r3 0.86
_ifb58d2608be75e,a,class_4259,com/sulake/room/renderer/cache/class_4259.as,r1 0.96
ExtendedBitmapData,a,ExtendedBitmapData,com/sulake/room/renderer/utils/class_4041.as,nome
_ic0a8a254a0f670,a,class_4296,com/sulake/room/renderer/utils/class_4296.as,r2 0.78
_iafec61dbc949c5,vRe,_iafec61dbc949c5,,
_i634e10e3784548,a,class_4245,com/sulake/room/renderer/utils/class_4245.as,r1 0.82
_iaec9cffdf671e6,a,class_2952,com/sulake/room/renderer/class_2952.as,r1 0.42
_iec03e05c9f1e6f,IRe,class_2953,com/sulake/room/renderer/class_2953.as,rif r3 x1
_iaac3202013ec7d,xRe,class_2225,com/sulake/room/renderer/class_2225.as,r2 0.77
_i7bdae96c63a879,CRe,_i7bdae96c63a879,,
_ifdb0cd9fff5c9e,ERe,_ifdb0cd9fff5c9e,,
_i032b58a7aae635,a,_i032b58a7aae635,,
_ia68bad6e02f1e5,a,HabboLoadingScreen,HabboLoadingScreen.as,r1 0.83
HabboAir,a,HabboAir,HabboAir.as,nome
_i0b91c0370ce3e9,hFe,_i0b91c0370ce3e9,,
_i35019b20461ee3,pFe,class_19,com/sulake/core/utils/class_19.as,r3 1.00
_idfdc5919a84005,mFe,_idfdc5919a84005,,
HabboAirLaunchStage,wFe,HabboAirLaunchStage,,
