hash,nome,nome_reale
_r2f241b75d44277,ABSOLUTE_MINIMUM_HEIGHT,si
_rb3ec87544b68ef,ACCELERATION_PER_MS,si
_r024075685d7ac5,ACCEPTED,si
_rb34a3d40969718,ACCOUNT_ISSUE,si
_r102c89bb1652cf,ACHIEVED_DIVIDER,si
_re2b5e1f629b128,ACHIEVEMENTCOMPETITIONHALLOFFAME,si
_r7163247f022a67,ACHIEVEMENTCOMPETITIONPRIZES,si
_r71c06cf6bafd0b,ACHIEVEMENT_ARCHIVED,si
_r54781ee1cbe534,ACHIEVEMENT_CATEGORY_ARCHIVED,si
_rd1eebe8372c1e6,ACHIEVEMENT_CATEGORY_NEW,si
_r852b1db73f169c,ACHIEVEMENT_CATEGORY_WIRED_GAMES,si
_r020e0b9ace69cc,ACHIEVEMENT_CONTROL_BY_WIRED,si
_r6e474d7be0fa5a,ACHIEVEMENT_ENABLER,si
_raf11bdcc77391d,ACHIEVEMENT_LEVEL,si
_rea6fed6986e5cc,ACHIEVEMENT_PREFIX,si
_rcd31c0e1c9747f,ACHIEVEMENT_RECEIVED,si
_rca8972f1f510b8,ACHIEVEMENT_RESOLUTION_ENGRAVING,si
_r6235a0b888a6cf,ACHIEVEMENT_RESOLUTION_FAILED,si
_r270b94c574b0d3,ACHIEVEMENT_RESOLUTION_OPEN,si
_r2301a8a261d268,ACHIEVEMENT_ROWS_MAX,si
_re0b4694048aed8,ACHIEVEMENT_ROWS_MIN,si
_rbed4e83b08ca00,ACH_NOT_SET,si
_rbb6227b67498b2,ACTION,si
_r7362a4e092acce,ACTION_BLOW,si
_r18b756569e7180,ACTION_DRINK,si
_r7b207019edb9a7,ACTION_KICK,si
_r20927f425d3071,ACTION_RESPECT,si
_r7fdeb726ae477f,ACTION_SIGN,si
_r81ed055e2f7cdb,ACTION_WAVE,si
_rdaaa4c05086dfe,ACTIVATE,si
_r9a6bbe49a4cd1c,ACTIVE,si
_r67e0ef1db9ad7e,ACTIVE_CONVERSATION_COUNT_CHANGED,si
_r48d8ab54effaae,ACTIVE_MESSENGER_CONVERSATION_EVENT,si
_r055f692714af4a,ACTIVITY_POINT_BALANCE,si
_reec0948789b63c,ACTIVITY_POINT_DISPLAY,si
_r92591f0b7078c5,ACTIVITY_STATE_INVINCIBLE_AFTER_STUN,si
_r53eca009456270,ACTIVITY_STATE_STUNNED,si
_r5e3949a45ad2b3,ACTOR_HAS_HANDITEM,si
_r77965468987889,ACTOR_IS_GROUP_MEMBER,si
_r863ce1a2130af0,ACTOR_IS_IN_TEAM,si
_redd09513d547d0,ACTOR_IS_WEARING_BADGE,si
_r260e46e3ff5e61,ACTOR_IS_WEARING_EFFECT,si
_rf0db26f3ae199c,ADDED,si
_rd84da91765ccd2,ADDON_BADGE_VIEW,si
_r9c7077c04e7a5d,ADD_FAVORITE,si
_ra3e17c0c09678f,ADD_HOLE,si
_rb58c836b332d3f,ADD_MASK,si
_r4e84fc98b302bc,ADD_SONGS,si
_r267729ee64a4a4,ADD_SONGS_BACKGROUND_LOADABLE_ASSET,si
_rf44bf5febf28b1,ADD_TO_PLAYLIST,si
_r673e0bc7804d8c,ADJUST_CLOCK,si
_r4773fba65f439b,ADMINISTRATOR,si
_r56479ba77e7566,ADS_VIEW_CODE_PREFIX,si
_redbd8675c7c308,AD_DISPLAY_DELAY_MILLIS,si
_rd19ccb617a78b7,ALERT_ALREADY_OPEN,si
_r2fddb7bb8c6721,ALERT_OTHER_CANCELLED,si
_r819bd020815ce9,ALERT_SCAM,si
_r00d83543686bcd,ALIGN_BOTTOM,si
_r0b68e74e24eaf1,ALIGN_OVERLAY,si
_rd2c420970070a3,ALIGN_TOP,si
_rcc6e60fda9638e,ALLOWED_ENVIRONMENT_IDS,si
_r515c4c40835ceb,ALLOWED_PUNCTUATION,si
_r47a00316196d0f,ALLOW_PETS,si
_r1b83e777d4f2f2,ALLOW_SHIFT_SCROLL_HORIZONTAL,si
_re306722d461d05,ALL_CATEGORIES,si
_r424d3f1a2c38b7,ALL_DIRECTIONS,si
_r3a0c14bb3fbe2d,ALL_SETS,si
_r42692dd09a3e35,ALL_TAB_ID,si
_r9255d869338a9b,ALWAYS_SHOW_SELECTION,si
_r2cb13ba50e29d0,AMBASSADOR_ALERT_USER,si
_r4e320ad9fcf503,AMBASSADOR_KICK_USER,si
_rbd9af26918bdfa,AMBASSADOR_MUTE_USER_10MIN,si
_r5fb4c2f58655e3,AMBASSADOR_MUTE_USER_15MIN,si
_r3b06fbb6fb089d,AMBASSADOR_MUTE_USER_18HOUR,si
_r79c7a4a22c4c52,AMBASSADOR_MUTE_USER_2MIN,si
_r40997850dd7371,AMBASSADOR_MUTE_USER_36HOUR,si
_rf1411f94232773,AMBASSADOR_MUTE_USER_60MIN,si
_r872a7b9d6f6d9f,AMBASSADOR_MUTE_USER_72HOUR,si
_r15f470399f56c6,AMBASSADOR_UNMUTE_USER,si
_rbd28da088db559,ANCHOR_BOTTOM,si
_red1b2c57c5ccc2,ANCHOR_CENTRE,si
_r2387b90a63433c,ANCHOR_LEFT,si
_r24092f13d59f4a,ANCHOR_MIDDLE,si
_rd936ffcb528678,ANCHOR_RIGHT,si
_ra331fac79674a5,ANCHOR_TOP,si
_ra6bf456aa3d5fa,ANGLE_BUFFER,si
_rdeaa86e2d7d19f,ANIMATION_DURATION_MS,si
_r333328e3eaeb1b,ANIMATION_ID_NORMAL,si
_rf9bb164a94f303,ANIMATION_ID_OFFSET_SLOW1,si
_r7d376a7901ba02,ANIMATION_ID_OFFSET_SLOW2,si
_rc0ef06be1010b6,ANIMATION_TIME,si
_raf46d870c6cd55,ANIMATION_TRIGGER_INTERVAL,si
_r313f32b726aa1e,ANSWER,si
_r12f1030054910b,ANTIALIAS_TYPE,si
_rb03f5839bc4e25,ANYTHING,si
_r3c13974a9fb274,APPLICATION_ACTIVE,si
_r43fd6a8227065f,APPLICATION_DEACTIVE,si
_rce2acfa5257cbc,APPROVE_NAME_RESULT,si
_r7cc3bba8aa3d97,AREA_DIAMETER_SMALL,si
_r3d5f6cbf2af4e1,AREA_HIDE,si
_r8ff68196c041e7,ARGUMENT_ENVIRONMENT,si
_rcf84badf13d984,ARGUMENT_SSO_TOKEN,si
_r549c878831c961,ARRAY,si
_rb8203b9deca1e1,ARROW_ASSET_PREFIX,si
_ra2c2d50ea959e3,ARROW_DOWN,si
_r838ced18c93eae,ARROW_LEFT,si
_r470db87e9fa40f,ARROW_LINK,si
_r7baae6fa96a579,ARROW_PROGRESS,si
_r703557820cae14,ARROW_PROGRESS_ID,si
_r3e780923bacefb,ARROW_RIGHT,si
_r48b4da8e3f6d53,ARROW_UP,si
_rc5c5f7fa0ef1da,ARROW_WIDTH,si
_r35e405fd4e858b,ASSETS_LOADED,si
_rb6971f057316c2,ASSET_LIBRARY_LOADED,si
_r47b1e945344c61,ASSET_LIBRARY_LOAD_ERROR,si
_rdb97b90562d38a,ASSET_LIBRARY_NAME_PREFIX,si
_r0e65da4c00e376,ASSET_LIBRARY_READY,si
_rf1ab087d460a30,ASSET_LIBRARY_UNLOADED,si
_rf54ab34dc74b20,ASSET_LOADER_EVENT_COMPLETE,si
_r46cda6d8146330,ASSET_LOADER_EVENT_ERROR,si
_ree352424303d6f,ASSET_LOADER_EVENT_OPEN,si
_r23336cd908581f,ASSET_LOADER_EVENT_PROGRESS,si
_re632652a207277,ASSET_LOADER_EVENT_STATUS,si
_rdd61b7c1528e75,ASSET_LOADER_EVENT_UNLOAD,si
_rec5dc2d4014aa1,ASSET_NAME,si
_r683ca76bb57bb3,ASSET_NAME_DISLIKE,si
_rc2ccd43e1586e9,ASSET_NAME_LIKE,si
_r34af8cc880b7cb,ASSET_PREFIX,si
_r09ad1f9f4a5ced,ASSET_SMALL_POSTFIX,si
_ra7f8078beeba70,ASSET_URI,si
_rf059d43b270cdb,AUTHENTICATED,si
_rbc25c8a257472d,AUTHENTICATE_USER,si
_r966987056ff8c4,AUTO_ARRANGE_ITEMS,si
_r08b02a3a7d2576,AUTO_LOCK_KEY,si
_rdc4c618f8a3fd7,AUTO_SCROLL_TO_LATEST_DURATION_MS,si
_r641ab8c2876ef7,AUTO_SIZE,si
_r2ad2f9c91eab77,AUTO_TOPIC_ID,si
_r45fd1ee1db8bdf,AUTO_TRIGGERED_CATEGORY_ID,si
_rf5e8af2083fdfe,AVAILABLE_COLORS,si
_rb5866a44f02b8e,AVATARIMAGE,si
_redd99ba321a40c,AVATAR_ALPHA_MULTIPLIER,si
_r9a0cf5a97e91e6,AVATAR_CAUGHT,si
_r82f08444328b9b,AVATAR_CLICKS_FURNI,si
_rc438a27fc5715d,AVATAR_ENTERS_ROOM,si
_r5e8e8e086d0b51,AVATAR_EXPERIENCE_TIMESTAMP,si
_rd2bacb01911fe4,AVATAR_FACE_NAME,si
_r1549d2a5c05820,AVATAR_FIGURE,si
_r1328c7cfbda1d0,AVATAR_GENDER,si
_ra0cbbe8f14aaa7,AVATAR_GESTURE,si
_re0b1f632f739b2,AVATAR_GLOW_RADIUS,si
_r3a88052da5df36,AVATAR_GUIDE_STATUS,si
_raf798d95e1b858,AVATAR_HABBICON_SPIN_OFFSET,si
_r5947e02db4805e,AVATAR_HIGHLIGHT_DURATION_MSEC,si
_r97f3f9e4d90969,AVATAR_IMAGE_SPRITE_TAG,si
_rb6567e47e66d83,AVATAR_INFO,si
_r394de9fcd3c358,AVATAR_IS_PLAYING_GAME,si
_ra4562fe3e442e2,AVATAR_IS_TYPING,si
_r7235afb2df4e40,AVATAR_JUMPING_POWER,si
_r2052eb07153e1b,AVATAR_LEAVES_ROOM,si
_r4521fabab6b161,AVATAR_MOUSE_HIGHLIGHT,si
_r55076a8d4018f6,AVATAR_OWN_USER,si
_r1026145006ce12,AVATAR_PLACEHOLDER_FIGURE,si
_r97e36b69ef9be3,AVATAR_POSTURE,si
_rd444764f9fda8e,AVATAR_POSTURE_PARAMETER,si
_re74cff3bb9a5d6,AVATAR_SAYS_SOMETHING,si
_r5163ef7974ba5b,AVATAR_SIGN,si
_rac0c2fba48bee0,AVATAR_TALK,si
_rd944b3f9b57cef,AVATAR_WATER_EFFECT_MAGIC_Y_OFFSET,si
_r863ecbaa537c0f,AVATAR_WIRED_VARIABLE_HOLDER_HIGHLIGHT,si
_rc929739f52ef8d,AWAITING_MOUSE_DOWN,si
_r697ad99d302d8b,ActiveActionData,si
_rbed4f6a7c52679,AllVariablesInRoom,si
_r354814547c4821,AnimationStateData,si
_rcf5cb40f7b4528,AssetLibrary,si
_r0b963104365791,AvatarImage,si
_r9767130cb9b410,AvatarStructure,si
_ra49dbbd8192b74,BABYBEAR,si
_re50edd8b19208d,BABYTERRIER,si
_r6f12fc6534f51a,BACKGROUND_ACTIVE,si
_r1bf4cf647d063c,BACKGROUND_GREEN,si
_r9ee462558e9a24,BACKGROUND_HOVER,si
_r6600396c88a78b,BACKGROUND_IDLE,si
_rda73e58127209e,BACKGROUND_LOAD_FUNCTION,si
_re995c7aa00400a,BACKGROUND_ORANGE,si
_r96226b55002cba,BACKGROUND_SHADOW_ALPHA,si
_r542c99d3239167,BACKGROUND_SHADOW_BLUR,si
_r0e019f7b8c40bd,BACKGROUND_SHADOW_OFFSET_X,si
_r12d4617d30f462,BACKGROUND_SHADOW_PADDING,si
_r6dd8c660150b0d,BACKGROUND_YELLOW,si
_r5e0eb0d1e64a97,BACK_BUTTON,si
_rf1f456b7d7950c,BADGES,si
_r9cf8bec96ed3a5,BADGES_ACTIVE,si
_r5b4984e6dce8a9,BADGES_ALL,si
_r2366326c8411be,BADGES_BY_RARITY,si
_r4e6a00763774e0,BADGES_INACTIVE,si
_rdf4108c3d9e45e,BADGE_CHATSTYLE_WIDGET_NAME,si
_ra975b061262a0a,BADGE_DISPLAY_ENGRAVING,si
_rf7dd11e04e227a,BADGE_GRID_ITEM_NAME,si
_r10ad68a02c1069,BADGE_LOADED,si
_r390cc2fed1257c,BADGE_READY,si
_r735cb12a287479,BADGE_RECEIVED,si
_r1a99366d9eb330,BADGE_SPRITE_TAG,si
_r72e8f6448918df,BADGE_X,si
_rbc74b24318b4fc,BADGE_Y,si
_rf8d9e16c60eb09,BAN_USER_DAY,si
_r16115270d7681b,BAN_USER_HOUR,si
_re8a9ea61708dab,BAN_USER_PERM,si
_r9b5b08d440b2b5,BAR_CHUNK_WIDTH,si
_r79098bcc17072b,BAR_END_MINIMUM_FILL_WIDTH,si
_r76df907e26964d,BAR_END_WIDTH,si
_rc35436badacb30,BAR_ICON_CONTENT_Y_OFFSET_PX,si
_r3619fd159b8a28,BAR_ICON_OVERLAP_PX,si
_r05d16f82117683,BAR_SPACING_X,si
_rc8587caaabfdf6,BAR_Y,si
_rfaaee95768349a,BASE_BIAS,si
_r77dd3ff5e7c943,BASE_LAYER_INDEX,si
_r115ead85e2c1ba,BASE_PART,si
_r858774b0b2570e,BATCH_MAX_QUERY_AMOUNT,si
_r8e78e5e6c50e24,BEAR,si
_ra5cdeef8a90b78,BEGIN_PANE_PREFIX,si
_r9163affa064cb7,BG_COLOR_DARK,si
_r598f8bd7e95085,BG_COLOR_LIGHT,si
_r82f499ccfb339a,BG_COLOR_NORMAL,si
_re04976b1654c9a,BG_COLOR_SELECTED,si
_r2629fc36aa587b,BG_COLOR_UNSELECTED,si
_r5cdc72c41a78eb,BG_IMAGE_PREFIX,si
_r3819889f424ea8,BG_NAME,si
_r63ae41d4a1a07e,BG_STAR_ROTATE_SPEED,si
_r58327d1be68c4c,BIG_MAHOOSIVE_CHONKY,si
_r1ae27e47becffb,BINARY_SEARCH_ITERATIONS,si
_r857f721cae1996,BITMAP_ASSET_NAME,si
_r40d70778ab5924,BITMAP_FILL_MODE,si
_rab0c15763a7998,BITMAP_ICON,si
_r7206a038bd0d93,BITMAP_RESERVED_1,si
_r3fd563eb961a02,BITMAP_RESERVED_2,si
_r5a54f3f040fdc4,BITMAP_RESERVED_3,si
_r3b50183e7203f6,BI_FP,si
_rda6c3fdac9fcc7,BLANK,si
_rc2052e38c8230c,BLEND_BUFFERING,si
_r8d02a7579366f2,BLEND_STAGE_REFRESHING,si
_rb8c5a7b5babcac,BLOCK_PROGRESS,si
_r13a99c0824a9cb,BLOCK_PROGRESS_ID,si
_r78fb9e6c581f11,BLOW,si
_r601a9059d95fb3,BOBBA,si
_r66e64fe064f323,BODY,si
_rfe3fc039988150,BODYTEXT,si
_r4be08c593a6e02,BONUSRARE,si
_rfdde8765dd1e0c,BONUS_PROGRESS_ACTIVE_BOTTOM_COLOR,si
_r7c3cd681b98a94,BONUS_PROGRESS_ACTIVE_TOP_COLOR,si
_ra485bc9289a2e6,BONUS_PROGRESS_EXPIRED_BOTTOM_COLOR,si
_r75cfa89f526bdd,BONUS_PROGRESS_EXPIRED_TOP_COLOR,si
_r8d899ea5ec592f,BOOLEAN,si
_r55423b6f02e29a,BORDER_ACTIVE,si
_r088315ef5e0231,BORDER_COLOR,si
_rfe4c190d915c05,BORDER_IDLE,si
_rfb2d80b3d94515,BORDER_IMAGE_HORIZONTAL,si
_rc5ea5e5c5488a8,BORDER_IMAGE_VERTICAL,si
_r946af6f78e0064,BORDER_STYLE_ILLUMINA_DARK,si
_raa080f534e0fbf,BORDER_STYLE_ILLUMINA_LIGHT,si
_r8cabd995e2707f,BORDER_TOP_BOTTOM_OFFSET,si
_r44335364d54a1f,BOSS_BAR_CATEGORY_ID,si
_r7125a033584998,BOSS_HEALTH_BAR,si
_r38aa07dcaec4bb,BOSS_HEALTH_BAR_ID,si
_r574a1ce8073936,BOTS,si
_r433d2f3315bbcc,BOTS_FORBIDDEN_IN_FLAT,si
_r29cc0ab007c5a0,BOTS_FORBIDDEN_IN_HOTEL,si
_r02731c2eb71a50,BOTTOM,si
_rc12c34776fadfd,BOTTOM_CENTER,si
_ra3a133b919815a,BOTTOM_LEFT,si
_rfd787648ecf0bc,BOTTOM_MARGIN,si
_r423cb0aa5a515b,BOTTOM_PADDING,si
_rd2c45ba64babb5,BOTTOM_RIGHT,si
_rf4bbce9d209cf0,BOT_AVATAR_REACHED,si
_r8bf5a9bf8b7710,BOT_CHANGE_FIGURE,si
_rf76fbaa329ef93,BOT_DESTINATION_REACHED,si
_r00b6259e32d9c5,BOT_FOLLOW_AVATAR,si
_r8d5f0f3e41ab7f,BOT_GIVE_HAND_ITEM,si
_rc77cb65481ee9c,BOT_LIMIT_REACHED,si
_rf7ace0ac95279f,BOT_MOVE,si
_r82beba7192ea29,BOT_NAME_NOT_ACCEPTED,si
_rf152cac7b4deff,BOT_TALK,si
_r2490a8b93499f2,BOT_TALK_DIRECT_TO_AVTR,si
_r8e67d5d1ce65db,BOT_TELEPORT,si
_r26126f650268b7,BOT_VIEW,si
_raf7fa73762c45a,BOUNDING_DATA,si
_rbc60a3f1e18437,BOUNDING_DATA_PER_SNOWBALL,si
_rfb45ec4454ff52,BOUNDING_DATA_TRIPLE_CIRCLE_LARGEST_DISTANCE,si
_rd220df2b5d0af9,BOUNDS_MARGIN,si
_r163e00ecc6f023,BRANDED_IMAGE_SPRITE_TAG,si
_r88dff2d87cebc8,BREED,si
_rb25f996a3fe16b,BREED_TRAIN_COMMAND_ID,si
_r21b0498af3f8f8,BRIGHTNESS_AND_SHADOW_UNDER,si
_r24e66fb127ff8d,BRIGHTNESS_AND_SHADOW_UNDER_GENTLE,si
_r8d4b0fe2a1fa10,BUFFER_LENGTH,si
_r603f855a692701,BUILT_IN_ANIMATION_ASSET_NAMES,si
_rf4b2dcc7f68be0,BUNDLE_MY,si
_r0206b42e241413,BUNDLE_PURCHASE_EXTRA_INFO,si
_r89afb8e0802776,BUNNYEVIL,si
_re868b0cdc80143,BUNNYLOVE,si
_r8195ac7a9f973d,BUS_PARTNER,si
_rd76e85b98965fe,BUTTONS_DISABLED_MS,si
_r4ecea289b5cb6d,BUTTONS_MAX_WIDTH,si
_r695c7fe0dcc279,BUTTON_ACCEPT,si
_rdeef4c53cd5813,BUTTON_COLLAPSE_RIGHT,si
_r4149f772cb22c6,BUTTON_COLOR_DEFAULT,si
_r389b151be199de,BUTTON_COLOR_HOVER,si
_r550e62606ee465,BUTTON_CUSTOM,si
_r67c4b6ae7529f2,BUTTON_GREEN,si
_rc77d5ab2e392b1,BUTTON_HEIGHT,si
_r55999e57651854,BUTTON_LEFT_PAGE,si
_rc54047972990fb,BUTTON_LIST,si
_r5edbd79a83564e,BUTTON_MARGIN,si
_rbe51ab8f090334,BUTTON_MODE_VARIABLE_MENU,si
_r9423661d65302f,BUTTON_RED,si
_r9d20835a1f4488,BUTTON_RIGHT_PAGE,si
_r8ec1d9b6c03c26,BUTTON_STATE_DOWNLOAD,si
_rba2bcb1f85ba90,BUTTON_YELLOW,si
_r54253e81637c3c,BUY_MORE,si
_r8ca34ce89c2e67,BadgeLayerOptions,si
_r3e4e37c00f8b24,BadgeSelectPartCtrl,si
_r49746c91edb5fa,Bitmap,si
_r1bd32f0e42cd70,Boolean,si
_r46a1e8066d0125,CALL_ANOTHER_STACK,si
_r42cd22aa678ac2,CALL_FOR_HELP_NOTIFICATION_TYPE,si
_r387a2d9364c3af,CAMERA_INIT_X,si
_r88e1c4a1536eee,CAMERA_INIT_Y,si
_r5a1c62d1cfd565,CAMERA_INIT_Z,si
_r41f348cbae7756,CAMERA_LAUNCH_ORIGIN_CHAT,si
_r3d31bbb26ab8c0,CAMERA_LAUNCH_ORIGIN_EIW_MAKE_OWN,si
_rd592929ccbe86f,CAMERA_LAUNCH_ORIGIN_ROOM_TOOL,si
_r6a12c57904f9fd,CAMERA_LAUNCH_ORIGIN_TOOLBAR,si
_rfeacae48bd42e8,CAMERA_SHUTTER,si
_r9be0121aea7b52,CAMERA_TOGGLE,si
_r47ac0f36083ef5,CAMPAIGN_CLOSE_CALLBACK,si
_r00cb7499a807d4,CAMPAIGN_COMPLETED_CALLBACK,si
_r7bb0bed00f1ef3,CAMPAIGN_COMPLETE_CALLBACK,si
_r1224255a9db7ce,CAMPAIGN_ICONS_ENABLED_KEY,si
_r7c15e1aedac6fe,CAMPAIGN_MESSAGES,si
_r98ed5aae654a1a,CAMPAIGN_MESSAGES_ALL,si
_r5d7c1fdadbd703,CAMPAIGN_MESSAGES_SEEN,si
_rf94d690936a0f7,CAMPAIGN_OPEN_CALLBACK,si
_r72f9c539102542,CAMPAIGN_READY_CALLBACK,si
_r2f6efe0257c4bb,CANCEL,si
_r084caab18bbad8,CANCEL_TRANSACTION,si
_r26a3e60260d5f2,CAN_PERFORM_MOVE,si
_r5f04a5f6a8fe78,CAPACITY_KEY,si
_r11547f2c1b9c0f,CAPACITY_LEVEL_KEY,si
_r7e43a69d1b11eb,CAPTCHA_ENDPOINT,si
_r9d0b6cfbf4bf10,CAPTION,si
_r1387822f991a29,CAPTION_BLEND_CHANGE,si
_r8bd900e93bfce6,CAP_OVERSHOOT,si
_r91e17dd08b474b,CARRY_OBJECT,si
_r0beaea4cb52ee1,CARRY_USERS,si
_r04b9b5da3c2b90,CASCADE,si
_rda401d3aba9d98,CAT,si
_rcf3322691e5fa6,CATALOG,si
_r9fdfb0d7d3764d,CATALOGBUTTON,si
_rc535d7e92e0efc,CATALOGPROMO,si
_r759e7b730041d3,CATALOGPROMOSMALL,si
_r30a6e5e1a487e3,CATALOG_CLUB,si
_rc02f05ad1dcc0f,CATALOG_PAGE_BUNDLES,si
_r36c4983e8fb5b9,CATALOG_PAGE_CLUB,si
_r18b8e18b7a44bd,CATALOG_PAGE_CLUB_GIFTS,si
_re39732bad25d11,CATALOG_PAGE_CREDITS,si
_r5fa1884f2e27e8,CATALOG_PAGE_DUCKETS_INFO,si
_r2ce05c6829d06f,CATALOG_PAGE_ECOTRON,si
_re0290b454fdb33,CATALOG_PAGE_GIFT_SHOP,si
_rb56b959887a30d,CATALOG_PAGE_GROUP_FURNITURE,si
_r92086362c3b9ed,CATALOG_PAGE_HORSE_SHOE,si
_re19cf6dbd00fec,CATALOG_PAGE_HORSE_STYLES,si
_r07fa2d321405fc,CATALOG_PAGE_LAYOUT_WIDGET_NAME,si
_r399d86551bf938,CATALOG_PAGE_LOYALTY_POINTS_INFO,si
_rfb772332ba3e92,CATALOG_PAGE_MOBILE_BUNDLES,si
_r07aaab61018b5f,CATALOG_PAGE_MOBILE_SUBSCRIPTIONS,si
_rc2b14a0c2d93a1,CATALOG_PAGE_NEW_ADDITIONS,si
_rd7f5e7c90e7b70,CATALOG_PAGE_PETS_ACCESSORIES,si
_rf56c8a6f87c5df,CATALOG_PAGE_SHELL_GIFTS,si
_rbd4a526a3e8fc8,CATALOG_PAGE_SNOWFLAKE_GIFTS,si
_ra3afd2032617ef,CATALOG_PAGE_SOLD_RARES,si
_ra88cbc187d8b49,CATALOG_PAGE_SONG_DISK_SHOP,si
_r829792ef3009b0,CATALOG_PAGE_SPECIAL_EFFECTS,si
_r195a3669ee8e77,CATALOG_PAGE_SPEND_NUTS,si
_r6fb479836b2a1d,CATALOG_PAGE_SUBSCRIPTIONS,si
_rd1ee3aa5db9668,CATALOG_PAGE_VALENTINES_GIFTS,si
_r575df81084ef95,CATEGORY_HOT_LOOKS,si
_rc821655d564596,CATEGORY_MY_LOOKS,si
_r9fd48bfb87fc06,CATEGORY_SPACING,si
_rab84ab4eb46451,CATEGORY_SPACING_X,si
_r2d3337929d81b2,CATEGORY_SPACING_Y,si
_r7ab7b031d0d112,CENTER,si
_r3a83d7ecf7f59f,CENTER_RIGHT,si
_r55ae39174ddcaa,CHALLENGE_LEVEL_NEEDLE_BASE_FRAMES,si
_r36b78fa5ccbeaa,CHANGE_EMAIL,si
_r13cb3ffe3a7b4e,CHANGE_NAME,si
_rcb4e55cde0aa8f,CHANGE_ORIGIN_OPTIONS,si
_rd50ca6b6368604,CHANGE_PASSWORD,si
_r2343303e45059a,CHANGE_PITCH,si
_r7b8983c7831747,CHANGE_STATE,si
_r086571cb6a3cda,CHANGE_TO_SPECTATOR_QUEUE,si
_r247ecd70a7b8d1,CHANGE_TO_VISITOR_QUEUE,si
_r0422073567ca4a,CHANGE_VARIABLE,si
_rb44e456c9e015d,CHASE,si
_rf939c261751758,CHAT,si
_rd44b96e5c29475,CHATTER_MARKOV,si
_ra2edd739de1202,CHAT_BAR_POPUP_OFFSET,si
_rb9ab7758e506fe,CHAT_CONTAINER,si
_r5296b21114b36d,CHAT_FONT_SIZE_MODE_MAX,si
_rffad46268aede3,CHAT_HELP_INTERNAL_CLIENT_LINK,si
_rbeb2a1bf15d5ed,CHAT_INPUT_CONTENT,si
_r18140e667cdcf0,CHAT_INPUT_WIDGET,si
_r684fbd92248bc2,CHAT_ITEM_RENDER_MAX_MESSAGES_SIZE,si
_r8bea66ac982620,CHAT_LAG_WARNING_LIMIT,si
_r6ad5adcabc7bef,CHAT_LINE_POOL,si
_r23524dbf1a5fb9,CHAT_LINE_POOL_MAX_SIZE,si
_r993efcc4f806ae,CHAT_REPORTED_USER_COLOUR,si
_r17b69e16de2495,CHAT_REPORTEE_COLOUR,si
_r4617c50cb81f1d,CHAT_STYLE,si
_r295d4f4c2ff26a,CHAT_STYLE_SNOWWAR_BLUE,si
_r21045f9efc5b3c,CHAT_STYLE_SNOWWAR_RED,si
_r71937f2dd29784,CHAT_TYPE_HAND_ITEM_RECEIVED,si
_rc58176f030976d,CHAT_TYPE_MUTE_REMAINING,si
_redb20ff18aa0c1,CHAT_TYPE_PETRESPECT,si
_rf6c0093d412bdf,CHAT_TYPE_PETREVIVE,si
_r54e239feadd549,CHAT_TYPE_PETTREAT,si
_r1ab017fab77294,CHAT_TYPE_PET_REBREED_FERTILIZE,si
_r70258502893dff,CHAT_TYPE_PET_SPEED_FERTILIZE,si
_r417a51bcff533a,CHAT_TYPE_PING,si
_r8596c5976c548f,CHAT_TYPE_RESPECT,si
_rda477390e0fefb,CHAT_TYPE_SHOUT,si
_r1bd5892ab3956c,CHAT_TYPE_SPEAK,si
_r79b4dd67483b26,CHAT_TYPE_SPECIAL_SYSTEM,si
_r87f798ef3d7014,CHAT_TYPE_WHISPER,si
_rc5c92f82895cc2,CHECK_FOR_HC_MEMBERSHIP_FUNCTION,si
_r44fcb9b6af1800,CHEST,si
_r6f150040bce8d5,CHEST_ACCESSORY,si
_r5142ed5cfcfb7c,CHEST_DESC_KEY,si
_ra63cf0b74a3364,CHEST_HAS_ITEMS,si
_rfbe083a5412bd1,CHEST_HAS_ITEM_TYPES,si
_re5476539d062e8,CHEST_ITEM_TYPE_SCANNER,si
_rf87f48b776bd3e,CHEST_NAME_KEY,si
_rb6ccfa742cef42,CHEST_PRINT,si
_re2c81acc2808e1,CHEST_STATES,si
_r762f399bce570a,CHICKEN,si
_r3b2294490d3fb5,CHILDREN,si
_r8f4ae1aaeb6d5c,CHOOSER_DISABLED,si
_r471bef8477e593,CITIZENSHIP,si
_r09acd8df44f727,CLAIM,si
_rdc4452b308a6a1,CLAIMABLE,si
_r5c46530df00a72,CLAIM_HEIGHT,si
_r4c481d9341f564,CLAIM_STATE_BROWSING,si
_r7f91267e439bbd,CLAIM_STATE_CLAIMABLE,si
_r399010db279860,CLAIM_STATE_CLAIMED,si
_rff2263f09ce501,CLAIM_STATE_FETCHING,si
_ra8c438391dc169,CLAIM_STATE_NOT_APPLICABLE,si
_r924a4dea0b005d,CLASSIC_MINI_PROGRESS,si
_r458626b70e3652,CLASSIC_MINI_PROGRESS_ID,si
_r6aee7529539a39,CLASSIC_PROGRESS,si
_r2e092153c415e7,CLASSIC_PROGRESS_ID,si
_r64befddf2b8c44,CLASSIFICATION_ROW_POOL,si
_r14e147e5eaa671,CLASSIFICATION_ROW_POOL_MAX_SIZE,si
_re6e1dff7ffa54d,CLEANUP_TIMER_DELAY,si
_r9f19d16224ef31,CLEARTYPE_LOCALIZATION_KEY_POSTFIX,si
_ra6c9a4ae7a2eb0,CLEAR_LOGS_TIMEOUT,si
_rf713418fa10955,CLICK_AWAY,si
_ra20af2d93364c0,CLICK_SETTINGS_NOTIFICATION_TOGGLE_ID,si
_re978ecc7ba4451,CLICK_USER_PASS_THROUGH,si
_r5c4dbab3e3fb9f,CLIENT_ORIGIN,si
_rc28fee8aabe961,CLIENT_START,si
_rb8dcb4be37f819,CLIENT_STARTING,si
_r3123da0f32dbd5,CLIENT_STARTING_LOADING,si
_r77547279d3dd63,CLIENT_URL,si
_r71a0d981fcc77f,CLIPPING,si
_r7d9e3cb0ca2ed9,CLOCK_REACH_TIME,si
_rb807927b55b74f,CLOCK_TIME_MATCHES,si
_r2a26b3d63401db,CLOSE_COLOR_NORMAL,si
_rbc2e73f47ce58a,CLOSE_COLOR_OVER,si
_r42ea129cc72b4b,CLOSE_DELAY_MS,si
_rf3132c532bf5ca,CLOSE_FURNI_CONTEXT_MENU,si
_r666bd86b0e00ab,CLOSE_PET_TRAINING,si
_r93ea9b8f485ec5,CLOSE_WIDGET,si
_r4bd9003744824a,CLOTHING,si
_r2997bbe51b6083,CLOTHING_CHANGE,si
_rd52f2541c6dedd,CLUB,si
_r4688186c801c2a,CLUBGIFT,si
_rb507c2c291d850,CLUB_BADGES,si
_rba92b9a0156f2a,CLUB_BUY,si
_r0a89b1c42ab29a,CLUB_GIFTS,si
_r9dc54aad11b565,CLUB_ICON_GIGANTIC,si
_r1920306cbc48e8,CLUB_ICON_SMALL,si
_rc6f307cd6a1005,CLUB_ICON_SQUARE,si
_r887585c933de4d,CLUB_ICON_SQUARE_BIG,si
_r711155f425921f,CLUB_PROMO,si
_r6b343d617a4b0f,CMT_CLOSE,si
_r105caa2be00e79,CMT_OPEN,si
_ra96ab0180b0df2,COAT_CHEST,si
_rdc139921f20dc9,COIN,si
_r92906ad98c9826,COINS_CHEST,si
_r8d2a9b676865f0,COLLAPSED,si
_r50082e50da3e66,COLLAPSED_MARGIN,si
_ra3bcb95d20796b,COLLAPSE_ANIMATION_DURATION_MS,si
_ref599c6de98b50,COLLAPSE_ANIMATION_FPS,si
_rd3824823cface2,COLLECTIBLES,si
_r0be2dc44052b5a,COLLECTIBLES_CLAIM_SUCCESS,si
_r8fd25256c70e83,COLLECTIBLES_CLAIM_WAIT,si
_r9f9d81b42f0c88,COLLECTION_ICONS_SPRITESHEET_FILE,si
_r1bdec1297b8d1b,COLLECTION_ICON_OUTLINE_COLOR,si
_r041ba08c0e9b3b,COLLECTION_ICON_OUTLINE_SIZE,si
_r2dccea62f1db6f,COLON,si
_ree977470d5d76a,COLORIZATION_ASSET,si
_r860d11bc119e56,COLORIZE_METHOD_HSV_LAYER,si
_r8188fa2a4d0fae,COLORS,si
_rcaf18e93bd4f25,COLOR_BLUE_CLICKED,si
_rd43334c9904b35,COLOR_BLUE_HOVERED,si
_r48e13b13b2b0b9,COLOR_BROWN,si
_r59814646af6258,COLOR_DEBUG,si
_r0359b450ffe444,COLOR_ERROR,si
_r3f9dff119ed9d0,COLOR_EVEN,si
_r716c5bbe67e8d9,COLOR_GOLD,si
_rbd095d86fe03b0,COLOR_GREEN,si
_r88bb1fe1cb0cd7,COLOR_HIGHLIGHT,si
_r8ad3c87691b695,COLOR_INACTIVE,si
_r02b3162d29fe42,COLOR_INFO,si
_rf298e911bc672b,COLOR_ITEM_NORMAL,si
_r8330d60b46df45,COLOR_ITEM_SELECTED,si
_r6ac4a58fc92158,COLOR_MATRIX_MIX_MAX,si
_rb80922d1725511,COLOR_MATRIX_OFFSET_MAX,si
_rf20e34e3772725,COLOR_ODD,si
_r035c942b53f84b,COLOR_ORANGE,si
_rbead0c3f3cd9a3,COLOR_RED,si
_re1239b6c0cd32a,COLOR_SILVER,si
_r7954de3ed0672e,COLOR_TAGS,si
_r1f400aa57383c7,COLOR_TRANSFORM,si
_r1220d239abed03,COLOR_WARN,si
_radf6c3b5e5730e,COLOR_YELLOW_CLICKED,si
_re56c9ad3b7acde,COLOR_YELLOW_HOVERED,si
_re595846d1006f8,COLOUR_GRID,si
_rd39d213284ec42,COLUMN_APPEAL_STATUS,si
_r777896bea7aa6e,COLUMN_FURNI_NAME,si
_reac8b31bb40ca9,COLUMN_FURNI_OWNER,si
_r75cc445d475099,COLUMN_ID,si
_r9cb04069290f18,COLUMN_REASON,si
_r556d685c927c67,COLUMN_REPORTED_ACCOUNT,si
_r16d20ab89c8909,COLUMN_REPORT_DATE,si
_r4a6ce354729168,COLUMN_TYPE,si
_r18ff79f4d0554c,COLUMN_USER_NAME,si
_rc392624f7ec604,COL_FURNI_CODE,si
_r63bb97a106fca3,COL_FURNI_NAME,si
_r8a55d8dae5b38f,COL_FURNI_TYPE,si
_raf78e777dccce8,COL_SPACING,si
_r5f7aa78eeea2b7,COMMA,si
_r140567f8212aeb,COMMON,si
_r35e724366fd966,COMMON_FRIENDS,si
_r7dc623c4faa6a7,COMMUNITY,si
_r70464ca6ced8c1,COMMUNITYGOAL,si
_rfd93de224de3ab,COMMUNITYGOALSCORE,si
_r48a1542a9c0404,COMMUNITYGOALTIMER,si
_rd92332d174aa04,COMMUNITYGOALVS,si
_r58de886b8bf61d,COMMUNITYGOALVSVOTE,si
_r56d2c3c505bfd4,COMPLETED,si
_re521384682df74,COMPLETE_COLOR,si
_r90d18a2d3b347e,COMPLETION_CLOSE_DELAY_IN_MSECS,si
_r1d67bffabcf668,COMPLETION_TEXT_OFFSET_FROM_BOTTOM,si
_r7dbbaa1cdb23ef,COMPONENT,si
_r37aade7d4410fd,COMPONENT_FLAG_CONTEXT,si
_r3cf928f377042c,COMPONENT_FLAG_DISPOSABLE,si
_rc598802333b78a,COMPOST_PLANT,si
_rfe26e6497ae8f2,CONCURRENTUSERSINFO,si
_r86a1bd2acb1f49,CONCURRENTUSERSMETER,si
_rf1bf3734298f73,CONDENSE_WHITE,si
_r9c419627af0121,CONDITION_EVALUATION,si
_re74d6ce4ef4547,CONFIGURATION_ERROR,si
_r99f87dfc01cfe6,CONFIGURATION_LOADED,si
_r16b2571bffe745,CONFIG_LOADED,si
_r8f8cd22b6c13bd,CONFIRM_PET_BREEDING,si
_rad5426d26d5bcb,CONFIRM_PET_BREEDING_RESULT,si
_r4f48cef0393f15,CONFUSABLE_GROUPS,si
_r88512c74f723d4,CONNECTION_ESTABLISHED,si
_rce754ee4e58d8d,CONNECTION_INFO_HOST,si
_r21f36bdb849230,CONNECTION_INFO_PORT,si
_r3a0e8dd9d23def,CONNECTION_INIT,si
_rc37521936fa6b8,CONTAINER,si
_r6596622df981f2,CONTAINER_RESIZE_TO_COLUMNS,si
_r42fb9b6793c727,CONTAINER_SPACING,si
_r4b099f7b376fcb,CONTENT,si
_rb956d77c5bcd5c,CONTENTS_COUNT_KEY,si
_rac8c6fb155b2f5,CONTENT_AREA_START_X,si
_ree53127acdae0f,CONTENT_LOADER_READY,si
_r6fd9695e51b4aa,CONTENT_LOAD_CANCEL,si
_rb259e140163278,CONTENT_LOAD_FAILURE,si
_r4bbdf51edc4594,CONTENT_LOAD_SUCCESS,si
_r0e8c7fa02c4251,CONTENT_NO_CLUB,si
_r6a59484983d55c,CONTENT_PROCESSING_TIME_LIMIT_MILLISECONDS,si
_r82f932da946608,CONTENT_TAG,si
_r57105b8f83ef73,CONTENT_UPDATED,si
_r3d84ba8017ad40,CONTENT_WRONG_GENDER,si
_r8080bea662778e,CONTEXT_SOURCE,si
_raaa167b28a89da,CONTEXT_VARIABLE,si
_r2a0768bb669b5f,CONTINUE_BUTTON,si
_r5be02d8f015049,CONTROL_CLOCK,si
_rb2084324b0ea0c,CONVERSION_TRACKING,si
_r65b757e4882714,CONVERTER_ECHO,si
_r16961ef955af28,CONVERTER_PULSES,si
_r6aaba40c6d8f92,CORE_ERROR,si
_r06ed87275ebd3f,CORE_INIT,si
_r8180f3b6665f92,CORE_RATIO,si
_r46f08f4487db50,CORE_RUNNING,si
_ra669d607b537f8,CORE_SETUP_FRAME_UPDATE_SIMPLE,si
_rd9101464a89914,COSTUME,si
_rdb766f4d269fde,COUNTER,si
_rb9eca344f8c779,COUNTER_MARGIN,si
_rd616336490b14c,COW,si
_rbad4202c3bc160,CRACKABLE_FURNI_VIEW,si
_r8e04b308193067,CRAFTING,si
_re7cd0bdc9d765d,CRASH_ON_CRIT_ERROR,si
_r9146a886bec524,CREATE_HEADER_BITMAP_OFFSET,si
_r2c80a5a18e0719,CREDITFURNI,si
_rf2b8a9d7bb46b0,CREDITHABBLETBUTTON,si
_r88631007a8435c,CREDITS,si
_rbd33984f9581c1,CREDITS_EXTENSION_ID,si
_ra0f69ce64b5d51,CREDIT_BALANCE,si
_r2cfc13884dd656,CREDIT_FURNI,si
_r26ecd840be129c,CREDIT_IMAGE_COUNT,si
_r0dc29fe26861b2,CRITICAL_COLOR,si
_re5437f2c3135c4,CROCODILE,si
_r316923f414c4a5,CRY,si
_rab5f38b0d03493,CURRENCY,si
_rebdbd560f5bc6e,CURRENT_USER_ID,si
_r35e3db222fb353,CURSOR_REQUEST_ARROW,si
_rf192c6732877b3,CURSOR_REQUEST_BUTTON,si
_rcafed341c28be8,CURVE_X1,si
_rcfd41afe24b6ab,CURVE_X2,si
_r848a48316568d5,CURVE_Y2,si
_rf8e0a84ecb2eb3,CUSTOMTIMER,si
_r5468b3d6f6ea32,CUSTOM_CONTRACT,si
_r43a44305e3354d,CUSTOM_STACK_HEIGHT,si
_rdadb24847007be,CUSTOM_USER_NOTIFICATION,si
_r6a1fe4edb6f92d,CUT_TYPE_COUNT,si
_r740f99f32e52b7,CategoriesTabPageDecorator,si
_rff5c1d60208f3d,ChatHistoryScrollBar,si
_re6731b29335ec9,ChronoFieldRangeFilter,si
_rbd9e9f4472112f,ComponentDependency,si
_r523cb5c2571a85,DAILYQUEST,si
_r73be5ab22db95b,DAILY_REFRESH_DELAY_MINUTES,si
_rcb2b0f3f2ed1d8,DANCE_ACTION_CODE,si
_re81d9196420d07,DARKENING_SLICE_WIDTH,si
_r061a46b8c2d915,DATA_UPDATE_INTERVAL_MSEC,si
_r4a7038e204064e,DATE_MATCHES,si
_rfee655e8b78d77,DATE_RANGE_ACTIVE,si
_rdcf99b6ca8afa2,DAYS_IN_MONTH,si
_rcd8ea215a438e8,DEBUG_PROGRESSBAR_TESTING_MODE,si
_re1bc0641f21d66,DECLINE,si
_rf16bc29cb71646,DECLINED,si
_r0c8277582c3510,DEFAULT,si
_r926a406a9cc493,DEFAULT_ACTIVITY_POINTS_PRICE_COLOR,si
_rdb25ea3e9e45c5,DEFAULT_BACKGROUND_TINT,si
_rc06e043cb0b509,DEFAULT_BADGE,si
_r345388e3e1b824,DEFAULT_BG_COLOR,si
_rd98cf6a807d88e,DEFAULT_BOT_BADGE_ID,si
_r84d4e83e59c501,DEFAULT_BOY_CLOTHES,si
_rea9c1a288e7524,DEFAULT_BULK_OFFER_LIMIT,si
_rd9c115abb720df,DEFAULT_CODES,si
_r97f8e3fc593502,DEFAULT_COLLECTION_ICON_SIZE,si
_r3abfd1b8089704,DEFAULT_COLOR,si
_rb36c72169ef0a6,DEFAULT_COLOR_1,si
_rd477070ecba01a,DEFAULT_COLOR_2,si
_re26d7e6d85c3f5,DEFAULT_DIR,si
_rcac242d266f56d,DEFAULT_DIRECTION,si
_r8bf9dbc34f3dd1,DEFAULT_EFFECT_STRENGTH,si
_r03c1667fb64833,DEFAULT_FADE_DELAY_MS,si
_rbcd73b366c893b,DEFAULT_FEMALE_FIGURE,si
_raa1a4d752f06a4,DEFAULT_FRAME,si
_r19a746a646a9d1,DEFAULT_FRAME_NUMBER,si
_rf166758cefbef9,DEFAULT_FRAME_SIZE,si
_r4ad82813779759,DEFAULT_GIRL_CLOTHES,si
_rf0a5470febd4ed,DEFAULT_IMAGE,si
_r853fa89d16c080,DEFAULT_LAYOUT,si
_rd8400d2af5022a,DEFAULT_LOCATION,si
_ra118d9bfab3fe9,DEFAULT_MALE_FIGURE,si
_r8bf9be1924e2e9,DEFAULT_MAX_CACHE_STORAGE_TIME_MS,si
_ra14d8c2fdde867,DEFAULT_OFFSET,si
_r0a79571ef283a6,DEFAULT_RANK_BORDER_COLOR,si
_r6389c18b95a7f0,DEFAULT_RARITY,si
_r8b1b3b9565fa3a,DEFAULT_RELATIVE_DEPTH,si
_rf6e1f5ad42febc,DEFAULT_REPORT_MESSAGE_DESCRIPTION,si
_r0f00658e91dd74,DEFAULT_REWARDS,si
_r6ab3676a686bec,DEFAULT_SIZE,si
_rc92397262b8f47,DEFAULT_STATE,si
_rf71da79d014a46,DEFAULT_STYLE,si
_r795101dfbe462b,DEFAULT_THROW_TO_LOB_CUTOFF_RANGE,si
_r7fe756627f7384,DEFAULT_TYPE,si
_r7cbd89cdf395b9,DEFAULT_VIEW,si
_r950624b70961e0,DEFAULT_VIEW_LOCATION_BOTTOM,si
_r15b72011b78871,DEFAULT_VISIBLE_DURATION_MS,si
_r464379f610a5f2,DEFINITIONS,si
_r8842f67966d7c4,DEF_SEPARATOR,si
_r4b214e746f2a64,DELAY_BEFORE_ANIMATION,si
_ra3f44ff5349af4,DELAY_BETWEEN_TWINKLE_STARTS,si
_re3cb8fb68b64b5,DEMONMONKEY,si
_r932e1d0198df43,DESELECTED,si
_r69da997a361401,DESKTOP_MARGIN_LEFT,si
_r7505a33b0d842e,DESKTOP_MARGIN_RIGHT,si
_rc076875f070eac,DESKTOP_WINDOW_LAYER,si
_r556d8ade94ca5e,DEVELOPMENT_MODE,si
_rfe6270cff0f102,DEVICE_TYPE_DESKTOP,si
_r26a2185a6aea65,DIGIT_WIDTH,si
_r148811b2e28909,DIMMER,si
_r4fb1488b5c1161,DIMMER_HIDE,si
_r5e92c2cfc341fe,DIRECTION_DOWN_RIGHT,si
_r50ee839508a513,DIRECTION_RIGHT,si
_r2359357ba76511,DIRECTION_UP_RIGHT,si
_rd13c55880f8195,DISABLE_CRYPTO,si
_r2c878bfd80c8b9,DISMOUNT_PET,si
_r96a92a794e2e7a,DISPLAY_LIMIT,si
_r288a2d8dbc23eb,DISPLAY_RAW,si
_r487da75dafca92,DISTANCE_FROM_BOTTOM,si
_r085abcf9621fdf,DIVIDER_WINDOW_PREFIX,si
_r0f3f85fd3277b7,DOG,si
_r73e645e21beb77,DONATE_FURNITURE_TO_ALL,si
_r61a41fcabc719b,DONATE_FURNITURE_TO_USER,si
_r0534cf1e92a7d5,DONE_AVATAR_EDITOR_CLOSING,si
_ra9b7e0d4849545,DONE_AVATAR_EDITOR_OPENING,si
_r92a29bb75afd30,DOORBELL,si
_ra6ae41af6231cd,DOUBLE_CLICK,si
_r00a58dc5246b5f,DOWNLOAD_TIMEOUT,si
_rd1cacf61b19a1b,DOWN_CENTER,si
_r8193db32c15476,DOWN_LEFT,si
_reafb1b69ff7497,DOWN_RIGHT,si
_rc009465208ea1f,DROP_MENU_ITEM_MAX_LENGTH,si
_rba9750a8a14a91,DUCKET,si
_ra5fdc5ff6b43a0,DUMMY_PAGE_ID_FOR_OFFER_SEARCH,si
_rd3af551dd5c3c4,DYNAMIC_COLOR_PREFIX_KEY,si
_rb360485fb6fa51,DYNAMIC_DOWNLOAD_TEMPLATE,si
_rcf28b83e2e90ae,DYNAMIC_DOWNLOAD_URL,si
_r04c2435ff6a5db,DYNAMIC_LEVELLING_END_HUE,si
_r1d29f878c8e920,DYNAMIC_LEVELLING_SATURATION,si
_r98fcaf1900eaf0,DYNAMIC_LEVELLING_START_HUE,si
_ra55b92c0c496c5,DYNAMIC_LEVELLING_VALUE,si
_r20bf661db71c52,DYNAMIC_RED_TO_GREEN_BAND_RGBS,si
_ra4ea692bf5967b,DYNAMIC_STYLE,si
_r0ea62f0b422918,DYNAMIC_TAB_ID,si
_rc9102d0872c02a,DropBounce,si
_r294ce380b06d81,DynamicStyle,si
_r86d5317118b64d,EARNING,si
_r641fc2b7866457,EASE_IN,si
_rc9743e48fb585f,EASE_IN_BACK,si
_r9b3224fa212337,EASE_IN_OUT_BACK,si
_r86f640e2873880,EASE_OUT_BACK,si
_read1cd39456a98,EASE_OUT_IN,si
_r25249d15c98788,EASE_OUT_IN_BACK,si
_r43117643d97a63,ECHO_VARIABLE,si
_rd436ec06dffc20,ECOTRONBOX,si
_r55716cadbae200,ECOTRON_BOX,si
_r5eec9b838f0033,EDIT_HEADER_TEXTS_OFFSET,si
_r05c8337b332d35,EDIT_INFO,si
_r8c8dd6de5c6133,EFFECT_BLUE_TEAM,si
_ra4602f7813c01e,EFFECT_CLASSID_NINJA_DISAPPEAR,si
_r10efc7bc18244f,EFFECT_CROSSHAIR,si
_r0c418a290910c0,EFFECT_RED_TEAM,si
_re082a213d8ddcd,EFFECT_ROOM_DISCO,si
_rfaf612d588d1e3,EFFECT_ROOM_SHAKE,si
_re5f23893c69b5c,EFFECT_TYPE_DEEP_WATER,si
_rf1548ed94bc1d1,EFFECT_TYPE_RIDE,si
_r762a04ea2cef7e,EFFECT_TYPE_SHALLOW_WATER,si
_rd2cf38cbe384af,ELEMENT_AMOUNT_TEXT_RIGHT,si
_ra0859606693c0d,ELEMENT_CURRENCY_INDICATOR_BITMAP_RIGHT,si
_rd229b9035073b5,ELEMENT_PLUS,si
_r88804f433bc12f,ELEMENT_SPLASH_STAR,si
_ra9252532c87ade,ELEMENT_TAG_EXCLUDE,si
_r8f024aa3ba8daf,ELEMENT_TAG_INCLUDE,si
_rbe419197485a0e,ELEMENT_TOTAL_LEFT_CURRENCY_STRIKETHROUGH,si
_r69705941620d88,ELEMENT_TOTAL_PRICE_CONTAINER,si
_r40fde71f40db4e,ELEMENT_TOTAL_RIGHT,si
_r2d3686d2629c55,ELEMENT_TOTAL_RIGHT_CURRENCY_STRIKETHROUGH,si
_r06f120b7e205d4,ELEM_BUTTON_LIST,si
_r2b84c464293d44,ELEM_DISABLED_INFO,si
_rcd7b3dbb29644a,ELEM_INFO,si
_rd28f8edd436100,ELEM_INFO_MUTATE1,si
_r738896dc1eb294,ELEM_INFO_MUTATE2,si
_rfdff3979dc2bb0,ELEM_LIST,si
_rc2e8ef0ad19b08,ELEM_OUTFIT_NAME_SET,si
_r4f165aeb13248c,ELEM_PET1_ITEMLIST,si
_r52dd62b6c395ff,ELEM_PET2_ITEMLIST,si
_r976d1df1f153c8,ELEM_PICK_BUTTON1,si
_r62c080865a3505,ELEM_PICK_BUTTON2,si
_r487e2d329dbdb1,ELEM_PLACE_BUTTON1,si
_r0184d0a853b651,ELEM_PLACE_BUTTON2,si
_ra29e05dd109daf,ELEM_PLANT1_ITEMLIST,si
_rfa4f232526a3df,ELEM_PLANT2_ITEMLIST,si
_r24070e36d2729e,ELEM_PREVIEW_IMAGE,si
_re82b127bfaec5e,ELEM_PREVIEW_IMAGE2,si
_ree1018e7ab8630,ELEM_PREVIEW_IMAGE_REGION2,si
_r5d5af63e8dc86a,ELEM_REQUEST,si
_r5a4b27fb30eb93,ELEM_SEED1_BUTTONLIST,si
_r8c67a51d765e6c,ELEM_SEED1_ITEMLIST,si
_rd55f325cfcc0d4,ELEM_SEED2_BUTTONLIST,si
_re5daf0724843b1,ELEM_SEED2_ITEMLIST,si
_rc93da7ba1ec95b,EMERALD_EGG_TYPE,si
_r5c9736720d3f7c,EMERALD_HAND_TYPE,si
_r3bf20b949b4e21,EMERGENCY_HELP_REQUEST_TITLE,si
_r3d420244026374,EMPLOYEE,si
_ra2239a9691706a,EMPTY_AMMO_FRAME_LENGTH,si
_re58f8c63633d9e,ENTITIES_LEFT_MARGIN,si
_r7e66cc895779c7,ENTITY_IMAGE_COMPLETED_POSTFIX,si
_r1e2c5a1e4e4eec,ENTITY_IMAGE_PREFIX,si
_rc9b490160f5a18,ENTITY_IMAGE_UNCOMPLETE_POSTFIX,si
_rf17cf863f79de2,ENTITY_SPACING,si
_r2552755b19e507,ERROR_CATEGORY_COMMMUNICATION_INIT,si
_r90f5475bfde547,ERROR_CATEGORY_COMPONENT_RESOURCE_LOAD_ERROR,si
_r8ddeea919d74f9,ERROR_CATEGORY_CONNECT_TO_PROXY,si
_ra0a704ed07874c,ERROR_CATEGORY_DOWNLOAD_CRITICAL_ASSET,si
_r86a3b1bbb3b01d,ERROR_CATEGORY_DOWNLOAD_EXTERNAL_VARIABLES,si
_r569b43a1802285,ERROR_CATEGORY_DOWNLOAD_EXTERNAL_VARIABLES_OVERRIDE,si
_r8636453ad7fcd1,ERROR_CATEGORY_DOWNLOAD_FONT,si
_r8858e23991e6b5,ERROR_CATEGORY_DOWNLOAD_LOCALIZATION,si
_r8207753ba577b0,ERROR_CATEGORY_FINALIZE_PRELOADING,si
_r68a43e569d124b,ERROR_CATEGORY_FURNIDATA_DOWNLOAD,si
_rb8e5749ca28f1a,ERROR_CATEGORY_INITIALIZE_CORE,si
_r4b8c7807f02e5a,ERROR_CATEGORY_INTENTIONAL_DEBUG_CRASH,si
_r56816ff332a391,ERROR_CATEGORY_INTERFACE_AVAILABILITY,si
_rfa78e00b1e63db,ERROR_CATEGORY_PRODUCT_DATA,si
_rdc4475c073a418,ERROR_CODE_MAINTENANCE,si
_r200fdced00fdef,ERROR_DATA_FLAG_COUNT,si
_r510f042e938fe4,ERROR_DURING_EVENT_HANDLING,si
_r49ae7523684b8e,ERROR_PARAM_KEY_CATEGORY,si
_r4551583548c836,ERROR_PARAM_KEY_DATA,si
_radbc1a6dfb56fe,ERROR_PARAM_KEY_DESCRIPTION,si
_rd45421cd0768cd,ERROR_TEXT_FIELD,si
_rd6d6d217123411,ERROR_TYPE_IO_ERROR,si
_rec23992cd5c57a,ERROR_UNCAUGHT_ERROR,si
_rf0d58c652e97a1,ERROR_UNKNOWN_WINDOW_TYPE,si
_rc101d36e4d8203,ERROR_VARIABLE_AVERAGE_UPDATE_INTERVAL,si
_r5d932d383a3ad3,ERROR_VARIABLE_CAPABILITIES,si
_r859cd687b77ebb,ERROR_VARIABLE_CATEGORY,si
_rbd5f7c048efa50,ERROR_VARIABLE_CLIENT_CRASH_TIME,si
_r769a7f8311e14a,ERROR_VARIABLE_CLIENT_START_TIME,si
_r05b4cedb01caa9,ERROR_VARIABLE_CONTEXT,si
_ra6ed4677ee89be,ERROR_VARIABLE_DATA,si
_r740acb6be9a024,ERROR_VARIABLE_DEBUG,si
_r9cf4424c46a16e,ERROR_VARIABLE_DESCRIPTION,si
_r2f3a2c3079fe12,ERROR_VARIABLE_FLASH_VERSION,si
_rbd8fc73e852b5f,ERROR_VARIABLE_HOST,si
_r93702fbc9e8fd5,ERROR_VARIABLE_IS_FATAL,si
_r66c7a8b376c4d0,ERROR_VARIABLE_IS_IN_ROOM,si
_rb6df5b63ba2d1c,ERROR_VARIABLE_LAST_VISITED_ROOM,si
_r687709bf3a458b,ERROR_VARIABLE_MOUSE_CLICK_TARGET,si
_r34c4f9d88a8c29,ERROR_VARIABLE_MOUSE_CLICK_TIME,si
_r1bab42a513150a,ERROR_VARIABLE_MOUSE_UP_TARGET,si
_r529021cc3084c9,ERROR_VARIABLE_MOUSE_UP_TIME,si
_rbfdb7cf3c43cdf,ERROR_VARIABLE_PORT,si
_r4bfd1dee8f9ef1,ERROR_VARIABLE_RECEIVED_MESSAGE_DATA,si
_rbb6206ba986c6b,ERROR_VARIABLE_RECEIVED_MESSAGE_TIME,si
_re6c1db361cf094,ERROR_VARIABLE_SENT_MESSAGE_DATA,si
_r7bdb6500280e73,ERROR_VARIABLE_SENT_MESSAGE_TIME,si
_rdf94a5e9528511,ERROR_VARIABLE_USER_AGENT,si
_r176def2e8f8623,ERROR_WINDOW_ALREADY_EXISTS,si
_r75c93391886860,ERROR_WINDOW_NOT_FOUND,si
_rdf679f4328c3eb,ESTABLISHED,si
_r71747f06ebd48c,ETCHED,si
_re200d1d76d9eee,ETCHINGCOLOR_CONFIGURATION_KEY,si
_r9310e23b94fb7d,ETCHINGPOSITION_CONFIGURATION_KEY,si
_rcbda78b3f937c5,ETCHING_COLOR,si
_r989fdca4cc6a61,ETCHING_POSITION,si
_r2579cbf77eb140,EVENT_INSIDE_STAGE,si
_r7f2e8fa17da1d0,EXCLUDE_CRASHING_FOR_CATEGORIES,si
_r061ff812c00282,EXCLUDE_WARNINGS_FOR_CATEGORIES,si
_r68f8d70d402d63,EXECUTE_IN_ORDER,si
_rceb402315fd02d,EXPERIENCE_BUBBLE_ASSET_NAME,si
_r7ba48cb40ddeb0,EXPERIENCE_BUBBLE_VISIBLE_IN_MS,si
_rc36e1334530b3f,EXPIRATION_TIME,si
_r0846dcca8b6a25,EXPIRINGCATALOGPAGE,si
_r8a432d7e5332ac,EXPRESSION_67,si
_r5082faec659a03,EXPRESSION_67_ENABLED_KEY,si
_r9d3ed62abf4959,EXPRESSION_BLOW_A_KISS,si
_r6f97253bfc825b,EXPRESSION_LAUGH,si
_rbdab340470a2d0,EXPRESSION_RIDE_JUMP,si
_r0b4bb4f9452ee2,EXPRESSION_SNOWBOARD_OLLIE,si
_rfaf9d47585cfc3,EXPRESSION_SNOWBORD_360,si
_r820ec83f86808b,EXPRESSION_WAVE,si
_r0232804efebab5,EXTERNAL_IMAGE,si
_r321e5dc3c0d4f1,EXTERNAL_VARIABLES,si
_r32c25dd39df665,EXTRA_ALLOWED_LETTERS,si
_r60c8f160c40705,EXTRA_LARGE,si
_r70655a56599b2e,EXTRA_PARAM_REQUIRED_FOR_BUY,si
_r070160cbf41a18,EYES,si
_rf327ab76cda846,Event,si
_r29d967d3ba135c,EventProcessorState,si
_r4344a94faed708,EventsTabPageDecorator,si
_rfacb4859f0f0bf,Exception,si
_r239ff98ad7713d,ExecuteUiLinks,si
_r0970d0805fb153,FADEIN_MS,si
_r06acc825992dda,FADEOUT_LENGTH,si
_rfa4dc300d1c48e,FADE_IN_DURATION_MS,si
_r58130854a983b0,FADE_LENGTH,si
_r9b4787aded6947,FADE_OUT_DURATION_MS,si
_r5669c59515e0e1,FAST_ALPHA_TWEEN_TIME,si
_r7ddc04abb4dae3,FEATURED_ITEMS,si
_r059398531fe210,FEATURE_TYPE_NORMAL,si
_ra48c905e03ecbc,FEATURE_TYPE_PROMO,si
_r8170c73c76ca1a,FIELD_DESCRIPTION,si
_r2bbf395896d45f,FIELD_EXPIRE_HEADER,si
_rc9fd22f32e6bc6,FIELD_EXPIRE_TIME,si
_rb98769f087f39e,FIELD_HAND_ITEM,si
_r112b21931f4203,FIELD_MAX_CHARS,si
_re8232c2a62565c,FIELD_MAX_LINES,si
_r95e1b2d9ece4ee,FIELD_NAME,si
_r10be53c65cdcf7,FIELD_OWNER,si
_r7fd97c0829197b,FIGURE_PURCHASABLE_SET,si
_re5767b7d60440f,FIGURE_STRING,si
_r293a9a1814c596,FILE_BAR_SPRITE,si
_rb5f0f4bd79a600,FILE_LOADING_BAR,si
_r6b07f13e608147,FILL_COLOR_TRANSITION_MS,si
_rf08490276c7d0d,FILL_HEIGHT,si
_r1dcd03c4c4c7be,FILL_MODE_CENTER,si
_rb8fdddf66b4074,FILL_MODE_CONTAIN,si
_r2fe9d74b6cd508,FILL_MODE_COVER,si
_r13ca4a0babd9d9,FILL_MODE_STRETCH,si
_r9911f7eb65fe96,FILL_MODE_TILE,si
_r0c7479ee471b88,FILTERS,si
_rba2a6f78a2921f,FILTER_ACHIEVEMENTS,si
_reda964aadfd101,FILTER_INCLUDE_ACTIVE,si
_r3c8df602d6d1c5,FILTER_INCLUDE_INACTIVE,si
_r564d762aec711e,FILTER_NONE,si
_raeb23e5460b5fc,FILTER_NORMAL_BADGES,si
_r63d6b8e5b2c2ba,FILTER_PREFIX,si
_r1da408d22851d2,FINAL_PAGE,si
_r0257f40bc65b87,FIRST_BIAS,si
_r368b57e493119f,FIRST_PLACE_RANK_BORDER_COLOR,si
_ra824d61c685dba,FIRST_PRODUCT_AUTO_SELECTOR,si
_r5d8de69414b0bc,FIT_SIZE_TO_CONTENTS,si
_ra201d190e2019d,FLASH_MAX_BRIGHTNESS,si
_r6f8b84e0b2a37e,FLASH_PULSE_LENGHT_IN_MS,si
_r8f242aac075edb,FLAT,si
_r82cf7f9d75a2d6,FLEE,si
_r55fa082fe9beea,FLOATING_ICON_TAG_PREFIX,si
_r2f01f75a8279f9,FLOATING_PIXELS,si
_r9cb6d8b9b5f691,FLOOR_COLOR_RIGHT,si
_rb0b8b03cf0996f,FLOOR_THICKNESS,si
_r70a7451403047f,FOCUS_CAPTURER,si
_r2244ef87985b11,FONT_FACE,si
_ra7b3c5f5de1081,FONT_SIZE,si
_rfdc454fb620392,FOOLS,si
_re7477415cf9d5e,FORCE_EMAIL_CHANGE,si
_r41514220b2fd28,FORCE_PASSWORD_CHANGE,si
_re594b4b3320194,FORCE_TOS_ACCEPT,si
_r2908eb7d1c86d4,FOREST_GREEN,si
_r8c91ff11852c1a,FORGOT_PASSWORD,si
_ra9c4292d7e20a7,FORMAT_KEY,si
_rc48ecc6377867e,FORUMS_LIST_CODE_MY_FORUMS,si
_r09de3a83b0cc93,FORUMS_LIST_CODE_POPULAR,si
_r208a4dac0e0499,FRAMES,si
_rff595777be4a47,FRAME_ASSET_NAMES,si
_rf1a8d9a9aefdf6,FRAME_DURATION_IN_MSECS,si
_r5bf028e0d12563,FRAME_FINISHED,si
_rf5ff370344b211,FRAME_HEIGHT,si
_r7dc238226e8921,FRAME_NOT_STARTED,si
_r5292beb0403702,FRAME_STYLE_ACHIEVEMENT_LEVEL,si
_r31f44991ca076a,FRAME_STYLE_LEGENDARY,si
_r73449940c5377b,FRAME_STYLE_MYTHICAL,si
_r2f80772b0797d5,FRAME_STYLE_RARE,si
_r166e4bea88118d,FRAME_STYLE_TOTAL_BADGES,si
_r2b255e7cda24c4,FRAME_STYLE_UNCOMMON,si
_r0fddef11df780a,FRAME_STYLE_UNIQUE,si
_r8cf0a4d8b67aa6,FRAME_STYLE_VERY_RARE,si
_rff5e8b4b32e6f5,FRANK_NEUTRAL,si
_r6daa3928a9b2ac,FREEZE_USER,si
_r771f14054a7d9b,FREE_CLAIM_NOTIFICATION_ICON,si
_r515f3e40969311,FREE_FURNI_MOVEMENTS_MODE,si
_r50e5c9168abf89,FREE_TRADING,si
_r2f56ad2b22ed59,FRIENDBAR_RESIZE_EVENT,si
_r892eb11fc24c5e,FRIENDS_BAR,si
_rd63719ad495c4d,FRIEND_FURNITURE_CONFIRM,si
_rc33f1c40cbecd5,FRIEND_FURNITURE_ENGRAVING,si
_rc738c02615f95b,FRIEND_FURNI_CONFIRM,si
_r66cce9210e982f,FRIEND_FURNI_ENGRAVING,si
_r6221f7c715d888,FRIEND_LIST_UPDATED,si
_r6bf760c33ddb57,FRIEND_NOTIFICATION_EVENT,si
_r0de4034b67f910,FRIEND_OFFLINE,si
_rcb82f2ddcac227,FRIEND_ONLINE,si
_rb29d50531444f9,FRIEND_REQUEST,si
_r9fa72ac073b745,FRIEND_REQUESTS_RECEIVED,si
_r5a23fec91a3c2b,FRIEND_REQUESTS_SENT,si
_r4ce89f9948e270,FRIEND_REQUEST_UPDATE,si
_rad3ea93f0e7344,FRIEND_SELECTED,si
_rd05126ef7b180a,FROG,si
_rd1cd4cafc68212,FURNI,si
_r99f2f7ba2327ca,FURNIS_HAVE_AVATARS,si
_rcb0f4d350d7c15,FURNITURE,si
_rb8fc1bce49ff05,FURNITURE_ALPHA_MULTIPLIER,si
_r5f6f4c43d3297c,FURNITURE_AREA_HIDE,si
_rdce2e60868c302,FURNITURE_AREA_HIDE_INVERT,si
_rd6fa950d0d3a93,FURNITURE_AREA_HIDE_LENGTH,si
_r56c3fa3357ec05,FURNITURE_AREA_HIDE_WALL_ITEMS,si
_reeb0caa826d93f,FURNITURE_AREA_HIDE_WIDTH,si
_rdcb7b5411e34ab,FURNITURE_BADGE_ASSET_NAME,si
_r40f9c0822d36a1,FURNITURE_BADGE_IMAGE_STATUS,si
_r484e499c477d7c,FURNITURE_BRANDING_IMAGE_STATUS,si
_r0960e9c1a833d0,FURNITURE_BUILDER_PLACEHOLDER,si
_r64787d5d8d1f49,FURNITURE_CLOTHING_CHANGE,si
_r896071b7f73769,FURNITURE_COINS_CHEST,si
_r946689d9e10771,FURNITURE_CONTEXT_MENU,si
_r2971c9ae0b097a,FURNITURE_COUNTER_CLOCK,si
_rc99faf81ebf861,FURNITURE_CRAFTING_GIZMO,si
_r53d5954c9f72ae,FURNITURE_CREDIT,si
_red675d01d085f9,FURNITURE_CUCKOO_CLOCK,si
_ra90d6d35c6a08e,FURNITURE_CUSTOM_STACK_HEIGHT,si
_r3f7d3a06b369c0,FURNITURE_CUSTOM_VARIABLES,si
_rc17cfc1339df42,FURNITURE_DATA,si
_r689e699ca81391,FURNITURE_DATA_FORMAT,si
_rf1a6f5b22943ac,FURNITURE_EXPIRY_TIME,si
_r239262af1eaefa,FURNITURE_EXPIRY_TIMESTAMP,si
_r19f746fd74da75,FURNITURE_EXTERNAL_IMAGE,si
_r37635c22bdfcbd,FURNITURE_EXTRAS,si
_rc7c74a6426f141,FURNITURE_FIREWORKS_DATA,si
_r90d3d3b2bc6e02,FURNITURE_FRIENDFURNI_ENGRAVING_TYPE,si
_r863569f413de70,FURNITURE_FURNI_CHEST,si
_ra63f454e1665b6,FURNITURE_FURNI_CHEST_SHOWN_ASSET_NAMES,si
_rebbfbba7a0f5c8,FURNITURE_GROUP_FORUM_TERMINAL,si
_r3d8fb0cef31a2e,FURNITURE_GUILD_CUSTOMIZED_BADGE_ASSET_NAME,si
_r123220b273cc11,FURNITURE_GUILD_CUSTOMIZED_COLOR_1,si
_rc90b40671ef187,FURNITURE_GUILD_CUSTOMIZED_COLOR_2,si
_red0d9fb8abf4ad,FURNITURE_GUILD_ISOMETRIC_BADGE,si
_rfd8afeb198c5a2,FURNITURE_HABBOWEEN_ENGRAVING,si
_rd0f469aadfd14e,FURNITURE_HIGHSCORE_CLEAR_TYPE,si
_r35a66e90c0fd61,FURNITURE_HIGHSCORE_DATA_ENTRY_BASE_SCORE,si
_re044273379470d,FURNITURE_HIGHSCORE_DATA_ENTRY_BASE_USERS,si
_r66f09075c6adf2,FURNITURE_HIGHSCORE_SCORE_TYPE,si
_rc4c81741f40080,FURNITURE_HIGH_SCORE,si
_r9bde647849218d,FURNITURE_HOCKEY_SCORE,si
_rc35cc746cb9cfc,FURNITURE_INVISIBLE_LAYER,si
_r868fc3d6e0c4a6,FURNITURE_IS_STICKIE,si
_r5edd219fb03d2a,FURNITURE_IS_VARIABLE_HEIGHT,si
_ra69ac965fb9562,FURNITURE_ITEMDATA,si
_re626c86ac7a0c5,FURNITURE_LOVELOCK_ENGRAVING,si
_r57bb9e3e34618e,FURNITURE_MANNEQUIN,si
_r14c1cfc02b7c76,FURNITURE_MANNEQUIN_FIGURE,si
_r5884649f733a43,FURNITURE_MANNEQUIN_GENDER,si
_r6d96d3387be0ca,FURNITURE_MANNEQUIN_NAME,si
_rf241233f652084,FURNITURE_MULTIHEIGHT,si
_r6a8603de84f73d,FURNITURE_NFT_CREDIT,si
_r898b13b85b98c0,FURNITURE_OWNER_NAME,si
_r59ee81f685d207,FURNITURE_PARTY_BEAMER,si
_rdcafdc2bd42b36,FURNITURE_PLACEHOLDER,si
_r01a450ebaef57d,FURNITURE_PLANETSYSTEM_DATA,si
_rf35a2a4e0e8c59,FURNITURE_PLANE_MASK_TYPE,si
_rb53be96e7e7850,FURNITURE_POSTER,si
_r7510e7240488c3,FURNITURE_PURCHASABLE_CLOTHING,si
_r8aa95c1f628b14,FURNITURE_PURCHASER_FIGURE,si
_rb10af88b0c84a7,FURNITURE_PURCHASER_NAME,si
_r1b8adaf5d7c8f5,FURNITURE_ROOMDIMMER,si
_r0802c54f9c23fb,FURNITURE_ROOM_BACKGROUND_COLOR_LIGHTNESS,si
_r4298b7479d21e9,FURNITURE_SONG_DISK,si
_rd80bbeed080eaf,FURNITURE_SOUNDBLOCK,si
_r655e548bf20f1f,FURNITURE_SOUND_CUCKOO_CLOCK,si
_ref6d8a64464141,FURNITURE_STATE_UPDATE_TIME,si
_r5a41785bd22ed6,FURNITURE_STICKIE,si
_recd4ce682ed210,FURNITURE_TRUSTED_SENDER,si
_r48ada27d502ff1,FURNITURE_UNIQUE_SERIAL_NUMBER,si
_r9115edda51fd8d,FURNITURE_USAGE_POLICY,si
_rcfdbe1d9e9a01d,FURNITURE_USES_PLANE_MASK,si
_r3321ad941b875f,FURNITURE_VAL_RANDOMIZER,si
_rb50c1d304e5a12,FURNITURE_VOTE_COUNTER,si
_r13e0e465bfdf6c,FURNITURE_VOTE_MAJORITY_RESULT,si
_re6730824e95dd1,FURNITURE_WILD_WEST_WANTED_ENGRAVING,si
_rabf4bf6ea024e0,FURNITURE_YOUTUBE,si
_r6336eb73d7ab0b,FURNI_ACHIEVEMENT_RESOLUTION_ENGRAVING,si
_r8b8d4f8dcbf935,FURNI_BY_TYPE,si
_r2a117b39a0bcb4,FURNI_CHEST,si
_rf8003d7990dac9,FURNI_CHOOSER,si
_r30d91e9dd82fb7,FURNI_CHOOSER_CONTENT,si
_r0a2bb32f0ae99b,FURNI_CHOOSER_CONTENT_ADD,si
_r693684c6682562,FURNI_CLICK,si
_r01f11352b19935,FURNI_CREDIT_WIDGET,si
_re26cdab3db2fea,FURNI_DOUBLE_CLICK,si
_ra9bdea04082175,FURNI_ECOTRONBOX_WIDGET,si
_r612dc55053ab22,FURNI_FROM_SIGNAL,si
_r5be4ced7e0ca87,FURNI_HAS_ALTITUDE,si
_r588d567450d5c6,FURNI_NAME_PLACEHOLDER,si
_ra913c963ab7393,FURNI_ON_FURNI,si
_rfc658e044e767f,FURNI_PET_PACKAGE_WIDGET,si
_r815b6d9ab346bd,FURNI_PLACEHOLDER_WIDGET,si
_r3619cb1edfd348,FURNI_PRESENT_WIDGET,si
_rf7d3c6668b5e10,FURNI_SELECTOR_FILTER,si
_r25a87f4b8272dc,FURNI_SOURCE_FURNI_PICKS_1,si
_r187050086a3957,FURNI_SOURCE_FURNI_PICKS_2,si
_r395e9fbd964fe1,FURNI_STICKIE_WIDGET,si
_raabc04e12d2db2,FURNI_TROPHY_WIDGET,si
_rb3c72b861ccbec,FURNI_VARIABLE_FILTER,si
_rb2c921cfcc55ac,FURNI_WITH_ALTITUDE,si
_r7c4fbec66da96d,FuseObjectData,si
_rb0dee08830d41f,GAME,si
_r624cb02316818c,GAMES_IG_COUNTDOWN,si
_r17917adabaa387,GAMES_IG_LOSING,si
_r9163edd4d9997e,GAMES_IG_WINNING,si
_r4569b2b19d68f0,GAMES_SW_GET_SNOWBALL,si
_rc17d84b9115a9f,GAMES_SW_HIT1,si
_rb53f7ec6abe3a7,GAMES_SW_HIT2,si
_r821607b95b3cf3,GAMES_SW_HIT3,si
_re6df11c95a341a,GAMES_SW_MAKE_SNOWBALL,si
_rb8848098ff0c41,GAMES_SW_MISS,si
_r80022bbba5fa59,GAMES_SW_THROW,si
_r72c9c81ec16c5f,GAMES_SW_WALK,si
_r5487c2db3d4f77,GAME_CHAT,si
_re32e03d229c602,GAME_ENDS,si
_r7e1201a975913e,GAME_FURNI,si
_r664fc948a8794d,GAME_ITEM,si
_r573545d27f1749,GAME_MODE,si
_r68609ec15412f6,GAME_NAME_BASEJUMP,si
_rd4d073cc1d1801,GAME_NAME_SNOWWAR,si
_r799fd7fce9cd03,GAME_ROOM_ID,si
_r7805a179e027f1,GAME_STARTS,si
_r0fdb5148daf4e7,GAME_TEAM,si
_r456865e53b3029,GC_TYPE_BITMAP,si
_r5cc3cc549e2362,GC_TYPE_CONTAINER,si
_rc985e50e725149,GC_TYPE_MORPH_SHAPE,si
_r37a0513d88189f,GC_TYPE_SHAPE,si
_r232823a4b2e8c4,GENDER_FEMALE,si
_r8319e996415e7a,GENDER_UNISEX,si
_rf998783fd52a4f,GENERIC,si
_r98ae49ffc4e2c1,GENERIC_RECEPTION_LAYOUT,si
_r8e6a6b197a2921,GENERIC_SKILL,si
_rfd543e79ffff57,GESTURE,si
_rbfe9f65a821107,GESTURE_AGGRAVATED,si
_r0da35d42888ffd,GESTURE_SAD,si
_r847e4876f5cae7,GESTURE_SMILE,si
_r77628c7200a6a3,GESTURE_SURPRISED,si
_r3fabdbbc2c75cc,GET_AVATAR_LIST,si
_r918a1eefcb0fb7,GET_BOT_INFO,si
_rb5fd8f0fb8abd8,GET_HABBO_SHOP_OFFER_FAILED_CALLBACK,si
_ra0c3896dacfcdc,GET_HABBO_SHOP_OFFER_FUNCTION,si
_rf105d0cba12c58,GET_HABBO_SHOP_OFFER_RESULT_CALLBACK,si
_rafeab474296f0f,GET_MORE_MUSIC_BACKGROUND_LOADABLE_ASSET,si
_ree2a9fcdeca0e8,GET_OBJECT_INFO,si
_r25f5ee77e7e60a,GET_OBJECT_NAME,si
_r8df533e9e26089,GET_OWN_CHARACTER_INFO,si
_r33b48562d308b5,GET_SETTINGS,si
_r87f5f637613f25,GHOST,si
_r599f118d90c971,GIVE_CARRY_ITEM_TO_PET,si
_r18a327898711e8,GIVE_CURRENCY_FROM_CHEST,si
_rbdf7e04ddac927,GIVE_EFFECT,si
_rbd00d2efe666b8,GIVE_FURNI_FROM_CHEST,si
_rdd17ec65de2cac,GIVE_LIGHT_TO_PET,si
_rd7e87f1b4c3792,GIVE_REWARD,si
_r2acba9f6ce7d1c,GIVE_RIGHTS,si
_rc962d29486dc6a,GIVE_SCORE,si
_r3e08946c12126f,GIVE_SCORE_TO_PREDEFINED_TEAM,si
_r3c63920ba88c17,GIVE_VARIABLE,si
_r175c866e70c305,GIVE_WATER_TO_PET,si
_rbd1c4e1bc3462e,GLOBAL_PLACEHOLDER,si
_r4770fc55365f9d,GLOBAL_SOURCE,si
_r65e2dbca1d08bd,GLOBAL_VARIABLE,si
_ra49138fa471268,GLYPH_ASSET_PREFIX,si
_r0f7155ccc0a589,GLYPH_HEIGHT,si
_r77999169a1029a,GLYPH_SPACING_X,si
_r4867d3b17d8a18,GNOME,si
_r16633c8bc899ad,GOTO_ROOM_FROM_WEB_CALLBACK,si
_r11bb5aa1a7ed2c,GRADIENT_COLOR1,si
_r6df4b07c6fd7e6,GRADIENT_COLOR2,si
_re53bce222a4d68,GRADIENT_MODE,si
_redc3d745f505b7,GRAVITY,si
_r23b426622e6fcc,GREYSCALE_FILTER,si
_r2cd0d2946f54e9,GRIDTYPE_EFFECTS,si
_r2c67c9e4ccdcb5,GRID_COLUMNS,si
_rf18ef6343beb9a,GRID_FIT_TYPE,si
_r5bf8b3faf61453,GRID_ITEMS_PER_UPDATE,si
_rd3248074e05e3c,GRID_ITEM_BORDER,si
_re87094c944bbd3,GRID_OFFSET_SEARCH,si
_r626a492e3d66b9,GRID_UPDATE_DELAY_MS,si
_re4eaad9433072b,GROUP,si
_r624b373e49d7b8,GROUPS,si
_rf80a9e0e2e3bbe,GROUPS_TRACKING_CATEGORY,si
_r72490972305aa1,GROUP_ROOM_INFO_CLICK,si
_r838bee3d798d97,GUARDIAN_CHAT_REVIEW_ACCEPT,si
_r0f1c03bd417106,GUARDIAN_CHAT_REVIEW_RESULTS,si
_r9cc19ca0f943e4,GUARDIAN_CHAT_REVIEW_VOTE,si
_r1419294f78a5a5,GUARDIAN_CHAT_REVIEW_WAIT_FOR_RESULTS,si
_r91b9981136eeb1,GUARDIAN_CHAT_REVIEW_WAIT_FOR_VOTERS,si
_r8bf4e06727476c,GUIDE_ACCEPT,si
_r04641dd61dfbb5,GUIDE_CLOSED,si
_r1d06fd01b0666e,GUIDE_ONGOING,si
_rf415133fa12c3c,GUIDE_STATUS,si
_r3e98d5eec47269,GUIDE_TOOL,si
_r9d9f76da5c8216,GUILD_ADMIN,si
_rf7778ac83bf883,GUILD_BADGE_VIEW,si
_r29781eff8b6e73,GUILD_COLORS_BMP_BORDER_COLOR,si
_re1150ae6db0fda,GUILD_COLORS_BMP_BORDER_WIDTH,si
_r5309522ff607a5,GUILD_COLORS_BMP_HEIGHT,si
_r794a9e427dc169,GUILD_COLORS_BMP_WIDTH,si
_r54c977d2dea2e8,GUILD_FORUM_SELECTOR,si
_r84b4fb56140d3a,GUILD_FURNI,si
_r31131b9a24b731,GUILD_FURNI_CONTEXT_MENU,si
_r470b276180e7ed,GUILD_INFO_NAME,si
_r0b2f08e1b987aa,GUILD_MEMBER,si
_r7ef4a64da210e6,GUILD_SELECTOR,si
_r2c17825da54b8d,GUILD_VISUAL_SETTINGS_CHANGED,si
_r8393c574b62805,GameLobbyWindowCtrl,si
_r12d48f057f9d6a,HABBICONS_ANIMATION_PATH,si
_r3330e1d213c575,HABBICONS_ASSET_HASH,si
_rb8bdcc591e40b1,HABBICONS_EXTERNAL_HASH,si
_r724d7083749be2,HABBICONS_RESOURCE_NAME,si
_rbd50aa9d2a5856,HABBICON_DIRECTION_RIGHT,si
_r320bb74e404049,HABBICON_POPUP_HORIZONTAL_MARGIN,si
_rf11b5bc79ef4f2,HABBICON_POPUP_VERTICAL_OFFSET,si
_r5704a52eb08554,HABBLET_AVATARS,si
_r1d95441e46afa2,HABBLET_MINI_MAIL,si
_rcf77d10e306a5f,HABBLET_NEWS,si
_r2267722d458a57,HABBLET_PRIVACY,si
_r0842081d69dc3c,HABBLET_ROOM_ENTER_AD,si
_r9a5c5330e216fb,HABBOMODERATIONPROMO,si
_re076e73554a3bc,HABBOTALENTSPROMO,si
_r4e7d76d04108d0,HABBOWAYPROMO,si
_rc2efbdebaa805f,HABBO_MAIN,si
_r1d3b00cee39730,HABBO_WAY_QUIZ_CODE,si
_rc4245c773279df,HAIR,si
_ra3cf25f5d29866,HAIR_SPRITE_TAG,si
_r9b8309f72a9e73,HALOOMPA,si
_r63ae3899916393,HANDLE_BITMAP_DISPOSING,si
_r4188958435df4c,HANDSHAKING,si
_rec68966cfcf740,HARVEST_PET,si
_r54bc431358eb7b,HAS_STACKED_FURNIS,si
_r5dc340ec5e2579,HC_MAXIMUM_ROOM_VISITORS,si
_rf9a4ac25729764,HEADER,si
_r17faa3f5e26635,HEADER_IMAGE,si
_r20b976594dfcfa,HEADER_TITLE,si
_r085bad6f06f5a6,HEAD_SPRITE_TAG,si
_rebb99e7593dc71,HEALTH_PROGRESS,si
_rba9854f73729f4,HEIGHT_MIN,si
_re21ad3501b570b,HELP_CONTAINER,si
_r2f40b03151989f,HELP_MESSAGE,si
_r2d1239e3461081,HELP_PAGE,si
_rd3362e2fc88769,HIDDEN_BY_ADMIN,si
_r99038b97fddae2,HIDE,si
_r005ff14b9c1bb3,HIDE_COUNTER_SCORE,si
_rb16149958245ba,HIDE_FRIEND_REQUEST,si
_r0406b36d6dfcd5,HIDE_RESULTS_STATES,si
_r7f829cd254b268,HIDE_ROOM_WIDGET,si
_r1855fd875a5685,HIGHLIGHT_DARKEN,si
_r1e1eef146cc40a,HINT_MARKER,si
_rdb69188fa42678,HITCH_TEXT_BODY_COLOUR,si
_r8e62d2c3839795,HITCH_TEXT_HIGHLIGHT_COLOUR,si
_r7b6cc7fbb3f5b5,HORIZONTAL,si
_rcc03e30b24bb29,HORIZONTAL_ITEM_SPACING,si
_r8f9b860792eae3,HORIZONTAL_MARGIN,si
_rec867b35beef67,HORIZONTAL_SPACING,si
_rf45c14be64c37b,HOTELVIEW_LOAD_FAILED,si
_rbcea14aa88b9a1,HOTELVIEW_LOAD_OK,si
_rba7c02ceb4c1af,HOTELVIEW_LOAD_START,si
_r9781d8f2a95591,HOTEL_VIEW,si
_r2202734d1e7c1b,HOTEL_VIEW_CODE,si
_rdef0a6a2f76f9e,HOTTEST_GROUPS_TAG,si
_r22060341d899e3,HOT_ROOMS_SEARCH_CODE,si
_r5de7571cf47a98,HOURS_CONTAINER_NAME,si
_r670e63918d250d,HOVERING,si
_rd5a7ae3e7c2ece,HOVER_BG,si
_r2881b129e5c9fd,HTML_LINK_TARGET,si
_re29453b44b0630,HTML_STYLESHEET_KEY,si
_rec4020225673a9,HUNDREDS_SPRITE_TAG,si
_r857821bf42ed73,HabbiconAlbumModel,si
_r5059789065cbe3,HasClub,si
_r0c78b12c03285b,HasVip,si
_r905a92263980d1,IAP_VALIDATE_ITUNES_RECEIPT,si
_r5a392b2be1a0d5,IAP_VALIDATE_PLAYSTORE_RECEIPT,si
_ra09e0c6c0b4509,IBEAM,si
_r8a52f6e472a9ff,ICON_ALIGNMENT_CONFIG_EXTRA_KEY,si
_r1f358285d0e475,ICON_ALL_FRIENDS,si
_re67848bf66ac9e,ICON_ANIMATION,si
_r7264f6e2804e93,ICON_ARROW_LEFT,si
_r67a8acaa27c766,ICON_ARROW_RIGHT,si
_r6bf64f5f256cee,ICON_ASSET_PREFIX,si
_r1d6cc0b615a5bd,ICON_COLOR_ENABLED,si
_r5df52e67209aab,ICON_CONFIG_EXTRA_KEY,si
_ra3275e9faf84e0,ICON_DUCKET,si
_r74d218dbc28d83,ICON_FIND_FRIENDS,si
_rd3d7a14a8788a5,ICON_LAYER_ID,si
_r6d0afbf70e596c,ICON_LOCALIZATION_PREFIX,si
_rc55a35d47bd642,ICON_LOCKED,si
_rfc3d61698141ab,ICON_MARGIN,si
_r0bc15669ffb926,ICON_PREFIX,si
_r72c9acd9963003,ICON_REGION_WIDTH,si
_r67acbd6b79e6fc,ICON_RESOURCE,si
_r62818796202a77,ICON_STATE_NORMAL,si
_r3a9822dd1c5c03,ICON_STATE_PLAYING,si
_ree8bf49b723fec,ICON_STYLE_CLUB,si
_r741a11171f773e,ICON_STYLE_VIP,si
_rcc2aaa1bca5e0f,ICON_TAG,si
_r9f579d94b8a858,ICON_VIP,si
_rcd7b3769e8d6c2,IGNORE_USER,si
_r3bbf030ae11e99,IIDHabboCatalog,si
_r370053c0c4360d,IIDHabboConfigurationManager,si
_rd9e51d277bc3b5,IIDHabboLocalizationManager,si
_r71a4d5ade64182,ILLUMINA_DARK,si
_r1a63953602d04d,ILLUMINA_LIGHT,si
_rd9c1e40be095fe,IMAGE_ACTIVATED,si
_rb72a47e466bf48,IMAGE_CLOSED,si
_rc298a9a03100cb,IMAGE_COUNT,si
_rd1e1ded1127dd7,IMAGE_DEFAULT_URL,si
_r556b87475111b9,IMAGE_MAX_HEIGHT,si
_refd25ba35f5cb7,IMAGE_MAX_WIDTH,si
_r44aa01783274f1,IMAGE_QUERY_SCALE,si
_r1959f6b3b0a0e0,IMAGE_UPDATE_DELAY_MS,si
_rc58b7a820a7ef6,IMAGE_WIDTH_NARROW,si
_ra5efe52761f5ad,IMAGE_WIDTH_WIDE,si
_ra50ded520b5368,INACTIVE,si
_rf8cf448e20ccd9,INCLIENT_LINK,si
_rd5d5a6f4bc2655,INCOMPLETE_COLOR,si
_r9965c546bd6d93,INDENT_LEFT,si
_rc9824e84ec5934,INDENT_RIGHT,si
_r177063c5333a1c,INDENT_TOP,si
_r41c2cad89caa43,INDICATOR_COLOR,si
_rdd52e916ca6531,INFINITE_HEIGHT,si
_r03e3f9fec7bc4c,INFOSTAND_EXTRAPARAM,si
_rbea80f8519ec6d,INFOSTAND_EXTRAPARAM_BRANDING_OPTIONS,si
_rea6db8c6a7bb6d,INFOSTAND_EXTRAPARAM_CRACKABLE_FURNI,si
_rb5527e2b350d62,INFOSTAND_EXTRAPARAM_JUKEBOX,si
_r002888a3f38095,INFOSTAND_EXTRAPARAM_PRODUCT,si
_r5573afa7090790,INFOSTAND_EXTRAPARAM_SONGDISK,si
_r87fb393b08b584,INFOSTAND_EXTRAPARAM_USABLE,si
_r6e5111a9ab0686,INFOSTAND_WIDGET,si
_r591ace55c54486,INFO_STAND,si
_rc685b76ad76891,INIT,si
_r9417f88f30b91e,INITIAL_HEIGHT,si
_r6f0182ad89a6ec,INITIATE_TRANSACTION,si
_rf8daf022de202e,INK_ADD,si
_rb046e472526ea9,INK_DARKEN,si
_r9b799e40d73bef,INK_DIFFERENCE,si
_rdedfbe439a8796,INK_INVERT,si
_r826af65ed31e04,INK_MULTIPLY,si
_rcae04bc63d9b29,INK_SCREEN,si
_r0d5ed03a6e02e8,INK_SUBTRACT,si
_r84ac6d9a3145f3,INNER_CUT,si
_r61820dd5d85195,INNER_GLOW_MAX_ALPHA,si
_r80be0e936725e7,INPUTS_TYPE_NONE,si
_r8b6a1502f7d082,INPUTS_TYPE_UI_BUILDER,si
_r5b331033df7194,INPUT_MAX_CHARS,si
_r6f0e040da4516c,INPUT_PLACEHOLDER_TEXTCOLOR,si
_rf5e553ddb920ff,INPUT_SOURCE_QUANTITY,si
_re09500e98895eb,INPUT_TEXTCOLOR,si
_rb99a56ba80811b,INSTANCE,si
_r5cac8277f7ef7c,INSTRUCTION_FRAME_LENGTH,si
_r4e9103c686725c,INTERACTIVE_CURSOR_DISABLED,si
_rc65e5c405b404d,INTERNAL,si
_r2d32dc8fec7bd4,INTERNAL_EVENT_UNLOCKED,si
_r2389ba37f487b7,INTERNAL_HIT_KEY,si
_r32c7e61ce74d8d,INTERNAL_LINK,si
_r3a6d56a7d5219b,INTERNAL_LINK_BUTTON,si
_r2da3372a621070,INTERNAL_LINK_KEY,si
_r88ccb9c721b7b0,INTERNAL_RESULT_KEY,si
_r902077da51595f,INTERNAL_STATE_KEY,si
_r9b3818e5dd221a,INTERNAL_TAB_ID,si
_r28fe9eb5381b29,INTERNAL_TARGET_KEY,si
_rf08bcc656ad1fc,INTERPOLATION_DEPTH_LIMIT,si
_rd9afa54616af06,INTERSTITIAL_COMPLETE,si
_rb385f6312f3fb1,INTERSTITIAL_COMPLETE_CALLBACK,si
_rfd0ffb9c5ccb84,INTERSTITIAL_NOT_SHOWN,si
_rc964c6851dd727,INTERSTITIAL_SHOW,si
_r0fd9d942ccf581,INTRO_DURATION_MS,si
_r92c46d120cdc7b,INTRO_START_OFFSET_Y,si
_r6cfe2eb90a39a7,INVALIDATE_REQUEST_OFFSET,si
_rfd92170c7049d2,INVALID_CAPTCHA,si
_rfb42a40ab0b4e9,INVALID_NAME,si
_rbfe916e82a2bdc,INVENTORY_BADGES,si
_r5857a6e5dff868,INVENTORY_CATEGORIES,si
_r124241bf371049,INVENTORY_CLOTHES,si
_r1d3c2e183993db,INVENTORY_EFFECTS,si
_ra0cc990d7b914b,INVENTORY_FURNITURE,si
_r8dafd2e4613397,INVENTORY_UPDATED,si
_r814b7278cca64f,INVERSE_DELTA_MIN_DURATION_SCALE,si
_r7f70c0c2312d42,INVERSE_DELTA_RAMP_END_PX,si
_r5cf1fb0c72b61a,INVERSE_DELTA_RAMP_START_PX,si
_r154d5b223ff055,INVERSE_RESIZE_ON_ITEM_UPDATE,si
_rc00d7cc8057b61,INVINCIBLE_AFTER_STUN_TIME,si
_rbd944116835c05,INVISIBLE,si
_r565c6108e80507,INVISIBLE_FURNI,si
_rc4106b43876a72,IN_LEVEL_PROGRESS_BAR_WIDTH,si
_r9b8bc258409b00,IN_PROGRESS,si
_r7130d94e810b43,IS_PLAYING_GAME,si
_r69e67494276138,IS_WIRED_ENABLED,si
_r90bbd74b8c4897,IS_WIRED_ENABLED_KEY,si
_rc9293e2eb6e632,ITEMS_PER_ROW,si
_r3437bb424a9804,ITEMS_TO_PURGE,si
_r22790cd768d899,ITEM_BG_COLOR_OUT,si
_r3b7e20518425f2,ITEM_BG_COLOR_OVER,si
_rfc76794e290478,ITEM_CLICKED,si
_r559b1d2ad12e35,ITEM_GRID,si
_r7b603eccd27d7c,ITEM_LIST_NAME,si
_r48ef6cd749e1ca,ITEM_NOT_IN_INVENTORY,si
_r3c9126b3d0d08a,ITEM_POOL,si
_rbdffbe38bb8222,ITEM_POOL_MAX_SIZE,si
_r31a04ec7c45758,ITEM_SELECTION_COLOR,si
_r219c263854fbf0,ITEM_SPACER,si
_r3b0e44ee47cb67,ITEM_TYPE_FURNI,si
_r1c00c9d7c16f6c,ITEM_TYPE_WALL,si
_rf1a3d290e65cbb,IUnknown,si
_r135da398512741,JOIN_TEAM,si
_r263feb22c9b7fb,JUKEBOX_INIT,si
_r6aef10d69b863f,JUMP_STRENGTH,si
_racd08f4679d352,KEEP_OPEN_ON_DEACTIVATE,si
_rfdaeb35673ed7e,KERNING,si
_rf691f358080c6c,KEY_COLORS,si
_r7ffe00fb97b294,KEY_FIGURE,si
_r908f534c004da8,KEY_GENDER,si
_r4c2a5a1ef154a7,KEY_OUTFIT_NAME,si
_re3c9cbdd99ec20,KEY_SEPARATOR,si
_r7fc80756b5271d,KEY_TOOLTIP_CAPTION,si
_r9d3f1ecdf0b2d7,KEY_TOOLTIP_DELAY,si
_r44aa5c72dd5a7d,KICK,si
_rb3deb0167d2639,KICKED_BY_OWNER,si
_r9f8d2dc8e2fc39,KICK_FROM_ROOM,si
_re60f8087a47ec5,KICK_USER,si
_rc9227b2dd5cde3,KITTENBABY,si
_rb7e9de63a36af8,LABEL,si
_r872b798f5cf479,LABEL_TAG,si
_r915bedc8d82c49,LANDSCAPE,si
_r17539db76ca4b4,LANGUAGE_CHANGED,si
_r954567363e2eee,LARGE,si
_r5875bc66b8c8bb,LARGE_TO_SMALL,si
_rf3a77cb190ab67,LAUGH,si
_r338ee7b4a40a21,LAYER_HABBICON,si
_r72fd7edcbbe12b,LAYER_LIMIT,si
_r5e9b78c6eb8a20,LAYER_PART,si
_r0ac0c6fe7454eb,LAYER_VARIABLE_FX,si
_r23c6c5ac48015b,LAYOUT,si
_r665c6f774420db,LAYOUT_TYPES,si
_r91c88be21c3ab6,LAY_BASE_ACTION,si
_r1ad364c9621d49,LAZY_CHUNKING,si
_r807fa723057958,LAZY_CHUNKING_MINIMAL,si
_r00728b9e9fd377,LEADING,si
_rd414b22b53d4c4,LEAVE_TEAM,si
_r6ccf2905fc7d7a,LEFT_BOTTOM,si
_r70718fa1069080,LEFT_BRACKET,si
_rc51a197b6e2fd0,LEFT_COAT_SLEEVE,si
_r75bb8fd3156905,LEFT_SLEEVE,si
_rbd33d43d98a50f,LEGACY_BORDER,si
_rc3c040ef1d3c38,LEGACY_TRACKING_EVENT_TYPE_FRIENDLIST,si
_rd068f89884a179,LEGACY_TRACKING_EVENT_TYPE_MESSENGER,si
_rcf1d851b93ba14,LET_USER_IN,si
_rf04eab02d14a6c,LEVEL_PANE_PREFIX,si
_r9563b85e27dc64,LEVEL_WITH_BAR_AND_NUMERICAL_PROGRESS,si
_racc601d33ce807,LEVEL_WITH_PROGRESS,si
_r6c55e42fb4f5fb,LIB_AVATAR_EDITOR,si
_rce4e4e9d66ceca,LIB_BODY,si
_r5984eddad6fdf1,LIB_ITEMS,si
_rada67ff8013c7a,LIGHTING_SLICE_LEFT_WIDTH,si
_r38fc24fe6cc6a6,LINEAR_INTERPOLATION_MS,si
_r05e85a25896d44,LINK_COLOR_ACTIONS_DEFAULT,si
_ra06d9a0b9d341b,LINK_COLOR_ACTIONS_HOVER,si
_r60da771accf220,LINK_COLOR_DEFAULT,si
_r0bf779f2e80fda,LINK_COLOR_HIGHLIGHT,si
_r02b772d1d453bc,LINK_COLOR_HOVER,si
_re2bcb9ae585d37,LINK_COLOR_MODERATE_DEFAULT,si
_rc34e3079877bcf,LINK_COLOR_MODERATE_HOVER,si
_r5d1346a6f4c74a,LINK_COLOR_NORMAL,si
_re78ac171a34795,LINK_FRIEND_LIST,si
_r21cee7d7972a72,LINK_ID,si
_rb6e4edcb7ce2bf,LION,si
_rb45fbd95ccae6c,LIST_BUTTONS,si
_r58803a6a8a442d,LIST_COLUMN_NAME,si
_r9bf74b40a217b2,LIST_HEIGHT_MAX,si
_r6a968c18f6ef84,LIST_HEIGHT_MIN,si
_r10217df76b8c49,LIST_ITEM_HEIGHT_MARGIN,si
_rad7d9ab6a4f65c,LIVE_ENVIRONMENTS,si
_r822e424e90b563,LOADED_CALLBACK,si
_r0ef230ee8a41e4,LOADINGBAR,si
_rab8f9f212c3c9f,LOADING_BAR_HEIGHT,si
_rc4703d0ded3cec,LOADING_BAR_WIDTH,si
_rbdcd362415feae,LOADING_ICON_PLACEHOLDER,si
_rd060c91c2bd52c,LOAD_BADGE,si
_rfb2d389035ddd4,LOCAL,si
_r8c8bcffb5471e2,LOCATION_RIGHT,si
_re369d1ab99b96c,LOCATION_WIDGET,si
_rf1137fc99f7726,LOCKED_COMPONENT_LOG_INTERVAL_MS,si
_rcdada6248f5118,LOCKED_COMPONENT_LOG_WARNING_DELAY_MS,si
_ra6c29ac64dcd36,LOGIN,si
_ra5462075795bb5,LOGIN_METHOD_HABBO,si
_r1555a945fc66ae,LOGIN_NO_AVATARS,si
_rbd792dcb4f8b2d,LOGO_AREA_HEIGHT,si
_r529a52018e8aeb,LOG_COLUMN_CREATION_TIME,si
_r4d0b19549482b2,LOG_COLUMN_DETAILS,si
_rd023da583cd82e,LOG_COLUMN_LAST_UPDATE_TIME,si
_rb681128748a704,LOG_COLUMN_LATEST,si
_r259a625e2cc952,LOG_COLUMN_MANAGE,si
_rc4c2558f381804,LOG_COLUMN_MESSAGE,si
_r651125c4db976c,LOG_COLUMN_NAME,si
_r2751c18d7559c1,LOG_COLUMN_TIMESTAMP,si
_rfcffd26a16f090,LOG_COLUMN_TYPE,si
_rf3a02133dbf884,LOG_COLUMN_USERNAME,si
_r3f125f4ceb83d9,LOG_COLUMN_USERTYPE,si
_r7c99c38159b46a,LOG_COLUMN_WITHDRAWS,si
_rb7d41db5fda006,LOG_CRASH,si
_r2239d2e924f078,LONG_LOB_MAX_RANGE,si
_rd42f7751c194d9,LOYALTY_VIP_BUY,si
_r024579d880f3c5,LTD,si
_r394f941daa116c,MAD_MONEY,si
_rc39f0a68697ebc,MAIN_ALL,si
_r36fb02af5679fb,MAIN_AREA_MARGIN,si
_r8eb4e6be3f4ff1,MAIN_FILTER_IDS,si
_r321f076e8d1dd1,MAIN_FLOOR_ITEMS,si
_ra5bd67a0e7a486,MAIN_ROOM_LAYOUT,si
_r860c95532e2bd7,MAIN_VIEW,si
_r7ff45f18c9e95c,MAIN_WALL_ITEMS,si
_r0bd263d3282167,MAIN_WINDOW_RESOURCE,si
_r5f1e9d4eaf3506,MALE,si
_r9c63a52751818f,MANNEQUIN,si
_rd1fe565afd3ffa,MANNEQUIN_BODY,si
_r0eb4c409155fd4,MANNEQUIN_CLOTHING_PART_TYPES,si
_rc4f9319edc7dc8,MANNEQUIN_MAGIC_X_OFFSET,si
_r44dd7db3a338f0,MANNEQUIN_MAGIC_Y_OFFSET,si
_reafc1b9caefe85,MAP,si
_raeb627dc6c7c79,MAP_KEYS_PREFIX,si
_r2b2cf1acb760ce,MAP_VALUES_PREFIX,si
_r94e85aba8cebb4,MARGIN,si
_r0f1bde9c0b27fe,MARGINS_KEY,si
_reb493fb548eda6,MARGIN_BOTTOM,si
_rc3f39c4e90f9c0,MARGIN_H,si
_rf3ec2077b4128f,MARGIN_LAYOUT_CATEGORY_CONTAINER,si
_r9f5eae6bfd8bc8,MARGIN_LEFT,si
_rb802049853d74e,MARGIN_RIGHT,si
_r39fbd804696494,MARGIN_TOP,si
_r4a3b7e420319cd,MARKET_PLACE,si
_r64a1efa5df17b1,MARKET_PLACE_OWN_ITEMS,si
_r5da9c1bd223add,MASKED_HEART_FILL,si
_rc01a86aacadab5,MASKED_HEART_FILL_ID,si
_rdc3fc45752f025,MASK_16BIT,si
_r5b993e565d6036,MASK_8BIT,si
_r27f48d208d1cbf,MASK_CATEGORY_HOLE,si
_rc9afacfe941e3b,MASK_CATEGORY_WINDOW,si
_r0990ee301f8621,MASK_COLOR_SOLID,si
_rf697866f140c6e,MASK_TYPE_DOOR,si
_r23a62cba7cb410,MASS_DELETION_CHECKBOX_ID,si
_r5b65ad5c026a88,MATCH_ALL_PIXELS,si
_r74ee31c9a8284f,MATCH_NOTHING,si
_r7141304065c198,MATCH_OPAQUE_PIXELS,si
_rfeda7c0163f433,MATRIX,si
_r52f8dbee4d11bb,MAXIMUM,si
_r15dad7c6461872,MAXIMUM_HOT_LOOKS,si
_r7d2b98fd240b9e,MAXIMUM_ROOM_VISITORS,si
_r9672680197366d,MAXIMUM_SIZE,si
_r08b5d8a8174ef2,MAX_ACTIVE_BADGE_COUNT,si
_rb00c07a164b968,MAX_AMOUNT,si
_re1ac592ba3e0cd,MAX_ANGLE,si
_rd4023f5f6bd756,MAX_ANIMATION_DURATION_MS,si
_r4792cc90822941,MAX_ANIM_Y_OFFSET,si
_r3cf7807d89276b,MAX_AREA,si
_rd39922b38bae5e,MAX_ARTICLES,si
_rd5872221e559a3,MAX_AXIS_LENGTH,si
_rdff4bb4afac0fe,MAX_CHARS,si
_r77b8b6745bc204,MAX_CHAT_ITEMS,si
_rbe7cf6d64cd9da,MAX_CLUB_FURNI_ID,si
_r7cfc97481300c5,MAX_COINS,si
_r473c496af95c64,MAX_COLLISION_SIDEWAYS_IMPULSE,si
_r3370d44628101b,MAX_COLOR_LAYERS,si
_rd12053fb06de60,MAX_COLS,si
_r5687178a6cfd5e,MAX_DATA,si
_r84a5974e72d149,MAX_DESCRIPTION_LENGTH,si
_rce426d9d3196e5,MAX_DIRECTION,si
_r73b8ef654aa720,MAX_DIRTY_REGIONS_PER_WINDOW,si
_rb337b6dcbd706e,MAX_DISPOSABLE_BITMAPS,si
_r994f8c1d76f64b,MAX_DISTANCE_BEFORE_COMBINE,si
_r64e0e1e388e89f,MAX_DOWNLOAD_RETRIES,si
_r0e6f61ceb29eb6,MAX_DYNAMIC_TEXTURE_DIMENSION_HD,si
_r1a231602f85990,MAX_DYNAMIC_TEXTURE_DIMENSION_SD,si
_r9621b89d19e878,MAX_EXTERNAL_IMAGE_COUNT,si
_r39bff430a921c8,MAX_FURNI,si
_ra19aa8b419bc77,MAX_GRID_COLUMNS,si
_rb4cb027b24e008,MAX_HEIGHT,si
_r7acf5713a48b16,MAX_HIGHLIGHTS,si
_ra8a1bfec453e94,MAX_HIGHLIGHTS_WITH_VALUE,si
_r341f09e71107ae,MAX_HISTORY,si
_rc151089d9ac321,MAX_HISTORY_LENGTH,si
_rc60256db568dc2,MAX_IDLE_FRAMES,si
_r2c850f13205ade,MAX_IDLE_SLEEP_TIMEOUT_SECONDS,si
_rc7f8ee44cbc907,MAX_ITEMS,si
_r0208599c39711a,MAX_ITEMS_TO_STORE,si
_r7539e8917267ac,MAX_ITEMS_TO_TRADE,si
_rbc7145bdfe8b0d,MAX_ITERATIONS,si
_r40c0c8c1f5647e,MAX_LEVEL,si
_r6b5b79b825f0a9,MAX_LINES,si
_r49e4cdfbef6d65,MAX_MESSAGES_TO_STORE,si
_r3d6d73a9a5f79b,MAX_MOTTO_HEIGHT,si
_rfa4b64e6c48153,MAX_NAME_LENGTH,si
_r18ea9585d87122,MAX_NODES_IN_RULE,si
_rf02c0f569acaf1,MAX_NORMAL_COORDINATE_VALUE,si
_r2bc1df3233dc91,MAX_NUMBER_OF_OWN_PETS,si
_r6ea2a9cc94dd0d,MAX_NUMBER_OF_PETS,si
_ree50ef5ada42eb,MAX_OBJECTS,si
_r0bd4ef56813dd0,MAX_OPEN_REWARD_NOTIFICATIONS,si
_r2ea29cd0d8aad8,MAX_OTHER_FRAMES,si
_rf9136e2f57e5aa,MAX_PACKET_TYPE_VALUE,si
_r2d463b9bb63492,MAX_PALETTES,si
_r71ea5a8c24fb02,MAX_PIXELS,si
_r60692845324bc0,MAX_PRICE_STRING_LENGTH,si
_r19acb65225bd8e,MAX_REWARDS,si
_r80f0ffe384543b,MAX_RIBBON_TYPE_VALUE,si
_r3878735a5c5db1,MAX_ROWS,si
_r9a31b454658666,MAX_RULES,si
_r26d5153a3fcb4d,MAX_SEARCH_RESULTS_LENGTH,si
_r93880f92922bf5,MAX_SEARCH_STRING_LENGTH,si
_rb9a7105bde4a98,MAX_SEGMENTS,si
_r13e33d1423c303,MAX_SIMULTANEOUS_DOWNLOADS,si
_rdf3a9e1c5d3571,MAX_SIZE_FOR_AVG_COLOR,si
_rcf5f1debbd7365,MAX_SLOPE,si
_rbfd8f773fcf88f,MAX_SPEED_PER_MS,si
_r61c88f587a0c56,MAX_STYLE_COUNT,si
_r0b66f54073cb1a,MAX_SUGGESTIONS,si
_r33330479eed7c3,MAX_UPDATE_TIME,si
_r732de84b189447,MAX_USERS_ON_DOORBELL_LIST,si
_r7afd8dc4db7a8c,MAX_USERS_TO_STORE,si
_rbd436d46de011f,MAX_VERTICAL_LEAD_RATIO,si
_r22ecc478cbf506,MAX_WALL_ADDITIONAL_HEIGHT,si
_r3469ddba949b5b,MAX_WIDTH_DEFAULT,si
_r5b5eeed52e9768,MAX_WINDOW_WIDTH,si
_radca00e809c3d5,MEMBERS,si
_r85222f0919bbf7,MEMBER_SPACING,si
_r304e587fb70380,MENU_CLEAR_PICKS,si
_r250333685145a3,MENU_CLOSE,si
_r5079b3259536f7,MENU_COPY_INTO,si
_r82569504a090ff,MENU_HELP,si
_r5fef4ee0de5ffc,MENU_ITEM_ARRAY,si
_r26945f4cc04772,MENU_MAX_HEIGHT,si
_r495523ace02713,MENU_MIN_HEIGHT,si
_r44c3f13a892dae,MENU_OPEN_CREATOR_TOOLS,si
_ra27ba6236bf686,MENU_RESET,si
_r8e677a1511bfb8,MENU_SAVE,si
_rf0e4d22fcdcfa4,MERGED_SOURCE,si
_rbdf15b2d9f0cee,MESSAGE_CONTAINER,si
_rdf5b4ecabe799c,MESSAGE_CONTAINER_DESCRIPTION,si
_r443e817f31ab1e,MESSAGE_EMAIL_INPUT,si
_rc3399a920e26fe,MESSAGE_MAX_LENGTH,si
_re8caa7cd4a9b52,MESSAGE_NAME_INPUT,si
_r404d527f9cc8e1,MESSAGE_TYPE_SHOUT,si
_r8951fffb39f00d,MESSAGE_TYPE_WHISPER,si
_r21290b581aa64b,MESSENGER_STICKER_SET,si
_r42da64296ba501,METADATA_ASSET_NAME,si
_rd5421853381a87,METALLIC_COLOR_PREFIX_KEY,si
_ra5853a433fab72,METER_BUILDUP_TIME_MS,si
_r2141de0f4a941e,METER_INITIAL_DELAY_MS,si
_r094e55ac2d9a1e,ME_MENU_ICON_NAME,si
_r5d59e12ee8d709,ME_MENU_WIDGET,si
_rd70887315a96b0,MIDDLE_CLICK,si
_r795168c4d6fcc4,MINIMALIZED_BORDER_WIDTH,si
_r31681e05bc15f7,MINUTES_CONTAINER_NAME,si
_r722a922807d400,MINUTES_SPRITE_TAG,si
_r2019f852af718a,MIN_BORDER_HEIGHT,si
_r74f48a43a960c6,MIN_DESC_HEIGHT,si
_r13db69531e8df7,MIN_HEART_FADE_DURATION_MS,si
_ra15235987de931,MIN_IDLE_AUTOKICK_TIMEOUT_SECONDS,si
_rc86171d9e33290,MIN_LEFT_MARGIN,si
_r8f54d3cccd8c9d,MIN_MOTTO_HEIGHT,si
_rb7debee04c0ebc,MIN_PASTE_INTERVAL_MS,si
_reaa5ffc54421ba,MIN_PRIZE_SPACING,si
_rdea71f3ac68dd4,MIN_TIME_ACTIVE,si
_re6999e21ed306e,MISC_RIGHT,si
_r11fa5f39f0daae,MODAL_DIALOG_LAYER,si
_r18eb98b1fa14f1,MODE1_BG,si
_r418a08ea59c54f,MODE2_BG,si
_rc03eed4af529d6,MODERATION_BADGE_ID,si
_r15ad96825ef459,MODERATION_DISCLAIMER_DELAY_MS,si
_r950f72471b3567,MODERATOR,si
_r5804f217a4694a,MODE_ALL,si
_r0d2cfb75f6d923,MODE_AMBASSADOR,si
_r053631e3c96aa9,MODE_AMOUNT,si
_r9d75f7c83b74c7,MODE_BAN,si
_rb3da2f0ae8dd2f,MODE_CATALOGUE,si
_r3196803eb8b473,MODE_CHANGE_LOOKS,si
_rff2ad07699d012,MODE_CLUB_DANCES,si
_r000e4893aff2c7,MODE_CUSTOM_PART,si
_rd91efa6233b04a,MODE_CUSTOM_PART_SHAMPOO,si
_r0c0df14f9a1cbb,MODE_EXACT,si
_rbc433877a3d233,MODE_EXPONENTIAL,si
_r33b3a4981910d0,MODE_EXPRESSIONS,si
_r9f7dafadc35a06,MODE_FERTILIZE,si
_r94c94d34dcbc9c,MODE_HABBICON,si
_r710d7fd50db00e,MODE_INFOSTAND,si
_rb93525e3472754,MODE_INVENTORY,si
_r0f08a70c029380,MODE_LINEAR,si
_rccf5b41d15824f,MODE_MANUAL,si
_rcd44dde51eeee7,MODE_MODERATE,si
_rd693d40986f258,MODE_MONSTERPLANT,si
_r9f0cdeaa270b24,MODE_MONSTER_PLANT,si
_r5994554b1d7522,MODE_MULTILINE,si
_ra7c7d36f633c51,MODE_MUTE,si
_r39f2411f0e1b36,MODE_NAME_CHANGE,si
_rcdbf36e607028a,MODE_NONE,si
_rc4d1fb942a56e7,MODE_NORMAL,si
_r4282ed1eebe9c1,MODE_OVERFLOW,si
_re2e2ed9dcf7907,MODE_PUBLIC_RECIPE,si
_r66123f6372466f,MODE_RADIAL,si
_r96bffc9095eb1a,MODE_RANGE,si
_r9f1bed5bd34721,MODE_REBREED,si
_r8cccc8db8a504c,MODE_RELATIONSHIP,si
_r6f51c58fa5617b,MODE_REVIVE,si
_r0ed64a1993d9b8,MODE_RIDING,si
_rba35974d70b034,MODE_SADDLE,si
_rf68743940cbabb,MODE_SADDLED_UP,si
_r0e67169eeb2ba2,MODE_SCALE,si
_r8e5935080d89fa,MODE_SECRET_RECIPE,si
_r1e653703c828e2,MODE_SET,si
_ra3ec068fc0ac7c,MODE_SHAMPOO,si
_r676c8b97047100,MODE_SIGNS,si
_rf6c7ce0e7d6e0c,MODE_SKIP,si
_r5b0b8b1fe46b19,MODE_STRETCH,si
_r37ede4a1684b7d,MODIFY_PERMISSION_OPTIONS,si
_r932c869de5f269,MONKEY,si
_r6b10f0d622edf9,MONSTER,si
_re89145ccf6c1cb,MONSTERPLANT,si
_rdcd5dfeaea2ff4,MONSTERPLANT_FERTILIZE,si
_r6f849396e15742,MONSTERPLANT_REBREED,si
_re07c2ff9b6d627,MONSTERPLANT_REVIVAL,si
_reece6d0327e217,MONSTERPLANT_SEED_PLANT_CONFIRMATION_DIALOG,si
_r530e42e022fce0,MOST_RECENT_HISTORY_BOTTOM_PADDING_THRESHOLD,si
_r7f3a70cbff71f2,MOTTO_EDITED_COLOR,si
_r1866f919af8c90,MOTTO_TEXT_OFFSET,si
_r7235aad93879cc,MOUNT_PET,si
_r1ec4f1868ee8cd,MOUSE_ENTER,si
_r7591a5e737cf6c,MOUSE_LEAVE,si
_rf1b2d77301269f,MOUSE_WHEEL_ENABLED,si
_r9e480047fed326,MOVE_AS_GROUP,si
_r74fa2031d64abd,MOVE_DURATION_MS,si
_r702ff666fc7dc4,MOVE_FURNI,si
_rc6f3cd6acff675,MOVE_FURNI_TO,si
_r1287df9e965283,MOVE_FURNI_TO_FURNI,si
_rd9bf9a2e847959,MOVE_FURNI_TO_USER,si
_rf307e4de2fa6a0,MOVE_NEGATIVE_FEEDBACK,si
_r4b243aa5389059,MOVE_SPEED_DENOMINATOR,si
_r9639e5471787cb,MOVE_TO,si
_rd6a2b5e8b48876,MOVE_TO_DIRECTION,si
_r634098998d768b,MOVE_UP_AMOUNT_PIXELS,si
_ra8cf5a05260f13,MOVE_UP_IMPULSE_LIMIT,si
_r7969cc15bdffd9,MOVE_UP_TIMER_DEFAULT,si
_r493b81201bfef0,MOVE_USER,si
_r0e70b644352571,MOVE_USER_TO_FURNI,si
_r2da17123c754c9,MOVING_OBJECT_PATH_RESET,si
_r2a08c274520162,MULTILINE,si
_rf1545e13b2aff6,MULTI_DIGIT_NUMBER_X,si
_rca8f086917e2de,MUTED,si
_r0216a08b1d55b6,MUTE_USER,si
_rd73e4940e3f577,MUTE_USER_10MIN,si
_rb2c18d28b18e25,MUTE_USER_2MIN,si
_r6768e3c639606e,MUTE_USER_5MIN,si
_r159bcef038c4c7,MYSTERYBOX_OPEN_DIALOG,si
_r9d9fe063b02f98,MYSTERYTROPHY_OPEN_DIALOG,si
_r8012b317059c7f,MYSTERY_BOX_KEYS_UPDATE,si
_r6d00178c1ec166,MYTHICAL,si
_r21bf765097f500,MYWORLD_VIEW_CODE,si
_rdffb861410cf38,MY_CLOTHES_VIEW,si
_rb6226785994e7e,MY_ISSUES,si
_re950b9d7437433,MY_MUSIC_SHOW_SCROLLBAR_ITEM_COUNT_LIMIT,si
_re76e8622b9039a,MY_MUSIC_TITLE_LOADABLE_ASSET,si
_r27b0f8488a863f,MY_WORLD_VIEW,si
_r43547b9bfa5e32,ModerationMessageHandler,si
_r787916c3d61754,MyRoomsTabPageDecorator,si
_r824a00c2e20eec,NAME_CHANGE,si
_r97f9948866ecf4,NAME_CHECK,si
_rdc7c2716a7d008,NAME_SUGGESTION_BG_COLOR,si
_r395e8321ef49f3,NAME_SUGGESTION_BG_COLOR_OVER,si
_r87ae4dad56191c,NAME_TEXT_COLOR_HINT,si
_rab606495090c1c,NAME_TEXT_COLOR_WRITING,si
_r2fd6f15e9e401e,NAME_UPDATE,si
_r9a5ca52f35f973,NAME_UPDATE_FUNCTION,si
_r2e2cbad27de0bc,NAN,si
_r3870124bdadffb,NAVIGATOR_SEARCH,si
_r0575fa88dd98f0,NEG_CALL_ANOTHER_STACK,si
_r86b59af4b00eb6,NEG_SEND_SIGNAL,si
_rfde534689d333c,NEST_BREEDING_SUCCESS,si
_rfae898f81ed069,NEVER_AGAIN,si
_rb6241f1b3a3182,NEWTON_ITERATIONS,si
_r59d2f12ce08afa,NEW_ADS_VIEW_CODE,si
_r107a19e46f40ac,NEW_AD_VIEW,si
_r366670ed976f82,NEW_BAR_RIGHT_MARGIN,si
_r68155ed081da05,NEW_FEATURE,si
_r926291da535dd1,NEW_FEATURE_CONDITION_MAX_RETRIES,si
_r59c19ddd844a2d,NEW_FEATURE_CONDITION_RETRY_DELAY_MS,si
_r450d40c4ca6f6d,NEW_FEATURE_CONDITION_REWARD_TRACK_INCOMPLETE,si
_r0c792cd69e3af0,NEW_FEATURE_CONDITION_STATE_HIDDEN,si
_r427cbdd345e0a1,NEW_FEATURE_CONDITION_STATE_UNAVAILABLE,si
_raa749a7463141c,NEW_FEATURE_CONDITION_STATE_VISIBLE,si
_rc63e55ccb1cadd,NEW_INSTANT_MESSAGE,si
_rf82f33954f8ab2,NEW_MESSAGE_NOTIFICATION,si
_r9dfa7b583dde2e,NEW_PETS,si
_r92abe4c3d49666,NEW_USER_FLOW_ENABLED,si
_r3e16309412f9f0,NEW_USER_ONBOARDING_HC_FLOW_ENABLED,si
_r02f4070674df6a,NEW_USER_ONBOARDING_PAGE_TO_SHOW,si
_r047f6c3e9f48e3,NEW_USER_ONBOARDING_SHOW_HC_ITEMS,si
_rcc743ef3be92a4,NFT_FIGURES,si
_re3574f4a09eb14,NFT_OPENING,si
_re64a219dd212c2,NFT_REWARD_BOX,si
_r5100e154c0726e,NOBODY,si
_r53e310ae641871,NODE_VIEW_POOL,si
_rb0bd2b635c194a,NODE_VIEW_POOL_MAX_SIZE,si
_rff38163410c68a,NONE_BG,si
_rd40593402ce5cf,NONE_SHADOW,si
_rc68ccfc3d0c841,NON_EXISTING,si
_r81affe1f53d40e,NON_VERIFIED,si
_r25a3cb61d3eafb,NORMAL_BORDER_WIDTH,si
_re0342c5f7cec0d,NORMAL_MODE,si
_r19ecd3fca26c61,NORMAL_SIZE_PETS,si
_rc348125f298e9e,NOTHING,si
_r85d5c4e216c0b8,NOTIFICATION_ICON_WIDTH,si
_r9382b4491ba3dc,NOTIFICATION_RANGE_START,si
_r71354b68701fe9,NOTIFICATION_STYLES,si
_r802c0e36286c96,NOTIFICATION_STYLE_END,si
_r6cbe1f51097431,NOTIFICATION_STYLE_ID,si
_r43b50b494d018f,NOTIFY_MODE,si
_r51ee6a766528bb,NOT_ACTIVE,si
_r77b8d7728ca1a8,NOT_ACTOR_IS_GROUP_MEMBER,si
_ra24ee45e5dd8c2,NOT_ACTOR_IS_IN_TEAM,si
_r746e49084179f9,NOT_ACTOR_IS_WEARING_BADGE,si
_r049cbd8a3d0e14,NOT_ACTOR_IS_WEARING_EFFECT,si
_r8cfc9b932f2c86,NOT_CONTROLLER,si
_r5eb50446d16a53,NOT_FOUND,si
_r7a22d68c4a7ab9,NOT_FURNIS_HAVE_AVATARS,si
_r2021ba0d255ae9,NOT_HAS_HANDITEM,si
_r7122af64b26689,NOT_HAS_STACKED_FURNIS,si
_rc74e35fa9be169,NOT_HAS_VARIABLE,si
_r551968e0c0bde0,NOT_HOVERED_COLOR,si
_r443f96879eadf0,NOT_OWNED_BASE_ACTIVE,si
_rff2318521b60cb,NOT_OWNED_BASE_HOVER,si
_rb2c54fb47847e4,NOT_OWNED_BASE_IDLE,si
_rd8da53e5264cd7,NOT_OWNED_OUTLINE_ACTIVE,si
_r633322a8ff031e,NOT_OWNED_OUTLINE_HOVER,si
_re3af2b79432cb0,NOT_OWNED_OUTLINE_IDLE,si
_r02570532f553b6,NOT_PERFORMING_ACTION,si
_rb0251f91beb527,NOT_SELECTED_TEXT_COLOR,si
_r905f1fdeaa8ab6,NOT_SELECTING_AREA,si
_r758495aa1362e1,NOT_STATES_MATCH,si
_ref98bc5d0e0f3f,NOT_STUFF_TYPE_MATCHES,si
_r6be8d2ce04b7f2,NOT_TRIGGERER_IS_ON_FURNI,si
_r36afd14f57e2a4,NOT_TRIGGERER_MATCHES,si
_rd0f7be51e5d3ee,NOT_USER_COUNT_IN,si
_r811cfae066d945,NOW_PLAYING,si
_r7beacaf6ffbee7,NOW_PLAYING_SONG_CHANGED,si
_rdde0aa4c1e9903,NO_CITIZENSHIP_SUFFIX,si
_r2495c956a3b095,NO_CLUB,si
_r401b11416ac27f,NO_CRYPTO_MODE,si
_re9702ba6c0bb97,NO_DISPLAY,si
_rb8cca6bdb57f13,NO_FRAMES_KEY,si
_rb4ff1d8a110295,NO_FREE_TILES_FOR_PET,si
_rd6e64e3e4ad53b,NO_MATCHES,si
_r6f7c7bd54496d3,NO_MOVE_ANIMATION,si
_r76fa48e78f4738,NO_NEST_FOUND,si
_r80f03bb9f28460,NO_OFFERS_CALLBACK,si
_rdd85614a2698ea,NO_OP_1,si
_re855272312f509,NO_OP_2,si
_rb9846c93b85b2e,NO_OP_4,si
_rd10647fd88e4ba,NO_PICK_UP,si
_r023e9d32ca9c3b,NO_TRADING,si
_r88dc5dd381e936,NUDGE_OFFSETS,si
_r4cab8e95eeeda5,NUMBER_ALREADY_VERIFIED,si
_r16a5f44b07fafb,NUMBER_BAKED_COLORS,si
_r9440230ee32a65,NUMBER_BAKED_COLORS_ID,si
_r1378511ab1ac1c,NUMBER_DISPLAY_CATEGORY_ID,si
_rf42401f724ad58,NUMBER_MISTYPED,si
_reaedc6f2d10757,NUMBER_OF_SLOTS,si
_r093136457dd4b9,NUMBER_RECOLORABLE,si
_ra98b79019fb4ff,NUMBER_RECOLORABLE_ID,si
_r2985de7758c877,NUMBER_Y,si
_r976f5af8978b55,NUMERICAL_PROGRESS,si
_r5c3baf439bea4e,NUMERICAL_PROGRESS_ID,si
_r722a1624e95278,NUM_UPDATE_RECEIVER_LEVELS,si
_r4d1b7d3453b605,NUX_PROCEED,si
_r2d1bae575c8bf6,NUX_TAKE_TOUR,si
_r601243aca187d7,NftWardrobeParamView,si
_r7d45374b1438a4,Number,si
_rd6db5255c88808,OBJECT_CATEGORY_FURNITURE,si
_r7e848ba60c1908,OBJECT_CATEGORY_ROOM,si
_r2b2c03a9fd77a9,OBJECT_CATEGORY_USER,si
_rae0ed8018da302,OBJECT_NAME,si
_r7e31bfbcf2910c,OBJECT_ROLL_OVER,si
_r45507620b81d78,OBJECT_STATE_FLIPH,si
_rbd00e0dfdaa579,OBJECT_TYPE_PET,si
_re844060611cf79,OBJECT_TYPE_USER,si
_r8528c87481479a,OFFER,si
_r6a77d83ed334d1,OFFICIAL_VIEW_CODE,si
_r6cc95ad1f4f93a,OFFSET_16BIT,si
_r6404639457149f,OFFSET_8BIT,si
_r43f65d4fef266d,OFFSET_MIN,si
_rc7904326673d18,ONES_SPRITE_TAG,si
_ra5f82af6f17f32,ONLY_USER,si
_r43ca17ae45cb8a,ON_CLOSE_CALLBACK,si
_rb139768033d25f,ON_CONVERSION_CALLBACK,si
_re2d5b91ec8b8cc,ON_START_CALLBACK,si
_r50c2b614e0a06a,OPEN_DELAY_MS,si
_r425b7979cfa348,OPEN_FURNI_CONTEXT_MENU,si
_r844e09b1e6aef3,OPEN_HOME_PAGE,si
_rebfc48bd9580d3,OPEN_INTERNAL_LINK_FROM_WEB_CALLBACK,si
_r059935f35d768f,OPEN_ISSUES,si
_r8af11d16859d38,OPEN_PET_PACKAGE_RESULT,si
_r29068f6a990e1d,OPEN_PET_PACKAGE_UPDATE_PET_IMAGE,si
_r8618558e58a168,OPEN_PET_TRAINING,si
_r86091b82be4472,OPEN_WIDGET,si
_rb9b9297b4bf8ab,OPTION_PREFIX,si
_r0faf00af001c52,OVERLAY_SPRITE_NAME,si
_r0d01044b2616c0,OVERRIDE_HEIGHT,si
_rc9ea0f0792efba,OWNED_BASE_ACTIVE,si
_rff418d3a792844,OWNED_BASE_HOVER,si
_r23cc8e5b7ee272,OWNED_FURNI,si
_re77854d9d06de3,OWNED_OUTLINE_ACTIVE,si
_r07f39a85c77b4f,OWNED_OUTLINE_HOVER,si
_re4acb6fdff1b90,OWNER,si
_rf71f3dffbbe789,OWN_USER,si
_r6c5a2673afb8e5,OfficialTabPageDecorator,si
_r9edd5141ef2556,PADDING_HORIZONTAL,si
_r858b93df5a211d,PADDING_VERTICAL,si
_r6ec1fccbaa2a53,PAGE_ANALYSIS,si
_r624a5c296d61a4,PAGE_BOUNDARY_EPSILON,si
_rc1a7a2f9f42b8d,PAGE_FAILURE,si
_r86f9cfde37d33b,PAGE_QUESTION,si
_rc578e5a529e5d0,PAGE_SIZE,si
_r78bf8638889a1f,PAGE_SUCCESS,si
_rf16645b681e99b,PALETTE_ASSET_DISPOSE_THRESHOLD,si
_r20d435d6b3eca1,PALETTE_ID,si
_r637f23ffeee168,PANIC_BUTTON_HEIGHT,si
_rae96acbfaef95b,PARAMETER_HUE,si
_r778ecd418d35ec,PARAMETER_LIGHTNESS,si
_rf6551c518c846c,PARAMETER_SATURATION,si
_r7be49d5880ce18,PARAMS,si
_r61bd6aa808e4cf,PARENT,si
_rabca761f0adf1f,PARENT_CONTAINER_NAME,si
_r0729e0256c7200,PARTNER,si
_r73303e810d52ac,PART_EYES,si
_ra6e1f090a97de0,PART_FACE,si
_rd87e0341280ea5,PART_ID,si
_r12c2627daae14d,PART_RIGHT_ITEM,si
_r7d386d7b2e4cf3,PASS_CARRY_ITEM,si
_r9c25166b461d89,PATH_EPSILON,si
_rdf85b9b929bd62,PEER,si
_r3c3df8a2841611,PENDING_GLOW_MAX_WAIT_MS,si
_r7028e121470e76,PENDING_MESSAGE_BLEND,si
_r57dde4b80b9b6d,PERFORMING_ACTION,si
_r01e1cbdcd8025e,PERIODIC_LONG,si
_rb47b867415a4c6,PERIODIC_SHORT,si
_r025bb6758201e8,PERK,si
_r0648b67bca5824,PERKS_UPDATED,si
_r49395d03a9201a,PERMANENTLY_HIDDEN_BY_MOD,si
_rdbf92abf6e00b1,PET,si
_r6b18bad7ae374e,PETLEVEL,si
_r1b305b6c72f426,PETS,si
_rad0d29e152be16,PETS_FORBIDDEN_IN_FLAT,si
_r0b3f82a08f6d2b,PETS_FORBIDDEN_IN_HOTEL,si
_re0394ed3279ba3,PETS_MISSING,si
_r8254c2960ffe72,PET_ALLOWED_DIRECTIONS,si
_r99df6726894a2b,PET_ANIMATED,si
_r99d2cecdfe37fb,PET_BREEDING,si
_rb89ef0ac530e11,PET_BREEDING_RESULT,si
_r5615be45d393f9,PET_COLOR,si
_rb4655a96b54deb,PET_COMMAND,si
_r520d6ec435d1c8,PET_COMMANDS,si
_rafb962cf0c12d0,PET_CUSTOM_LAYER_IDS,si
_rdf39e06d96d8ba,PET_CUSTOM_PALETTE_IDS,si
_r58b7f9b561a8ef,PET_CUSTOM_PART,si
_r4923f887fdf776,PET_CUSTOM_PART_IDS,si
_r7faf17010433da,PET_CUSTOM_PART_SHAMPOO,si
_rbe77f686fda272,PET_FIGURE_UPDATE,si
_rb0271db09009f3,PET_GESTURE_BLINK,si
_rc2715b66f427ae,PET_GESTURE_CRAZY,si
_r2a87d1e3ea5d7c,PET_GESTURE_JOY,si
_r8d3d92b5a11e83,PET_GESTURE_MISERABLE,si
_rd186956d87827b,PET_GESTURE_PUZZLED,si
_r7d679e59b19d84,PET_GESTURE_TONGUE,si
_r74b784b43121d4,PET_HEAD_ONLY,si
_red157c3badf6b5,PET_INFO,si
_r528f563b8217ca,PET_IS_RIDING,si
_rdb6de3abca7550,PET_LEFT,si
_r6c7ee0ca0fc420,PET_LEVEL_UPDATE,si
_r852115d3c36a1d,PET_PALETTE_INDEX,si
_rd5e0451577a269,PET_PREVIEW,si
_rc74a3535445388,PET_PRODUCT,si
_r0a499194e707ec,PET_PRODUCT_MENU,si
_rfed5a23e8e8de1,PET_RIGHT,si
_rdb6ade7c521285,PET_SADDLE,si
_r05353dfc662977,PET_SHAMPOO,si
_rbaa6ddac356d9b,PET_STATUS_UPDATE,si
_rc2c4766d1eb284,PET_TYPE,si
_r5072081e1f1d39,PET_TYPE_HORSE,si
_r61abaf3bbd2978,PET_TYPE_ID,si
_rf17b2d704e92da,PET_VIEW,si
_rd86dc30e0c6dc1,PHONE_NUMBER,si
_rd6bea16dc68cd8,PHONE_SCALE_FACTOR,si
_r8bd321b711851c,PHOTO_SPLASH_SCREEN,si
_r3f398d26da522c,PICKED_ISSUES,si
_r0260223f7f181a,PICK_UP_PET,si
_r48bbe9686d4b15,PIECES,si
_r3522c185cb5ffe,PIGEONEVIL,si
_r04092f98fa00b0,PIGLETNBABY,si
_r8eb4db67c50d08,PING,si
_r4d70a242870dbf,PIVOT_NAMES,si
_rf075bc8efbc3a9,PIXELS,si
_ra9fff1773b8a5b,PLACED,si
_r7daecc8366ddd5,PLACED_ON_USER,si
_rc580835d15a5c8,PLACEHOLDER,si
_r460d5b3632710b,PLACEHOLDER_NAME,si
_r207fae4f083d0b,PLACEMENT_PAGE_ID,si
_r3b9cd41e207416,PLACE_FURNI,si
_rf0af1a6d9dbf3b,PLACE_HOLDER_PET,si
_r4f11c2aa6c3edf,PLACE_HOLDER_TYPES,si
_ra5d9fbdfb7853b,PLACE_HOLDER_WALL_ITEM,si
_r8c65f1e69b640e,PLANE_BILLBOARD,si
_r21c4e3cd68220a,PLANE_FLOOR,si
_r28223725deec92,PLANE_LANDSCAPE,si
_ra409813d226414,PLANE_UNDEFINED,si
_r5f745eff9a1885,PLANE_WALL,si
_ra9822010c6536b,PLAYER_HEIGHT,si
_r64613664999880,PLAYER_SUPPORT,si
_rf1519e0e546b1a,PLAYING_GAME,si
_r830dfeea096948,PLAYLIST_EDITOR_WIDGET,si
_r8571ec81b6424d,PLAYLIST_SHOW_SCROLLBAR_ITEM_COUNT_LIMIT,si
_r6a99b81c7aa1c8,PLAYLIST_TITLE_LOADABLE_ASSET,si
_r7feab61e618c63,PLAY_LIST_FULL,si
_rda0d6419c5b4c8,PLAY_LIST_UPDATED,si
_re33f1be5614d2f,PLAY_SAMPLE,si
_r701e98a4a55382,PLAY_SOUND,si
_rbb40574475d7a0,PLAY_SOUND_AT_PITCH,si
_rcc089ba3244188,PLAY_SOUND_DELAY,si
_rb6dc1f1a2923b7,POINTER_DEFAULT_MARGIN_RIGHT,si
_r07ffd44e262239,POINTER_OFFSET,si
_r4e14cd636f2eed,POINT_ZERO,si
_r9935cfb45cc259,POLL_MONITOR_MS,si
_r3dd440b0ce4bb8,POLL_MS,si
_re561da8bbe07f8,POLL_PREVIEW_MS,si
_rb9c5ee64dd11bc,POLL_VARIABLES_MS,si
_read7a07148303a,POOL_SIZE_LIMIT,si
_r010e55e441c26c,POPULAR_ROOMS,si
_rb74746b4847ba9,POPULAR_ROOMS_SEARCH_CODE,si
_r0f094ad8837852,POSTER,si
_r6253e0723619eb,POSTER_IDS,si
_r3f02e1fbc850b3,POSTURE,si
_r710559eba1db95,POSTURE_FLOAT,si
_r80d810e2219326,POSTURE_LAY,si
_r452051b6eec587,POSTURE_SIT,si
_r136cb0fb4edee4,POSTURE_SNOWWAR_DIE_BACK,si
_r1fd704634b4337,POSTURE_SNOWWAR_DIE_FRONT,si
_r0394c0160ea55f,POSTURE_SNOWWAR_PICK,si
_rc3ea46801f4726,POSTURE_SNOWWAR_RUN,si
_rc97042cf47c928,POSTURE_SNOWWAR_THROW,si
_r52fb0184b0f6cc,POSTURE_STAND,si
_r2d3170ecae9904,POSTURE_SWIM,si
_ree395d3eace561,POSTURE_WALK,si
_rffea75904b91ce,POST_IT,si
_rc212d39a9cf756,PREFERENCES,si
_rb94c4280817c5b,PREFETCH_BOUNDARY_DISTANCE,si
_r268905e0ba582f,PREMIUM_CLAIM_NOTIFICATION_ICON,si
_r846bcec63204e1,PRESENT,si
_r557526ad2ec8a7,PRESENT_DEFAULT_STATE,si
_r8c4369a93fad39,PREVIEW,si
_r3d2008e8957c79,PREVIEW_ACTION_COUNT,si
_r8e8238ecd097b9,PREVIEW_ACTION_WAVE,si
_r9f2dc4f463fc54,PREVIEW_AMOUNT_KEY,si
_r6dfe17114ae3c9,PREVIEW_ANIMATION_INTERVAL_MS,si
_rfb32033753af16,PREVIEW_AVATAR_DIRECTION,si
_ra0452e77d2258e,PREVIEW_BACKGROUND_LOADABLE_ASSET,si
_r8a0674315504d5,PREVIEW_BUTTONLIST,si
_r7520dc0db0c859,PREVIEW_HEIGHT,si
_r885dda584566de,PREVIEW_LIST,si
_r2338996bfe95d4,PREVIEW_MODE_KEY,si
_r92f2786184ba18,PREVIEW_PLAYING,si
_r0a782e46d9992e,PREVIEW_ROOM_ID_BASE,si
_r935fff12fff112,PREVIEW_SOUND_SETTING,si
_r7a8708ac8f81e2,PREVIEW_STATUS_BONUS,si
_rd1f0043634a3bb,PREVIEW_STATUS_COLLECTION,si
_r81c2a5ab435ac8,PREVIEW_STATUS_ITEM,si
_rd5fece3b37e313,PREVIEW_STATUS_NONE,si
_r861a068a12349b,PREVIEW_STATUS_REWARD,si
_r6320edc1e9953b,PREVIEW_UPDATE_MS,si
_r9548d3f5dfb974,PREVIEW_WIDTH,si
_r5d36009dd1e512,PREVIEW_ZOOM,si
_rc202a2bc5a68d9,PREVIEW_ZOOM_IN_CAMERA_OFFSET_Y,si
_rd035d5ff68dd16,PREVIEW_ZOOM_MOVE_SPEED_DENOMINATOR,si
_r8b937ee899e1cc,PREVIEW_ZOOM_SPEED_SLOW,si
_rfa0be6783e0e78,PRICE_ACTIVITY_POINT,si
_r68a2c6e689b3cc,PRICE_CREDIT,si
_ra46fe91adee1f7,PRICE_SILVER,si
_r4049b721ecf4b5,PRICE_TYPE_ACTIVITYPOINTS,si
_r2180d7631d8a0c,PRICE_TYPE_CREDITS,si
_ra378df08eb4b8b,PRICE_TYPE_CREDITS_AND_ACTIVITYPOINTS,si
_rab195edb5e883d,PRICE_TYPE_NONE,si
_r9cc7f15e590ea1,PRICE_TYPE_SILVER,si
_rf044a11a4ad154,PRICING_MODEL_BUNDLE,si
_r22d435504a7e01,PRICING_MODEL_FURNI,si
_rcdce6adf1a6235,PRICING_MODEL_MULTI,si
_rfae3dbcb4665e0,PRICING_MODEL_SINGLE,si
_rfbd5e415b7eb7c,PRICING_MODEL_UNKNOWN,si
_rff6db5692b9ad0,PRIMARY_COLOUR_SPRITE_TAG,si
_r469d9239e20a4c,PRIORITY_UPDATE_INTERVAL_MS,si
_r6e40f2fae26c90,PROCESSLOG_ENABLED_KEY,si
_r8019775fd57fc1,PRODUCT,si
_r8f28371b75179b,PRODUCT_IMAGES,si
_rd08943492d3475,PRODUCT_PAGE_CLOTHING,si
_reedd3b5eb1f41d,PRODUCT_PAGE_CUSTOM_PART,si
_rf913295df7d6e4,PRODUCT_PAGE_CUSTOM_PART_SHAMPOO,si
_r41961b96919140,PRODUCT_PAGE_FERTILIZE,si
_rb76b04eaf26b50,PRODUCT_PAGE_REBREED,si
_r9029e8fbd9c649,PRODUCT_PAGE_REVIVE,si
_r339841cde33841,PRODUCT_PAGE_SADDLE,si
_r04cc9473ab357f,PRODUCT_PAGE_UKNOWN,si
_r536387e6ed58f4,PRODUCT_TYPE_BADGE,si
_rff7ecd1189fbcc,PRODUCT_TYPE_CHAT_STYLE,si
_rd47b6185f277d5,PRODUCT_TYPE_CLUB,si
_r6d60dec68def35,PRODUCT_TYPE_EFFECT,si
_re12ea680591a93,PRODUCT_TYPE_GAME_TOKEN,si
_r964106a4a9f0f8,PRODUCT_TYPE_HABBICON,si
_r5b5566c23fad12,PRODUCT_TYPE_ITEM,si
_r60faf10cd367e3,PRODUCT_TYPE_MINT_TOKEN,si
_rea5dbd8274f6b5,PRODUCT_TYPE_NFT,si
_r4f278fa22575bd,PRODUCT_TYPE_PET,si
_rcd38c07b53ac09,PRODUCT_TYPE_RENTABLE_BOT,si
_r7eccb5c7e8bbab,PRODUCT_TYPE_STUFF,si
_r6549cde8d07d1c,PRODUCT_VIEW,si
_r9fdb20ee2c35ae,PROFILE,si
_r28da10e3a717e1,PROGRESS,si
_r89ac5939711561,PROGRESSBAR_LEFT,si
_rbc648518491a79,PROGRESSBAR_MID,si
_r202c8449597ddd,PROGRESSBAR_RIGHT,si
_rbc2189f044b75f,PROGRESS_ACHIEVEMENT,si
_r82b6290d4fe29b,PROGRESS_BAR_CATEGORY_ID,si
_r9552218a3f380c,PROGRESS_BAR_MARGIN,si
_r2ba6fd6a735778,PROGRESS_BAR_OVERLAP_WIDTH,si
_r6eb5cbb355bd8b,PROGRESS_BAR_UPDATE_THRESHOLD,si
_r4381d8495035f7,PROGRESS_BAR_WIDTH,si
_r831e58e52edb1c,PROGRESS_REWARD_TRACK,si
_rf260d37bce1e1c,PROGRESS_TEXT_X_OFFSET,si
_r9ea58465253b1f,PROJECTILE,si
_rde3f65767508e8,PROMOARTICLE,si
_re61e1cdf6ddd96,PROMOTEDROOMBUTTON,si
_rfe2cef80332a71,PROMPT_DELAY_IN_MSECS,si
_r22edf24048f42d,PROMPT_FRAME_LENGTH_IN_MSECS,si
_r504d7f2040b1bf,PROPERTIES_COLUMN_PROPERTY,si
_r0788e991005624,PROPERTIES_COLUMN_VALUE,si
_r6b606d96026451,PROPERTY_CHEST_IDS,si
_raf2dafc08278ff,PROPERTY_EXTRA,si
_r37ecd13081b605,PROPERTY_ROOM_ID,si
_r02ed685e83993e,PROPERTY_TIMESTAMP,si
_r5ddd0860645978,PROPERTY_TRANSACTION_TYPE,si
_r9aa08e7ea9f2f6,PROPERTY_USERNAME,si
_r3ba6e67fae6d6d,PROVIDER_POLLING_FREQUENCY,si
_rcafe25d9b8e411,PTEROSAUR,si
_r65dbbd9e08a28e,PUPPYBABY,si
_r440da148fac80f,PURCHASE_CONFIRM_TYPE_HIGHER,si
_re418e4442fc087,PetCustomPart,si
_r67d02a449e4c67,PetFigureData,si
_r49aa82e09c7de0,PlaneDrawingData,si
_r4aa1ccffd6c4cf,Point,si
_r63597079300451,QUEST,si
_r00ed9aa74b1710,QUESTS_SEASONAL,si
_r4337f73d6846dd,QUEST_SEASONAL,si
_ra45646a5504148,QUEUE_STATUS,si
_rce9f016fa04a82,QUEUE_TYPE_NORMAL,si
_rf82375a8e3da0c,QUICK_THROW_MAX_RANGE,si
_rfee72ae9baa82e,QUOTE_BG_COLOR,si
_r99a6e8f4a7f61d,RADIUS,si
_r236443091ca618,RANDOM_WALK,si
_r2c8747da775847,RARE,si
_r57e4bf81d6f6ce,RATE_LIMIT,si
_rfedbabf7fc91bf,RATING,si
_r928781b8d07290,READY,si
_r886c5772a5da24,REALLY_SLOW_ALPHA_TWEEN_TIME,si
_r5b1e373e0b3367,REASON_CONTAINER,si
_r16adf1faa1e94e,RECEIVE_SIGNAL,si
_ra53a850b798d11,RECENT_HABBICONS_UPDATED,si
_re6eaa6b2a33128,RECENT_HABBICON_LIMIT,si
_r997f31098d86c9,RECENT_LIMIT,si
_r9d063eab5fcea2,RECENT_TAB_ID,si
_r30d06192527b98,RECIPE_COMPLETE,si
_ra12d5cd0715682,RECIPE_EMPTY,si
_rd5ea8edde1440b,RECIPE_INCOMPLETE,si
_r02203181ea5998,RECTANGLE,si
_rac04dc15cd47d8,RECYCLER,si
_r85a783b1d83033,RECYCLER_FINISHED,si
_r810cf40ec631cc,RECYCLER_PRIZES,si
_r6819b3e11fee76,REDEEM_ITEM_CODE,si
_re0e8a93b6cc17a,REDRAW,si
_redc5d324d49af8,REFERENCE_VARIABLE,si
_rebcb3d452039b8,REFRESH_PERIOD_IN_MILLIS,si
_rb03a477ff3e398,REFRESH_PERIOD_IN_MSECS,si
_r01701d8c786b7f,REFRESH_TIME,si
_r4db0b86d28a432,REGION_NAME,si
_rd37a1701827b9a,REGION_PROFILE,si
_ra8fcb74967d9e1,REGION_PROFILE_NAME,si
_re3bc0df460f0b9,REGION_REJECT_COLOR_EXPOSED,si
_r452ada0c001d22,REGION_REJECT_COLOR_NORMAL,si
_rcf57236c6fc509,REGISTER,si
_r2b89a977d134c7,REGISTRATION_AGE_LIMIT,si
_rb15eadc9c0470d,REGISTRATION_BIRTHDAY_FORMAT,si
_r84961fdd081173,REGISTRATION_CAPTCHA_EMPTY,si
_r4e7af4a1d04fee,REGISTRATION_CAPTCHA_INVALID,si
_ra9c5e1391adff3,REGISTRATION_DISABLED,si
_rf0650405a9107a,REGISTRATION_EMAIL,si
_r1e4e076d3d5206,REGISTRATION_EMAIL_IN_USE,si
_r050dd21e79996b,REGISTRATION_EMAIL_UNAUTHORIZED,si
_rd1ba4d4e84dddc,REGISTRATION_ERROR_AGE_BAN,si
_r1291b0a9b6a75a,REGISTRATION_ERROR_IDENTITY_CREATION_FAILED,si
_r958e8725a0e79e,REGISTRATION_ERROR_SPAM,si
_r9bd697cc8a8d40,REGISTRATION_INVALID_BIRTHDAY,si
_r5b0502fa562418,REGISTRATION_INVALID_EMAIL,si
_r850eb254e44572,REGISTRATION_INVALID_PASSWORD,si
_r051d46deb7fade,REGISTRATION_PARENT_EMAIL,si
_rc8a83ce1b09116,REGISTRATION_PASSWORD,si
_rb6382e5270b98e,REJECT,si
_rd7f91659e2a05e,RELATIONSHIP_STATUS,si
_rba16428396b41d,RELATIVE_FURNI_MOVE,si
_re5963ea97bb7cf,RELATIVE_OFFSET_X,si
_recc4ba062b0ed3,RELATIVE_OFFSET_Y,si
_r83f50d935bb748,RELOCATE,si
_r49646a2cce0812,REMOTE_SELECTOR,si
_r2b0d9aa9fcaed2,REMOVED,si
_r2fdd1be94c200c,REMOVE_DIMMER,si
_r1e48c91f344014,REMOVE_FAVORITE,si
_r8c12d57b0caea9,REMOVE_FURNI,si
_r42414491b385a8,REMOVE_HOLE,si
_r844dba6fb4f818,REMOVE_MASK,si
_re69bc7b04bbaba,REMOVE_VARIABLE,si
_r6c32ad8ad26d8a,RENDERER_TYPE_BITMAP,si
_r0862e9571025fc,RENDERER_TYPE_BITMAP_FILL,si
_rbd068b68d09794,RENDERER_TYPE_FILL,si
_r137f96706951d9,RENDERER_TYPE_GRADIENT,si
_r88018732774141,RENDERER_TYPE_LABEL,si
_re86da0d46488fd,RENDERER_TYPE_NULL,si
_rd47a5a2100d46e,RENDERER_TYPE_SHAPE,si
_r2949826128d415,RENDERER_TYPE_SKIN,si
_r0ab8faba4f224d,RENDERER_TYPE_STROKE,si
_r0b0bb23fa43d6c,RENDERER_TYPE_TEXT,si
_r67e8660e629356,RENDERER_TYPE_UNKNOWN,si
_r022ebc84c152fc,RENDER_TYPE_SKIN,si
_r26cd417537b02f,RENTABLES,si
_rde81e37ffbeb51,RENTABLESPACE,si
_re98beed23868ba,RENTABLE_BOT_VIEW,si
_r5d5b6fd27c4eee,RENTED_FURNI,si
_r9b3a9f5dca1e16,REPEAT_MODE_BORDERS,si
_r5363fd56063fd0,REPEAT_MODE_CENTER,si
_re2a95be1928cb2,REPEAT_MODE_FIRST,si
_r31960fa1ba45f1,REPEAT_MODE_LAST,si
_rc1963d3312d163,REPEAT_MODE_RANDOM,si
_r5b2c0c55fa1885,REPLACE_CHAR,si
_racccaa417db24d,REPLENISH_RESPECT,si
_refae120b0e82a0,REPORT,si
_r0c3e543efab594,REPORT_CFH_OTHER,si
_rbe6ae8c2f3d999,REPORT_TYPE_BULLY,si
_rca254d9b11de8d,REPORT_TYPE_EMERGENCY,si
_r0c8f7666689f1e,REPORT_TYPE_GUIDE,si
_r33dab569c9ff32,REPORT_TYPE_IM,si
_rd25cb782d3a705,REPORT_TYPE_MESSAGE,si
_r1b7f33473fd6df,REPORT_TYPE_PHOTO,si
_r5dfcb4691b8867,REPORT_TYPE_ROOM,si
_rc6425e87fd73d1,REPORT_TYPE_THREAD,si
_r71dbc3408fabd4,REQUESTBADGEBUTTON,si
_r3aa479a05f1405,REQUESTBADGEBUTTONFIFTH,si
_r72b8e985b99c0f,REQUESTBADGEBUTTONFOURTH,si
_rbe2676a15d4ece,REQUESTBADGEBUTTONSECOND,si
_r5e8b6569a144fa,REQUESTBADGEBUTTONTHIRD,si
_r60465ff8df202d,REQUESTS_WINDOW_RESOURCE,si
_re344bc994ba0e1,REQUEST_ACHIEVEMENT_RESOLUTION_ENGRAVING,si
_r8113914672e9ee,REQUEST_ACHIEVEMENT_RESOLUTION_FAILED,si
_r6240e13ed37fc8,REQUEST_AREA_HIDE,si
_r24227404b4d670,REQUEST_BACKGROUND_COLOR,si
_r91366b988b4330,REQUEST_BADGE_DISPLAY_ENGRAVING,si
_rb7f09ca2e19590,REQUEST_BREED_PET,si
_r75c9805f7b865b,REQUEST_CLOSE_FURNI_CONTEXT_MENU,si
_r15d7999d1daebb,REQUEST_CLOSE_WIDGET,si
_rb598bc91eaafcd,REQUEST_CLOTHING_CHANGE,si
_r8ca1d1b5b18055,REQUEST_COMMANDS,si
_r884f1df617aeac,REQUEST_CREDITFURNI,si
_rf4709de9cd5881,REQUEST_DIMMER,si
_r85df3b49ae9626,REQUEST_ECOTRONBOX,si
_rf95ac3e3a59bd7,REQUEST_EDITOR,si
_r78f109ceaa4cb3,REQUEST_EFFECTBOX_OPEN_DIALOG,si
_r47bdba0104184c,REQUEST_EFFECTS,si
_r70c61acb027fbc,REQUEST_FRIEND_FURNITURE_CONFIRM,si
_r8bcdb3ba5bc987,REQUEST_FRIEND_FURNITURE_ENGRAVING,si
_r1bab6959086569,REQUEST_FURNI_CHOOSER,si
_r157d3124f22eaa,REQUEST_FURNI_CHOOSER_ADD,si
_r98b3187e2e55e8,REQUEST_HIDE_HIGH_SCORE_DISPLAY,si
_rb50099523502f3,REQUEST_HIGH_SCORE_DISPLAY,si
_r52ee2aaf0bda88,REQUEST_INTERNAL_LINK,si
_r4b6f8212844e0f,REQUEST_LIST,si
_r40a5264b6969d9,REQUEST_MANNEQUIN,si
_r63f749abb206fc,REQUEST_ME_MENU,si
_r6df17e80d9727f,REQUEST_ME_MENU_TOOLBAR_CLICKED_EVENT,si
_r4b18a5927a9006,REQUEST_MONSTERPLANT_SEED_PLANT_CONFIRMATION_DIALOG,si
_reef550d161929a,REQUEST_MOVE,si
_r2a7749c656030f,REQUEST_MYSTERYBOX_OPEN_DIALOG,si
_rd8b4eaf8f2a4a0,REQUEST_MYSTERYTROPHY_OPEN_DIALOG,si
_rce416194f89538,REQUEST_OFFSET,si
_rf34cf7c3e730e6,REQUEST_OPEN_FURNI_CONTEXT_MENU,si
_rd2ead1f458dbff,REQUEST_OPEN_WIDGET,si
_rab8060979fd55a,REQUEST_PAGE_RATELIMIT,si
_rc181aa23ef0127,REQUEST_PET_UPDATE,si
_r4020ecdb79d4ca,REQUEST_PICKUP,si
_rb107ce9e3c52e4,REQUEST_PLACEHOLDER,si
_r8049ee7b01528c,REQUEST_PLAYLIST_EDITOR,si
_ra11e9bc0ae08e1,REQUEST_PRESENT,si
_ra839924c1c0ff4,REQUEST_PURCHASABLE_CLOTHING_CONFIRMATION_DIALOG,si
_r5b4e85cff93976,REQUEST_ROOM_LINK,si
_r4a9ae711a8d59f,REQUEST_ROTATE,si
_r783499fab76afc,REQUEST_SAME_PAGE_TIMEOUT,si
_ra922af7dfd0225,REQUEST_STICKIE,si
_ra931948c182fbf,REQUEST_TASKS_TIMEOUT_MS,si
_r89d188c3515c41,REQUEST_TEASER,si
_rb43ec3b9cb73bf,REQUEST_TIMEOUT,si
_r15364ed3d65982,REQUEST_TROPHY,si
_rc837ad805f8cac,REQUEST_TYPE_ID,si
_rc3157331681dea,REQUEST_TYPE_NAME,si
_rccf2a273bd6897,REQUEST_TYPE_NONE,si
_r30269df39229f8,REQUEST_USER_CHOOSER,si
_r8704104ad4995f,RESET,si
_r5b76fb648c67ab,RESET_REWARD_TRACK,si
_rc0dbb3e8399299,RESET_TIME,si
_rf577844304e416,RESET_TRUSTED_LOGINS,si
_rcc52475a5109d1,RESIZE,si
_r2e736f2d2bce91,RESIZED,si
_rdfce475cfc362e,RESIZE_DIAGONAL,si
_r9340d25faa4962,RESIZE_ON_ITEM_UPDATE,si
_r267a10ffa5a998,RESIZING_OFFSETS,si
_rf3fb91670eba55,RESOLUTION_RESOLVED,si
_r7c49a44f727cee,RESOLUTION_USELESS,si
_r60e66989070e58,RESPECT,si
_r27626fd722abdc,RESPECT_PET,si
_r28de76db2fac49,RESPECT_USER,si
_reb1e908ea7d35d,RESTORED_BY_ADMIN,si
_r55f700ff2159cf,RESTRICT,si
_r934ba615fb4873,RESULT_ACTIVATE,si
_rb5a0e19fbce433,RESULT_HIDE,si
_ref81b388bc74fb,RESULT_SHOW,si
_r213a34b60fbb92,RETRY_ENABLE_DELAY_MS,si
_r9722347e267afe,RETURN_GIFT,si
_rf5d2961a978e94,REVIVE_PET,si
_re4ffd73ea6aac4,REWARD,si
_ra8b77a4d5f6318,REWARDBADGE,si
_rd727b8952370e1,REWARD_GREEN,si
_r2e220b4f904ffd,REWARD_ORANGE,si
_r78b7c763e87ab7,REWARD_TRACK_ITEM,si
_rd3bfa950ffc956,REWARD_YELLOW,si
_ra60d5ed6fb9803,RGBToHex,si
_r87e2a16a23c7de,RHINO,si
_rf18d31bfc8f620,RIGHT,si
_r07702f06e20798,RIGHT_BOTTOM,si
_re0c052eaaf5e6f,RIGHT_BRACKET,si
_r1cfecf413d3421,RIGHT_CLICK,si
_raa41f688145698,RIGHT_COAT_SLEEVE,si
_r751865b78511ec,RIGHT_MARGIN,si
_r40668cedb6e13e,RIGHT_SLEEVE,si
_r929d782d832eb3,RINGING,si
_r74276d446b037e,ROLLING_LOG_EVENT_ID,si
_r9c090c7edba343,ROLL_OUT,si
_r40e3f4960b0895,ROLL_OVER,si
_r06ae361fcfa1a0,ROOMADS,si
_rac1399a538aac0,ROOMHOPPERNETWORK,si
_reb4b523357aa1a,ROOMNAME,si
_r073e8b0cb921ae,ROOM_ADS_VIEW_CODE,si
_r6baf566aa1f585,ROOM_AD_ACTIVATE,si
_r14a9cdfc928f2f,ROOM_AD_CLICK_URL,si
_r77331fc7191f74,ROOM_AD_FURNI_CLICK,si
_rc8528277ed3b78,ROOM_AD_FURNI_DOUBLE_CLICK,si
_rac76c005fc5625,ROOM_AD_IMAGE_ASSET,si
_r5fb17eab5b6d4d,ROOM_AD_IMAGE_LOADED,si
_rfc0d99e899f451,ROOM_AD_IMAGE_LOADING_FAILED,si
_r26070771ffccf5,ROOM_AD_LOAD_IMAGE,si
_r2c3670a30215a8,ROOM_AD_SHOW,si
_reaf008a247f0eb,ROOM_AD_SPRITE_TAG,si
_r87965d51b96fda,ROOM_AD_TOOLTIP_HIDE,si
_r1f474d12f2cbd7,ROOM_AD_TOOLTIP_SHOW,si
_reb438424e44395,ROOM_AD_VIEW,si
_r2f5647bdb28643,ROOM_AD_WAITING,si
_ra8c2f6f691f2b5,ROOM_AD_WARNING_IMAGE_LEFT,si
_rc6ce8fabdf8754,ROOM_AD_WARNING_IMAGE_RIGHT,si
_r2b20e1565f1e4e,ROOM_BACKGROUND_COLOR,si
_r5127254c5dad86,ROOM_BILLBOARD_IMAGE_LOADED,si
_rffd2fffc908e51,ROOM_BILLBOARD_LOADING_FAILED,si
_rcdfae218c1c394,ROOM_CHANGED,si
_r22d5971bff1913,ROOM_COLOR,si
_re9e07a55b2f582,ROOM_COLORIZE_BG_ONLY,si
_r68742525bf8929,ROOM_CONTENT,si
_r36953651f4beaa,ROOM_CONTROLLER,si
_ra7ea9658322917,ROOM_CONTROLLER_REQUIRED,si
_rf812899c930c98,ROOM_DEPTH_OFFSET,si
_r3a928652dd2441,ROOM_DIMMER_PRESETS,si
_rb6d51c21510c23,ROOM_DISPOSED,si
_rf1dcfd5aa4e387,ROOM_DOOR_DIR,si
_r94918fdebbbecb,ROOM_DOOR_X,si
_r1fd404aa5d5baf,ROOM_DOOR_Y,si
_r75d2ddf6c1ed39,ROOM_DOOR_Z,si
_rac4a6fd6405c4e,ROOM_ENGINE_GAME_MODE,si
_r7d802f6e9f2763,ROOM_ENGINE_INITIALIZED,si
_r56830a29b3dadb,ROOM_ENGINE_NORMAL_MODE,si
_r13b6d7f68aaf43,ROOM_ENGINE_READY,si
_r6ed77398b8a59d,ROOM_ENTER,si
_rf8439b6d42b502,ROOM_ENTER_INFO_ENABLED_KEY,si
_rcca92f41ab03df,ROOM_ENTRANCE_AFTER_SPECTATE,si
_rbacc8f4758ca2a,ROOM_ENTRY_1,si
_rf13f88e189fb06,ROOM_ENTRY_2,si
_rbe821134db3552,ROOM_FLOOR_HOLE_UPDATE_TIME,si
_r6e3bbba368b9fb,ROOM_FLOOR_THICKNESS_MULTIPLIER,si
_r47508ec4500202,ROOM_FLOOR_TYPE,si
_rab9b24095abe27,ROOM_FLOOR_UPDATE,si
_r1512c2e8e495c7,ROOM_FLOOR_VISIBILITY,si
_r50930a0671922f,ROOM_ID_COUNTER,si
_r47705f8860f05a,ROOM_INITIALIZED,si
_rff95a665d0a1ae,ROOM_INVITATION_DELAY,si
_rd8b4b6c2571b67,ROOM_IS_PUBLIC,si
_r2abe3c4e137516,ROOM_LANDSCAPE_TYPE,si
_recc089f47e393c,ROOM_LANDSCAPE_UPDATE,si
_r947fd1e550de3e,ROOM_LANDSCAPE_VISIBILITY,si
_r6c2b3a8f6d0217,ROOM_LARGE_OFFSET_X,si
_r7a929325dd7590,ROOM_LARGE_OFFSET_Y,si
_r7ffbd1e34aa1e4,ROOM_LARGE_STACK_BOTTOM_Y,si
_r50e4fc020581e2,ROOM_LIMIT_HC,si
_r323d1829456f1b,ROOM_LIMIT_NON_SUBSCRIBER,si
_r232e7838c59d8b,ROOM_LINK,si
_r280cdf512110fe,ROOM_MANAGER_INITIALIZED,si
_r6370538b750aff,ROOM_MANAGER_INITIALIZING,si
_r6cede877a79d73,ROOM_MANAGER_LOADED,si
_r3bba947019c852,ROOM_MAX_X,si
_r81e31f6bd7ae98,ROOM_MAX_Y,si
_r97a7d11cdd8251,ROOM_MESSAGES_POSTED,si
_r0891a2b648d0f0,ROOM_MIN_X,si
_r2cc4d6aded3d4e,ROOM_MIN_Y,si
_r21769d26daabb8,ROOM_MOUSE_BLOCK_HANDLE_ID,si
_r90c2851e7c7135,ROOM_NEW_CHAT,si
_r76a1adea830156,ROOM_OBJECTS_INITIALIZED,si
_r4b522452ce420b,ROOM_OBJECT_DISPOSED,si
_rbee34f6d15d502,ROOM_OBJECT_INITIALIZED,si
_r0dd06a418d83fa,ROOM_OBJECT_MOUSE_CLICK,si
_rb57b222564a709,ROOM_OBJECT_MOUSE_DOUBLE_CLICK,si
_r7c6f01bc689afa,ROOM_OBJECT_MOUSE_DOWN,si
_r676666f0ae90ce,ROOM_OBJECT_MOUSE_ENTER,si
_r335a07e5abf0e5,ROOM_OBJECT_MOUSE_LEAVE,si
_rfc94caecd5c0d8,ROOM_OBJECT_MOUSE_MOVE,si
_re27b640e279e35,ROOM_OBJECT_STATE_CHANGE,si
_r685484583bbac0,ROOM_OBJECT_STATE_RANDOM,si
_r9bba1d48f24471,ROOM_OWNER,si
_r0daec42d723d80,ROOM_PLANE,si
_rbf57822d367fde,ROOM_PLANE_MASK_XML,si
_r715928058d994e,ROOM_PLANE_XML,si
_rbc464fd38c6537,ROOM_PREVIEW,si
_r317fe9e4f248fe,ROOM_QUEUE,si
_r4eaa5c30e5beaa,ROOM_RANDOM_SEED,si
_r1520c8aa99eea2,ROOM_ROW_POOL,si
_rb8c99b6b5fb850,ROOM_ROW_POOL_MAX_SIZE,si
_r01a1e6888c05b8,ROOM_SELECTED_PLANE,si
_r36a1a6a6484f84,ROOM_SELECTED_X,si
_r6a5fdf35260e00,ROOM_SELECTED_Y,si
_r1922262e065b0e,ROOM_SELECTED_Z,si
_r41e4b71c98dff9,ROOM_SESSION_CHAT_EVENT,si
_re9033fd02624fd,ROOM_SESSION_FLOODCONTROL_EVENT,si
_rcc8925f6048303,ROOM_SESSION_OPEN_PET_PACKAGE_REQUESTED,si
_r05300bbfa47b8e,ROOM_SESSION_OPEN_PET_PACKAGE_RESULT,si
_rbbe8ee1fd5e844,ROOM_SESSION_PRESENT_OPENED,si
_r1b5a1822ff9cd3,ROOM_SMALL_OFFSET_X,si
_re581f0a24c455a,ROOM_SMALL_OFFSET_Y,si
_rdba371ee97e171,ROOM_SMALL_STACK_BOTTOM_Y,si
_r717f6358bb322a,ROOM_TAG_SEARCH,si
_r6ad1b4a945622a,ROOM_THUMBNAIL_CAMERA,si
_r27b2ca02b3da70,ROOM_TILE_CURSOR,si
_r8232f5561b4878,ROOM_TOOLS,si
_r1f4c084cc9adef,ROOM_TOOLS_EXTENSION_ID,si
_r2762ead11eff29,ROOM_USE_HABBICON,si
_r9a77daf1b72102,ROOM_VIEW,si
_r5af368e255d8b2,ROOM_VIEWER_MODE,si
_r414ceb21278506,ROOM_VIEW_POSITION_CHANGED,si
_r8b097d671c3d45,ROOM_VIEW_SCALE_CHANGED,si
_rbdb393eefbd448,ROOM_VIEW_SIZE_CHANGED,si
_rede8d85392ea18,ROOM_VISIT_HISTORY,si
_rcbe48e57f7f513,ROOM_WALL_THICKNESS_MULTIPLIER,si
_r1d8e3883b74446,ROOM_WALL_TYPE,si
_r1609845c99c7cd,ROOM_WALL_UPDATE,si
_rf44592323b8ec3,ROOM_WALL_VISIBILITY,si
_r8a12156d591fb8,ROOM_WIDGET,si
_r8901d1ae6521a1,ROOM_WORLD_TYPE,si
_rf22efa3b7c6e97,ROOM_ZOOM,si
_r9945c82c7ceb1c,ROOM_ZOOMED,si
_rd951d69c922bba,ROOM_Z_SCALE,si
_r5872a014f8d070,ROTATE,si
_raf6c53605d8495,ROTATION,si
_r159ed81543e909,ROUND_UP_THRESHOLD_BIAS,si
_r345b70dd671cd7,RoomObjectStateChangeEvent,si
_r57e5032f1ee011,RoomPlaneParser,si
_r5ce8936bb83250,RoomPreviewer,si
_r164b76d2559cca,RoomWidgetLetUserInMessage,si
_rdc812ac70fe5e8,S,si
_r6c1b8c6db55d50,S2_ENVIRONMENT_ID,si
_rb44523925d5ff9,SADDLE_OFF,si
_rf4b68534cf4f56,SADDLE_SPRITE_TAG,si
_r684e9f49286547,SAFETYQUIZPROMO,si
_rb54a714dcddf64,SAFETY_LOCK_DISABLE,si
_r04907e81e402f4,SAFETY_LOCK_QUESTIONS,si
_r3952d61464fbde,SAFETY_LOCK_SAVE,si
_r146922cc13d59c,SAFETY_LOCK_STATUS,si
_rfebf1b0c0dcbe5,SAFETY_LOCK_UNLOCK,si
_rf12e0cf616405e,SAFETY_QUIZ_CODE,si
_r6de004989d0eca,SAMPLES_PER_BAR,si
_r1a8ad91d3d4f1a,SAMPLES_PER_SECOND,si
_racc184efce4367,SAMPLE_FREQUENCY_11KHZ,si
_rbe6063dcb32cfd,SAMPLE_FREQUENCY_22KHZ,si
_raba098e6d5b4df,SAMPLE_FREQUENCY_44KHZ,si
_rd189ff8988c0e9,SAMPLE_LENGTH_MEMORY_LIMIT,si
_r5ca46ea3fd93af,SAMPLE_LENGTH_PURGE_TO,si
_rf8b4de568a9405,SAMPLE_PROCESS_LIMIT_MS,si
_r68e61b6c50cf25,SAMPLE_SCALE_16BIT,si
_rd4c78ca2812377,SAMPLE_SCALE_8BIT,si
_r42e1ea2817f451,SAMPLE_VALUE_MULTIPLIER,si
_r891c1c217076ce,SANDBOX_CRASH_URL,si
_r931e58c68f4541,SAVE_LOOKS,si
_rbc8fb01538327b,SAVE_STUFF_DATA,si
_r7d5dc982e93a03,SAVE_TIMEOUT_MS,si
_r2a1296a9f56e43,SAVE_USER,si
_r90979106f77008,SAVE_VISIBILITY,si
_r36324caf0fe447,SCALE,si
_r35d4dbe8bd0876,SCALE_TO_FIT_ITEMS,si
_r7a022ed8d224fa,SCALE_TYPE_CENTER,si
_r0be4867c641392,SCALE_TYPE_STRECH,si
_r2213dcbbf477fa,SCALE_TYPE_TILED,si
_r3706e7a15baf3c,SCALE_ZOOMED_IN,si
_re039134f71c898,SCALE_ZOOMED_OUT,si
_r65f765c31bc708,SCORETYPE_LOCALIZATION_KEY_POSTFIX,si
_r4af1f74e4267ee,SCORE_ACHIEVED,si
_re573c134e8e293,SCORE_FRAME_LENGTH,si
_reff183ba83d420,SCREEN_AVATARS,si
_rc7435cd9f935c3,SCREEN_ENVIRONMENT,si
_r63d397a7477cb0,SCREEN_LEFT_BORDER,si
_ra0bf3c9d14bfea,SCREEN_LOGIN,si
_ra37fe14f2e5cf1,SCREEN_SSO_TOKEN,si
_ra67c5731a4f3b5,SCROLLABLE,si
_rbdb87aed887712,SCROLLBAR_MARGIN,si
_r0b122ea391effa,SCROLLBAR_OFFSET,si
_r9d355d4a5482db,SCROLLBAR_WIDTH,si
_r33cd51faaafecb,SCROLL_BUFFER,si
_r3c7d2bdb9c6144,SCROLL_BUFFER_MINIMAL,si
_red2cbfd7a85227,SCROLL_BUTTON_DECREMENT,si
_r03f04d318b024d,SCROLL_BUTTON_INCREMENT,si
_r155ac9c9884bac,SCROLL_DOWN,si
_r42fe2ffb8d7660,SCROLL_SLIDER_BAR,si
_r7836dd1716274c,SCROLL_SLIDER_TRACK,si
_rba71e66fe37652,SCROLL_STEP_SIZE,si
_rb0e99140ba21b8,SCROLL_TRIGGER_HEIGHT,si
_r725b0c5ad45aca,SCROLL_UP,si
_r3e4dcf874aa4e8,SEARCHTYPE_BY_OWNER,si
_r66b7b356a475cd,SEARCHTYPE_CATEGORIES,si
_r566d0238628c92,SEARCHTYPE_COMPETITION_ROOMS,si
_r7ec7c66180e1cd,SEARCHTYPE_GROUP_NAME_SEARCH,si
_r0b7e046af9216c,SEARCHTYPE_GUILD_BASES,si
_r4e85eccd8869ac,SEARCHTYPE_MY_GUILD_BASES,si
_rb55ba19dc857a9,SEARCHTYPE_OFFICIALROOMS,si
_r47258de61e8791,SEARCHTYPE_RECOMMENDED_ROOMS,si
_rf602da05fa69f6,SEARCHTYPE_ROOM_NAME_SEARCH,si
_rde153f1d2b61a6,SEARCHTYPE_TAG_SEARCH,si
_r1d6b1f502b1f96,SEARCHTYPE_TEXT_SEARCH,si
_re6baf8dbd46df1,SEARCH_PRODUCT_CODE_OVERRIDES_BY_FURNI_CLASS_NAME,si
_re14434d92fada5,SEASONAL_1,si
_r6d31ca35c22638,SEASONAL_2,si
_r8f72cec92c8000,SEASONAL_3,si
_r6a610e5e1dccf6,SEASONAL_4,si
_rf55ebb08bf0888,SEASONAL_5,si
_r5ad14484ec6d04,SECONDARY_COLOUR_SPRITE_TAG,si
_r55f76baab9ab61,SECONDS_CONTAINER_NAME,si
_r9507a3ca307f16,SECONDS_SPRITE_TAG,si
_ra725269bd9024b,SECTION_FAVORITES,si
_rf6bd5c61317edc,SECTION_SEARCH,si
_r1469dc614cc80f,SELECTED_ASSET,si
_r5445eeb5d44f80,SELECTED_BG,si
_rafd6d0a4692b6f,SELECTED_TILE_NOT_FREE_FOR_PET,si
_r63e7682c9e7d46,SELECTING,si
_r29f284ff4202fd,SELECTION_TYPES,si
_r137f356cc4bf7b,SELECT_AVATAR,si
_r53d9ccda7e365b,SELECT_OUTFIT,si
_r8558bf7b4ee32f,SELECT_ROOM,si
_r9814da25d1f50f,SELECT_USER,si
_r1ee0a3a33d5556,SEND_FRIEND_REQUEST,si
_r7e587311bce8ca,SEND_POSTIT_DATA,si
_r60e5c8e98e830b,SEND_SIGNAL,si
_rdb0c5b5273c679,SENSITIVITY_HIGH,si
_rc28397e7de4b15,SERVE_BEVERAGE,si
_r64d9fcdd267c81,SESSION_ROOM_DATA,si
_r048a44db18e294,SESSION_URL_PREFIX,si
_r864b023a4da945,SET_EXTRA_PARAMETER,si
_rd592d8b036e671,SET_FURNI_ALTITUDE,si
_r3afd3a49b529d1,SET_MIN,si
_r82a3ad9222ef2e,SET_PREVIEWER_STUFFDATA,si
_r35a3b6aa02f04e,SHAKE_PIXELS,si
_r7426e37167f20e,SHAKE_PIXELS_E,si
_rd6fa0c83b26236,SHAKE_TIMEOUT,si
_r8bc69851e09a73,SHAPE,si
_ra97ca23d74b1ad,SHAPE_CONE,si
_rab0b92a8c51e71,SHAPE_ELLIPSE,si
_rdcf6102454df14,SHAPE_PLANE,si
_r8c04f5f5d69b6b,SHAPE_RHOMBUS,si
_r82998018552618,SHAPE_ROUND_RECTANGLE,si
_rea3d963a812648,SHAPE_SPHERE,si
_r4238c5a953379e,SHARPNESS,si
_r7e4dad7ae301d8,SHELLS,si
_r6c0408a4bba100,SHELL_BALANCE,si
_r78af3b0da9bcfd,SHINE_INTERVAL_MS,si
_r1e36d9e6b28c9a,SHINE_LENGTH_MS,si
_rc295289eb0c751,SHINY,si
_r3be1378e4cc397,SHOES,si
_raee1871ea69551,SHOP_DATA_UPDATED,si
_r45d5dbd527f929,SHORE_SPRITE_TAG,si
_rbaf390b02e7215,SHORT_LOB_HEIGHT_SCALING_FACTOR,si
_r0aef07edffd4e8,SHORT_LOB_MAX_RANGE,si
_rf9a9339ea0dc99,SHOW,si
_r9d3debaf38f0ee,SHOW_BUY_MORE_MUSIC_DISK_COUNT,si
_r6da95ab9fe329d,SHOW_CLOTHING_EDITOR,si
_r3a1a279daaa96c,SHOW_ERROR_STACKTRACE,si
_r350a8b95196dcc,SHOW_ERROR_WARNING,si
_rc0724a30e67e4e,SHOW_ERROR_WARNING_INCLUDE_NONCRITICAL,si
_r4c96dd604c4a5b,SHOW_FRIEND_REQUEST,si
_r76c68151f6316b,SHOW_FUTURE_INACTIVE_ENTITIES_COUNT,si
_r069deb8ab720d4,SHOW_GENDER_SELECTION,si
_rc84dd343f902be,SHOW_NOTIFICATION_FOR_ERROR,si
_ra9a3217cf6a04a,SHOW_OWN_ROOMS,si
_r38407db64e946a,SHOW_PLACEHOLDER,si
_raba6508cee42b6,SHOW_PLAYLIST_EDITOR,si
_rfa21656170f270,SHOW_VIDEO_FUNCTION,si
_r0833794d32be52,SHOW_WARNING_TEXT,si
_rc3fa3ab1c5cef1,SHOW_WIDGET_IN_STATE,si
_r5443836e5e635c,SIDES,si
_r9523c7923dfd68,SIDE_BOTTOM,si
_rb98a7831b819d7,SIDE_LEFT,si
_r9cde81643c305c,SIDE_MARGIN,si
_r01f5d5e7287fb0,SIDE_NAMES,si
_r97efb672578619,SIDE_RIGHT,si
_rf6bc0c53aed4b9,SIDE_TOP,si
_rebc96b819f6524,SIGN,si
_rf990055ba1aa42,SIGN_ACTION_CODE,si
_r9ee377f5fde0ac,SILENCE_MS,si
_r35218edaa570ee,SILVER_BALANCE,si
_r35a87168624859,SIMPLE_ITEM_TAG,si
_rf44e038c852131,SIMPLE_PRICE,si
_r37a5890ff2b0fc,SINGLE_DIGIT_FRAME_WIDTH,si
_r8b398612d99bfe,SINGLE_DIGIT_NUMBER_X,si
_rd122e4a2b27443,SINGLE_HEART_ANIMATION_MS,si
_rab9b4809b336cb,SINGLE_LINE_HEIGHT,si
_r927a3d3e8ed825,SINGLE_VIEW,si
_r21e66c94729dbe,SITE_URL,si
_r2ae9131dc742fa,SITTING,si
_rf50c685119d39b,SKILL_LIST,si
_r93013de8e1495e,SKIP_EXTERNAL_LOCALIZATIONS,si
_r8d7b539b658672,SKIP_EXTERNAL_VARIABLES,si
_r2d04bdb54466de,SKIP_LOCALIZATIONS,si
_r0e0e91b815ee02,SKIP_SCROLL_RESIZE,si
_r8857d249ad4ff9,SLEEP,si
_r1748e7635c8a11,SLIDER_BUTTON_WIDTH,si
_r6769e69ad4a62d,SLIDER_LIVE_UPDATE_INTERVAL_MS,si
_rdfef5a2c179fac,SLIDER_RANGE,si
_r17bb612917eb7a,SLIDE_ANIMATION,si
_rf817b85836772a,SLIDE_ANIMATION_LENGTH,si
_r6b6b187d7e2be5,SLOTS_PER_COL,si
_r6567106dd57556,SLOT_BUILDER,si
_r5fdb8baa7c7b6e,SLOT_CAMERA,si
_rd8a6661628d32b,SLOT_CITIZENSHIP_PROMO,si
_r798a9dfef7e9a9,SLOT_CLUB,si
_rfdce8dac590415,SLOT_CLUB_PROMO,si
_rf73dc3904515b9,SLOT_CREDITS,si
_rf24fa2979fb730,SLOT_EMPTY_COLOR,si
_r1ffc87ca978c8e,SLOT_ENGAGEMENT_CURRENCY,si
_rad4e7e63912b1d,SLOT_FILLED_COLOR,si
_ra91cce4a253ec7,SLOT_FILLED_HOVER_COLOR,si
_ra5375bffbd2eff,SLOT_OFFERS,si
_r4d5f86e6746021,SLOT_PHONE_NUMBER,si
_rfdcaf9fe27e45e,SLOT_ROOMTOOLS,si
_r93f2088aee71df,SLOT_SEASONAL_CURRENCY,si
_ra23a9e1815c81c,SLOT_SETTINGS,si
_redcc3407aeafad,SLOT_SIZE,si
_r8c7cc9448e4d45,SLOT_SPACING,si
_r2ce2081eb24f87,SLOT_TARGETED_OFFER,si
_r8fedcf7056aa59,SLOW_ALPHA_TWEEN_TIME_DOUBLE,si
_r29555c657999f2,SMALL,si
_r390d8aad55dcde,SMALL_PUNCTUATION,si
_rce1b26e4ff01e5,SMALL_RADIUS,si
_r0416fcf316bea9,SMILE,si
_rb3fbd482da5171,SNOWBALL,si
_re556994d80cf38,SNOWBALL_ASSET_NAME,si
_re9feb16919c13e,SNOWBALL_CREATE_TIME,si
_r7590577062a83a,SNOWBALL_SHADOW_ASSET_NAME,si
_r2d99e7fb5239ae,SNOWSTORMHORIZONTAL,si
_rafeb189b9c2941,SNOWWAR,si
_r960021fa388271,SNOW_SPLASH,si
_r6066075aafde69,SOCIAL,si
_r89de8ca63c131f,SOLD_LIMITED_ITEMS,si
_r96a750b7e879a1,SOL_ID,si
_r49e066785b92f6,SOL_PROPERTY_APP_RATER_STATUS,si
_rc97275c238a04a,SOL_PROPERTY_APP_RATER_TIMESTAMP,si
_r1bd97377d1f87b,SOL_PROPERTY_CHARACTER_ID,si
_r64dfeee152b768,SOL_PROPERTY_CHARACTER_UNIQUE_ID,si
_r926a23eea2b85c,SOL_PROPERTY_ENVIRONMENT,si
_r580c14f65b834c,SOL_PROPERTY_LOGIN_METHOD,si
_r070184372d5cf0,SOL_PROPERTY_LOGIN_NAME,si
_r7d7a91e6772cef,SOL_PROPERTY_MACHINE_ID,si
_r53cd3c5c37ed70,SOL_PROPERTY_PASSWORD,si
_rb8733403a7ca11,SOL_PROPERTY_REMEMBER_LOGIN,si
_r2d42aae8c888a0,SONGDISK_VIEW,si
_r4bb9e80c4b3907,SONG_DATA_RECEIVED,si
_r7e51cc4db0f477,SONG_DISK_INVENTORY_RECEIVED,si
_r566d4d0578cfa8,SONG_DISK_INVENTORY_UPDATED,si
_r77f9e3181e23f3,SONG_DISK_PRODUCT_VIEW,si
_rd3372f9921506e,SONG_PLAYING_CHANGED,si
_r0e3956d8396180,SOUND_CALL_FOR_HELP,si
_r7ff02d2352c5f2,SOUND_CREDIT_BALANCE,si
_r1fd343dda0a023,SOUND_DUCKET_BALANCE,si
_r79a13fd320ac0c,SOUND_GUIDE_INVITATION,si
_rfbb7bb019dcddb,SOUND_GUIDE_REQUEST,si
_r0898edf405d078,SOUND_MACHINE,si
_r3bdc20c0809aac,SOUND_MACHINE_DISPOSE,si
_r5d1cfd32e596de,SOUND_MACHINE_INIT,si
_rabccbed24b599d,SOUND_MACHINE_START,si
_r98f992da034e51,SOUND_MACHINE_STOP,si
_r442604bb628104,SOUND_MACHINE_SWITCHED_OFF,si
_r03fff36fc11a3a,SOUND_MACHINE_SWITCHED_ON,si
_r41c60267ea21e6,SOUND_MESSAGE_RECEIVED,si
_r4f3ad33d783d19,SOUND_MESSAGE_SENT,si
_r4024b6a7fe2b69,SOUND_RESPECT,si
_r20c0b0a67e502c,SOUND_SET,si
_r818ef3504afae3,SOUND_SETTINGS_VIEW,si
_r0a2ce7fbfe0dc3,SPACER,si
_r485774512d44b9,SPACES_NEW,si
_rc52558644b15e1,SPACING,si
_r5f937b46c64bfe,SPAMWALL_POSTIT_WIDGET,si
_rd06aca36a112af,SPECIAL_INFO,si
_r8a65dfbd896cc3,SPECIAL_SYSTEM_TYPE_EXPRESSION_67,si
_r861cd406a2c477,SPECTATOR_QUEUE_STATUS,si
_r66ee56de841028,SPIDER,si
_r7ccf0259ebcbb9,SPINNER,si
_ra1226ae613ebfb,SPIN_BUTTONDOWN_HOLD_VALUE_STEP_DELAY_MS,si
_red77cdb3d872f5,SPIRAL,si
_racfdca04b0c5df,SPLASH_LIFE_SPAN_TIME,si
_recd01c102fcbc1,SPLITTER_WIDTH,si
_rdc689c202f0f7f,SPRINGBACK_DURATION_MS,si
_r7d090662c1ea68,SSO_TOKEN,si
_r3b9c61a2c5310d,STACKED_HEALTH_POINTS,si
_raa05b999ab136a,STACKED_HEALTH_POINTS_ID,si
_r88bb9315e5da3e,STACK_SPACING,si
_r7e517de64632f6,STARDUST_WALLET_DISPLAY_NAME,si
_r98e02287e7d000,STARTING_TAB_POSITION,si
_reb147b9447024e,START_LOAD,si
_rfdf34e51adb302,START_NAME_CHANGE,si
_r3dcf23399abbd8,START_PLAYBACK,si
_r7b06486b72114f,START_TRADING,si
_r06fadc02d3c2bb,STAR_LEVELS,si
_r2a20c9d481888e,STATE,si
_rdec0c16a6f0f5e,STATES_MATCH,si
_r2abb5f29054e85,STATE_ACCEPTED,si
_r9b4b0c01b0bd28,STATE_ACTIVE,si
_r580a50ef965539,STATE_ADDING_ITEMS,si
_r20a81d9f3f223b,STATE_AFTER_SKI,si
_r96e78e22f791da,STATE_ALLTIME,si
_r8d021772996933,STATE_AWAITING_VARIABLES,si
_r1056058a6dba65,STATE_AWAIT_TARGET_RECT,si
_r75bb6b2c94837f,STATE_CHANGE,si
_r103e943c255e70,STATE_CHANGED,si
_r9ab2fb4648f748,STATE_COMPLETE,si
_r4ab7f4110c27bb,STATE_CONFIRMED,si
_rf4790f3e972b2b,STATE_CONFIRMING,si
_rf81a4a1db1a688,STATE_CONTENT,si
_r2475659b86cb8f,STATE_CONTROL_MODE,si
_ra7836d47986b40,STATE_COUNTDOWN,si
_rb93b7075a82c79,STATE_CRAFTING_RESULT_OK,si
_rf75dbf938f08e2,STATE_DECLINED,si
_rd296f47ab122e4,STATE_DEFAULT_KEY,si
_rc9e45ef4f7f6f6,STATE_DELAY,si
_r20e75705529676,STATE_DISABLED,si
_r6f7b5b4b16d2f5,STATE_DISPLAY,si
_rc614bdc1631010,STATE_DISPLAYING,si
_re6d5a8d4742144,STATE_DOWNLOADING,si
_r0e5351009b810d,STATE_EMPTY,si
_r6e0ea516ef5ae5,STATE_ENABLED,si
_rb018dda429198a,STATE_ENERGY,si
_r252e335a790393,STATE_EXPERIENCE,si
_rf9811f40c39711,STATE_FADE_IN,si
_r7d976150b2f9fc,STATE_FADE_OUT,si
_rdeb17682773542,STATE_FAILED,si
_ra40c0f888ee4c8,STATE_FETCHING_HOLDING_VARIABLES,si
_ra5650ccbce4fbc,STATE_FLOAT,si
_rde86144ee66280,STATE_FRAME_A,si
_ra94244c9050c5b,STATE_FRAME_B,si
_r4473bc309b0274,STATE_FRIENDS_ALLTIME,si
_rf1143d3aea2a82,STATE_FRIENDS_WEEKLY,si
_r29666871eafae2,STATE_GAME_OVER,si
_r78898e15819e6d,STATE_GAME_STARTING,si
_r5edac2230befcb,STATE_GROUP_ALLTIME,si
_r52013c4741c49f,STATE_GROUP_WEEKLY,si
_ra8d7318545a9b1,STATE_GROWTH,si
_r1fdcb208a385b4,STATE_HAPPINESS,si
_rc4b09d5d2b6311,STATE_HILITE,si
_r2f925e3fcaa03d,STATE_HOLE,si
_r440e2f0ffd243b,STATE_IDLE,si
_r40cbd5d4d3010e,STATE_IMAGE_LOADED,si
_r6eadb94a7f116e,STATE_INITIALIZING,si
_rf30c2de2f06d26,STATE_LOADING,si
_r02a157310d2c0d,STATE_LOADING_IMAGE,si
_rb2e108dd2a024f,STATE_LOBBY,si
_ra8a3cf4271b555,STATE_LOCKED,si
_rc9c61b6e47178b,STATE_LOCKED_AVAILABLE,si
_r379e33dd4beeba,STATE_LOCKED_EXPIRED,si
_r4f44351c5b4f02,STATE_LOCKED_FUTURE,si
_rdab40ed0c3960d,STATE_NORMAL,si
_r63f2cc4f375b2c,STATE_NOTHING,si
_r4fc700139a496b,STATE_OPEN,si
_r5d710a10676dd8,STATE_OVER,si
_rf2c038789187c8,STATE_READY,si
_r4692d7267baa71,STATE_REDEEM,si
_r1da9346d394c6e,STATE_REJOIN_GAME,si
_r8e79a2b2bce7f9,STATE_RENDERING_FAILED,si
_r52c0db84fe5f9d,STATE_REQUESTED,si
_r3b569a3e4bfb54,STATE_RESOLUTION_FAILED,si
_r480c8d3142ee78,STATE_RESOLUTION_IN_PROGRESS,si
_ra93b5fccff7064,STATE_RESOLUTION_NOT_STARTED,si
_rc6fc03e0375e42,STATE_RESULT,si
_r3c3a4248665053,STATE_REWARDED,si
_r25efdebed80c24,STATE_RUNNING,si
_re6f7c5873c9f5e,STATE_SHOW_TILE_HEIGHT,si
_r66b78a49449fd4,STATE_SKILL,si
_r781a929909ebbc,STATE_STAGE_ENDING,si
_raeb5ef0641c978,STATE_STAGE_LOADING,si
_r9ff05aa99c6f75,STATE_STAGE_RUNNING,si
_ra80cd0545af218,STATE_START_DELAY,si
_rbad5ea0c2da2b9,STATE_UNINITIALIZED,si
_r52e094bfefd5ee,STATE_UNLOCKED,si
_r103b347dd9280f,STATE_WAITING_COMPETITION_SUBMIT_TO_COMPLETE,si
_rd1a5043e85f662,STATE_WAITING_PUBLISH_TO_COMPLETE,si
_rfa0a2af0f82c1a,STATE_WAITING_PURCHASE_TO_COMPLETE,si
_r58d71c088eda2b,STATE_WEEKLY,si
_r68e0ab206b78e3,STATE_WELLBEING,si
_r5ed6ddabdef338,STATE_WORKING,si
_r8ef81194e88327,STATIC_ANIMATED,si
_rd13643ee6eea79,STATUS_AWAIT_DIFFS,si
_rc8dbb2f606d4f2,STATUS_AWAIT_HASH,si
_r593c62794c6946,STATUS_BAR_BG_COLOR,si
_re19f68d16a2742,STATUS_BAR_BORDER_COLOR,si
_r8913969efe49e8,STATUS_BAR_CATEGORY_ID,si
_rf0c9a72e7ff1e0,STATUS_BAR_EXPERIENCE_CONTENT_COLOR,si
_r20105ebe9e33f2,STATUS_BAR_EXPERIENCE_HIGHLIGHT_COLOR,si
_r3b3096e00cc94e,STATUS_BAR_HAPPINESS_CONTENT_COLOR,si
_r04b66b3db8f51c,STATUS_BAR_HAPPINESS_HIGHLIGHT_COLOR,si
_r120cd7c682f60a,STATUS_BAR_HIGHLIGHT_HEIGHT,si
_r60af17ebb393cc,STATUS_BAR_SKILL_CONTENT_COLOR,si
_r12df3770902db8,STATUS_BAR_SKILL_HIGHLIGHT_COLOR,si
_rf9eaca4cbdedab,STATUS_BAR_WIDTH,si
_r00ba70de362125,STATUS_CLOSED,si
_r7e4cd0477006ce,STATUS_ICON_PREFIX,si
_r56218a24ca8294,STATUS_IDLE,si
_rfa15f8eca2f391,STATUS_KEY_PREFIX,si
_r0a8afc1ebf746e,STATUS_LIST_AVAILABLE,si
_rc901f558a12740,STATUS_OFF,si
_rb702a16edad113,STATUS_OPEN,si
_r7a6fb1f706152b,STATUS_OPENING,si
_r698724a2a61e87,STATUS_READY,si
_r64da53e84900b7,STATUS_REJECTED,si
_re6d30846e1e157,STATUS_SEARCHING,si
_r031b074022eb57,STATUS_WAITING_FOR_SERVER,si
_rd6a171dcd9ad94,STAY,si
_red11cae9196ed4,STEP_DURATION_MAX,si
_r4ee81eecfca15b,STEP_DURATION_MIN,si
_r1f0e4909f754ee,STEP_SIZE_E,si
_r4a44f44ba11d07,STEP_SIZE_MAX,si
_r4c5f3d88efc47e,STEP_TITLE_CREDIT_Y_OFFSET_ACTIVE,si
_rdf44a1528e3180,STEP_TITLE_CREDIT_Y_OFFSET_INACTIVE,si
_r488ada064d31d3,STEP_TITLE_Y_OFFSET_INACTIVE,si
_r5d78bdd17443fe,STICKIE,si
_r1d9ef0f9cd86fd,STOP_SORTING_FRIENDLIST,si
_r6cbd3f3165932e,STORE_ALL_SETTINGS,si
_r4e2c671dc31f6c,STORE_SOUND_SETTING,si
_r35df7037dfc645,STRAIGHT_CUT,si
_rb3920f61c7d77e,STRETCHED_X,si
_r9903dc6832dffa,STRETCHED_Y,si
_rc21dc1f8bf202b,STRIKETHROUGH_LEFT_MARGIN,si
_r3dce15340be71d,STRIKETHROUGH_RIGHT_MARGIN,si
_r24b0dd0146caab,STRING_PARAM_DELIMITER,si
_r3012e1fc02d4c2,STRING_PARAM_SPLITTER,si
_r3237db8d6f064f,STRIPED_PROGRESS,si
_r5168534e126c61,STRIPED_PROGRESS_ID,si
_r687be1397b6e5d,STRIPE_PERIOD_PX,si
_r9632d1264809d5,STRIPE_STEP_MS,si
_r6302b5619277c7,STRIPE_VALUE_SCALE,si
_r8fa60824eaa6da,STRIP_LOCKED_FOR_TRADING,si
_rda0c134356d38e,STROKE_COLOR,si
_rcb13050713b971,STROKE_HSV_SHADE,si
_rf952c228f0b9d8,STROKE_THICKNESS,si
_re36d8767121fbe,STRUCTURE_DONE,si
_rd62d2ff1607bc2,STUFF_DATA_KEY_CLICKURL,si
_r4973ce89f32076,STUFF_DATA_KEY_IMAGEURL,si
_rd09601e1184dad,STUFF_DATA_KEY_OFFSET_X,si
_rf274cab6ac6dc5,STUFF_DATA_KEY_OFFSET_Y,si
_r133e37085d6170,STUFF_DATA_KEY_OFFSET_Z,si
_rb7a2045cdb7c47,STUFF_DATA_KEY_STATE,si
_r8808f87545651c,STUFF_TYPE_MATCHES,si
_r96f9e877494ca6,STUN_TIME,si
_rc279d3d60ff415,STYLE_HITCH,si
_r87e2b1409495cb,STYLE_ILLUMINA,si
_r7063e31ddf1f93,STYLE_LIFTED_HOVER,si
_r58e7ab29f3b41c,SUBJECT_MAX_LENGTH,si
_r6d9e322f358266,SUBMITCOMPETITIONROOM,si
_r20475728dba12b,SUB_WINDOW_MAX_DESKTOP_PADDING,si
_r95b007fca62aaa,SUMMARY_CONTAINER,si
_r8f14a8ba75c113,SUPER_USER,si
_r12cde09bf7c90a,SUPPLY_REFRESH_PERIOD_MS,si
_re7487faaec3b30,SWIM,si
_ree0c22a55559b6,SYMBOL_ACCEPT,si
_rd3e3d1484c194c,SYMBOL_DECLINE,si
_r7b1fc9115c9d22,SYSTEM_TEMPO,si
_re7849dcf2b74be,ScrollBarLiftController,si
_r550b0c93cc83ec,SearchContext,si
_r90fec0879a08c6,SearchView,si
_ra406c9f3e88c47,SharedGlobalPlaceholderList,si
_r77f0d2e2f5ccd7,SharedVariableList,si
_r7028e5299846d4,SimpleAlertView,si
_rdad6c2906e7625,SoundTransform,si
_rf315ccdf43a5c1,Sprite,si
_rf325806e397d82,TAB_ACCESS_RIGHTS,si
_r0b22037627047c,TAB_BACKGROUND_COLOUR,si
_r8fbebe6c9c1138,TAB_BOY_ID,si
_r205c69156b84a6,TAB_CHESTS_ID,si
_r3620f3ed748620,TAB_CLUB_AND_CHAT,si
_r7acdd0719a8f9e,TAB_COLLECTIONS,si
_r6ec8f6f002613e,TAB_COLLECTOR_PROFILE,si
_r6f7650b3004a99,TAB_GIRL_ID,si
_r6c070d27093fce,TAB_INFO,si
_rf5efce34cb2d7e,TAB_INFO_ID,si
_r6bec8b91bea8d0,TAB_INSPECTION_ID,si
_r5c52dc66597d47,TAB_LEVELS,si
_r29896d35949e8f,TAB_MINT,si
_rf0935baffaf697,TAB_MODERATION,si
_rd702297e1d49ea,TAB_MONITOR_ID,si
_r523a55c7738d62,TAB_OVERVIEW_ID,si
_r2a3eaca5526d31,TAB_ROOM_RIGHTS,si
_r9deb2015ef5942,TAB_SETTINGS_ID,si
_r3865032f4b4f47,TAB_SHOP,si
_rf585b218b50c53,TAB_TRANSFER,si
_r3aeddcab53f00d,TAB_WIDTH,si
_rd6f606af754e49,TAGS,si
_rfed12fec9a8bcb,TAG_CLOSE,si
_rf17ab263044dad,TAG_COLOR,si
_rb6327dc67d56a0,TAG_COLORIZE,si
_r3b3c2ac0519282,TAG_COLOR_HOVER,si
_r402ba2b54c4964,TAG_CONTENT_ELEMENT,si
_r44ad6bf7cc1d7a,TAG_CONTROLS_ELEMENT,si
_r3125df5db6b8bb,TAG_EXCLUDE,si
_r08e597934dec21,TAG_HEADER_ELEMENT,si
_r8568969af3ebd8,TAG_IGNORE_INHERITED_STYLE,si
_rbec042daa3774c,TAG_INTERNAL,si
_r787fffe8777bff,TAG_OPEN,si
_rc8a360d2fc4fa6,TAG_POINTER_DOWN_ELEMENT,si
_r0da774f8c0b4c9,TAG_POINTER_LEFT_ELEMENT,si
_rcb754d46850c24,TAG_POINTER_RIGHT_ELEMENT,si
_r8613faa83c30eb,TAG_POINTER_UP_ELEMENT,si
_r24df71b51bcd0d,TAG_SCALER_ELEMENT,si
_r0801962e38a19a,TAG_TAB_CONTEXT_CONTENT,si
_r4b575fb0b31f9b,TAG_TAB_CONTEXT_SELECTOR,si
_rb553469cac9184,TAG_TITLE_ELEMENT,si
_r5f466d33a3d6d6,TAKE_RIGHTS,si
_r18f83a5edbf23c,TALENT_PROMO_EXTENSION_ID,si
_r1d7f314066a123,TALK,si
_r7e1a0fff14858d,TARGETED_OFFER,si
_rd321010fa51a12,TARGETED_OFFER_OPEN_CREDITS_PAGE_CLICKED,si
_rfceed097a18d78,TARGETED_OFFER_WEB_SHOP_INCLIENT_OFFER_CLICKED,si
_rb19b8835267e08,TARGETED_OFFER_WEB_SHOP_INCLIENT_OFFER_REJECTED,si
_rbafba878358a71,TARGET_ALTITUDE_CUSTOM,si
_re8e2b344b9b4e3,TEAM_COLORS,si
_r6488c7323a0a0b,TEAM_HAS_SCORE,si
_r4eb4db82c7ef35,TEAM_IS_WINNING,si
_r3ae85fa2a70adc,TEASER,si
_r492cd7ea1151d6,TEASER_IMAGE_MIME_TYPE,si
_r8fab440a01e54b,TELEPORT_TO_ROOM,si
_r05c2747089dfe1,TENS_SPRITE_TAG,si
_r1a65c75eeed050,TEN_MINUTES_SPRITE_TAG,si
_r1a674d490076f3,TEN_SECONDS_SPRITE_TAG,si
_rfa14799c46933a,TERRIER,si
_r42f914fa57d2a4,TEXT_FIELD_NAME,si
_race25ecb7f0a93,TEXT_FORMAT,si
_r8d73cd765b8f1a,TEXT_FORMAT_TIMESTAMP,si
_rb03177448ebbd3,TEXT_HEIGHT_SPACING,si
_r1a3928fec751da,TEXT_HTML,si
_r451f18cb6a1039,TEXT_TITLE,si
_r52cc5275d8953e,TEXT_WIDTH_MARGIN,si
_rb0d275cfd9a806,THERMOMETER_HEALTH_POINTS,si
_rd4e31ac5d5fae8,THERMOMETER_HEALTH_POINTS_ID,si
_rcab9234ec3efdc,THICKNESS,si
_rbef560f81286cb,THIRDPARTY_FRIEND_OFFLINE,si
_rfe50a230a1753f,THIRDPARTY_FRIEND_ONLINE,si
_ra74c4db80da6c6,THIRD_PLACE_RANK_BORDER_COLOR,si
_r27574b4b2bb6d6,THOUSANDS_SPRITE_TAG,si
_r9f0793b6ec5fac,THRESHOLD,si
_rfb1968ea113c12,THRESHOLD_FURNI_1,si
_ra99879e377315c,THRESHOLD_FURNI_2,si
_r289baf3dd5ab0a,THRESHOLD_USAGE_1,si
_rf0f3159c7d50bf,THRESHOLD_USAGE_2,si
_r9c1087792dcc46,THRESHOLD_VARS_1,si
_rb49b9e8783e5e9,THRESHOLD_VARS_2,si
_r3b38f601443543,THROW_VELOCITY,si
_r2361ce8007d163,THUMBNAIL_SPRITE_TAG,si
_r34c896e0bb31ac,THUMBNAIL_URL_KEY,si
_r682dc407bd91f8,THUMB_BLEND_ITEMS_AVAILABLE,si
_rf4aeb8c5c2eeee,THUMB_BLEND_ITEMS_NOT_AVAILABLE,si
_rc59d611b389e17,THUMB_COLOR_NORMAL,si
_r0a58722b706897,THUMB_COLOR_UNSEEN,si
_r5e9b6f16eef6bd,THUMB_SCALE,si
_r07236a297972ea,THUMB_SIZE,si
_re8e3ee6480f496,THUMB_WINDOW_LAYOUT,si
_r05aee1e91147c4,TILES_PER_CONTAINER,si
_rb60344c5aa54c7,TILE_CURSOR_HEIGHT,si
_r4abf016b9bc6fb,TILE_CURSOR_STATE_TEAM_1,si
_racd4a0e1e8e145,TILE_CURSOR_STATE_TEAM_2,si
_re958df57ebac5b,TILE_CURSOR_STATE_TEAM_3,si
_r1a4537a07b9363,TILE_CURSOR_STATE_TEAM_4,si
_r001debaabf3917,TILE_WIDTH,si
_rca9a01ac692e1e,TIMER_INTERVAL,si
_rd4b38283e3d56e,TIMESTAMP_FIXED_WIDTH,si
_r52d3738b2c4a7a,TIME_ELAPSED_LESS,si
_r1529dcacc38eeb,TIME_ELAPSED_MORE,si
_r1f9459f3d7cd0f,TIME_MATCHES,si
_r92a3b10a7fcf96,TITLE_ORANGE,si
_rf9619baed843e8,TOGGLE_BUTTON_CALLBACK,si
_r18cc6d89deb8a3,TOGGLE_FURNI_STATE,si
_r4394b93b3b6674,TOGGLE_PET_BREEDING_PERMISSION,si
_ra32d401c96531b,TOGGLE_PET_RIDING_PERMISSION,si
_r98146925e56dbe,TOGGLE_PLAY_PAUSE,si
_ra248aeb808c2c8,TOGGLE_TO_RANDOM_STATE,si
_r95200e1c424f24,TOGGLE_WINDOW_RESOURCE,si
_r16bb0fbf0ee5a3,TOKEN_INPUT,si
_r18f932eeaa1801,TOKEN_KEY,si
_ra1ef35d15322e1,TOKEN_MISMATCH,si
_ra3238f8c2d58a2,TOKEN_SENT,si
_r2b45fcf695d495,TOOL,si
_r1e9461c5280c2e,TOOLBAR_CLICK,si
_r680e7a1284e65e,TOOLBAR_EXPAND_TARGET_X,si
_r99d229c617bc85,TOOLBAR_EXTENSION_EXTRA_MARGIN_CHAT_HISTORY,si
_r5b5df493404567,TOOLBAR_EXTENSION_EXTRA_MARGIN_LANDING_VIEW,si
_r1b00cb2f98e307,TOOLBAR_EXTENSION_ID,si
_rbc4aaebb55f602,TOOLBAR_EXTENSION_ID_PREFIX,si
_r76a7005788cc2c,TOOLBAR_EXTRA_H,si
_racdc4f1943c97a,TOOLBAR_MARGIN,si
_rf427dee9408f99,TOOLBAR_STATE_COLLAPSED,si
_r5104259dc73c3e,TOOLBAR_STATE_GAME_CENTER_VIEW,si
_r1e160828720e9f,TOOLBAR_STATE_HIDDEN,si
_rc163d6d95c6f63,TOOLBAR_STATE_HOTEL_VIEW,si
_ra7dd7b3cb05319,TOOLBAR_STATE_NOOB_HOME,si
_rc1f9f54c8cd596,TOOLBAR_STATE_NOOB_NOT_HOME,si
_rfd75f4c891ec33,TOOLBAR_STATE_ROOM_VIEW,si
_r88658304e14a29,TOOLBAR_X,si
_r3588b7a8e5e99e,TOOLS,si
_rbe83d8c894b5dc,TOOLTIP_HIDE,si
_re4f2d582c05d6a,TOOLTIP_SHOW,si
_rd1b59bb35856c1,TOOL_TIP_CAPTION,si
_re3eaacdc894fb5,TOOL_TIP_DELAY,si
_rbf0ff8ee4151cd,TOOL_TIP_IS_DYNAMIC,si
_r6be74a4288c867,TOP,si
_r7f433bfada576d,TOPICS_WITHOUT_IGNORE_AND_UNFRIEND,si
_re0263a94142390,TOPIC_CONTAINER,si
_r8e768d59714a8a,TOPIC_ID_NOT_SELECTED,si
_r9a74c4821dfbe6,TOPIC_NAME_BAD_USER_NAME,si
_ra78355e9694149,TOPIC_NAME_BULLYING,si
_rfd80c3653005d9,TOP_BAR_HEIGHT,si
_r9b259f30b4b222,TOP_CENTER,si
_rf6aacb2f7bbd1c,TOP_LEFT,si
_rc41810781f9740,TOP_MARGIN_HEIGHT,si
_rd58a6677b57e9d,TOP_RIGHT,si
_r3ad05012be292b,TORSO,si
_rb2a093873d80aa,TOTAL_BADGES,si
_rfef10e4c8b25b2,TOTAL_DURATION_E,si
_r35afd785c59c25,TOTAL_PRICE,si
_ra3e0e6ec9d6fe4,TOTAL_PROGRESS_BAR_WIDTH,si
_rb3c1b740fb0f48,TRACKER_ANIMATION_STATUS_CLOSE_WAIT,si
_rd06fdabb154df7,TRACKER_ANIMATION_STATUS_COMPLETED_ANIMATION,si
_ref41ee6adc4765,TRACKER_ANIMATION_STATUS_SLIDE_IN,si
_r0cdfb7b70dd6a7,TRACKER_SLIDE_IN_SPEED,si
_r1ced7b95a17e9c,TRACKER_SLIDE_OUT_SPEED,si
_rb82d786ac23bbb,TRACKING_EVENT_ACTION_CHAT,si
_rc6e2efc9b8d0fa,TRACKING_EVENT_ACTION_FIND_FRIENDS,si
_r782127e675c796,TRACKING_EVENT_ACTION_PLAY_SNOWSTORM_BUTTON,si
_re764379e13ef63,TRACKING_EVENT_ACTION_PLAY_SNOWSTORM_TAB,si
_r001da370cd181f,TRACKING_EVENT_ACTION_VISIT,si
_rd8b2686d030e0b,TRACKING_EVENT_CATEGORY,si
_rca3c7c18e0c926,TRACKING_EVENT_TYPE,si
_r07bc899f54051b,TRADE_REASON_NO_TRADINGROOM,si
_r18e6a1c5cf51a0,TRADE_REASON_OK,si
_r5eeaea20878f3a,TRADE_REASON_SHUTDOWN,si
_r42441cbaaed663,TRADE_UI_SPACING,si
_r99c9b59b04e6ef,TRADING_LOCK,si
_raa0f3cbfa2f889,TRADING_STATE_CANCELLED,si
_r28497d8cc5f21c,TRADING_STATE_COMPLETED,si
_r57d7132a1a2118,TRADING_STATE_CONFIRMED,si
_r1d9c787e8edaf9,TRADING_STATE_CONFIRMING,si
_rc185c6c52eba34,TRADING_STATE_COUNTDOWN,si
_r3720b33d5a173f,TRADING_STATE_RUNNING,si
_rf59bf352f4fd29,TRAIN_PET,si
_r6162fc842f2bbe,TRAJECTORY_LONG_LOB,si
_r2c58ad7e745f39,TRAJECTORY_QUICK_THROW,si
_r5746c6c0616077,TRAJECTORY_SHORT_LOB,si
_r6cdef20394107f,TRANSACTIONS_FIRST_PAGE,si
_rc521c253984156,TRANSACTIONS_PREVIEW_AMOUNT,si
_r7ab68a12358b1e,TRANSACTION_COMPLETED,si
_r0dca6eed1467be,TRANSACTION_FAILED,si
_ra32d77d46391c9,TRANSITION_FROM_ANIMATION_OFFSET,si
_r613ede25e11256,TRANSITION_TO_ANIMATION_OFFSET,si
_rf6d7ad8b401677,TRAX_LOAD_COMPLETE,si
_r731e55df15315a,TRAX_LOAD_FAILED,si
_r132c6c71f2ac01,TRAX_PREVIEW,si
_r51f710cc8a6017,TRAX_SONG,si
_r03c1fbd77a8304,TRAX_SONG_COMPLETE,si
_r30a5f60c8dacee,TRAX_SONG_INFO_RECEIVED,si
_r2fff668f7e3aae,TRAY_HANDLE_INLET_LEFT,si
_re4dd92501f4d5e,TRAY_HANDLE_OFFSET_FROM_BOTTOM,si
_r06b41c40e2bcea,TRAY_TOOLBAR_BOTTOM_MARGIN,si
_r1bb40ea2cc9ca0,TREASURE_HUNT,si
_rb395db87e396e3,TREAT_PET,si
_r6d66d3aa565782,TRIANGLE_DOWN,si
_r697b4157e17c05,TRIANGLE_LEFT,si
_ra4df6d1caca690,TRIANGLE_RIGHT,si
_r7e7d6055094343,TRIANGLE_UP,si
_r03d0c414657507,TRIGGERER_IS_ON_FURNI,si
_rb1e96e2021d4b9,TRIGGERER_MATCHES,si
_ra4bc39cc635b47,TRIGGER_ONCE,si
_rb43c93d3c16704,TRIGGER_PERIODICALLY,si
_r4a365ae4b82a2e,TROPHY,si
_r09f1fbe36980b4,TROPHY_VIEW_TYPE,si
_r518fa9871ace4b,TRUE,si
_r6f139628adb824,TWINKLE_ANIMATION_OBJECT_COUNT,si
_rdd301d6f9ff983,TWINKLE_ANIMATION_START_TIME,si
_r1ff0bf2a7b2185,TYPE_ACCEPT,si
_red21be47f51d62,TYPE_BONUS_BADGE,si
_r72408aabe612ca,TYPE_BUNDLES_INFO_SCREEN,si
_r1a16fa91878aa9,TYPE_CLOTHES,si
_rf232812d34f84d,TYPE_COIN,si
_reff6fcfb55a79e,TYPE_COLLECTIBLES,si
_r50f22204f378d9,TYPE_COLORMATRIX,si
_r0fe1a02bec770a,TYPE_COSTUMEHOPPER,si
_r26d09ea5b6da9e,TYPE_CREATION_TIME,si
_r48ffb3d77a470a,TYPE_CREDIT_FURNI,si
_rcb71a352d16239,TYPE_DIMMERS,si
_rf6e6cf9e1c27f3,TYPE_FINISHED_GAME,si
_raa18d74fd0f817,TYPE_FLOORS,si
_r155a9788b56edd,TYPE_FRAME,si
_r0e06c21f9ac3b8,TYPE_FURNI,si
_r0e44b3416e33a1,TYPE_FURNI_VOLUME,si
_r1f739aca1d831b,TYPE_GIVE,si
_rc203422310443e,TYPE_INCOMPLETE_DATA,si
_r8b40c6db0e7240,TYPE_ISSUEHANDLER,si
_r63ce4a7d8af7ab,TYPE_LANDSCAPE,si
_r41de18b00193d2,TYPE_LARGE,si
_rdf3346f4043b03,TYPE_LAST_UPDATE_TIME,si
_rced94fba61fdf1,TYPE_LEGACY,si
_r748bbf37d8720b,TYPE_LTD,si
_re4380b71ed2038,TYPE_MESSENGER,si
_r13a9cdc50f7689,TYPE_NORMAL,si
_r0edee00b4e65e6,TYPE_PHOTO_POSTER,si
_r7d454ad0a14647,TYPE_PLAYING_GAME,si
_r331c35c0ebd8a5,TYPE_POSTER,si
_r3348bc639eab3b,TYPE_PROMO,si
_rb52c439ff1584c,TYPE_QUEST,si
_r34d34d03511c85,TYPE_RECEIVE,si
_r7e4e3c6ccf631f,TYPE_REQUEST,si
_r21c31b8d91ec5e,TYPE_RESET_MESSAGE,si
_r2a63fb66cfe18c,TYPE_RESPECT_VOTE_FAILED_NO_STAGE,si
_r7436a8c940f072,TYPE_ROOMINFO,si
_r9969727f1cfe35,TYPE_SELFIE,si
_r8542864353de02,TYPE_STICKIES,si
_r62aa89dc3819dd,TYPE_TRAX_VOLUME,si
_r992a10951c0cf4,TYPE_UI_VOLUME,si
_r9dc7798128cc42,TYPE_USERINFO,si
_r6e71b3d50844c6,TYPE_VIPHOPPER,si
_re96300bb472a2d,TYPE_WALLPAPER,si
_r50320cd9bff7f4,TYPE_WALLPAPERS,si
_rb6c404eb91ad05,TYPE_WINDOWS,si
_rfc6a1cf81fe667,TYPING,si
_r99c64acffe31f5,TYPING_STATUS,si
_r9e77b40bf6d299,TextFormat,si
_r764bd061001411,TimerEvent,si
_r90c9b27d35044a,UNACHIEVED_DIVIDER,si
_r63958006e78ed4,UNFREEZE_USER,si
_r10ed7afcc381a8,UNIGNORE_USER,si
_r91adebb335ffcf,UNIQUE_ID_COUNTER,si
_r0b8c805fdb831d,UNIQUE_SERIAL_NUMBER,si
_rb642e49f13d839,UNIT_KEY_PREFIX,si
_rc2efdd87b44ff3,UNLAWFUL_MESSAGE_CONTENT,si
_re1796705975ced,UNLAWFUL_REPORT_MESSAGE_TITLE,si
_r7a6e57404d2c38,UNREAD_MESSAGE_STATUS,si
_r5618ad87f723e4,UNSELECTED_ASSET,si
_rcf2c404d7e5ba8,UNSPECIFIED_TYPE,si
_rd9372c99bb9110,UPDATE_CONTENTS_IMAGE,si
_r8896c4a073d1f0,UPDATE_CONTENTS_LANDSCAPE,si
_rac26e14fa85096,UPDATE_CONTENTS_WALLPAPER,si
_r92436c64a9fe46,UPDATE_CREDIT_FURNI,si
_r67c7c7fbe104da,UPDATE_FREQUENCY,si
_r808056949c4932,UPDATE_INTERVAL,si
_rfc03e6595b2917,UPDATE_INTERVAL_MS,si
_rdd14e21d1bf3cf,UPDATE_MODE_SAVE_INTO_OTHER,si
_re8b9586c60be4b,UPDATE_PACKAGEINFO,si
_r0ba2b920fd1d63,UPDATE_STATE_AREA_HIDE,si
_rffba4378c7f909,UPDATE_STICKIE_DATA,si
_r99a03cd06f4f5a,UPDATE_TIMER,si
_rf583eacb021342,UPDATE_TIMER_MS,si
_r17b7f329db95c0,UPDATE_TROPHY_DATA,si
_r76c66007672286,UP_CENTER,si
_r5e3f0cf530a9c4,UP_OUTSIDE,si
_r2a891ed62eee7b,UP_RIGHT,si
_rf621f6d5d2d39b,URLLoader,si
_r7af7277eb27800,URLRequest,si
_r5f1ec69e0bddfe,URL_PREFIX,si
_r3d19383b896fe1,USABLE_UNUSED_TEXT_COLOR,si
_r4816824b14559a,USABLE_USED_TEXT_COLOR,si
_rb6695429b9e189,USELESS_REPORTS_TOPIC_ID,si
_r38d1e410c6dca1,USERCOUNT_ELEMENT_NAME,si
_r261a86c444a77f,USERNAME_PLACEHOLDER,si
_r8a526912072c00,USERS_BY_NAME,si
_r84a079da247fb0,USERS_BY_TYPE,si
_ra448ebef73cd3a,USERS_CONTAINER,si
_r07465806942461,USERS_FROM_SIGNAL,si
_r30b12677003c47,USERS_IN_AREA,si
_rc17f51719e1029,USERS_IN_GROUP,si
_r4cd5ea72525e98,USERS_IN_NEIGHBORHOOD,si
_r3b97a6d84fb24b,USERS_IN_TEAM,si
_rfdb3d683fa691d,USERS_ON_FURNI,si
_redb4d0cdb9c6b1,USERS_PERFORMING_ACTION,si
_re1cddcfbb06808,USERS_WITH_HANDITEM,si
_re87f340891f16e,USERS_WITH_VARIABLE,si
_r436fe0b68899ae,USER_ADDED,si
_rcd0e9a2c7fc07d,USER_BADGES,si
_rd634f7e554a27a,USER_BADGE_SELECTOR,si
_r452aab739e509f,USER_CHOOSER,si
_rd4a543a16783d8,USER_CHOOSER_CONTENT,si
_rf4b1d788c6f76b,USER_CLICKS_USER,si
_r1070fdabbd3847,USER_CONTAINER,si
_rae8686a2c0c15b,USER_COUNT_IN,si
_r646b57929070ad,USER_CREATE,si
_rf52f582b2d5f1c,USER_CREATED_TAB_ID,si
_r8ac1ffb96f1366,USER_DATA_UPDATED,si
_r5b29a9feb5d1ab,USER_DIRECTION,si
_rcf378be1187d5f,USER_FEEDBACK,si
_rfe4e3eee4990f0,USER_FIGURE,si
_rdc223d1a0ef215,USER_GUIDE_DISCONNECTED,si
_r7bef6f6ed43345,USER_LEVEL,si
_r281c003a01eb54,USER_LOCATION_UPDATE,si
_r8dcd63966e1035,USER_NOTIFICATION,si
_rf1fadb4c705ebe,USER_ONGOING,si
_r7403bad193b56e,USER_PENDING,si
_r35658b48607c59,USER_PLAY_SONG,si
_r73edf4b70b0ac7,USER_REMOVED,si
_r1e3f5d364b362a,USER_SELECTOR_FILTER,si
_rc0290751b8d1f7,USER_SOURCE,si
_r08401e99aa9eae,USER_STOP_SONG,si
_rbf94a2f0237df2,USER_THANKS,si
_r21747ed66ee744,USER_VARIABLE,si
_r65f50ee1572fdc,USER_VARIABLE_FILTER,si
_r7d0c954145211a,USER_VIEW,si
_r223fc7a8de629d,USE_DEFAULT_DIRECTION,si
_r241f08eebac9f4,USE_FAKE_DATA,si
_r47b6011ec717be,USE_HABBOWHEEL,si
_r7d6e6b055c085c,USE_OBJECT,si
_r4d92e7e154ddfc,USE_PRODUCT_FROM_INVENTORY,si
_r1aae0e6b00ad61,USE_PRODUCT_FROM_ROOM,si
_rbb931e36b47d2f,USE_SSO,si
_r070cee721177b4,USE_STUFF,si
_r332e4ae290802f,UbuntuWiredStyle,si
_r3513835ed58d79,VALUE_CHANGED,si
_r6cd7467d3056ff,VALUE_ELEMENT_NAME,si
_ra6c1205c587f16,VALUE_KEY_LIKE,si
_r80be611432e9a8,VAR,si
_ra44f755770ff5a,VARIABLES,si
_r4a1ad9ca70c500,VARIABLES_COLUMN_VALUE,si
_rcd4623368249ce,VARIABLES_COLUMN_VARIABLE,si
_r58a6a92e6e3f77,VARIABLES_WEB_API,si
_r7953ec6ed81141,VARIABLE_AGE,si
_r56ceb57cc31c88,VARIABLE_CAPTURER,si
_r208c44e7b3c1ae,VARIABLE_FX_ASSET_NAME,si
_rd6587c686f842f,VARIABLE_FX_BOSS_BAR,si
_rd3fd31efaf1a70,VARIABLE_FX_CHANGE_DECREASED,si
_r294e3995bd3e68,VARIABLE_FX_CHANGE_INCREASED,si
_r30947e069607d5,VARIABLE_FX_CHANGE_UNCHANGED,si
_r5444cdec1a05c6,VARIABLE_FX_HEALTH_POINTS,si
_r8927ac7e9dc362,VARIABLE_FX_LEVELLING_PROGRESS,si
_r3f57b822e9666e,VARIABLE_FX_NUMBER_DISPLAY,si
_r83393323a0356f,VARIABLE_FX_PROGRESS_BAR,si
_r8c63cec19e46e6,VARIABLE_FX_SPRITE_TAG,si
_r51f716be77d7e8,VARIABLE_FX_STACK_GAP,si
_r293ea71b2f7e9f,VARIABLE_FX_STATUSES,si
_r4c74c0bb84bce9,VARIABLE_FX_STATUS_BAR,si
_r72d548f4ffc82e,VARIABLE_LEVEL_UP,si
_rb01783cdfaf613,VARIABLE_PLACEHOLDER,si
_r2e3f92ee7a6a9e,VARIABLE_SYNTAX_MODE_NONE,si
_r0d2ee68190c77f,VARIABLE_SYNTAX_MODE_PRETTIFY,si
_r0c2ab8dfa8972d,VARIABLE_TEXT_CONVERTER,si
_rdd07580ced7cdf,VARIABLE_TIME_UTIL,si
_r7de00457ce4ca5,VARIABLE_UPDATE,si
_r2c98eb9a07b4fc,VARIABLE_VALUE,si
_r805f1a8e3eb76b,VELOCIRAPTOR,si
_r5209d6badce621,VELOCITY_BOUND_FUDGE,si
_re54f1616358b08,VERIFICATION_CODE,si
_rbd3c02bed46edf,VERIFIED,si
_r2b5f726fcb0d48,VERSION_TEXT_FIELD,si
_rff4c003676217b,VERTICAL,si
_rebd59592cea554,VERTICAL_SPACE,si
_rc0533108214d42,VERTICAL_SPACING,si
_rb4afa2d0a36eaa,VERY_RARE,si
_reb2aa07d3c8cc5,VIDEO_ID_KEY,si
_rcf6e6b5ba3b181,VIDEO_OFFERS,si
_rb7f53c2ff68dd2,VIEW_BADGE,si
_r1a1d50fb30b09d,VIEW_BOTTOM_DEFAULT,si
_r1f1e405024a0a9,VIEW_COLORS,si
_rd69ab051c07c7d,VIEW_CONFIRM,si
_rf2d25e3cbfdba3,VIEW_ELEMENT_TYPE_MINI_MAIL,si
_r3966359ebc259f,VIEW_NIKO_GOLD,si
_rcc79b49cce3267,VIEW_NIKO_SILVER,si
_r7c92836fe61380,VIMEO,si
_r7619dd9ccbea89,VIP_BUY,si
_r77ee7feacdac01,VIP_GIFT,si
_r679e18abc1aaca,VIP_ICON_GIGANTIC,si
_rdfc7885df251dd,VIP_ICON_SMALL,si
_r9ee513f500c60a,VIP_ICON_SQUARE,si
_r3072d7236f7e8f,VIP_ICON_SQUARE_BIG,si
_ra9674fb823c8a5,VIP_ICON_STYLE,si
_ree43941ac6586d,VIP_QUESTS,si
_r839da869134bf7,VISIBLE,si
_rea297e7d9fde1e,VISIBLE_SLOT_COUNT,si
_rb7e1fba7e640de,VISITOR_QUEUE_STATUS,si
_r826ed693115bc6,VISUALIZATION_OVERLAP_VERTICAL,si
_re916292fda3f52,VISUALS_KEY,si
_ra21659d336abef,VOLTER,si
_r7f007d5fd6a137,VariableInfoAndValue,si
_rcb4f5d07bca9d7,Vector3d,si
_r670f91146081f7,WALL_HEIGHT_LIMIT,si
_r3fea7d1d55103a,WALL_PAPER,si
_rb97bfd5689b694,WALL_THICKNESS,si
_rebf38a92f6c991,WARDROBE,si
_r65a029d57a12c2,WHEEL_HORIZONTAL,si
_rf5279025d50acd,WHISPER_USER,si
_ra53f60aad7b7bf,WIDERECT_WIDTH,si
_rbed3e363f41b7a,WIDGETCONTAINER,si
_r378ebd2c0482f1,WIDGET_COLORABLE_TEXTELEMENT_TAG,si
_rf3d9e02cfcaaff,WIDGET_MESSAGE_CHANGE_POSTURE,si
_r9a558ab11abedc,WIDGET_MESSAGE_CHAT,si
_r4d575d8fe5d2be,WIDGET_MESSAGE_GET_BADGE_DETAILS,si
_r5cc3120a792098,WIDGET_MESSAGE_GET_BADGE_IMAGE,si
_r47bb0af31e676b,WIDGET_MESSAGE_GET_WARDROBE,si
_r0884be75642cb6,WIDGET_MESSAGE_NAVIGATE_HOME,si
_r7526cdcefb12bb,WIDGET_MESSAGE_NAVIGATE_TO_ROOM,si
_r7e888701a0bde8,WIDGET_MESSAGE_OPEN_PET_PACKAGE,si
_rb726fe69125d95,WIDGET_MESSAGE_REQUEST_ACHIEVEMENT_RESOLUTION_ENGRAVING,si
_r4a79db77c15f74,WIDGET_MESSAGE_REQUEST_BADGE_DISPLAY_ENGRAVING,si
_r9ee498372e5d4a,WIDGET_MESSAGE_REQUEST_CLOTHING_CHANGE_WIDGET,si
_rf1157af0307086,WIDGET_MESSAGE_REQUEST_CREDITFURNI_WIDGET,si
_r120b512a52ef19,WIDGET_MESSAGE_REQUEST_DIMMER_WIDGET,si
_rebec5cdf4f783a,WIDGET_MESSAGE_REQUEST_ECOTRONBOX_WIDGET,si
_ra3e22b3a04a1c6,WIDGET_MESSAGE_REQUEST_PLACEHOLDER_WIDGET,si
_r71ac831fac4dc5,WIDGET_MESSAGE_REQUEST_PLAYLIST_EDITOR_WIDGET,si
_r98f59724e26024,WIDGET_MESSAGE_REQUEST_PRESENT_WIDGET,si
_r055052787a8582,WIDGET_MESSAGE_REQUEST_STICKIE_WIDGET,si
_r1fbf22080670b5,WIDGET_MESSAGE_REQUEST_TEASER_WIDGET,si
_r51cd667d8ec322,WIDGET_MESSAGE_REQUEST_TROPHY_WIDGET,si
_r29ccf8c5301e87,WIDGET_MESSAGE_SAVE_DIMMER_PRESET,si
_r74f637e0bec87e,WIDGET_MESSAGE_SELECT_AVATAR,si
_ra17a2110cd68ee,WIDGET_MESSAGE_TEST,si
_r98c32e9a0f5135,WIDGET_PLACEHOLDER_PREFIX,si
_r7a0c8a8f138468,WIDGET_TYPE,si
_ree7edb1cf787e6,WIDGET_UPDATE_EVENT_TEST,si
_r153351c6eb92c3,WIDTH_MIN,si
_rbe758fa22138fc,WINDOW_EVENT_CHANGE,si
_r5af3f0f072369c,WINDOW_EVENT_FOCUS,si
_r4c81013bf79c34,WINDOW_EVENT_LOCK,si
_r0503de68e6ada2,WINDOW_EVENT_RESTORE,si
_r3291006fce4de0,WINDOW_EVENT_TOUCH_BEGIN,si
_ra67d815b2df419,WINDOW_EVENT_TOUCH_MOVE,si
_rb18ffd6ece2347,WINDOW_EVENT_TOUCH_OVER,si
_r5a40ef97613c6d,WINDOW_EVENT_TOUCH_ROLL_OVER,si
_r44f00f9c8c7cac,WINDOW_EVENT_UNFOCUS,si
_r83430a47d0ab3d,WINDOW_EVENT_UNLOCK,si
_r687e17ee5b5354,WINDOW_HABBO_MAIN,si
_rafdf3dd63dec22,WINDOW_MARGIN,si
_r1e44ab7f5724ea,WINDOW_PARAM_HORIZONTAL_MOUSE_SCALING_TRIGGER,si
_r8e7cc220a1089d,WINDOW_PARAM_MOUSE_DRAGGING_TARGET,si
_re527fa728037bf,WINDOW_PARAM_MOUSE_SCALING_TARGET,si
_rb5ce4671333617,WINDOW_PARAM_VERTICAL_MOUSE_SCALING_TRIGGER,si
_re5eae4c5f64544,WINDOW_RIGHT_PADDING,si
_r17b07afffac0b6,WINDOW_STATE_ACTIVE,si
_r67e808f5980c14,WINDOW_STATE_DEFAULT,si
_r397c1cd582d387,WINDOW_STATE_DESTROYING,si
_rbf3e290ea9a6be,WINDOW_STATE_HOVERING,si
_re680ec86776d1f,WINDOW_STYLE_DEFAULT,si
_ra9308c670082e6,WINDOW_TYPE_BITMAP_WRAPPER,si
_rd528bb5cbdd1e4,WINDOW_TYPE_BORDER,si
_r0fafd59917dc35,WINDOW_TYPE_BORDER_THICK,si
_r1b011f31af8832,WINDOW_TYPE_BORDER_THIN,si
_r43ad4f1d88709c,WINDOW_TYPE_BOXSIZER,si
_r8a12b768a4b5ad,WINDOW_TYPE_BUBBLE_POINTER_RIGHT,si
_r9898e5e6357be4,WINDOW_TYPE_BUTTON_GROUP_CENTER,si
_rc8e90e9ab22b09,WINDOW_TYPE_BUTTON_GROUP_RIGHT,si
_r22e5fcb6d47978,WINDOW_TYPE_BUTTON_RIGHT,si
_r450d5c2f46d157,WINDOW_TYPE_BUTTON_THICK,si
_r26898033bf0d84,WINDOW_TYPE_CONTAINER,si
_rf7a44b6094d504,WINDOW_TYPE_DISPLAY_OBJECT_WRAPPER,si
_ra372062e44d96f,WINDOW_TYPE_DRAGBAR,si
_ra0ea57d1271395,WINDOW_TYPE_DROPLIST,si
_r4c2a031d4899cc,WINDOW_TYPE_DROPMENU,si
_r3f857355a1fc7a,WINDOW_TYPE_FRAME,si
_rcf6f9bc0e98bea,WINDOW_TYPE_FRAME_THICK,si
_r68fcc34051ef7f,WINDOW_TYPE_FRAME_THIN,si
_r257fe338faeeb0,WINDOW_TYPE_HEADER,si
_rc4c157c9de2f6f,WINDOW_TYPE_HTML,si
_r03eb900977212e,WINDOW_TYPE_ITEMGRID,si
_r873196657fc899,WINDOW_TYPE_ITEMGRID_HORIZONTAL,si
_r91f28be0a6d7ed,WINDOW_TYPE_ITEMGRID_VERTICAL,si
_r22b3ff0de26dfe,WINDOW_TYPE_ITEMLIST_HORIZONTAL,si
_r7870d1ecdbaab4,WINDOW_TYPE_MENU,si
_r5311988102b6f5,WINDOW_TYPE_SCALER,si
_r4950fca72f42bb,WINDOW_TYPE_SCALER_HORIZONTAL,si
_r6dce47c74cef69,WINDOW_TYPE_SCALER_VERTICAL,si
_r7eeaffff715da7,WINDOW_TYPE_SCROLLABLE_ITEMGRID_VERTICAL,si
_r06eb810a3b3fc6,WINDOW_TYPE_SCROLLABLE_ITEMLIST,si
_r2ba1b9d53228b8,WINDOW_TYPE_SCROLLABLE_ITEMLIST_HORIZONTAL,si
_ra27f09aabc180f,WINDOW_TYPE_SCROLLABLE_ITEMLIST_VERTICAL,si
_r371250d66a1731,WINDOW_TYPE_SCROLLBAR_HORIZONTAL,si
_r4f261b53e9db66,WINDOW_TYPE_SCROLLBAR_SLIDER_BAR_HORIZONTAL,si
_r9fa7b9d05091c9,WINDOW_TYPE_SCROLLBAR_SLIDER_BAR_VERTICAL,si
_r8303838ad86c78,WINDOW_TYPE_SCROLLBAR_SLIDER_BUTTON_RIGHT,si
_rac7f2db11fc49d,WINDOW_TYPE_SCROLLBAR_SLIDER_TRACK_HORIZONTAL,si
_r16b5da204ba589,WINDOW_TYPE_SCROLLBAR_SLIDER_TRACK_VERTICAL,si
_rf9366c1803c319,WINDOW_TYPE_SCROLLBAR_VERTICAL,si
_r5f80fe0e49b32e,WINDOW_TYPE_SELECTOR,si
_r41c559d98d75ba,WINDOW_TYPE_SELECTOR_LIST,si
_r0c656c66cc3727,WINDOW_TYPE_SHAPE_WRAPPER,si
_rd182e43cabff94,WINDOW_TYPE_SLIDER,si
_r68bf770c8649bc,WINDOW_TYPE_SLIDER_HORIZONTAL,si
_r47f8cd3517da11,WINDOW_TYPE_SLIDER_VERTICAL,si
_ra9529b4250fc45,WINDOW_TYPE_STATIC_BITMAP_WRAPPER,si
_rc71f0526fcb8b2,WINDOW_TYPE_STROKE,si
_r0eadba5dd4f1dd,WINDOW_TYPE_SUBMENU,si
_r9339591025e10f,WINDOW_TYPE_TAB_CONTENT,si
_rf3f09694060e74,WINDOW_TYPE_TAB_SELECTOR,si
_r625d60871b92a1,WINDOW_TYPE_TOOLBAR,si
_r3255254a53489e,WINDOW_TYPE_WIDGET,si
_rfaca7e729db873,WIRED_EMBLEM_SPRITE_TAG,si
_rf0498fad7b7104,WIRED_INSPECT_PET,si
_r06e9f4f3e053b5,WIRED_TRADING,si
_rf97878899074d9,WindowMouseEvent,si
_rcd7c0cd2a070ea,WindowWrapperPreset,si
_r9d5fb09db9b377,WiredTransactionInfo,si
_re80bb32df2f63e,YOUR_PRICE_ICON_BITMAP_ELEMENT_NAME,si
_r1bff0c65eeaf4e,YOUTUBE,si
_r408418ac10f345,ZERO_POINT,si
_r86dc3d43ee3dec,_GAMES,si
_rb318f81515fae1,_MOTION_TIME,si
_rb4cb74aa9f8332,_WORD_DELIMS,si
_rc0be47e72c37d4,_acceptEmptyMap,si
_r780cd7dd1a65f2,_accountSafetyLocked,si
_r6dee7f1d812973,_achievementDropdown,si
_r66f5316e8f9b32,_achievementScore,si
_rfb8e185a0f0232,_actionDropdown,si
_rc7fcfa93d775c4,_actionLengthHours,si
_r075b949be0447a,_actionTypeDropdown,si
_reefb435553b5c5,_active,si
_rd4a7b520e48069,_activeCallback,si
_rbcf17308fcc921,_activeColor,si
_rc04bf9b27f1167,_activeContextKey,si
_r7a74f26b26c3c7,_activeFrame,si
_r434627db2d404c,_activeMode,si
_r687aa35f4af4f8,_addToExistingScore,si
_rf789d828c8565d,_addedUsers,si
_ra52922d0b939a9,_additionalParameters,si
_r6ca3dfecb8d4b0,_aliases,si
_r862dfcfb5bf621,_alignRight,si
_r2da5f036d501ea,_allCategories,si
_ra442d35cad4d58,_allChildrenStaticWidth,si
_rcbf32c4c80f17a,_allFurnis,si
_rf0d777fababd49,_allVariables,si
_ra726e9cfe6f8a5,_allVariablesHash,si
_r344713dca269c4,_allowFollow,si
_rf0f8abe1d794dc,_allowFoodConsumeCheckBox,si
_r4c15dbbf4d8387,_allowHTML,si
_r8c61a5f679de08,_allowWalkThroughCheckBox,si
_r3c54bf01add1d7,_altKey,si
_r9d6d1c0611680e,_alwaysExpanded,si
_r08768cbfcdd84d,_alwaysShowScrollbar,si
_r2d171cc94bc07f,_amount,si
_rc539254fec43e8,_amountPreviewDropdown,si
_ree68b5d6b91839,_animFrame,si
_r83fcbf9b7fd2b1,_animationSourceLayout,si
_r78ce3af077e81f,_animationStartWidth,si
_re4644325e34fa9,_animationTargetAreaWidth,si
_ra7229de16d8303,_animationTargetLayout,si
_r8a42ac040aea9e,_animationTargetWidth,si
_r321ff7471a458c,_animationTime,si
_r01812de936e17c,_answerOrders,si
_r1d5ba00f71d599,_arrow,si
_r36130bc4bfbdc7,_asString,si
_r53dcc6ac9c1cae,_assetLibraries,si
_r4de646e061148b,_assetName,si
_r386d4d1511f81c,_assetNameArray,si
_r97821a0c4bf023,_assetNamesForVisuals,si
_r5c54f7389f001b,_assetNamesFrame,si
_r95114ad4e9562c,_audiencePopup,si
_r4a45b078b06b49,_availableColors,si
_rf148d3da787887,_avatarEditor,si
_rc406f98f8bb08b,_avatarGlow,si
_r6f1d8309e47243,_avatarRenderManager,si
_r6fd98492aecdd7,_avatarRenderer,si
_r4e1c53a5471d42,_avatarWidget,si
_rdc012392a52b32,_badgeCheckbox,si
_rbdcaf4c72a20c7,_badgeCode,si
_r2c45c9ee408e12,_badgeDetails,si
_rdb8997b086cf29,_badgePrebakes,si
_r944a2734424f84,_badgeRenderKey,si
_rc1558f29a6bd20,_badgeRequestCode,si
_r4fe8f7f7818a11,_badges,si
_r7c77c2c0751529,_bcFloorPlanEditor,si
_raa127991db73d4,_bgColor,si
_r925a631a0f9658,_bitmap,si
_r77268f166a185c,_bitmapData,si
_re665d2106685d0,_bitmapDataCache,si
_r346ff2996e7e30,_bitmapDataOwned,si
_r9d6ceb6588a66a,_blendingBackgroundColor,si
_r17d31ae41634d4,_botName,si
_r757ece2a1e2ab2,_boundFurnitureNames,si
_r20fca3647cc30c,_boxTypes,si
_rf37f1143373b80,_breedPetBubbles,si
_rc83c23f6226190,_breedingConfirmationAlert,si
_re503df65824d4e,_bubbleWidthDropdown,si
_rfa95cd010528a6,_bufferedTreasureHuntWinnerInfo,si
_rc026b291d37b23,_buildupProgress,si
_rcaca604dc50b11,_bunnyHopCheckbox,si
_r1ebf1448868ebd,_buttonContainer,si
_rfc8e5dbbfb9808,_cacheWidth,si
_r2acea5690d385b,_cachedIntParams,si
_rb09641f41950ab,_callForHelpCategories,si
_ra9aab60cab553c,_callbacksAdded,si
_r36c6f8dec50b4e,_callerFrame,si
_r7aa17ed38f699f,_camera,si
_r69af8899d978ad,_campaignCode,si
_rb6a8275bf34ec5,_canSelect,si
_r8c0845251012b4,_canTrade,si
_r63e4cce56dff56,_cancelCheckbox,si
_r6bf0515c9cd6af,_caption,si
_ra423406753ac66,_captionInputKeyEvents,si
_r56d93cde0c3e51,_catalog,si
_r2e1c5819c4c7a9,_categories,si
_r38675d87179835,_cause,si
_r906fd3a152580b,_cfhCategories,si
_rd558585b8871b5,_chainCode,si
_r5ea1eaf3576ca3,_changeOriginGroup,si
_r2876a22a19a1d1,_changes,si
_rfe020d1ee58756,_channels,si
_r7d7e591bace1e4,_chartWidth,si
_r4e3fc5554fb6b6,_chatBubbleWidth,si
_re60d4203654097,_chatBubbleWidthOverride,si
_re4617c44f7bb4c,_chatMessage,si
_r92fdf1078060dd,_chatMode,si
_rb5a5fad99c7741,_checkbox,si
_re8ecef9bdf1b2d,_checkboxGroup,si
_rcfde8bcf2bcfac,_checkedName,si
_r81132e89cffadb,_checksumIndicatorColor,si
_r7364fa756d8250,_chestDesc,si
_rc8a4d6b5848c17,_chestId,si
_rf1dad8d9ea3926,_chestItemType,si
_r120cf13cc6fb3d,_chestName,si
_rb3c5c3c39c58bc,_chestNotificationSettings,si
_r331727d759e672,_chestSettings,si
_rbd8a05e3d3edd2,_chestState,si
_rafb1affe7d2df1,_chestType,si
_r97e0bc4146d1a1,_childMargin,si
_r0984408c8e4fec,_childNodes,si
_r5ba27920224981,_classNameCache,si
_r6e9f18a706e1fd,_clubLimit,si
_r24d24e4b6e54f0,_clubMinutes,si
_r85c552e7b6a0ce,_code,si
_rdd5499241b266c,_collapseAnimationStartReservedWidth,si
_r4b259fe9ddc8da,_collapseAnimationStartWidth,si
_r9b804a1fb4a456,_collapseAnimationTargetReservedWidth,si
_r91ab86b787cd7c,_collapseAnimationTargetWidth,si
_r866d34e8c4cb74,_color1,si
_r7745fea305ae02,_color2,si
_ra36e537d300fd4,_colorCellFrame,si
_ra9033ee4dec224,_colorCellXML,si
_r61bba2a8636b29,_colorChangedTime,si
_r64d3c70e3ea2d3,_colorTransitionLength,si
_r2a904ef858ffa1,_colourGrid,si
_r93e34b26f05f90,_combineUniques,si
_re1e22e78388850,_compareRadioGroup,si
_r86f80b483598be,_compareTypes,si
_r4e297b3e8af641,_completionColor,si
_rfec94ffdfc88c3,_composite,si
_r59dc16ccb1934b,_config,si
_r17dae820c3df28,_configuration,si
_ra422b6a127b585,_configurationCode,si
_r3094ddf2d6c675,_configurationManager,si
_r97b2197969602a,_cont,si
_rc2339f174a7e2a,_container,si
_r84d8c0dd2793a0,_contentLines,si
_rbe48e1c6a9b2bb,_contractKey,si
_rc199dbf99e8059,_countdown,si
_r3870d8794ef97e,_createdInstanceMaskSizes,si
_r7f2a0dbbf4b886,_creationMonth,si
_r9e78d475883467,_creationTime,si
_r046e920ecd9fef,_ctrlKey,si
_r1f6a02f5f429cb,_currentActionsStr,si
_refce83b118f113,_currentAmount,si
_r8c13d3a7e4a4f0,_currentProgressWidth,si
_r772de55ff0f6c2,_currentResults,si
_r340279f3d2f12b,_currentRoomName,si
_rdbb5f7b11570bb,_currentTab,si
_r0ed994ea082d8a,_currentTabName,si
_r3b8071d669931e,_currentWidth,si
_r69beeb9d4bf8fd,_currentlyInRoom,si
_r1c8420b1203a74,_curveControlY1,si
_rb43f5afa4ec335,_curveStrength,si
_r24266343cc985b,_customInfo,si
_r6deea267db7694,_danceDropdown,si
_r834357bddff7e7,_darkColor,si
_r65b96740f176ce,_defaultNotSelectedBorderColor,si
_rce3343c2518ed0,_defaultStuffTypes,si
_rdc9020ceed64ff,_delayInPulses,si
_rf17e40936698cf,_delegatedColor,si
_r2834793b4ff044,_depth,si
_r12d91f275e4df0,_details,si
_r851b8e6fe6144c,_directions,si
_r3a598f50db47c4,_displayCode,si
_r3425b056707db1,_displayString,si
_rda0f8cc2f3877d,_displayedNumber,si
_r32269d5d72139f,_displayedRewards,si
_rb90a12237c2f69,_distancePerPoint,si
_r9077c7734c07ad,_doNotShowAgain,si
_r15cef7a311d76f,_dontGetOffers,si
_r7fcf5252a0e956,_dontShowAgain,si
_r0323c174c4ea4b,_doorMode,si
_r06981a46d12dad,_downloadRetriesLeft,si
_r41571250585fac,_downloadUrl,si
_rd7132337c285d3,_drawButtonsByMode,si
_rc87e93a118cf4a,_drawMode,si
_re7106860b3d7a7,_durationMs,si
_r4acf3a143097b5,_easterEggMode,si
_r6cde3dfaff3f25,_editingBackground,si
_r0fc972dd742066,_editorWindow,si
_r44e41aeb5f0352,_editors,si
_r50f824a9c0b88a,_effectAnimationStartFrame,si
_r01007d2f40a525,_effectDropdown,si
_r8ea44180f8a365,_effectItems,si
_r39e18bd466f5c8,_embedExpanded,si
_rdb0fddae254ba3,_embedded,si
_rdfa3764a782f4b,_emittedParticles,si
_r5366430817b59c,_emptySlots,si
_re09fc082649ec6,_emptyTileTemplate,si
_ref90dafd55119a,_enableCustomAnimationTime,si
_rb9bf8b2bf97699,_endMessage,si
_re5e1af21a96cf7,_endTime,si
_r9f9124a466da52,_entityWindows,si
_rc4a220e16a32d1,_entries,si
_red3bd1d24086e2,_entry,si
_rd538de8138b786,_entryPoint,si
_r1fa7566b24c4fd,_environmentImages,si
_r698db0f9c93601,_environmentName,si
_r994d1a1d3c0f51,_environmentTypes,si
_r012da76271449c,_errorCode,si
_reac38c7e7a62e1,_errorLayout,si
_rec586c06e9efbd,_errorPopup,si
_r7e50d31c08f62b,_etchingColor,si
_r88f6c2b79cc58f,_eventArray,si
_r8f5f9bfa951dde,_eventListeners,si
_r981441c18c0304,_excludedBadges,si
_r19b79dee8f2247,_exit,si
_rf4eb4700a2c1eb,_expandMode,si
_r0ffb41c7e341cc,_expanded,si
_rcafaaf28ff1db9,_expirationTime,si
_rbe52327b43621f,_expiredKey,si
_r2e47085410a3e4,_expiryTime,si
_r176e2b84790bff,_externalTextsHash,si
_r841c0e21d6464a,_externalVariablesHash,si
_rf85e30569a75dd,_extra1,si
_rcd3c1032f8845a,_extra2,si
_r1c80f73cf11359,_extraBtnCallback,si
_r35898422d8dc7f,_extraCycles,si
_re01e8c4421f7f0,_extraIdToString,si
_r8287cf49f45b5b,_extraParams,si
_r8ebe00be56f735,_extraString,si
_r65781d7e8ba952,_fade,si
_r3c96a96c3ebf91,_fadeLength,si
_r1401802393bb80,_fadeOutLengthSamples,si
_r896b28e2353397,_fadeStartAlpha,si
_r40f8e1872bbb36,_fadeTargetAlpha,si
_r1c962b2d520467,_figureString,si
_rde6e1f7edc4689,_fileName,si
_r28682e26bf0caf,_fillColor,si
_re10afacda0d856,_fillMode,si
_r0f7acb0f580a09,_filtering,si
_r9b73daab0b6e8b,_fitWidthToText,si
_rd85619184c3905,_fixedWallsHeight,si
_r24a5cec9a76e8f,_flatId,si
_r220d1f62fd96ee,_floor,si
_rc0046327749650,_floorHeight,si
_r2c1d8b0c9115a0,_floorThickness,si
_r295810e5979052,_floorThicknessDropMenu,si
_rd4337fec7dc743,_floorWidth,si
_r1795202e9597c2,_followingToGroupRoom,si
_raceb018c7c4987,_forums,si
_r8c78a853c437a9,_frameIndexes,si
_rfa8bd4fb77045f,_frameNumber,si
_r4229a3d28dfd53,_frameSequences,si
_r85e7dfdf81c73a,_frames,si
_r182e269a5e2508,_freeClaim,si
_r855bd1665e599f,_freePagePrizes,si
_r32736f4767914c,_friendCategories,si
_rf7cc8ab30e96ae,_friendList,si
_r67a014aebee521,_friendlist,si
_r517ed246ff91b5,_fullName,si
_r63fe9e599902b7,_furniDataHash,si
_r171442735292c4,_furniDataListeners,si
_r594e1b2826af79,_furniName,si
_rf6bb0c8bc48db9,_furniSourceTypes,si
_r3a8c952b0db1d6,_furniTypeName,si
_re7f55598fc3f20,_fuseTime,si
_r38ce384b93abde,_g,si
_re15150a5346a08,_gameManager,si
_r9cf2381337289d,_genericVolume,si
_r037e45794fe620,_geometries,si
_r4b6f8baaa486b1,_geometry,si
_rbcab4e82189c6e,_getNextQuestWhenCompletionAnimationFinishes,si
_r6cc8cffc84a292,_glowColour,si
_r2a0420941728b0,_goalCode,si
_r4a2a12ccffed66,_gradient,si
_rb3454da3495ecc,_gradientColor,si
_rff8c75a17e3758,_graphicEntityCache,si
_r878ef39132d0ad,_gridItemLayout,si
_r2bf9b351c4772e,_group,si
_r1233de678b678b,_groupDropdown,si
_r55f94f71a36246,_groupId,si
_r10ae100bc7ec21,_groupName,si
_r0e166bc7fa12c8,_guestRooms,si
_rebc507ae91402a,_guideName,si
_rf14ffea5066008,_hCenterRem2,si
_r1c9f697b8c907c,_habboGroupName,si
_r3cb3476b9ff537,_habboHelp,si
_r64e88f5ee5768a,_habboTalent,si
_rfb8acf8c86e96d,_handItemDropdown,si
_rd34ab9d99d965b,_hardPurgeTriggerMegaBytes,si
_r026f7f7e63016b,_hasCheckbox,si
_r888a707d72092a,_hasErrors,si
_r6827a00dafd02c,_hasFocus,si
_r4e7fccd65b377a,_hasFrame,si
_ra9f6b6a5dc3070,_hasPremiumConfig,si
_rec838932837dea,_hasUnread,si
_r08cc21ed6463ad,_headDirection,si
_r26e41e06e6211b,_headOnly,si
_rf7b4503c08c091,_header,si
_rdbe3f19dd2bb47,_headerColor,si
_r412a68854614ec,_headerContainer,si
_rda956dc2cb86fc,_headerLeft,si
_rcca9e6a3bf1038,_headerOptionLeft,si
_r94ddf4910355b4,_headerOptionsRightList,si
_rd0c74a05427cb7,_headerPreset,si
_r5c9bed1e2988a8,_headerView,si
_rb2ea633b477d10,_headers,si
_rb329df8ef64f01,_headline,si
_rc8e56aaf575ea1,_hiddenOnPurpose,si
_r281dc4b33dd48f,_hideFunction,si
_rcf14a5558062e3,_hideTimer,si
_rb4338325841200,_hideWallsCheckBox,si
_re6a81b3decb7d2,_highestAvailableQuestIndex,si
_r6f2a8d16cb57c2,_highlight,si
_r3ac7bdf4a04939,_highlightBorderTemplate,si
_r1de0c9dfde10d6,_highlightChanges,si
_refd3e44172e8b8,_highlightEnabled,si
_re18b67c71ea952,_highlightHeight,si
_r243ea1655d6720,_highlightOnChange,si
_rd3cd1753802d09,_highlightRootX,si
_r74a6f72bbcc75b,_highlightRootY,si
_r2d2c74bcc7fc41,_highlightType,si
_r94b204925102db,_highlightWidth,si
_rc32cee2851e37f,_highlighter,si
_re124cd73e9d8d9,_hint,si
_rcbf568c461b98f,_hintManager,si
_re8f51b8055eedc,_history,si
_r761b9f388d372f,_historyLength,si
_r679c54887b723d,_hitPoints,si
_rb597fe8854144c,_hits,si
_r3d6d278533c03d,_holdPurges,si
_r5a8d9e5ee9e162,_holderKey,si
_r792aa8fd7ccd83,_hovering,si
_r0f52189f24cb1f,_htmlStyleSheetString,si
_r78de3daddad51c,_icon,si
_r782cf40c605f33,_iconAssetUri,si
_rb6fbd1c2de190b,_iconLayout,si
_r44fb6522418363,_idleAutokickCheckBox,si
_r01de243cb5cf38,_idleSleepTimeoutInput,si
_rd5a3df6ae244ef,_idleSleepTimeoutLabel,si
_r4e1c81bed0164a,_ignore,si
_r6ee91a93e0a40e,_ignoreBadgeFilterEvents,si
_r981ccacc8d54d3,_ignoreBadgeRarityFilterEvents,si
_rf8f86086902acf,_ignoreCapacityChangeEvents,si
_r0c26ccd9a945a4,_ignoreCategorySelectionEvents,si
_r5af1ce17a4623a,_ignoreCheckboxSelectedEvents,si
_ra3d21c9cd5b22f,_ignoreMouse,si
_r68ed5d8fa54b08,_ignoreRarityFilterEvents,si
_r74fdb0d25defb9,_ignoreTypeFilterEvents,si
_rce2550f4b4cbc5,_iis,si
_rb9fbb9b2a95d72,_imageBaseUri,si
_r4993b88725b8c5,_imageUpdateCumulativeTime,si
_r04fafc1ecb4fb3,_inNuxFlow,si
_r79a09bf04ade92,_inactiveBackground,si
_r157f92b3ed2119,_includeInfo,si
_ra32bf54e672cc6,_increment,si
_rd93d0a54a6625e,_initDecodeChar,si
_rf141f4e51433db,_initEncoreChar,si
_r9763f4a632910d,_initialVariableName,si
_r3c40109c822c0c,_initialWidth,si
_r37fdba5a3ffb85,_inputMessage,si
_r4e750e88a73cd1,_inputTextNeedsClearing,si
_r9207410d47b7df,_instances,si
_r922acaa0f6f66f,_intParams,si
_r1bcf106ee3040a,_interfaceMapByFurniTypeName,si
_r1980ed32f360a6,_internalVariables,si
_rd8e5955d0148e1,_inventory,si
_r7a2dbd4adba696,_isAdmin,si
_r8f589e376f0f7d,_isAmbassador,si
_r0da680c6173ae1,_isAnonymous,si
_r3f3dca577f4af4,_isDisabledForWearing,si
_rd7f626b64a96a1,_isEditMode,si
_r4546df03e64f68,_isExpanded,si
_r0324b8df6c7dd0,_isGameRoomMode,si
_r2f7b45e78057e5,_isGuestRoom,si
_raa42564ccad3d9,_isGuildRoom,si
_rbf823821f309bd,_isLoaded,si
_r269d7cdd3eed13,_isOpen,si
_rcd8382e11de8fe,_isOwnerMode,si
_r56039c4416c549,_isRegisteredForUpdates,si
_r9dce150caf1f07,_isUnseen,si
_rc420c2a9f21dc6,_issueListLimit,si
_rf18b9f702546bf,_issues,si
_r656a31c5cc647a,_itemArray,si
_r2a35fc4d99056e,_itemKey,si
_r9032bb8b3e3129,_itemList,si
_rc2ef28634ac4f4,_itemNormalColor,si
_rc427320acdbd28,_itemSelectedEtchingColor,si
_r0479ca5e931380,_iterationModeRadioGroup,si
_r5f901ae160bdde,_landingView,si
_r0fcbb38d7a9803,_landingViewLayout,si
_r2ab341540e41c3,_lastComposedBackgroundAlpha,si
_r532e904f7a24d3,_lastComposedSourceAlpha,si
_re59f80480a0ea5,_lastHadVisibleEntries,si
_ra19b7149e8fce8,_lastLeftPaneHidden,si
_rcf64c604b481bb,_lastRenderedPixelWidth,si
_r44fdff27572e72,_lastReport,si
_r7f9778b9028ed1,_lastRequestTime,si
_red6899af05dd45,_lastTestTime,si
_r0f0889aab3e33c,_lastTitleUpdateTime,si
_re9bdba55c3f54f,_lastUpdate,si
_rbb835eb3e0f110,_lastUpdateTime,si
_r56e3cefdd8a3f5,_lastWindowWidth,si
_r6f92190c4e757b,_latencyValues,si
_racfdda464b1c95,_latestDisplayKey,si
_ra919b7381b4bc6,_latestOwnOffers,si
_rd458447474db6c,_launchers,si
_rc298a4ee2fb23d,_layers,si
_r0cad7153186798,_layout,si
_rf85261c9dbf663,_layoutContainer,si
_r4b9b6b55a0ec4c,_layouts,si
_receae5ab4b69c2,_left_arrow,si
_rbdaeeec060763d,_levelItemLayout,si
_r052354cb48540d,_levelName,si
_r55258747ae0add,_levelProgress,si
_r5cd1d51e71d52b,_levels,si
_r8a24063f11c885,_libraries,si
_r03687e7ec402f4,_libraryName,si
_r9e632e2e07180a,_lifeTime,si
_re93cb767482df0,_liftAmount,si
_rae5c117590b03e,_liftedRooms,si
_r3f2780fb8b5a2b,_limit,si
_rbed231875347b3,_lineByLineMode,si
_r5948a2964e1849,_linkClickCallback,si
_rbd92de9d8d53cf,_linkEventTrackers,si
_rabab41fb46d52e,_listCode,si
_r957b5b5f8f7bd9,_listeners,si
_ra55f18c0d005f2,_loaded,si
_r09339dbdf12b3d,_loadedSamples,si
_r8de5d91c63915e,_loadingIcon,si
_refdc4f747b3610,_loadingText,si
_r811c8059c6555b,_loc13_,si
_rbde4ec7d4794e2,_loc5_,si
_r2bc0329a82ae45,_localListOfTypesByMime,si
_rb48598e5c1058f,_localStatus,si
_r3d12a3ba39d2e1,_locales,si
_r863002bda87230,_localizationKey,si
_r0217561ba32d4a,_localizationManager,si
_r649ea8a9da1946,_localized,si
_r275b32735319e0,_localizedName,si
_r1c16b38c64bfb2,_location3D,si
_re2877eabc119f5,_loginAreaWidth,si
_r55d06839ac7ea1,_lowerCaseName,si
_r931141bbc5f599,_main,si
_ra1deefb75c1be8,_mainSprite,si
_r46aecd9c81c4c2,_makingSnowballs,si
_r0cb22fc8f67c25,_marketplace,si
_raed496cc27b5a4,_maxAmount,si
_rb1850a56b3be3b,_maxCharacters,si
_rd0ac26b9345aac,_maxLines,si
_r7709c5f4c0e8ae,_maxNumberOfParticles,si
_reb7c89383e2980,_maxNumberOfPlayers,si
_rd893d170f576e2,_maxOfferAmount,si
_r393e9bd3108749,_maxPrice,si
_r10578909c2ad0e,_maxSnowballs,si
_racc85ccc0f7abb,_maxWidth,si
_r2fb741d9b601a8,_maxedProgressInfo,si
_r86576db8b26f10,_maximumEntities,si
_r2e88bf39888993,_mediumColor,si
_ra45f8209f98fb4,_membersOnlyInfo,si
_r501041fd00b387,_menuIsOpen,si
_rad01d802475def,_messageEvents,si
_r9543c49bcab46f,_messages,si
_r783dd8ec87e2d6,_messenger,si
_radd421d82a1ea9,_millisSinceLastUpdate,si
_r0d3df03f9e6a90,_minPrice,si
_rb1593bc7d96c8e,_minWidth,si
_rb4a86697e88ec6,_missingAssetNames,si
_r89e51ff5779a85,_mode,si
_r6765bd1abd0148,_modeDropdown,si
_ra46d224bbd31ef,_moderationManager,si
_r25e0fce01a14ef,_modulus,si
_r4269631cbf2ff0,_month,si
_rcbdcae44c82ddb,_movementDirection360,si
_rb73a23a3af7bff,_msecsUntilPrompt,si
_r46fbbc7ac849a3,_msg,si
_r7509f617339f38,_msgSelect,si
_r8ea41175151d91,_muteAllPetsCheckBox,si
_r1782383f9e4fc8,_myReportStatus,si
_rf827cd49ac2351,_mysteryBoxColor,si
_r98f3c919bbb82c,_mysteryKeyColor,si
_rd96cf0e1254aed,_name1Preset,si
_r3404a314429794,_name2Preset,si
_refea3e2878b5ac,_nameInput,si
_r81b5a27f87fc87,_nameValidationInfo,si
_r933455372631a7,_nameValidationStatus,si
_r8941b96d5467cf,_navigator,si
_re44971cb26d06f,_navigatorCache,si
_rfaea1bf6b83d74,_newFigureString,si
_rb9bfd15f447523,_newFurniDataHash,si
_r5195bc4e667ef9,_newNavigator,si
_r39e90ef5f3dd2f,_newNumber,si
_rf2a3d6c74a743d,_nftAvatars,si
_r0598165c27a6d6,_noPushToHistoryDueToNavigation,si
_r77bb187c8bd294,_nodeDirection8,si
_rab2e438577273a,_nodes,si
_rc8e22436996d22,_notificationMode,si
_rdf5b9977ee7a87,_notifications,si
_r13f53eb2ea58ca,_numOfPages,si
_rad348c4e5d9d4b,_numberOfTeams,si
_rd6b3ba7fe68c68,_objectFactory,si
_r3ab151b2677909,_objectOriginalNames,si
_r0e60eab354ad62,_offer,si
_ra89df5c2a27636,_offerAmount,si
_r6ea761c2e9230e,_offerCenter,si
_ra569950d8213c5,_offerCount,si
_rd76cd310ff80fe,_offerDialog,si
_r7ecda85051f914,_offerExtension,si
_ra5f657e0808da7,_offerId,si
_r2da445bf0ac88c,_offerIds,si
_r9e55e4a466870c,_offerMessageEvent,si
_r1644e51e16ea58,_offerRewardDeliveredMessageEvent,si
_r5b7030af16bde6,_offeringsTemplate,si
_r19dd85bc308a2f,_offers,si
_r6676c04bb7aad6,_offersAvailable,si
_r536364c6e64420,_offersReceived,si
_r6017a622aec4e0,_offersRequested,si
_r7f97a777621ed3,_offersViewed,si
_r1aa38ebc320202,_officialRooms,si
_re75c6bc9adb8c5,_offsetCheckboxes,si
_rced4c84e558782,_offsetX,si
_r416b089e32d7c9,_offsetY,si
_r51a23ac8d7298e,_onCellEditCallback,si
_r7997fec8983eee,_onChangeCallback,si
_rabb4d964e95001,_onFinish,si
_ra62cefb43af181,_onHide,si
_r29f3eeb2f65978,_onRowClickedCallback,si
_r73b2c51b7a88b9,_onRowHoverCallback,si
_r5540190ee965d8,_onRowSelectedCallback,si
_r6f4980fb571b97,_onSelectCallback,si
_rc2c93425f2a694,_onlineIndicatorPreference,si
_r209bf08e800825,_opacities,si
_r606a800af92d00,_open,si
_r74534d7962bee0,_openStateDropdown,si
_r42451582403008,_openedWidth,si
_r34c20086316125,_optionGroup,si
_rc6a973e68a498d,_originalData,si
_r50582d13c8a028,_originalVolume,si
_rc9faa504922cd4,_otherUserName,si
_r1c411eeab595cc,_otherUserNftItems,si
_r29dc704f2fed3a,_otherUserNumItems,si
_r123fedc757ea43,_otherUserNumNftItems,si
_re7fc28aabbe990,_others,si
_r816ccb2aecdc62,_overlap,si
_rd25922149432ab,_overlays,si
_r991da1b470f053,_overrideMaxPreset,si
_r173487e89e526e,_overrideMaxValue,si
_r0ba2e0c583cf6d,_overrideMinPreset,si
_r12c0afec9d248b,_overrideMinValue,si
_re4f49574ff434d,_overridingAction,si
_r2d74240398eb4b,_ownEntry,si
_r4c0bd6e60439c8,_ownUserNumItems,si
_rfff99002aa1c8e,_ownedSearchEntries,si
_r81a0e85a452976,_ownerName,si
_r1a2c8b1e8a7273,_pageKey,si
_r5b05da488c98f5,_pageName,si
_r608ecc3ed99b3c,_pagePointValues,si
_r8afdcf7f174104,_pages,si
_r649d33f0a995b2,_paletteIndexes,si
_rb6af78a099407c,_palettes,si
_r7904bb3081480f,_parameters,si
_r540ac2d0bd9fe7,_parentCallback,si
_r04d7d686584199,_parentNode,si
_rad895b70aeb4b1,_parsedLayoutCache,si
_rb53276efdd3c69,_particleSystems,si
_r4513494e8d76fa,_particles,si
_rb8619601111356,_particlesPerFrame,si
_r7221570be2a9c6,_passedItems,si
_r0e037ca5e0fb99,_passwordInput,si
_ra9c42f1b16c160,_pendingName,si
_r15bcfc06bb040e,_permissions,si
_rff6972d9b3508c,_pet1,si
_r975a5909d8661e,_pet2,si
_r24475d70c2c7f3,_petColors,si
_r5a4a01c2048d2c,_petFigureString,si
_r09450a08a2710d,_petInfo,si
_r3b8d045b9a53fa,_petLayers,si
_r0d3007b6663786,_picker,si
_raa6ff36fa6eb90,_pickerName,si
_r5638b95a2b53b0,_pickupMode,si
_r05d6c9eae62339,_placeholderName,si
_r24449233eb5d36,_planeMaterialItems,si
_r2430822a7d30fd,_planeTypeVisibilities,si
_r79c9589305cc56,_playPreviewContainer,si
_rcbb789640f3cb4,_playTestMode,si
_r24ee1dc38d495c,_players,si
_r07eb55f85e872d,_pointerXMargins,si
_rbfe52b4b0597ef,_pointerY,si
_r04a08ea11f63e7,_populating,si
_rb42c9926db07e8,_popup,si
_r72da0f1df2baf1,_popupTitle,si
_r95edb12eff011e,_posRadius,si
_r0135247e39dd38,_preferBigMode,si
_r9a2230a3f5d5ce,_premiumPagePrizes,si
_r6a36bb169f17ef,_preparedColor,si
_r3f2ddadd154010,_preparedTint,si
_ra13d4f06e25f0f,_presetNumber,si
_r5b4f036a9428a5,_pressed,si
_r38f940e010b142,_pressedBackground,si
_rb8947512c7f700,_previewStatus,si
_rc3909ddb0f7330,_primaryColor,si
_r9ec6e739bf8ddd,_priority,si
_r3248c3cb9915a0,_prizeWidth,si
_r409a6ece86b975,_prizes,si
_r5fbcdefe6e7fba,_productCode,si
_rc456ceed18dbff,_productDataHash,si
_r0ff5d8de41df93,_productName,si
_rdc52c3c18ae04c,_profilerComponent,si
_r6fcd4a8ccf7eb8,_progressBarWidth,si
_re99146c2062a16,_progressKey,si
_ra3ddc78a8ec32c,_progressView,si
_r319f21dbf6aeea,_promoInfo,si
_r09834e91466a94,_pulldown,si
_ra34e40caf8183e,_pulldownDisplayObject,si
_recd0ad4912c470,_purchaserName,si
_rbc6471908b99fe,_quantifierCode,si
_r17b98373672d9b,_questChainName,si
_re5c48d9c573900,_questDetails,si
_rfdf97d8a7d195a,_questEngine,si
_r461cd38e568117,_questName,si
_r940c4265f70b3b,_questionArray,si
_r73e0d9d2562842,_questionIdsForWrongAnswers,si
_ra2e5fe51683ade,_quizCode,si
_rb0af074afe7a4d,_r,si
_r61a1437497339d,_radioGroup,si
_rfcea3eb4e0a4ab,_rankTextName,si
_r19341e7cd48041,_rarityCategories,si
_ra18660d96dbf85,_realName,si
_r901e342bb40515,_realRoomObject,si
_rcf1473d99f1e32,_rebootOnNextFrame,si
_rc570b440363920,_receiver,si
_rc1e92c13c12a5f,_recipeCode,si
_r3fef298429a742,_recipientName,si
_ra2e08e8c68b9c9,_referenceWidth,si
_r72c65425dd19ec,_regPoint,si
_r8debc2c7bd13e0,_registry,si
_r14f299fd5f7bc8,_relativeDepth,si
_r94162cd2156dd4,_remainingVotes,si
_r1d831d29925b7e,_renderRoomMessages,si
_r0f478438b77e9a,_rendererFactories,si
_rf1f21bea710d24,_rendererRegistry,si
_r45a17c7dae5544,_renderers,si
_r4d064c8bab2004,_repeatMode,si
_r41acc18aafe5f4,_reportedRoomName,si
_r35be63bd3e4896,_reportedUserName,si
_re89b4fa9b642e9,_requesterName,si
_r8454d94433955f,_resultData2,si
_rda51e778aecd4d,_rewardAmount,si
_r503726818657c4,_rewardCategories,si
_re73e5d77d7cbc3,_rewardClaim,si
_rf548b2df0b4916,_rewardIntervalGroup,si
_racfd5d0b3c4064,_rewardingModeRadioGroup,si
_r3e0ce0137dc3a4,_ribbonTypes,si
_rd6e82fa57d88b7,_rightSide,si
_r03c7c8aab41c08,_roomDropdown,si
_r07e65cb533fea0,_roomEngine,si
_r1c700360d62f78,_roomEvents,si
_r76055f2aec7313,_roomInfoPopup,si
_r320471dc382709,_roomName,si
_r39e4b9611fee48,_roomObject,si
_re425dad58d3fce,_roomSessionManager,si
_reb0b26e7e6bee5,_roomUI,si
_r21653ded17b1e5,_rooms,si
_r9a0bdc1b02e52e,_rootDisplayObject,si
_rcd6bb4271b5ae7,_rowModels,si
_r8e78cecc1cb0c1,_ruleNode,si
_r2e3c6072870dbd,_rules,si
_rf8a56a36a3a1d7,_samePageTimeout,si
_r71f82d05ded1b1,_sampleData,si
_rd412b047a8c5ef,_savedFlatId,si
_r8aa702c8919f05,_scale9Grid,si
_rd35740b964233b,_scanningMode,si
_rac21401c006b82,_schedulingStr,si
_r51bb2ce488e2a5,_scrollAreaWidth,si
_rfad5bf0a1d29c9,_scrollBar,si
_r9b4fe88162c338,_searchCode,si
_r0b143488d76a8f,_searchEntries,si
_r4988e1408d37fb,_searchMsg,si
_rd238e45e94f1f7,_searchStr,si
_r2c3ea156f97e81,_searchString,si
_r62068c8ffb2edf,_searchTerms,si
_r433eddf273ca1f,_secondaryColor,si
_r3e7c0831e33e23,_section1,si
_r437d083bf87036,_section2,si
_raadd36ac7165f3,_section3,si
_re95dc94f64ca74,_section4,si
_rec32162e68985a,_selectValueGroup,si
_r13f547e59e790b,_selectedAchievementId,si
_r2948c1da0e5eec,_selectedAction,si
_rf802506c0775bf,_selectedBadges,si
_ra02ee843b09ef7,_selectedGroup,si
_r15af6ec182b449,_selectedLayout,si
_rd74c8bd07e4422,_selectedObject,si
_r867323e426edce,_selectedProductCode,si
_r51a77746563835,_selectedUserName,si
_r9514f114442322,_selectionCache,si
_rbadc30b0f6ed34,_senderName,si
_r78c77e3158fdf7,_serverStyleNames,si
_rb5cbc776901c9c,_sessionData,si
_r65fa7e23c9ff0d,_sessionDataManager,si
_rf3e5b8edb083a4,_setKey,si
_r23642a811c7860,_settingProperties,si
_r70804be0d0dd80,_shiftKey,si
_r25eaded109ed34,_shotImages,si
_r28bc524616f27b,_showByDefault,si
_ra2eba23cd97561,_showHcItems,si
_r476486ec099326,_showRoomNumbers,si
_rad4750d384eeb5,_showedPopup,si
_r4407342f68983e,_shownObject,si
_r340dc3a8587825,_signDropdown,si
_r7a6af4910e92d3,_similarInRoom,si
_r98af7e02621ef2,_simpleItemBase,si
_rddaee853cdf99c,_simulationTime,si
_r1cc8834ab96837,_skipPositionUpdate,si
_r049f8426228021,_sliderBaseWidth,si
_r918257dbc75c80,_sliderMinutes,si
_r6050273d281a6c,_sliders,si
_r0bb290a05d0947,_slotNumber,si
_rdd2e57d5474ec3,_smallImageUrl,si
_r682758faafe9cc,_smallMode,si
_r168732d7471da2,_softPurgeTriggerMegaBytes,si
_rdcee84bd60749d,_songName,si
_rd6fdb3af1d95ce,_sortTypes,si
_r13112cc34184bb,_soundManager,si
_recc50fed77a730,_soundObject,si
_r695940525a0bd8,_sourcePath,si
_r4d079b4519ecae,_spaceBetweenImages,si
_r13ad2eaee8d878,_speedRadius,si
_r2885d299f7285a,_splitter,si
_r7740b561dfdf58,_splitterBaseColor,si
_rdc6bc37ea00e63,_splitters,si
_re5cad47b9dc77f,_spriteColors,si
_rcf114868853a17,_spriteMouseCaptures,si
_r9c985b7d18931e,_sprites,si
_r28859fa8f4bea3,_ssoToken,si
_r5d6e3862e7b277,_startFrame,si
_rad48f4ea234893,_startMessage,si
_r1b740ef4be6ac0,_startProgressWidth,si
_r87bd8d021d9dd9,_startRadius,si
_rf7198aecc07388,_startTime,si
_rbbf159c4420c9c,_stateCheckbox,si
_ra5721b354289f6,_stateEvents,si
_r183717f4d35f34,_staticWidth,si
_r662a6ee26dc103,_status,si
_r376d4ae1f12598,_statusTime,si
_r4b7f4a6e644d17,_stepBeginTime,si
_rb135ed41242447,_storages,si
_r94ac35575f60f3,_stretchMode,si
_rb120b448c37233,_stripesOverlayCache,si
_r52784a1abaad9f,_strokeColor,si
_r48fbbe54d349a0,_stubPurchaseVipXML,si
_r67314f105e1ba3,_stuffCode,si
_rba61dc5d97f68c,_stuffId,si
_rb3081b20fcfa97,_stuffIds2,si
_r71ef098abd09c7,_stuffTypes,si
_r9a311f26ce4c27,_styleConfig,si
_r188d7a3dddbf1c,_styleName,si
_r9017b680ee484d,_styles,si
_rea56ee71792c7a,_subControllers,si
_rc94c5ecc8c8acf,_subOptionGroup,si
_r6a2b77793d727f,_submit,si
_r958f1b72a5f976,_submittedKey,si
_rffe00069e1f299,_successFrame,si
_rc1c577f8ee38ae,_systemOpen,si
_rb36e452bd23485,_tabConfig,si
_rec99266a6256ba,_tabContext,si
_r391b69e0c2f321,_tag1,si
_r144ef780217c53,_tag1Input,si
_r7c4b0fc03a99f4,_tag2,si
_r8972f6cc9e171d,_tag2Input,si
_r5e6166ee39fb4a,_talentProgressMeter,si
_r0ef594c62788e4,_talentPromo,si
_r72c302a85d9428,_talentTrack,si
_r38c5ef4e959b27,_targetUserName,si
_r1feb7f82d131a1,_teamScores,si
_r9f35005f4df7a0,_teams,si
_r8274866511b2e3,_textColor,si
_r4e1affd689eeeb,_textInput,si
_r3ea02e0f287e3a,_textStyleName,si
_re48074071bbc94,_textWidth,si
_rf03d65b85611b7,_theme,si
_r4781e9b4f5b6ea,_thumbnailImageNormal,si
_r9da8f98a4614b9,_tile,si
_r0ed2f1943ef425,_tiles,si
_r627815358bc64e,_timeLeftMinutes,si
_r2f95ea41fdfb30,_timeRemainingKey,si
_ra437b89d05ee3e,_timeSinceLastUpdate,si
_rf8bf600ac1349e,_timeStr,si
_red41233c664da9,_timeUnit,si
_r91216ba94a0d99,_timezoneValues,si
_reff9001630214d,_timingCode,si
_r62518c11be8a75,_toRemove,si
_rd3c1c43311be95,_toolbar,si
_rf18ee29fb08530,_topicDropdown,si
_r6c1b489c5ec9ae,_totalAmount,si
_r67a4cdad1bd16a,_totalCoinsForBonus,si
_r1700621f44d5cd,_totalEntries,si
_re4b89481ca3878,_totalMessages,si
_rbbc69a43f781f7,_tourPopup,si
_rfc125cfb6b4bad,_trackerAnimationStatus,si
_rab0e1569461854,_tracking,si
_r97f9402d05280b,_tradeMode,si
_r8403f270977f12,_tradeStartTime,si
_rb18afcd110102a,_tradedUserName,si
_r7f5062ebe34673,_transactionInfo,si
_r8d69a073d12936,_transactionMode,si
_r33fbb50aa76ee3,_transitionTimer,si
_r644499041bad67,_traxSamples,si
_r421e1de21c4962,_twinkleImages,si
_r7a7ebf3b656669,_typeCode,si
_r6d646d4fb82a84,_types,si
_r7ec16c570cd67a,_uniquePrizeCheckbox,si
_r1d5f80242e1718,_updateID1,si
_r1d8d967c186774,_updateID2,si
_re4aaef6ea68262,_updatingControls,si
_r162f484bbd38d1,_useColors,si
_redd5c0c3c93a73,_usePixelPerfectNineSlice,si
_r7cdd7d23d937e7,_useProductBubbles,si
_r9e581114b3ae7f,_userSourceTypes,si
_r48184bc616661d,_users,si
_r74031c071f77c0,_utils,si
_r9ee01f97cebdca,_variableDropdown,si
_r7492e3532d2c4d,_variableFxRendererRegistry,si
_re8245990edd42e,_variableFxStatuses,si
_r2386af771bf20b,_variableIdToHash,si
_r9960732bcb8dec,_variableNode,si
_r3666fac96f15d4,_variables,si
_r9e706d6b922fbb,_viewConfig,si
_rf5cd76767bece2,_viewMode,si
_raa88c782b547ac,_viewOnce,si
_rc5cd793e6aace0,_vipQuestsCampaignName,si
_r12d9ba99e9d971,_visibleCategories,si
_rf0f5c407e7f169,_visibleFeedCategories,si
_r602da1dd880a52,_visiblePlaneSpriteNumbers,si
_rfdb51f76d7df12,_visibleWidth,si
_r6e2b4fb6cb4bb9,_visualizationMode,si
_ra2733a471ba8cf,_volume,si
_r1f5856f806a921,_waitingForAddresses,si
_r4fdc961b261272,_wallItems,si
_rbcd1d2ef0f424b,_walletAddresses,si
_rb33a8f6f66f033,_window,si
_r9fbca0cda88bbd,_windowMin,si
_r7f1988e93eca26,_windowName,si
_ra12a6c4daffddb,_windowServices,si
_re4a6864a1e0303,_windowWidth,si
_rca68b0e8db31c1,_wired,si
_r7bd95fe8be7c58,_wiredStyles,si
_r16298b6a82840f,_working,si
_re2d451737dfd3b,_xmlFileName,si
_rad35b9f0103d31,abortButtonVisible,si
_r459df8e006d78d,absoluteValue,si
_r2e7c41b4c86a4d,abstractMethod,si
_r0471ef487ff3ab,acceptButton,si
_r2474610dfcf2d5,accessRights,si
_rfb539956eb01f9,accordingToRoomChatSetting,si
_r800ea8ca2565be,achievementId,si
_r6c956374fc8845,achievementIsNew,si
_r5929124cb7b4f2,achievementIsVisible,si
_rb1d752bf5cc65a,achievementName,si
_r35b70ee52a2bf8,achievementsColumnCount,si
_re767662c979abc,achievementsNeedScrolling,si
_r58675341c01c86,acknowledged,si
_rdcc827445305d5,acquireNodeView,si
_r554da236e5f1d5,actionAllowed,si
_r3e940b609a90a1,actionDescText,si
_r13f4eca443689d,actionDropdown,si
_r84526aa2465722,actionText,si
_r22ffbf6d684b38,actionType,si
_r0eeef008683793,activate,si
_rd44964c7b9e9c1,activateFurni,si
_rcbb5559ef50651,activateScrolling,si
_r5cb10bb06d26b6,activateView,si
_rad681831088b4c,activeFurniPicks,si
_r66a94af450c1a0,activeFurniPicksChanged,si
_r14c28063579794,activeKey,si
_r6a7ef706bbf532,activeRoomId,si
_r58a62ef2cc27a1,activeTile,si
_r4c7d261e2f93ee,activeView,si
_rf588ed886f4776,activeWallet,si
_r22961c2d42fe41,activityPointType,si
_r9f82341ae745f5,activityState,si
_rd2abe719f22fe5,activityTimer,si
_r0b126fe7a1d688,addAcceptedRequest,si
_r47e4e5ae62dfee,addAlias,si
_rb3b67fa62f4b8f,addAsset,si
_re3f2b5ba49c33a,addAssetId,si
_r36b9f097bf0f51,addBadWord,si
_r1be301efd05a31,addBitmap,si
_r298899c1139fa5,addBitmapData,si
_r59734afe081d79,addBitmapMask,si
_ra06e1e9cbc7d50,addButton,si
_r755ac8b908b462,addButtons,si
_r1a0467a8f87439,addCategory,si
_rc9b874c97626b9,addChannelItem,si
_r72bbfe05b56dce,addChatMessage,si
_r6378eb7daae17c,addClassificationRowToList,si
_rba34ca226e0790,addClickListener,si
_rb36957b098d0ac,addColor,si
_r8749f416bd57dc,addColumn,si
_rbaebea08202e41,addColumnForItem,si
_rb729350cdb4dee,addContentLineToList,si
_r47747761f58acb,addContentsToComposer,si
_rcf79ff8f34faf6,addDebugData,si
_r45c1c1c8466277,addDeclinedRequest,si
_rfe197966f40da5,addDimmerToFriendBar,si
_r82f41ab3af3ece,addEditContractElement,si
_r0dc3cd09efc0d5,addEffectSprites,si
_ra3a11a4c5015f4,addElements,si
_r9eccb85c1ec6dd,addEntries,si
_r8599e8cde0ad3b,addEscaped,si
_r177852baa48ea5,addEtching,si
_r77b8c21fbbe5f2,addEventListener,si
_ra0e3ea04113db0,addFiltersToFurni,si
_rc5f68f49a87b04,addFloor,si
_r6c2a77bfba8a12,addFuseObjectsAndHeights,si
_re75204a08dd382,addGameEvent,si
_r7bf168b9f77ca8,addGameObjectById,si
_rabdf762c5d756d,addGameObjectToTile,si
_r91d033deaa9a05,addGraphicAsset,si
_r7c5b561ca5f6b7,addGridItem,si
_r8a5dcab2f22d3f,addHeaderOption,si
_r087da3abc841eb,addHeaders,si
_r6444ad782efc07,addInfoEntry,si
_r750253b6ed6bba,addInputFields,si
_rc759d8f85463a4,addInvitedFriend,si
_r347492028ee84c,addIssue,si
_r468af29bda437b,addItemAndUpdateChatList,si
_rd6402337321d1f,addItemToMixer,si
_r69a4d3a43bea03,addItemWithBitmap,si
_r410295a37e15b3,addLeadingZero,si
_rb432bac011e280,addLibraryAsset,si
_rba48ffb6e7083f,addListItemAt,si
_rd73e766a2a85d5,addLobbyPlayer,si
_r00365d979dcc38,addMannequinSprites,si
_r6a5e4aaeb15203,addMaterialCellMatrix,si
_rc3554332ccdc58,addMenuItem,si
_rc7f2bda97da4aa,addMenuItemAt,si
_r9a1bebf82196b8,addMessageEvents,si
_r53425d5ebca0e6,addMessageFragment,si
_ra372c670dca109,addMoreButton,si
_r01741983eabf95,addMoreContainer,si
_rc3de4124c9c866,addMouseClickListener,si
_r805f5eb2ab7467,addNode,si
_r99dbbd6c186524,addObject,si
_r5cfde29eef0aca,addOrUpdateGroupableItem,si
_rfc739f3499553a,addOwnedSetSections,si
_rd50ec5b008cb56,addPlanet,si
_r9d2ede4083a726,addPlayer,si
_rf4f462b03192c3,addPlayerScore,si
_r626d75fbb94303,addProfilerAgentForReceiver,si
_r36aba3ff53c70f,addProperty,si
_refa4d076953d4f,addQueue,si
_r6b489505893795,addQuote,si
_r8d3a83243876b6,addRectangleMask,si
_r4a48f0da09f8c5,addReference,si
_r3578c237fc4aec,addRemovedFriend,si
_r3a76bc9e859e5f,addRenderer,si
_r9ecda947660cb2,addReward,si
_r075a2299a7f343,addRoomNameForMissing,si
_r47d8134b3891f0,addRow,si
_r0f45627af6a1d3,addSavedSearch,si
_ree6388bac479db,addSearchContextAtCurrentOffset,si
_r5cdcc7df601473,addSearchResultsSection,si
_r9f90e7288848c7,addSection,si
_r26fb202e5d70ea,addSimpleItem,si
_rc41f02c763cce3,addSkinRenderer,si
_r42196f3728b7f4,addSongPlayingNotification,si
_refb17658654eaa,addSongsBackgroundImage,si
_rd928bab8441bda,addStackedAddition,si
_r48ebb4713e51f9,addStorage,si
_r67d16170df3a0b,addSystemMessage,si
_r4965644f237b5d,addTag,si
_r31aff3affb1833,addTeamScores,si
_r2f8f907d6fba9d,addTextBlock,si
_r0bba2f5e9d1c27,addTitleField,si
_r381d74a520e387,addToComposer,si
_rbe6ae1cb72a402,addToCurrentSlot,si
_rd2c1f247e063e7,addToQueue,si
_rb046018ab5ed77,addToRenderQueue,si
_r28a2150d13a4ac,addUnseenCounter,si
_r37c1f5fb40898f,addUser,si
_r4c058c9cc47705,addVariableButton,si
_rfa698a0cad3d84,addWall,si
_rdea0fea03a543b,addWeeklyGroupData,si
_re601a60a4d41bc,addWheelListener,si
_r59bc8caa7923a5,addWheelListeners,si
_rfb80ab718fea38,addWidth,si
_r3baf62dc5d65e4,addZeroPadding,si
_r2b45f0bce5f603,addedUsers,si
_r2c575dc94ea874,additionalTextHtml,si
_rd5ce1ac5b67110,adjustBlend,si
_r902f306110adf5,adjustBrightness,si
_r404cfcd31a11a0,adjustSwipeOut,si
_rba75a4f5fe079c,adminId,si
_rca2a7fabdcd8ed,adminName,si
_r8020d41caae41f,adminOperationTimeAsSeccondsAgo,si
_rd061f09a58c0e6,adminOperationTimeAsSecondsAgo,si
_r9afcc30a90ffa9,advanceAnimation,si
_r884b3aa7a5245a,advanceTime,si
_r7f38ccfc316c88,advancedAlwaysVisible,si
_r0d864a34a7cfec,advancedSettingsWrapperPreset,si
_rc6da2f76ddc8c9,ageText,si
_rffd84103f6291b,albumHeader,si
_r8bc8e2297c47b6,albumProgressBar,si
_r098da15affc92c,albumProgressText,si
_r61d756d328d91c,alertDialogManager,si
_ra4ee8bbe338dca,alertPlayListFull,si
_r8b4362d2872e59,alertPopup,si
_ref77a817c45fc6,alertTradeCancelled,si
_r6cf191f8b60fca,alertTradeOpenFailed,si
_r30488e0368f7d1,alertWithLink,si
_reb9918e9f7066d,alertWithModal,si
_r8e033e6fc186d2,aliasCount,si
_r44fe3a83473ee5,alignBottomLeftTo,si
_r5a3ba0d76d9276,alignToSelector,si
_rf365684a8b7091,allCategories,si
_r779834a3ed3484,allCommandIds,si
_r978a22118ce3e8,allNotificationsCheckbox,si
_r336b3f3cb64d0d,allSetsContainer,si
_rbbe12ddd9d656c,allVariablesHash,si
_r7690f6ee50e5dc,allWiredUserActions,si
_r03df13edec926a,allocateEntityWindow,si
_r30fb4ce0b8f7c2,allocatedByteCount,si
_r55973e526771d8,allowFoodConsume,si
_rfd2c4d76a5edff,allowNameChange,si
_red7a008edcea5c,allowWalkThrough,si
_r7b6216ee388b68,allowedColors,si
_rd4382ffdfd1948,allowedRenderers,si
_rfe6cdfceac6e96,allowedWidths,si
_r96b90346e8923e,allspritesactivate,si
_raf6ba608370f6d,alpha,si
_rbe3a8104dffbd2,alphaFromColor,si
_r0b7a116eeece50,alphaTweenBlink,si
_rca46aa989b5a58,amIAnAmbassador,si
_r41736cadf92476,amIAnyRoomController,si
_rdfa529dddc799f,amIOwner,si
_r9369154c3b00c9,ambassadorMenuHasContent,si
_r53942d7e33e139,amountChangedForItem,si
_r8e5324df52fe85,amountCoinsInput,si
_rb9f020e18f9d08,amountFurniInput,si
_ra01d40958a9c2a,amountInInventory,si
_r9cf2a1fa7a9010,amountIndicator,si
_r47f3e9eb0b7390,amountSelection,si
_ra7bdaa2960a721,amountText,si
_refdf5d75ad3054,amountTextBorder,si
_r73ef3df69b5a27,amountZeroText,si
_r08e4bbd3373e4c,analyzePriceType,si
_r48b22a4388a6d3,andText,si
_rfb84a968b9f365,animateChange,si
_r434fac5a133544,animateIconToToolbar,si
_r01fe2d495e969b,animateToIcon,si
_r021288e51f7699,animationFrame,si
_r146d0583dbad7f,announceInterfaceAvailability,si
_r7a79e51469f17f,answerCounts,si
_r14090d520efb8b,anyAllText,si
_rd94ca7c2638fed,anyCoinsText,si
_rffdc82b0094750,anyFurniText,si
_r30f8825f9dbefc,appId,si
_r0918cb5b9b69b1,appealButton,si
_rda7d43b0b70b10,appearAt,si
_r13937a2b2fca03,appendGradualSanctionDetails,si
_rbe87ee7bb44565,appendMessage,si
_rd938fa1337f792,appendRetryParam,si
_r14aac1e0859f2f,applyAnimationFrame,si
_rd6c2855604fcd6,applyBadgeFilter,si
_r1c218439b4063f,applyButton,si
_r433d79d2f5d0ab,applyClickSettings,si
_rd2d7f6c7348629,applyCollapseAnimationFrame,si
_r64733592dc4f02,applyColourToChat,si
_rc51b811dd49996,applyCombineUniquesState,si
_r6a8914030e75c4,applyCommonWidgetSettings,si
_r97eebc418c9a76,applyExpandedBranchOffset,si
_rfcc61d88d2d0ab,applyFrame,si
_racbac007607337,applyMannequinOutfit,si
_r1a8cc8de0556ff,applySearchFilter,si
_r1c6907e852e31d,applySpecialChatContent,si
_r5a6ec2aceeccfd,applyToElements,si
_r529d14b78bb249,applyToSprite,si
_r53fa097f7dcb56,applyToState,si
_r427b390bcb0e77,applyTrayWidth,si
_rc595c554bcb1d4,applyVerticalSize,si
_r18b2a873eb5a0e,areAllFriendsSelected,si
_racde35f2eb8aa1,areConfusable,si
_rc624a0c9b84100,areSameY,si
_rb27a620b8158b2,areViewableEntityBitmapsInitialized,si
_r1f5bac5cefd08e,areaHideMessageData,si
_r225299ec04d453,areaSelectionState,si
_rf10b334f8ca065,arrangeButtons,si
_r2300ca094673a6,arrayToString,si
_rbe575d51b01db9,asArray,si
_radc694dc62227d,assetClass,si
_r6524714ef59543,assetCollection,si
_r4f93502641f8bb,assetLibrary,si
_ra7dd4cf7b3903f,assetProvider,si
_r68ef14599c45d1,assignAssetByNameToElement,si
_rceaf47b82d3e4b,assignAssetToElement,si
_re0054e22403f70,assignBadge,si
_r8b919636a6d26d,assignBitmapDataToButton,si
_r6186e73c98ebc9,assignState,si
_rd253e98b37672e,assignWindowBitmapByAsset,si
_r06c5a272ed683a,attachExtension,si
_rb763e7f57c2a4e,audienceVariable,si
_rddf2bb7c42fd91,audioPlaybackMode,si
_ra6423b4b1318ad,authorFigure,si
_rf22275ef62831e,authorId,si
_ree1ee11e068138,authorName,si
_rd2b4184784c7e5,authorPostCount,si
_rdea7ed5147e82b,autoArrangeItems,si
_r8e8ada6eefc3d5,autoHandle,si
_r11cb9c5fe25e8f,autoLockChestCheckbox,si
_r74cbfd27ea7335,autoPick,si
_r8d97eff3dbeb4d,autoRefreshCheckbox,si
_ra59b8a6afcb7c2,available,si
_ra7cdf498fa91bc,availableForBuildersClub,si
_r3f3d73b69720df,availableIcon,si
_r005baac9d877f9,availableSlots,si
_r14bd066a46d3bd,avatarData,si
_r5055a87a0af79a,avatarId,si
_r2d4cc4b8bafbbb,avatarImageReady,si
_r61a1653c24cc65,avatarImageWidget,si
_r80a70d3f72a5ed,avatarManager,si
_ra5d3039acfc3cb,avatarOnly,si
_r7cb4273a24f640,avatarRenderManager,si
_rcc613df9c354a8,avatarRenderer,si
_r512ec960a6a14d,averageColor,si
_rf2e1694fca4cdc,backgroundEnabled,si
_rce1c8596772ac9,backgroundPrebake,si
_r16e8b0c713339c,bad_certificate,si
_rcc01002fb2daf5,bad_record_mac,si
_rf01d00ab05a45d,badgeImage,si
_r70ab4d1d3ebdea,badgeImageWidget,si
_r78cc191ea10704,badgeImageWindow,si
_r6c229d5bbe9eb2,badgeRarityId,si
_r6a99b9faa4a441,balanceContainerList,si
_r05531c028b71f0,banDurationDropdown,si
_r195f6f14373d2c,banDurationSection,si
_r826051878228e5,banSubView,si
_r87cc8c47f39628,banUserButton,si
_r989c74c69aac9e,bannedUsersList,si
_r50dc97e72c643a,barEndBaseSourceRightPaddingPx,si
_r6b3a30fba7b557,barEndPrebake,si
_rd5560db1917126,barEndSourceRightPaddingPx,si
_rc141a68fcd728c,barEndWidthPx,si
_r3508a5d64b5eb5,barPrebake,si
_r87d44784c88afa,barShapePrebake,si
_rb43a561b6d37d3,baseAsInt,si
_r5a9d5631de95b5,baseSourceType,si
_rfe9f68db942f65,basicInfoDone,si
_r35895a05b3ce3c,bcOfferId,si
_r5d3d5a7b5212fc,beforeEnterRoom,si
_r1cb3ab5e14b7e8,beforeSearch,si
_rb35f99c7e03c47,beginFill,si
_r68859f0ef6d42a,beginGradientFill,si
_rb3c3663c36d333,beginWidthAnimation,si
_r4b2cdeeab5e1d7,benefitsList,si
_rc6cbafb49adf47,bgOnly,si
_re6d55008c22dcd,binLibrary,si
_rd5406720f13212,bitmapAssetName,si
_r0638fb9d7a70da,bitmapContainer,si
_rb3614723891ec7,bitmapWindow,si
_r7675772b6f2199,blend,si
_rd56cebb6019a6a,blendPixel,si
_rc3307b9d810e1f,blendVariableFxPixel,si
_r4e8fec5a4a8b0a,blitBackgroundImage,si
_r2daea30439f2a5,block_dark_point_up_png,si
_rbcf924f15f5f09,blockedUserIds,si
_rdca1928ca76045,boostBenefitRow,si
_r304ecbab99ca59,boostBenefitText,si
_r63d5b0d873dd8f,borderBackground,si
_rc45c7c8f504706,borderOutline,si
_ra976887b57db4c,botId,si
_rfb08d390298004,botSkills,si
_rfcb0398995542b,botsMax,si
_re6ac3cabde23a2,boundedValue,si
_ra26d4b881c70d2,breedId,si
_r6cf322c7e9434e,breedText,si
_ra1c06ffac97434,breedingNestStuffId,si
_re9fec4a79f39bb,breeds,si
_r37d1a7c2b7d164,broadcastClaimableRewardsCount,si
_ra3cccea220acd1,bubbleTitle,si
_rdc4158bf38bc0d,buildActionOptions,si
_ra3e2bbb76e6202,buildAlbumFromController,si
_rc0b7d7add6c188,buildBadgeSearchText,si
_r87b2ff1c83e494,buildBitmapFilter,si
_rffe5b88751012e,buildCacheFileBytes,si
_r667f6d6063a404,buildCachedContent,si
_r9a4accdc743469,buildDanceOptions,si
_rc2014a5e5847c7,buildFilterButtons,si
_r2da3344f8be3a7,buildFromXML,si
_r7a57a1391cf640,buildInputs,si
_r368281a9650967,buildModalDialogFromXML,si
_r30f49b547b804c,buildMonthLabels,si
_r881525c7d41a34,buildPageData,si
_r6f13068358fefc,buildRecentEntries,si
_radcbcaa19ddf9d,buildSignOptions,si
_r5818697ee32975,buildThumbnailUrl,si
_r15db4ab5ff8dc3,buildTimezoneOptions,si
_rb84eb4db49e7c4,buildTypeButtons,si
_re3aef551e4f266,buildWeekdayLabels,si
_r962c8dbe03f6dd,buildWindow,si
_r14f5eeb6ebecba,buildXmlWindow,si
_rabbcbf231861e4,buildersClub,si
_r7a0acbfb9e0aba,buildersClubEnabled,si
_r62cbcab9a653d8,bundlePurchaseAllowed,si
_r42ffb6a7fc2273,bundlesInfoShownEventTrack,si
_r407844a80033c7,buttonBorder,si
_rc3f84b407bb06e,buttonDown,si
_rae75210d3c2acc,buttonList,si
_rd90b80561a09b5,buttonPlayPauseBitmap,si
_r3efe66606e95e6,buttonProcedure,si
_rd77008c004c7f8,buttonRemoveBitmap,si
_r95a8bf24659832,buttonShadow,si
_r9f70a96bae57a0,buttonText,si
_r3432dfe3d95a65,buttonToPlaylistBitmap,si
_r92bbeddf5ff603,buttonVisible,si
_r01ef26469d5aad,buyButton,si
_r9a35d6b3a5429b,cacheTexture,si
_r7c325bd244cd1d,calculateActualRect,si
_rc981ff43be7740,calculateBounce,si
_r625cf7f446794b,calculateDirectionTowardsCenter,si
_r3eeb86c11c2488,calculateFilledPixelWidth,si
_ra062fd559df9be,calculateHeight,si
_r0cd55c29c0fd99,calculateLastPage,si
_r2c851205adf7fc,calculateLength,si
_ref91e6c93de3ea,calculateNumOfPagesAvailable,si
_rb5dcbe21304366,calculatePageCount,si
_rce2b3679f01a85,calculatePagePointSpan,si
_re4af2754e1b8c1,calculateProgress,si
_r16960add3fa44d,calculateWallEndPoints,si
_re80458ef3d3893,calculateWidth,si
_r77e9bed5efef23,calendarData,si
_r1e7932acce3756,call,si
_rda3eaae6e9458c,callArray,si
_r167e225440d1d2,callerUserInfo,si
_r557b7273c96633,campaignCode,si
_rc99cf7a5beb9fa,campaignImage,si
_raf4bfc7f6eb03f,campaignName,si
_r28f8783ba38853,campaignizeMeterElementAssetUri,si
_r1b3934d1c78b73,canAccept,si
_r06cb7d6d8b5b8b,canAddItemToTrade,si
_r85887d3f88a55a,canBeBanned,si
_re2aa66960f8b5f,canBeKicked,si
_r6c58c7df6c1ef4,canBeMuted,si
_r3a4e4919725c65,canBreed,si
_r9b51d0b9936cb5,canBuy,si
_rf5e5c59b6a6d75,canCreateEvent,si
_r2a0c57db9c41bd,canEnter,si
_rf147e234dae157,canExtend,si
_rdfc43cc199c17c,canHarvest,si
_re9a3a3aa862294,canHighlightCurrentVariable,si
_r6dcb300595e1db,canManage,si
_rff3d15e37ce686,canModerate,si
_r2647f195ad09a6,canModify,si
_re8a700f37d7551,canOfferCreditFurni,si
_red2e4616446d9b,canOfferFurni,si
_reae070eae9b93e,canOfferNormalFurni,si
_r870e54d5fecf7f,canPostMessage,si
_r044fbeb42be997,canPurchaseSelectedOffer,si
_r03c517cca8ca1c,canRemovePet,si
_rf292141ea8f976,canReport,si
_rfaacaff309d985,canRevive,si
_r3494292ecc5e83,canStandOn,si
_ra7465bf87c30f4,canStretch,si
_r193049127fb2ed,canTrade,si
_r97d0297407ef94,canTradeReason,si
_r7046139f392ea6,canWithdraw,si
_r744cc377bab008,cancelAutoScrollToLatest,si
_radc7d70e2bde5d,cancelBreedingPets,si
_rda1206caa56f5d,cancelButton,si
_r9a08e4177e55d0,cancelSearchButton,si
_r14d7fb9dd43707,cancelSpringback,si
_r8f25e905c1bb51,capacityInput,si
_rb72d785f0a233f,capacityInputBorder,si
_r6c147e11b0e0e8,capacityOptions,si
_rd72352e1007417,capacityOverrideContainer,si
_rb1fcb61bb28898,captureHanditem,si
_red9d81c55d9bec,carryItem,si
_ra091bbf2c0e773,carryUsersMode,si
_rdd213fe984b523,catalogNavigator,si
_ra062deab05845b,catalogPageName,si
_rcc44c0b945de18,catalogViewer,si
_r5a6d7b0fb98c21,categoryHasStyleMatching,si
_rebe7380e6315eb,categoryId,si
_r817c76609afc95,categoryList,si
_rf641dcc55d2b62,categoryMapping,si
_r1ea2f86184dacb,categorySelection,si
_r0c24580bcc7650,centerActiveElement,si
_rc8203ac0f59c45,centerContainer,si
_rb31cdb24dddb89,centerScrollableViews,si
_reb3007a36de378,centerTabLayout,si
_r5c39ae09b41eb6,ch,si
_rdd67a363c986dc,changeLocation,si
_r19bb66fdd99c82,changeMode,si
_r683c23fcb11b2d,changeToAfterSkiState,si
_r8e81aba1900200,changeToLobbyState,si
_rbcb0572d9d52fb,changeToPage,si
_r0fd822e92694d6,changeToWaitState,si
_r6a9a72e5e25b92,charLimitWarnArea,si
_r624a569603c98c,charsAtWordIndexes,si
_r114cf1898d6a73,chatBarReminderShown,si
_rd85c3dca731625,chatFlowViewer,si
_r40e5cb9b4a0d77,chatMessage,si
_r7696f0e63ac7c3,chatSettings,si
_r9a4c3c8dc63e79,chatStyleLibrary,si
_r2841d7984f4714,chatType,si
_refd4aa753d6034,chatterName,si
_r5353738a8a8851,checkAndCreateImageForCurrentState,si
_r8d01c1a8c3aeca,checkAutoHandling,si
_r06d20514ada20b,checkBlockStatus,si
_r628d1b4a8acaec,checkForHcMembership,si
_r9839c5187011f8,checkGameAmountStatus,si
_rc3e114a20866c8,checkIfReady,si
_re4c0ed0a921d23,checkIsImageLoaded,si
_rdd95f2394bb740,checkLocalization,si
_r092d1fc9e1e782,checkPrice,si
_r84fc4ee00ccd8a,checkPurseBalance,si
_r5e64d8e00677cf,checkRequiredAttributes,si
_re3834ca6bfa38c,checkSizeLimits,si
_r355069fd0c8f8d,checkUpdateNeed,si
_r5f83c533e43945,checkValidToken,si
_r9d48e321473f0c,checkboxWindow,si
_rd3b4656eee5dcd,checkedName,si
_rf768d2d96c84ba,chestContents,si
_ra334736b06e6c6,chestId,si
_r71a3ab96505f61,chestName,si
_r29bcd6f54aa887,chestType,si
_r65222c8d551c3f,childPresets,si
_r176a5e93df8864,childrenCount,si
_r2a2665f599f3a9,choiceText,si
_rfc38b67225e613,choiceType,si
_r75896c07929159,chooseEnvironment,si
_rea01477560b265,chooserItem,si
_rdc6c49df0ece7d,citizenshipEnabled,si
_re40394d242b2b7,citizenshipTalentTrackEnabled,si
_rf1b2249e37f547,claimButton,si
_r452d7436b38698,claimButtonContainer,si
_r30edd97ad84814,claimButtonText,si
_rfd4396da343ad2,claimContainer,si
_r3e8fda60b41ec6,claimId,si
_r075b89cd4f7fde,claimItemWindow,si
_rb6667dcadf66a1,claimLimit,si
_raaaf7957e34d44,claimRequirementsBubble,si
_r2a7f2c544b7c9c,claimSpacer,si
_r768f5ca2082fb4,claimView,si
_r561e93a6ebcf93,claimableIcon,si
_r8abb65778bb681,claimedAmount,si
_r1fbc5048285a65,claimedIcon,si
_ra067e3aef98549,claimedPrizeCount,si
_r9d61f20cce77bb,clamp01,si
_rc4b8e0f19cbf6c,clampOpacity,si
_r558c0680df9813,clampPosition,si
_r9d52e377c3b484,class_2039,no
_r259b2152f325e9,class_2100,no
_rc5d0c5b0efcfbf,class_2116,no
_ra63520cd24de6d,class_2117,no
_r679839a184615b,class_2147,no
_r65ba8acb7aaf80,class_2157,no
_r425369e429c65f,class_2189,no
_r06ea029cfd2a57,class_2240,no
_r8ca786de0dc997,class_2482,no
_r56f740a74a0dc0,class_2746,no
_r53e901b5d57049,class_2788,no
_r217ea74f10a365,class_2912,no
_rf95ccddc94b0d0,class_2980,no
_r7cd31c372f85ca,class_3143,no
_ra6788d7442b70c,class_3304,no
_r3c867fadb400d2,class_3622,no
_rad908ce07b28f1,class_3640,no
_r28bc5e92bfd451,class_3740,no
_re41f5189d17380,class_3770,no
_r9f8de01cfe04b3,class_3784,no
_r79da77f71765f1,class_3951,no
_r61414168fdabd0,class_4105,no
_r20c70c2e4393c9,class_4182,no
_r203c88a7d652d6,class_4223,no
_r3238aa17aab20f,class_4246,no
_r2e860e8e9b6133,class_4296,no
_r1c947defa0f0c2,cleanPoints,si
_redbbd277e523e0,cleanUp,si
_r861ae10e22a1db,cleanupAvatarString,si
_re6c1204ecd4998,clearBadges,si
_rcef8d37632d954,clearBitmap,si
_rfba8430ad66854,clearButton,si
_rac2670d50fbf8c,clearCache,si
_rc8c9cc280f3c45,clearCurrentOffersView,si
_re1d673477be136,clearErrors,si
_rf63a653e2d22df,clearGlow,si
_r6db8613ec78a31,clearGroupBadge,si
_r8c6dc558bdab1c,clearGroupViews,si
_r4e2f5353cb46dc,clearHighlight,si
_r2e5193941c6f58,clearIconAssets,si
_rcc0fafa0dda26c,clearInfoEntries,si
_r7647e07bd32f7b,clearInput,si
_r7d88be966ecd14,clearItems,si
_r444d986dd3ecb3,clearNameField,si
_rb15250f1c14a88,clearPages,si
_ra2e0385643b7e8,clearPendingBadgeDisplayRequest,si
_r5838bdebe99133,clearPlayers,si
_r9237fb62d34d85,clearPreviewer,si
_r8a15c95dd75ecb,clearProperties,si
_rcd63f0bb615ee6,clearRewardBitmap,si
_r8b9632268de583,clearRoom,si
_r8e791b456a64bf,clearRows,si
_r37cd9a82416a4b,clearSearch,si
_rb7bc28dae1d816,clearSearchButton,si
_rdd7609ad2c7b97,clearSections,si
_r70650e370dca5c,clearSelectedBadgeDetails,si
_r578129382d6c50,clearTabs,si
_rde5f2f028954b5,clearTimers,si
_r60e2334b35a6c7,clearType,si
_rd603daf54f56eb,clearUnseenCounterForHabbicon,si
_rc3e2850f3e5e0b,clickArea,si
_r9bb9cdeec11588,clickHandler,si
_rfd67080d9dcffb,clickHandling,si
_r03e8034c4f4887,clickRegion,si
_r997776a0d28404,clientWindowDestroyed,si
_rfe4a39681406bc,cloneAndSetSkillsWithCommands,si
_ra68b988126b6d7,closeAllOpenFrames,si
_rd838bf6d9781ce,closeAndLog,si
_ra60246decee8dd,closeButton,si
_r9534639b916eb4,closeConfirmation,si
_r999ab817323cfd,closeCountdownText,si
_r052d37a55b061d,closeOpenCantConnectAlerts,si
_r7403602651b633,closePremiumPurchaseConfirmation,si
_r45e5a878d5edfd,closeReason,si
_r071a9b4797f7cc,closeRegion,si
_r6eca244753f653,closeTourPopup,si
_r91501e6a641b01,closeTrainingView,si
_re83394c8f7eedf,closeWebHabblet,si
_r184ba0eceb8834,close_notify,si
_rfb8e8629ab15cc,clubDays,si
_r231b19c70301ad,clubMemberLevel,si
_r17e4b0c59918ba,clubPeriods,si
_r10804a6d83c0f4,cmn,si
_rfa1e772c1bf3f3,coinAmountText,si
_r743d9cb81dde5c,coinIcon,si
_rdf6cf928e1c6bc,coinsIcon,si
_r6e18d60b21ab06,collapseView,si
_r2e1703d59d6661,collapsedView,si
_r6e88b1cc3372cb,collectButton,si
_r6c60d400ef051f,collectMatchingNames,si
_r98922d2615417e,collectSelectedEntries,si
_r4ef2b1fe4f7fcb,collectiblesAvatarInfoContainer,si
_rc359170e110f78,collectionClothes,si
_r5a68a00d618b54,collectionContainer,si
_r7da60f045c9848,collectionGenesis,si
_rbabec36a890505,collectionId,si
_r295981dc58a7be,collectionProgressContainer,si
_rb4951902b1290a,collectionProgressRewardText,si
_r0352d237ba0b7b,collectionProgressScoreText,si
_r175ff21dd2dc47,collectionText,si
_r5d3963254c2669,collectionTitle,si
_r09114634620f65,collectorLevelBg,si
_r44a92de588bcb0,collectorLevelBg2,si
_r544858fc20699f,color,si
_raad6a59ab6a583,colorByRuntimeValue,si
_rcc023e3f76c42d,colorOptions,si
_r3d06863d7b91ad,colorStrokes,si
_rfb71652026ef74,colorStyle,si
_r6add42b22231b2,colorizeBitmap,si
_r1fa40cd5ace34a,colourIndex,si
_rdde1673f90d2de,colours,si
_rbfffbe1972a2b6,colsWidth,si
_r3ba97975a1fada,commonAssets,si
_r8ee98b641370d5,communication,si
_r196d7cf703f739,communicationManager,si
_r2947ad60f5e008,communityProgress,si
_r41e0daf37103eb,communityTotalScore,si
_rd48bade56c1eca,compareIntArrays,si
_rfaba38dc748cf2,compareNames,si
_r910552945b6e50,compatibleCalculateDirectionTo,si
_r41599c65367d9b,competitionStatus,si
_r313a5e05756faa,completedCampaign,si
_r366e5201f9983e,completedIcon,si
_r9906aac2efd90e,completedTaskCount,si
_rbe6d66232155ac,completionColor,si
_r19f98e157098a6,completionContainer,si
_r07efa83736cd41,completionHeaderContainer,si
_rc3735f696e1952,completionProgressBar,si
_re0d21644af91d9,completionProgressBarBottom,si
_rd399933c01a8b4,completionProgressBarPadded,si
_r62bfd05cf05c9f,completionProgressBarText,si
_r70c789e5b1f16f,completionProgressBarTop,si
_rc4dd4e185938b2,completionRewardNameText,si
_rfb91b474b6e819,componentToAngleArray,si
_r27cd13416a7c7f,composeBitmap,si
_r4d55c6e8ec2978,composer,si
_r2d883a6a7b6197,compress,si
_rb116b6c2b6caf0,compressData,si
_r5bc87f37c8ecc5,concat,si
_r79042cadbf7d5b,concatListWillEqual,si
_redd528c22523db,conceal,si
_r06b1b82a9cd726,conditionQuantifierOptions,si
_r643d10099dd4d0,configId,si
_r3c553456e59b42,configs,si
_r81e85f6767224a,configureContentColumn,si
_re55d7dfe2956d8,configureLayout,si
_r8c6dd2adce6068,configureParticle,si
_r60e4b1edd7a417,configurePopup,si
_r3f8bd505d5d592,configureTiming,si
_r9a7909a61464e8,confirmBody,si
_re32a06ccd4f139,confirmButton,si
_rd15c3494e1a161,confirmTitle,si
_r441e13f3954339,confirmWidgetHandler,si
_r2959c3cce37ad1,confirmWithModal,si
_rb290ef4b57ec4b,confs,si
_r42da6a8aa94d5e,const_100,no
_r7cbcd843a36dfd,const_1000,no
_r91c198ee1aec35,const_1001,no
_re26cd850f4e0c5,const_1002,no
_r475ad80d36f5f7,const_1003,no
_rf0bc2bf8a73555,const_1004,no
_rbc7a68864b1a23,const_1005,no
_r51267652a7779e,const_1006,no
_r55d17ebb154d7d,const_1007,no
_rff6bfa95993b65,const_1008,no
_r71fb08b185671d,const_1009,no
_r72b2060f09aa56,const_101,no
_r72be71f6a638bb,const_1010,no
_raa106014467a17,const_1013,no
_ra2a63632b581cd,const_1014,no
_r7d799473e7b01b,const_1016,no
_r8f3a638b87d5f9,const_1017,no
_rfc8c15b465ce19,const_1018,no
_r5ef7414c7ccb93,const_1019,no
_r2221e90353f956,const_1020,no
_r22e18b95a802b4,const_1021,no
_r569b76ea2de4c5,const_1022,no
_r51471cfe6bb915,const_1024,no
_r079070685cc20a,const_1025,no
_r596ea608ad61ad,const_1026,no
_r137949a7f9b0db,const_1027,no
_r47ab071b2b8726,const_1028,no
_r31911259477f13,const_1029,no
_r9d5a40504ac94e,const_103,no
_rc78aaefa8dd232,const_1033,no
_r801033a6383802,const_1034,no
_rdb9df834c96b9b,const_1035,no
_r01c2c93e426158,const_1036,no
_r332e8c98ef18a6,const_1037,no
_r1cc9844acd9269,const_1038,no
_r48b3c749fef3ca,const_1039,no
_r04ef3ee5e685ed,const_104,no
_ra3057961bdb746,const_1040,no
_re27bec313ba125,const_1041,no
_r2da3534a0033a7,const_1042,no
_r151d8b1ce70cf4,const_1043,no
_r710b4316f50684,const_1044,no
_rb32d982eabf3ca,const_1045,no
_r2d1b4f8420c7f4,const_1047,no
_r03374184d1c4f5,const_1048,no
_r88fca50da33746,const_105,no
_rce41a1801c50bb,const_1051,no
_rf5870143797a26,const_1052,no
_r6b74b6eab9cb31,const_1053,no
_r6484cc090b77b2,const_1055,no
_r9e8ca585afc0dc,const_1056,no
_r355f1864942750,const_1057,no
_rd03bf629fed87b,const_1058,no
_r71d658d3270009,const_1059,no
_r69270a1a322c08,const_106,no
_r894a6bcd5291b8,const_1060,no
_rac8a04b88089e1,const_1061,no
_rd849a3ff149673,const_1063,no
_r204d5defe28f07,const_1064,no
_r0594ff3574f7ba,const_1065,no
_r32035227a83504,const_1067,no
_r8c7cc34f51373d,const_1068,no
_r296472bb2caf7e,const_1069,no
_rb9e24b517855cd,const_107,no
_r06ada1d2e5f1c4,const_1070,no
_r37da1a198a9d90,const_1071,no
_rd9755dda1cc26c,const_1073,no
_rc5039a3ff833b4,const_1075,no
_r4b0f5353b7b4d2,const_1076,no
_rf149d43ae61664,const_1077,no
_r0927eee6db855b,const_1078,no
_r3d5c52cea05b41,const_1080,no
_ra9b15ee9987cd8,const_1081,no
_rfb510232901489,const_1082,no
_rb304c99ea4616a,const_1083,no
_r107e3e8b50cbe7,const_1084,no
_r66bf996be12fd0,const_1086,no
_r2249913f3e0d7d,const_1087,no
_r9df3acf6c94e37,const_1088,no
_r75c257faa47b2d,const_1089,no
_r994ceadf7389e5,const_1090,no
_r69b0540ef61aae,const_1091,no
_r2809d164948e3b,const_1093,no
_r2461a80699a60e,const_1094,no
_r91464b288354e1,const_1095,no
_r70c2dbb8d340da,const_1096,no
_r4d899d2efe3190,const_1097,no
_r5d6d50f72147ba,const_1098,no
_rb291a85ebaffbc,const_1099,no
_ra032b991ce7052,const_11,no
_r2f3c639d8e1e76,const_110,no
_rde25621e696145,const_1100,no
_r69b7d74901fef1,const_1101,no
_r2a14901a81c9dc,const_1102,no
_r516bfc63a6d31c,const_1103,no
_rdd2c2a55d7fca9,const_1104,no
_r24e8708c9c1ad1,const_1105,no
_r1eae1d2df9b6e1,const_1106,no
_r8469d2e4139ae4,const_1108,no
_ra21e4a2a7eb7ff,const_1109,no
_re218e96e14b7f0,const_1110,no
_rc7c84be76f9649,const_1111,no
_rb1e699f63498bd,const_1112,no
_re6434b68e52aef,const_1113,no
_r5ce797c24f79e9,const_1114,no
_r7c8e62f153962c,const_1115,no
_re757ddd91b53b9,const_1116,no
_r44a6f59bd8e98c,const_1117,no
_r6ee99e72ed892b,const_1118,no
_re5f97e8d8b867e,const_1120,no
_re8043ad6771a55,const_1122,no
_r673278cab9db53,const_1124,no
_rf9abefff233ecd,const_1125,no
_r9d0f3f55937c44,const_113,no
_r9d07947c6d70b6,const_1130,no
_r2cb198101ff538,const_1131,no
_r689c5ee05a30db,const_1133,no
_rcc54b61f9eaa53,const_1134,no
_ra42a16be8f7b91,const_1135,no
_rfaad6d83d8202d,const_1136,no
_r27bf0e83677705,const_1137,no
_r3ed0de0637e585,const_1138,no
_rc753cc4bdabbf2,const_114,no
_rf03346be590102,const_1140,no
_r8d5132b01a3127,const_1141,no
_r82aaa138d6911c,const_1143,no
_r412d07e246c9a8,const_1145,no
_r4242696738705c,const_1146,no
_r56454e20e83efe,const_1147,no
_r2f160e6253a775,const_1149,no
_rfdfbd42e1b59ce,const_115,no
_ra014b94ee8f760,const_1151,no
_r61d58ac5753c31,const_1153,no
_rf7a5ea7909074e,const_1155,no
_r0a6d72e4be2724,const_1157,no
_rc8a66b00ab5ab0,const_1159,no
_re25f95f141148f,const_1160,no
_rf9ef392ccbcba6,const_1161,no
_rfb35a0853b70c0,const_1162,no
_rd2af8a21579fb9,const_1163,no
_r0084299d77e619,const_1164,no
_raf9dba2671b6fd,const_1167,no
_rd702747c30e15e,const_1168,no
_ref004f9b6c9067,const_1169,no
_r85b573920f81cb,const_117,no
_rcf59cdade3a119,const_1171,no
_r576d33ef1d4fdb,const_1172,no
_rfefc7855aafad1,const_1173,no
_r5369ea33279b80,const_1174,no
_rea7814c128be09,const_1175,no
_ra31fa85aa6ea1b,const_1176,no
_r8e5c4e3444ab4a,const_1177,no
_rb8acfb5f89e6cb,const_1178,no
_r8ef99f56419cdf,const_118,no
_rc00d0f6778492d,const_1180,no
_r83e38ec5016191,const_1182,no
_rd3a14bc9cc14b8,const_1183,no
_r5cc78bc7e3d18d,const_1185,no
_r63ffb723286010,const_1187,no
_r72b18fd02fda32,const_1188,no
_rb6bdb12aadfa26,const_1189,no
_r2c6145d1881fb7,const_119,no
_rda6f0df90c9a16,const_1191,no
_r7c3f44fddf218e,const_1192,no
_r2bc1f1fd80dcbe,const_1193,no
_r785216c0926e64,const_1194,no
_rd657191cfc26c2,const_1195,no
_raa40d7492ada8d,const_1197,no
_rb16c6bd781d561,const_1198,no
_r49f8db9bf971c2,const_1199,no
_ra6e32f2c7a2111,const_120,no
_r239486484b9a7e,const_1200,no
_ra5b59dbdc2aac6,const_1201,no
_rcf1a6f8c2802ff,const_1202,no
_rc9a63d8f345620,const_1203,no
_r5e6cf8c6e18f67,const_1204,no
_r0b16c7538b0bcd,const_1205,no
_ra6c3e6dfc42943,const_1207,no
_ra4804996c39186,const_1208,no
_r3405a43c4ee40d,const_1209,no
_r6ccf2bca5d8770,const_121,no
_r58404e24215704,const_1210,no
_rcedf9c26279d42,const_1211,no
_re30d7fd79cee5c,const_1212,no
_rb1422b22039ee1,const_1213,no
_r2c534515bfbb6f,const_1215,no
_r0683302379cfe8,const_1216,no
_r961d64ad4b2a7c,const_1217,no
_r5072dbd6f4f485,const_1219,no
_r38906554d7df84,const_122,no
_r736113d850face,const_1220,no
_r0593978955d3bf,const_1221,no
_r13f1bd41189e9c,const_1223,no
_r55e8d41db8f4e4,const_1227,no
_r93e2648e50bdec,const_1229,no
_r44f54a9a6e923a,const_123,no
_r5255c7a1031d0f,const_1230,no
_rf96bf423908f64,const_1231,no
_r8e5eb77ad35e5f,const_1232,no
_r4a0b6d9598ff59,const_1233,no
_rfceaaa41084b89,const_1234,no
_rebd1b32a769c26,const_1236,no
_r37b8f243598566,const_1237,no
_r1a466ff2a174fe,const_1238,no
_r50c47ff195188b,const_124,no
_re67ed499b25ae9,const_1240,no
_r9a929b69ea8838,const_1242,no
_r9ce99a6b7f0661,const_1243,no
_rbb21059f5ab31c,const_1244,no
_r01816e72aabe8f,const_1245,no
_r2c0eded347e849,const_1246,no
_r820e0c88e71d7e,const_1247,no
_r10157e34f6c1fb,const_1249,no
_rd3ccd88db252c8,const_125,no
_rc33146c11377a8,const_1250,no
_r8f63a9dc59cc90,const_1252,no
_r871a8b737e0a3a,const_1253,no
_r76e58ad5dd88d9,const_1255,no
_r1c2229cdf6c383,const_1257,no
_rd8ae6c591985d8,const_1258,no
_r85424f37e63206,const_1259,no
_r20a34474bb7078,const_126,no
_rb0a107b486b214,const_1261,no
_r3ed02a0d003a47,const_1262,no
_r10baccbcdfcc07,const_1263,no
_r0bc9a79ddda804,const_1265,no
_r94da3136bcc2aa,const_1266,no
_rf8a00e7e0de2af,const_1267,no
_r98409fa0b9c73d,const_1268,no
_rd6bde3a4541b22,const_127,no
_r2492ff0464f367,const_1271,no
_r1b5f93d3cbc0ba,const_1272,no
_r462f3d69c1bb9f,const_1273,no
_rbcb9f63c6731a9,const_1274,no
_ra112319a4bb7c6,const_1276,no
_rc01249fa0d8829,const_1277,no
_ra9a4699afb2dff,const_1278,no
_r910c7a2e6984c8,const_1279,no
_r2090ec99f9c1a2,const_128,no
_rc64cfe8a51335d,const_1280,no
_r849d9e083e93ca,const_1281,no
_rc9337d67701501,const_1282,no
_rcf27f764f50926,const_1283,no
_r7705b3679a2247,const_1285,no
_rabf1003fb4fa93,const_1286,no
_r02fe0bea88d2d7,const_1287,no
_rb6d352a8060f08,const_1288,no
_ref51a31de4fd4c,const_1289,no
_r385c3708023110,const_129,no
_r74e58f4239fffc,const_1290,no
_r72a736ede2f1ac,const_1292,no
_r73186eefecb90e,const_1293,no
_rc7d632256e9705,const_1294,no
_rff45fced4d4287,const_1295,no
_r88efb1c54b4510,const_1297,no
_r4892cbfa6debbf,const_1298,no
_r5b937f2d711e66,const_1299,no
_rc21e3a5c3da21f,const_130,no
_rda511cb3d4ab32,const_1300,no
_r29136b4139aea6,const_1302,no
_rb10bf10283b073,const_1303,no
_ra2632fd218e691,const_1304,no
_ra76f3f7d954f8d,const_1305,no
_r65770957f258b7,const_1306,no
_r3507103becc6eb,const_1307,no
_r13637a60d65074,const_131,no
_rc9e17ba9828268,const_1311,no
_r62f413712b7c76,const_1312,no
_r5fb9741a323e8d,const_1313,no
_r34c7cb2fa91c5e,const_1314,no
_ra5ce0f0c0067a8,const_1316,no
_r8fc4dc7a00ef75,const_1317,no
_r3083224c6c26f4,const_1318,no
_r00b0ad86ec4c79,const_1319,no
_r267ece34297428,const_132,no
_r08201c62bea959,const_1320,no
_r04101d765c74c0,const_1321,no
_r263d25a0e87722,const_1322,no
_r11039ef0e1c852,const_1323,no
_r3e68ba90467f58,const_1324,no
_r749f5374e73c37,const_1325,no
_rde8d2fb869808e,const_1326,no
_r1a8379a50c0c13,const_1327,no
_rc8dd827a572151,const_1328,no
_ra6f827236ef500,const_133,no
_r09c4e9ee5a9b59,const_1330,no
_ra1f5646782bf18,const_1331,no
_rf170fe9e0ed35a,const_1332,no
_ra9dbb4225b5914,const_1333,no
_rf4aaf05a75e7db,const_1334,no
_rafd3e03f19fb0d,const_1335,no
_r27071634d57f39,const_1336,no
_re8f654d6235ada,const_1339,no
_r8b4b65186e9c4b,const_134,no
_rda7d1bee46f795,const_1340,no
_r0c53d228b03bd2,const_1344,no
_r2be21c1ef87908,const_1345,no
_r359d80a4c158b9,const_1346,no
_r8f8fb79105687c,const_1347,no
_rda5eae9f82b942,const_1349,no
_r32ad0df81fd6b3,const_135,no
_r1df88d2c2d17da,const_1350,no
_r9c4d19ab7edd6d,const_1351,no
_r4cdedac020591e,const_1352,no
_ra847327d69397e,const_1354,no
_r258ae94eea7887,const_1359,no
_rc80a7300d43a49,const_1360,no
_r42db56d0323869,const_1361,no
_r81767e020dea27,const_1362,no
_r4351bd5a180bbc,const_1364,no
_r80b208cbf3cea1,const_1365,no
_r8ba256518322a8,const_1366,no
_rbc1fc3ad9f5e73,const_1367,no
_r89827e7be85f12,const_1368,no
_radd00a2fbc84fd,const_1369,no
_r211b65f5fbf631,const_1370,no
_r6364f2f4df18c2,const_1371,no
_r140c127e507f9b,const_1373,no
_r077cdeea62849c,const_1374,no
_r24eade61a27c98,const_1375,no
_rd918db0412933a,const_1376,no
_r6b0f4361593aa9,const_1377,no
_rbc02470cf93a63,const_1378,no
_r6d44c196867508,const_138,no
_rf22889f832f66b,const_1380,no
_r96540c9ee31678,const_1381,no
_radb522ef16d34b,const_1383,no
_r4df83e502d8347,const_1384,no
_r962da462353f13,const_1385,no
_rcc1d4508e56487,const_1386,no
_rfff7abe1ebca7f,const_1387,no
_rf37d9f96093610,const_1388,no
_r85af5a631b10d9,const_139,no
_r55d2be465a7436,const_1390,no
_r7b455c66c2cb13,const_1391,no
_r7779d7bcef6729,const_1392,no
_rb9d765f05221b1,const_1393,no
_rd45aeabc2d38e1,const_1394,no
_rfd60e0e2c2baf8,const_1395,no
_rb94804b5870758,const_1396,no
_rce35cc2eb3f84a,const_1397,no
_rbfd0ace40f76df,const_1398,no
_r015ce1b8cf6afa,const_1399,no
_r7112c5d3e5af19,const_140,no
_rbba8fbb214d275,const_1400,no
_r050cdedba348e9,const_1401,no
_r36d74f73e6d37f,const_1403,no
_r9485abaf7afc64,const_1404,no
_r9c723441fb43f9,const_1405,no
_recbc27c9e48603,const_1407,no
_r59987bad9e13f7,const_1408,no
_r9fb1a8be590a0e,const_1409,no
_radbb3f66205ee0,const_141,no
_r2c7c5111efbc94,const_1410,no
_rb16779814c0384,const_1411,no
_r9a52058c99dd24,const_144,no
_r521ba2ef91e4f8,const_145,no
_recfaa03a3374d3,const_147,no
_raa07340f16a052,const_148,no
_r43244d53ed3340,const_149,no
_r85bc82b412b2ad,const_150,no
_rbbd5d612340760,const_151,no
_rcf9ad091dff4da,const_153,no
_re50683c25cf27d,const_154,no
_r41bb33021120a0,const_155,no
_rf530ff80c845e0,const_157,no
_rf3b20620302c54,const_158,no
_r31dd614718e477,const_160,no
_r122a693a16f3b8,const_161,no
_r97d7a9ecca7b75,const_163,no
_rf64ef1d57039c2,const_164,no
_r2583c97d66345c,const_165,no
_r453bee260a425e,const_166,no
_r7f4314d2a4b612,const_167,no
_r5d09544a9deb65,const_168,no
_r235f28d01c7cdb,const_170,no
_r80f1b74fedabbe,const_172,no
_rc27f62e15247c5,const_173,no
_r787320b2501a0e,const_174,no
_r85b470ffc4c3d4,const_176,no
_rce3f05f14e13a6,const_177,no
_r60681322ade1db,const_178,no
_r1b129ef46547a9,const_180,no
_r61329ba690cdfb,const_181,no
_r8aac526dc423e3,const_182,no
_rd0f8c655ecf7a1,const_183,no
_r1ebbffe6a14325,const_184,no
_r96053039dd4e2e,const_185,no
_r97149a78c6cb95,const_186,no
_r91c96e1cd70f21,const_187,no
_r61ea71c060879c,const_188,no
_r17800e395de70a,const_189,no
_r3481a024639f70,const_19,no
_rc6ea1fc1c04645,const_191,no
_rf4813eb2210854,const_192,no
_r54732b7ba30e1b,const_194,no
_r63cabacfad64a9,const_195,no
_r9be1cbc5bd62b4,const_197,no
_r67e99a3d8191fe,const_198,no
_r169cf4c428f7bd,const_199,no
_rd268cb0d2c55fe,const_20,no
_rad2ec126345338,const_200,no
_r6d44f2fed23c4f,const_201,no
_rf785d2f85becc5,const_204,no
_r2d8b3b679d8618,const_206,no
_rdd9fceea3fbf54,const_207,no
_r1e35094a876f67,const_209,no
_r0a1dd7fb9c61f8,const_210,no
_rb919403eb5ed0a,const_211,no
_r56eb894ddc012f,const_213,no
_r46c408a84811d4,const_215,no
_re15395655567df,const_216,no
_rd93267cc71a461,const_218,no
_rb3a85e18dad336,const_219,no
_rfd1ca60d6ee18d,const_221,no
_rcbcdc1cfe32fce,const_222,no
_r24b1a5835ce127,const_224,no
_r3b5c26278d5ea0,const_225,no
_rb23c6e5c5dd628,const_226,no
_r73cc2f400ee810,const_228,no
_r7646273305b013,const_230,no
_rb883a881a47212,const_231,no
_rd5dc6641bd4cca,const_232,no
_r39b1db0a4913f7,const_233,no
_ra47f5ac3e35a71,const_234,no
_rfb3cc63daff8cf,const_236,no
_ra24189b6fa93ab,const_237,no
_r4cc6d4cbe7871d,const_238,no
_r9083ec8bf82e34,const_241,no
_ra4d1832f0d82c9,const_243,no
_r7df85a40d9dee6,const_244,no
_r2ddd20fae9ef3c,const_246,no
_rcf88df0b5e598d,const_247,no
_r93411103f3cd5a,const_249,no
_r5f05ee26f60af0,const_251,no
_rf3f4f82fd346cd,const_252,no
_rbac7bdfd5a4daa,const_253,no
_r13e17898630f4b,const_254,no
_r136def5bfa4cca,const_255,no
_raff13ff39c2d9f,const_256,no
_r3fd95ec4a976d8,const_257,no
_r17f024a9486a87,const_258,no
_r23bcac0f8e395d,const_259,no
_rd4433ad1ceb804,const_26,no
_r06ff3ee19deee8,const_260,no
_r68e2110f71485c,const_261,no
_r52c8db052d4520,const_263,no
_rcbf0efb9b5dfab,const_266,no
_r0a4791062fb279,const_267,no
_r7e93183b45c512,const_268,no
_rd3445acefdffa1,const_269,no
_r01da13069eaee6,const_27,no
_rdd4bb85bc85ddc,const_270,no
_rd81ca138dfa516,const_271,no
_r4939d01a05f1bd,const_272,no
_rdff0b18db67909,const_274,no
_rf419879f1577a8,const_276,no
_rcc2890fc489313,const_277,no
_r1eba046c13e7cc,const_279,no
_reeaed037d01025,const_280,no
_r3dcae2463297ee,const_281,no
_r2de09564c961e9,const_282,no
_r8990b6cb221267,const_283,no
_rbee1824df32138,const_284,no
_rd7eca1ccd23a3c,const_285,no
_r3de9c3000f35ba,const_287,no
_r5fde454730d13d,const_29,no
_r88c312733165f0,const_290,no
_r008ecb9e571c14,const_291,no
_r1dcae486180df6,const_292,no
_r01ba2aee5991e8,const_293,no
_ref741d7082fe5f,const_294,no
_r3e7295bdbd6e81,const_295,no
_rf7415fedf1d040,const_296,no
_rfc1ae79f229aef,const_298,no
_r7adc5ef068c698,const_299,no
_r6d25a239509e35,const_30,no
_r5870b5a15e283a,const_300,no
_r1960cd1973bc51,const_302,no
_r593c68f7018cea,const_303,no
_rdbbd342bdc606d,const_304,no
_rbb4bbf5b9a46f4,const_306,no
_re9c9207cd5a9a7,const_307,no
_rac315675d248ab,const_308,no
_re401734c3a30f8,const_309,no
_r3d1f35a2445993,const_310,no
_r4494e99777f2d5,const_312,no
_r3a88155aaf8c63,const_313,no
_r86c6d33a7c265d,const_315,no
_r46c3b12f737432,const_317,no
_r4fb76813ebafab,const_318,no
_r3d3a855bf203a3,const_319,no
_rbdde5b815efe61,const_320,no
_rc6dfd9947127cc,const_321,no
_r2e4603e3b98c33,const_322,no
_r2c5daff309f306,const_323,no
_ra0ff6744ac0278,const_324,no
_r69f6fc440938da,const_325,no
_r54076a0af1bd07,const_326,no
_r81a57bd439acbf,const_327,no
_rb4d35c3a7f6695,const_328,no
_ra548aae26377a7,const_329,no
_r59670e50a4c728,const_330,no
_r4ba2fceed3cc7b,const_331,no
_r499298d82186c9,const_332,no
_r373f316daf6f18,const_333,no
_r90bfdb4557e355,const_334,no
_r8e063e814df828,const_335,no
_ree84a2dee78317,const_336,no
_r7f9f2c15a2a5a5,const_337,no
_r2232e6af60a34f,const_338,no
_r7744d5ed8c14d0,const_34,no
_r98fece4f3de400,const_341,no
_re0d027dc366645,const_342,no
_rf65c48d6425eea,const_343,no
_r1d2d39b006e9f7,const_345,no
_r031ef224c572fc,const_348,no
_r1855ed2104e3bc,const_349,no
_r2d949e0c84c005,const_351,no
_rfcd61d6186e770,const_352,no
_r61d7df20bf156f,const_353,no
_r7947cbfdeb7b44,const_354,no
_r80b34c9dee12a4,const_355,no
_r9c9413602e7584,const_356,no
_r4247a8486774fc,const_357,no
_rb6cc30ff8dbfa8,const_359,no
_r349d1fcb2b7296,const_36,no
_r105262b5d135d5,const_362,no
_r20b174877cb685,const_363,no
_r8124907e198f36,const_364,no
_rc3b3c480def64b,const_366,no
_rae8ea6f92f9272,const_367,no
_rac05e1ca778dae,const_370,no
_r6c77d3024485c7,const_372,no
_ra546afc2e74af0,const_373,no
_r6a8408b9fa90c4,const_374,no
_r54cce82feac7e7,const_375,no
_r6a9c0e8aab3aea,const_376,no
_r325ff517e649ab,const_377,no
_rcbc58b7fba2841,const_378,no
_re5fdb6a0ad0285,const_379,no
_rac35661288fbf6,const_38,no
_rb82d7021bdcd0c,const_380,no
_r2ba7aa1777698f,const_381,no
_r7e573fafb1445a,const_382,no
_ra40277b765fa9d,const_383,no
_rd587b21211bb51,const_384,no
_redd6f0326f8584,const_386,no
_r54329297c1e10c,const_387,no
_rc8053246e84352,const_388,no
_r30b8cbfb553da2,const_390,no
_r0a0d8735a81aa8,const_391,no
_r9f142c90cc5277,const_392,no
_r6b88a3db06a7eb,const_393,no
_ra1a7ec08887a8e,const_394,no
_r198abd9e9ae26c,const_395,no
_r8aa6382ceaf924,const_396,no
_r588855425cc22d,const_398,no
_rc64612f0a67519,const_399,no
_r95c92cf047404b,const_400,no
_r4b846284a71eeb,const_401,no
_re22b8f11a809b4,const_403,no
_r45453298824ae4,const_404,no
_rf7d07830cbf1d9,const_405,no
_rb1d36751b3f469,const_406,no
_re1780f41308fdb,const_408,no
_r3f6865c0fef19f,const_409,no
_rc7f71a40645dc5,const_410,no
_r74a35d167c2d48,const_411,no
_r82a819bb995118,const_412,no
_rdec3a1cc12019d,const_413,no
_r3c6974b4ff49a2,const_415,no
_r93c9a784ce9c73,const_416,no
_r1e386f5fe0fb11,const_417,no
_r6389f0636fd40c,const_418,no
_rdec8e75b00b022,const_419,no
_r889d86ddd99b5f,const_42,no
_r967d812814b96a,const_420,no
_r38988377743104,const_421,no
_rd62986cb111eb1,const_422,no
_r31ba6ce1e60354,const_423,no
_r8f70d58929c449,const_426,no
_r3d618e32b0ff0e,const_427,no
_re46079858ce439,const_429,no
_r9b57a1d2511995,const_430,no
_r7659659f0056c8,const_431,no
_r53f4070fa28824,const_434,no
_rf0b4f2a15aa2af,const_435,no
_rc85072bcbb04f7,const_439,no
_rf4aaa6da9732fd,const_441,no
_rd4bf6ccd46a46b,const_442,no
_ra0a87b72c66e0b,const_443,no
_rb3c40058fc6d61,const_444,no
_r310f57d6030139,const_445,no
_r472e8230c3fe3b,const_446,no
_rfe09b20c2087ec,const_447,no
_r01a3cc0531b0b3,const_448,no
_r409057e6b4381e,const_449,no
_r9c8d60b7c1e3d5,const_450,no
_rc21711826ff0bd,const_451,no
_r48cc4b6ee9cddf,const_455,no
_r7b5246e232f423,const_456,no
_r906fefbcd628a8,const_459,no
_r19b3603ef44091,const_461,no
_r75ebcbfc470534,const_462,no
_rec9cd579d280ca,const_463,no
_re12de39c632ecb,const_464,no
_r026ca0db631586,const_465,no
_ra930523a10defb,const_466,no
_rd4d3b362b508db,const_467,no
_r54fb5bcd008bde,const_468,no
_r5b850727753106,const_469,no
_r096d0e907d1290,const_470,no
_r1eb466ff0327df,const_473,no
_r1ef221c8cdfe42,const_475,no
_r519be0f16452df,const_476,no
_rb4465bfe81b24a,const_478,no
_rc8f5dc2572b826,const_479,no
_rc99e10d39048f5,const_48,no
_rc32407479b8ebf,const_480,no
_r9b07f2c6d07ab0,const_481,no
_r252983df8eaaa9,const_482,no
_r576e111aa451a0,const_483,no
_r39741dce627531,const_484,no
_r02082a1c879ad2,const_485,no
_r4fa731ba59c303,const_486,no
_ree8a6cbf09c3aa,const_487,no
_rf27db7fd4661ec,const_488,no
_rc1269dc498b031,const_490,no
_r329a03be6a6248,const_491,no
_r9e58b16594b55b,const_492,no
_re6a0a6109abdb6,const_493,no
_r73c27b669b7d9d,const_494,no
_r4473641615307c,const_495,no
_re911f7dcdc1d47,const_497,no
_r1b081193d2cd51,const_498,no
_r3aabfe56f0050d,const_5,no
_r0c21cae2f53af3,const_500,no
_rb13bf5b8c6cf1c,const_501,no
_r8a2eb2ba5062af,const_502,no
_r94f2377b994e11,const_505,no
_r317b803582e960,const_506,no
_r9153bbe00c8d4d,const_509,no
_r48b58f944a6f68,const_510,no
_rf23cedffac9f23,const_511,no
_ra205f83c085590,const_513,no
_r3efedf0f6f5ebf,const_515,no
_ra01e7e2fd84475,const_516,no
_r7f3a3137996c2b,const_517,no
_r4951b6448751e3,const_518,no
_re8afa30f2fde39,const_519,no
_rff516db6fd787b,const_521,no
_rf624660e4a7059,const_522,no
_rf8e02a244d40e0,const_523,no
_re158037181324c,const_526,no
_r7d52578cb96aaa,const_530,no
_r48223e51e581e0,const_531,no
_r586c06eea2e094,const_533,no
_r243549ab486c1f,const_534,no
_r9b6cffb2cc0bc2,const_535,no
_r00ca32fe59faeb,const_537,no
_rcc836c84a9846f,const_538,no
_r83a1c1298da360,const_540,no
_re0094891937bed,const_541,no
_rb58144e21202ad,const_543,no
_r125d0e628f9775,const_544,no
_r54409402bb9466,const_545,no
_rf2135f1596a211,const_546,no
_r421f2877ae9c9f,const_548,no
_r29e498881de5b4,const_550,no
_r50d5b449b1ad4d,const_552,no
_r4a787b98738f81,const_554,no
_re39ea7b131ffd2,const_555,no
_r33917d074c3f86,const_556,no
_r5fe9a82217212a,const_557,no
_r29b03345f52054,const_558,no
_rc3ab44385e5fc9,const_559,no
_r1dd507e8d8505e,const_560,no
_r3e873b6944d5e3,const_561,no
_r3a0db657a87bce,const_563,no
_r7b5d1a67a2cd21,const_564,no
_r9c2fbe251c7920,const_565,no
_reaba2f332d9f7f,const_567,no
_r3b44b871ac93c3,const_568,no
_r10d4714edf98a7,const_569,no
_rb936a0d09a82ea,const_570,no
_r958c9f6d0a9395,const_571,no
_rf2b7d8a81dfb78,const_572,no
_r37abc7c90e3e92,const_573,no
_r3bff992a375510,const_575,no
_r4dcf941c50ccef,const_577,no
_r9fb7f9ad41b8c4,const_579,no
_rccfc7f0791ca5e,const_580,no
_r4825d55b2d3aee,const_581,no
_rbea625605af7c5,const_582,no
_rc773e35853962e,const_583,no
_re1134377afc436,const_584,no
_r4a5f8c45e47651,const_585,no
_r77ed20f55e39e8,const_586,no
_r96e636bae9481c,const_587,no
_r75f06c1f314f16,const_589,no
_r5f5ca28cf4067e,const_591,no
_r2faac7145ffdea,const_592,no
_r1f792b99aad756,const_593,no
_r1c6712e7c239e6,const_594,no
_rb939d9e09cd392,const_595,no
_r189b26e63f8d3a,const_596,no
_r4d81aa50c909f8,const_598,no
_rb5b17f280a7aeb,const_599,no
_rde9b22f6a4d1fd,const_600,no
_r73017da47f62f2,const_601,no
_rdb2f828eec2c28,const_602,no
_r58a28a2a6ef506,const_604,no
_r689223e0a02c83,const_606,no
_r5ee7d4ee26f371,const_607,no
_rb424196c2dd7d5,const_608,no
_rb78ea5e0480619,const_609,no
_r37e751e957667c,const_610,no
_r2dd39caefebfb5,const_611,no
_r18cf6cffb714b2,const_612,no
_r892ae9fa7bce30,const_613,no
_r4f2aae82e72cfd,const_614,no
_r22bef310f8a666,const_615,no
_rb8dc091c241486,const_616,no
_ra20275c114d1f4,const_617,no
_r6de60dd59fa7e0,const_621,no
_r3b3e669bbbaaa7,const_622,no
_rc73ad06c674713,const_625,no
_ra153892b28f228,const_628,no
_rae69bfbe40a280,const_629,no
_rb5519f79ce139d,const_630,no
_r52b33e98b38ce8,const_634,no
_r580af912b18f38,const_635,no
_rddd01aa1ce2f3e,const_636,no
_r0181e6c54c4071,const_637,no
_r767621294d4dfa,const_640,no
_r4927d92dbd341b,const_641,no
_r949243cd870530,const_642,no
_r22eb82cc5d7318,const_643,no
_rdada76efe134f2,const_644,no
_r26967609c079be,const_645,no
_r0e2baf16327371,const_646,no
_r4e169422ea2aa1,const_648,no
_re7671de817d15b,const_649,no
_ra28cf2bada0302,const_65,no
_r8c59b420dc6c89,const_650,no
_rca1be027c6dca3,const_651,no
_r92126420a8a933,const_653,no
_r210e8d930aedf9,const_655,no
_rafb78bc5dcfdbc,const_656,no
_r66bd43159d3984,const_658,no
_rd37affec81235d,const_659,no
_r282555e97a2141,const_660,no
_re8f4cbd96b6d6a,const_661,no
_rf662bf96bb4718,const_662,no
_r7e1a929fd16222,const_663,no
_ra42d6189e70eac,const_664,no
_r3bc24ab182a7c2,const_665,no
_r60365c153cd163,const_666,no
_r682fb7cbc5ed5a,const_667,no
_ra1f8cfcec75aa5,const_668,no
_reeb3c0db7046d0,const_669,no
_r716f0e1fe3a0df,const_67,no
_r3d03daa22479e6,const_670,no
_r7d978972878880,const_671,no
_redbd7924f08323,const_672,no
_r315a957f1450e2,const_673,no
_r34c08b6c598d8e,const_674,no
_rd3c5781c455fae,const_675,no
_rc376902ef7e7be,const_677,no
_r25b2ed463e27d6,const_678,no
_rcc1f5ff43473bc,const_680,no
_rf00f605e1fa7f6,const_681,no
_r2cdfa6ce9df67e,const_682,no
_r355bd6031b801e,const_683,no
_rf19c3f3002d104,const_684,no
_r061b502e8afb8e,const_686,no
_r1306046af2d9d8,const_687,no
_r42c23f1e830121,const_688,no
_rbe3939f92f3a90,const_691,no
_rcc55127ba51fa7,const_692,no
_rec8d08ed132ca1,const_693,no
_r2d11e981bbbf64,const_694,no
_r4ef6f796250045,const_695,no
_r08410ba43891d9,const_696,no
_r9f8493312d70e9,const_697,no
_rabeaafaea17115,const_699,no
_r229b7013ff3f87,const_700,no
_r8e244618fed722,const_701,no
_rfff45952b74762,const_702,no
_rd83fc44cbfdbe0,const_703,no
_r1bba7aa40c0dfd,const_704,no
_r6c8c70134f26e1,const_706,no
_r7f62084db0a282,const_707,no
_r3fefc4f3f17181,const_708,no
_r4a942219eaab7b,const_71,no
_r614f0ec2b5f6d6,const_710,no
_r8895564e1fe798,const_711,no
_r2821b4f116d196,const_712,no
_r88d5d40920ad0f,const_713,no
_rf3124f4bb613e3,const_714,no
_r31c5eb21e7b99c,const_717,no
_rd58e1ffeaa6223,const_718,no
_r458c1e2124af87,const_72,no
_r6d31d0f67f81aa,const_720,no
_r2ad1f4314512cc,const_721,no
_r7b1d88ed306c1e,const_722,no
_rd72130310455d4,const_723,no
_r3ff299bfbb3c4c,const_724,no
_r3778a9e3839226,const_725,no
_r45b2c250940098,const_726,no
_r7d7cc2e07db45b,const_727,no
_r0139b962a0df7b,const_729,no
_r2597bb364d5fec,const_73,no
_re8f5fd0ebe1e28,const_731,no
_rb80aedfbb26431,const_733,no
_r2c4d7526d60717,const_734,no
_r63767ba1de9d91,const_735,no
_r0c65c614af343f,const_736,no
_r5a3c5bcd1d8176,const_737,no
_ra1e1db0b78865c,const_738,no
_r361b721a6a04a3,const_739,no
_rc9d7be070bc4d3,const_74,no
_rf0557bb0100bd2,const_741,no
_r7f0dc4d1b95b63,const_743,no
_r04432e1e9df086,const_744,no
_rc5d17360f4b53e,const_745,no
_r9219fd48385268,const_748,no
_rd83cf19b799b9f,const_749,no
_r79a6ce6a61ec0f,const_75,no
_rd17e8b5468394b,const_750,no
_r66b06bb70f4454,const_751,no
_r043114e2844b84,const_752,no
_r703b5a65b77225,const_755,no
_r63d67b63f0592c,const_757,no
_rae271b54c84718,const_758,no
_r282ca6fccc346d,const_76,no
_r0884dfed048618,const_764,no
_rad28d82753d465,const_765,no
_r7a8f3d337cdbb2,const_766,no
_rb29aa338bd9e2e,const_768,no
_r4a1cf8ad677bb8,const_769,no
_rb022f4dfe7b6db,const_77,no
_r020628a0948199,const_770,no
_r6c23ecb168c73a,const_771,no
_r509836bf8befc7,const_772,no
_r62ede7f597ce66,const_774,no
_r7dc84c662baa54,const_775,no
_rc76da29ef04dc3,const_777,no
_r5796463d494739,const_778,no
_r26c4fa9745862d,const_78,no
_r09a21ba462fc2d,const_781,no
_r5380c9742378cd,const_782,no
_r99c03270236a0c,const_783,no
_r6cd9ae920446e1,const_784,no
_r5b48862e3f35e5,const_787,no
_r58e641d3df5d58,const_788,no
_r656eddf73c88c6,const_789,no
_r0b5d7db569363c,const_79,no
_r0ba38da0bd7f88,const_792,no
_r4cc19e35b73f49,const_793,no
_rc3f1d4e0c087cb,const_794,no
_r087023507fb3d0,const_795,no
_ree3985d7040843,const_796,no
_r49fd273de5caac,const_798,no
_rf3239c82290074,const_80,no
_rde20eeeedef432,const_801,no
_r7050c8c201d430,const_803,no
_ra3a90aa9424f0c,const_804,no
_r80cd1967281224,const_805,no
_r0b018e54b08bfe,const_806,no
_r747e476f85567b,const_807,no
_r02984e82721fa7,const_809,no
_rbea7f4b2ea4898,const_81,no
_r2005e929b88d26,const_810,no
_rf4e93a8fa5be84,const_813,no
_re42d667f529b85,const_814,no
_rf634d0cab98095,const_816,no
_r6f3fb6d624644e,const_817,no
_r5f55f579ee47a7,const_82,no
_r06ef7cd77bad8b,const_820,no
_r93fe28fde0ff42,const_821,no
_r145c34da0b5bb7,const_822,no
_rdfa64295ee6d96,const_823,no
_r8b380f93e87f5b,const_824,no
_r4cf5baf74c8826,const_825,no
_r13d9daefb8ac1c,const_826,no
_r82a7c17dfaf08c,const_828,no
_r42b0b060fb758d,const_829,no
_rbec6478756147f,const_830,no
_r3dbbe4e6dadcd2,const_831,no
_rd6d7e143fd0553,const_832,no
_r4bae51b55094cf,const_835,no
_rd0587a41a01a02,const_837,no
_r5f9e0498fd93a4,const_838,no
_r063cb4b47bfc47,const_839,no
_r1b57cc416fab5f,const_84,no
_reae187a51aba5c,const_841,no
_r818e10090fc37a,const_842,no
_r1e0534e4f33f81,const_843,no
_reac2030b2bb5e9,const_846,no
_r9a1e68e3fe0a59,const_847,no
_r753ded0513aa2a,const_848,no
_r62ccc72b25a81d,const_849,no
_r0af776284b00fe,const_85,no
_rcc33e12e0220ec,const_850,no
_r9588ebebb88c29,const_851,no
_rb05de97ffefd78,const_852,no
_r2a8158e803246c,const_853,no
_rb8f79014d54f44,const_854,no
_r2e95641ba02dcd,const_855,no
_r2a57c8e4841360,const_857,no
_r9f4a03b8cb1a12,const_858,no
_r4462632833bdcd,const_859,no
_rb494ecb08ef158,const_86,no
_r413bb68eeda9d2,const_860,no
_rcb96734316a360,const_861,no
_rfd21d1c4ac3105,const_862,no
_r33a01d521a1405,const_863,no
_r60c5440f05b75d,const_867,no
_r2c0982c64da57e,const_868,no
_r554677d854ed1e,const_869,no
_r61ab1284dcc0bf,const_87,no
_rc856cebad1628b,const_870,no
_r83091e4ab91dd9,const_871,no
_r98e3cad9124e4a,const_872,no
_re288295265a0ba,const_873,no
_r784ee5a7d45dda,const_875,no
_r651c172b20dbda,const_876,no
_r45294cab1dafa7,const_877,no
_r60a162ce955af9,const_878,no
_rb295a1aeeb2570,const_879,no
_r9eee79d5d1001e,const_88,no
_r86fd62ea2fd332,const_880,no
_r39667edd067acc,const_881,no
_rd20b61d740775a,const_882,no
_r6dafb3768439b8,const_885,no
_r76b510afb3a61d,const_886,no
_r238c3e5c4bb30c,const_887,no
_r81c71eadfa92c4,const_888,no
_r96db5f266f3244,const_889,no
_r420e89dfbc3955,const_891,no
_r879c8c3e62cfc0,const_892,no
_recf664699fbd76,const_893,no
_rb18522fa5de719,const_894,no
_r371f32dc3f85f8,const_895,no
_rda4cb8d90dd9a6,const_899,no
_r5bb4f3f0e6f643,const_9,no
_r750e1b1c5ec3d4,const_90,no
_r9aff9c0ab196df,const_900,no
_r0c09b7a42112a9,const_901,no
_rd939b4ab609243,const_902,no
_r2042d1bb0ca28a,const_903,no
_r2ad691eba2f1ef,const_904,no
_rf1a0f75bd59f55,const_906,no
_rad4786ce49bd3d,const_907,no
_r304de968ddaa3e,const_908,no
_r127ebd751fa8c2,const_909,no
_rd6b15ca491fecb,const_91,no
_r170fbbad05d010,const_910,no
_r66b1d6b3110032,const_911,no
_r58fc240e6d207c,const_912,no
_rb5bea9a5a47982,const_913,no
_ra1a67a64ebfab8,const_914,no
_rbae9d401245580,const_915,no
_re5c03e4cc2a95a,const_917,no
_rc27b2983bcd1d3,const_919,no
_r047bc9469841e6,const_92,no
_r6e6108b9e4e8c7,const_922,no
_r428d90b2aae7f4,const_923,no
_r894d8c53e443b5,const_924,no
_r710862aa3d982f,const_926,no
_raa709b04318772,const_928,no
_rc12d91dd279c60,const_929,no
_r5dec54a3dcb066,const_93,no
_r5f6cf3e661d028,const_930,no
_rbe5523f3474f34,const_931,no
_ref134b8beaf0d0,const_932,no
_r4b2002b596f8e8,const_933,no
_r4ed61f3ef93c89,const_935,no
_r9751efcbd1a44f,const_936,no
_rdd3b6e66a017d8,const_937,no
_r1c2483ff7dfb21,const_938,no
_rcac22bd7c6283d,const_939,no
_rbd7847ac989718,const_94,no
_r5b3c8792bcd669,const_940,no
_r836558c52969fd,const_941,no
_r9a18377137573a,const_942,no
_rb83a177fcc243e,const_943,no
_rea5c13509f86ec,const_944,no
_r1ebb4877206956,const_946,no
_r2efb3295bfcd23,const_947,no
_r0f69ad677ed6c6,const_95,no
_r7de8ecfced327e,const_950,no
_r12e99383c81952,const_951,no
_r4af76c6362c451,const_953,no
_r3db15e82f276c6,const_955,no
_r21e2eb170ffda0,const_957,no
_r91bb41dbf7a90b,const_958,no
_r67322b123ea6cc,const_959,no
_rb014ce10e824b3,const_96,no
_r2aeade5c293cbb,const_960,no
_r15c26aa04876fe,const_961,no
_r976b847c4e5e6b,const_962,no
_rbbd3d789e2c875,const_963,no
_r4262965da54886,const_965,no
_r0ea121de1f7628,const_966,no
_r974b6ba701f2de,const_968,no
_r1cd04412211b74,const_969,no
_r6be1f47c20e0a0,const_97,no
_r63090dfec5df71,const_970,no
_rb2565e2b291748,const_971,no
_r445feef674e3fe,const_972,no
_rd25dabb003834f,const_974,no
_r6c89b3e956e49a,const_976,no
_rce35a423908fa6,const_977,no
_rb67f4220cec798,const_979,no
_r5d7183631fa94a,const_981,no
_r396bedab8871c0,const_984,no
_r36388217f710c1,const_985,no
_r6557199c1ff4a7,const_986,no
_r0b44cc593e2144,const_987,no
_rdbdd5acd788b8a,const_988,no
_r496c04c1b3cd68,const_99,no
_r65d2b2732efa0c,const_990,no
_r8562075f48d700,const_992,no
_r793e76a09f3ca3,const_993,no
_r13f7a66301ef27,const_995,no
_rd33418517bd2fd,const_996,no
_r1d979b8272fe71,const_998,no
_rfcb2841215f0c4,constructErrorMessage,si
_r27fe196371db46,constructOwners,si
_r383cfd178271f5,contentBox,si
_r2029443784024b,contentList,si
_r7ea88f7dd85bc2,contentPadding,si
_r19441523c1b8ef,contentsContainer,si
_r6e90b6f4dfe9f1,contentsCount,si
_r0ee61aacc38c01,contextMenu,si
_rcd4ff0d1084f1d,contractId,si
_rf664c4e77e1104,controllersById,si
_r6e4a5c4ebc7fe9,convertColorToHex,si
_r9e8b7b2bf6213a,convertLinksToEvents,si
_re6f44973159f5d,convertOldPetFigure,si
_r48611f501ac08a,convertSecondsToTime,si
_rd83cfb1e5d58a3,convertSwimFigure,si
_rcbd35e6e41d933,convertTimestamp,si
_r44e6f9194abf6a,convertToTileX,si
_r569a7244eb8485,convertToTileY,si
_r7b26d662ccecc7,copyButton,si
_r67a5e0400c02c9,copyChannel,si
_r8c537981b6babe,copyDebugId,si
_rd57a823b040fa2,copyEntries,si
_r42a5afbbc9002f,copyExtra,si
_r26ff0a3f86a4c0,copyTaskId,si
_r321858e9a98a31,copyTrackId,si
_r64ecfe0332c7db,copyValues,si
_r19a243c6e9a72e,cornerRadius,si
_ra4c6b54f799346,costCredits,si
_r38e336c907cc45,costDiamonds,si
_r63c180336f6fd2,costInCredits,si
_r2fded456802108,countEntries,si
_rd42303119ce0cb,countVisibleItems,si
_r9312357cda81d8,coversStyle,si
_r546cc1e7ed2355,createAdElement,si
_rcdca56ae4562d9,createAdvancedSections,si
_rf8f0bf7039bbd6,createAllFurnis,si
_rf6af74520be578,createAndAttach,si
_r516f02b020b8cc,createApiKeySection,si
_r5042a9e6c13ffd,createAssetButton,si
_r7c799b3b5d7a60,createAudienceOptions,si
_r3510ad15679a35,createAvatarContainer,si
_r8f9b12bb5f18d6,createAvatarImage,si
_ra330ffd578b31a,createBadgeDetails,si
_r908e693bcca047,createBalloon,si
_re0703d2c53cc03,createBarChunkBitmap,si
_ra74f9468b2139d,createBitmap,si
_r7cd692e1be0194,createBitmapWrapperPreset,si
_r9eb268afcaf7c9,createBorder,si
_ra1563facd22cc2,createBorderSection,si
_r660c8bf19f0938,createButton,si
_r9d2204a9abe4d5,createButtonRow,si
_r2a95a71bcecab0,createCanvasInstance,si
_rf292b887461247,createCatalogWindowState,si
_r9484be38194960,createChatItemPreview,si
_re61ffc9c257dde,createChatStyleSelectorMenuItems,si
_r5ec405fd6c7584,createCheckboxGroup,si
_rfe0f474e557513,createCheckboxView,si
_r5a68a501e6bd6b,createChooseVariableSection,si
_r8cb5cb46e82679,createChronoMaskFilter,si
_r880e3d8eb3ff44,createChronoRangeFilter,si
_rcd303ec5c513b4,createCollectView,si
_r56c2ce1c8015e2,createColorContainer,si
_rf4fc150ff11e07,createCommandWindow,si
_ra4b387abfb58ab,createConfiguration,si
_r27e36f76308273,createContainerButton,si
_rcc878967816a06,createContainerButtonPreset,si
_r5619d07a4faa28,createContentLine,si
_r01a7e8e6507861,createCountrySelectorMenuItem,si
_r1466f16113b749,createCreateVariableBubble,si
_r8c423c88b7b9fa,createCurrencyIndicators,si
_r6225dac2e23512,createDefault,si
_rf47e12b9787a19,createDelaySection,si
_r3f2be9512f0458,createDisplayedLevelStatusExtra,si
_r99e4d5990cbc8d,createDropdown,si
_rd23a11839860aa,createDropmenuItemWindow,si
_r03af801e1cfa0d,createEditorWindow,si
_rfdc5c3c7e7c4dd,createEntry,si
_r876740642bdb9f,createEntryFromData,si
_r590b69b2c3f988,createExpandCollapseSectionRegion,si
_r167e1a00bcad6d,createFakeContext,si
_r0fadc3475461ae,createFavouriteTrayGroups,si
_r8bd7d4c218aba4,createFillClip,si
_r8bfb6963f4b802,createFloorEditorPreset,si
_r5df910593bb4e4,createFontSizeOptions,si
_r7674a3d9204546,createFooterPreset,si
_r1d3f155e867c34,createFrame,si
_r1772953e2152f5,createFrameBitmap,si
_r688f11b24efdd7,createFromMessage,si
_rcd4f01a52dc6f7,createFxButton,si
_r05f466a06288cd,createGradients,si
_r8dfc281dc93373,createGraphicAssetCollection,si
_r1b22da44be8358,createGridItem,si
_r3623d3bd6d2938,createGroupItem,si
_r88172d76dfe408,createHabbiconNotificationIcon,si
_r6bf072a39887c1,createHabboWebApiSession,si
_r762309e26db85b,createHandler,si
_r20e9ebddb25b1a,createHeaderLine,si
_r9ea9d3b5bb10ae,createHeaderPreset,si
_rd3b1c84e496e3e,createHighlightFilters,si
_rb5d89a8fa887d3,createHtml,si
_rd03c14cbb8c86a,createHtmlView,si
_rec4a269dd58b22,createIconButton,si
_r287dfa79465cbb,createInnerBorder,si
_rb2194c767825ef,createInputSourceSection,si
_raad1834efe7857,createInputs,si
_r6fe55dfc4e70e1,createItem,si
_rdd6b76bc0b9081,createLevelItem,si
_r893cd71e7b0366,createLevelXpPreview,si
_rcab8b706948f15,createListEntry,si
_rc3cfe6ffa8b7e5,createListItem,si
_r18e800f4ef0b16,createLobbyView,si
_r5e34f92e5a4568,createLocalization,si
_r147b5bb2d59564,createLogTable,si
_rcd6365f6a0c593,createMainFrame,si
_red9fd53cca32c4,createMainView,si
_r826995ccdfcfd1,createMenuPreset,si
_ra86c4e8f4a6093,createMessageWindow,si
_r158a70e0c4578c,createMeter,si
_r1ee2a932764b40,createMiniButton,si
_rd7f400d6f169d0,createMinimizedWindow,si
_ra7b3633303ec9c,createMouseEvent,si
_rbae69960417d0e,createNameScamWarningData,si
_r5065d50a6b33f2,createNamedNumberInput,si
_r64abb2b2ca115e,createNamedTextInput,si
_r0be1115b486976,createNextDiscountMap,si
_r2c5ba1651c02de,createNodeOverviewPreset,si
_r715cf48148dee1,createNoobRoomOfferView,si
_ra0191415ebb8ab,createNormalWindow,si
_ra6709a9b4b3851,createNumberInput,si
_r4dc98d4d40adee,createOptions,si
_r010a24d2f3f4c6,createOrUpdateChatStylesView,si
_r959741a4e83567,createOrUpdateHabbiconSelector,si
_r209489f7747c80,createOutlineBitmapCacheKey,si
_rb402b482e40bf0,createOutlinedBitmap,si
_ra3cc9acb924fdf,createPercentageBar,si
_r735e2720d5d20a,createPlaceholderNameSection,si
_rde395fdd0bb8aa,createPlaceholderTypeSection,si
_r4e2c4e47deb998,createPlan,si
_r0ae86e5650aa6f,createPlaneVisualization,si
_ra9056a03d3440f,createPrebake,si
_rbd8f72c0d173ab,createPreviewBitmap,si
_r93b3e1336dd1ce,createPriceContainer,si
_r551113d688036e,createPrizeItem,si
_r6fcb9f2cee7588,createProductContainer,si
_rd91e2a9240d939,createProductIconPreviewer,si
_r8ab65e47889662,createProgressClip,si
_r3c4d7981a3ca5e,createProgressRendererConfig,si
_r2c8af21f397235,createProgressRendererConfigExtra,si
_r415eaa54cb3459,createPropertiesTable,si
_re34a1b8841e962,createQuickMenu,si
_r0099de980076c5,createRadioButtonView,si
_ra8ba9a44b42be3,createRadioGroup,si
_r6523e18c696b84,createRenderPlan,si
_rfdad767c12ae52,createRenderedSignature,si
_r2d416b1b2fe303,createRewardEntry,si
_r8317540db002b5,createRewardItem,si
_reeeda2d61a68f2,createRewardPerk,si
_r8aa1cc1c34d164,createRewardProduct,si
_r89d0923b588cbe,createRoomObject,si
_rc84c6ecf3b185b,createRoomObjectLogic,si
_rf776c7dac1f217,createRuleEditorPreset,si
_re79309c019bdca,createSearchInput,si
_r7649a4797e218f,createSeasonalCurrencyIconMap,si
_rc7e36856ff8bdb,createSection,si
_rde981effcd8be7,createSectionWindow,si
_r26aa84fceaceeb,createSelectorOptions,si
_r39deb4a43db23d,createSetBitmap,si
_rc6245adb521e48,createShoreMask,si
_rca8b400ee1a79a,createShoreMask2x2,si
_re5db8073527bc8,createSimpleListView,si
_rffb2a4ff7aa923,createSlider,si
_rf2c34c297de7bc,createSliderSection,si
_r56e55929ca07d7,createSnowball,si
_r8082e182716155,createSourceTypeListener,si
_r7140396f5f85e6,createSourceTypeSelector,si
_r92382be713879a,createSpacer,si
_rd0bd641580f031,createSpacing,si
_r2f6f9bcaaef8cf,createSplitterVerticalView,si
_rb4e4fa7ddf972a,createSplitterView,si
_rb77ae4a6fac326,createSprite,si
_rc42c1b95a414f0,createSubVariableCreator,si
_r794097ab0a348c,createSurroundingBorder,si
_rc5c94b587ef024,createTab,si
_r5417c478b3281f,createTable,si
_r741dd5411024e5,createTag,si
_r612ddd133f766d,createTask,si
_r5e6ef2125c8c11,createText,si
_r744035be6ec2e6,createTextBorder,si
_r28aff216570071,createTextField,si
_r4693c44c2b0fa5,createTextInputView,si
_r1e00f40580eae6,createTextTable,si
_r05cf2581c9bae0,createTextView,si
_r7793b4cafa0197,createTextualButtonPreset,si
_r1c41b179524735,createTileHeightColorMap,si
_r9b1b30605cb236,createTimezoneSection,si
_r6b76641f424aa4,createTopHeaderElement,si
_r2502d8f8177e28,createTopInfoPreset,si
_r4356e994a0d628,createTradeRequirementRule,si
_r9b3b411f008462,createTransactionTable,si
_r811cd24e119c9d,createTransitionToIcon,si
_rb40f4684df0dd9,createTransparentBitmap,si
_r0519e0c44c3f94,createTruncatedCurrentPlan,si
_rcc0c8ddcd60b54,createTypeButton,si
_r4a84afc8e21439,createUnseenItemCounter,si
_r02c40a31cb7658,createUsageInfoSection,si
_rcc6c7eaeb60f5b,createUsageWarningSection,si
_r84f39a7e627743,createValidRectForSheet,si
_rb4a074e06d2035,createValueOrVariableSection,si
_ra863006d592df7,createVariableBubble,si
_rfeb83e2c535685,createVariableButton,si
_rcbc9623bddf95c,createVariableFxAdvancedRangePreset,si
_r04e74efc5f643b,createVariableFxValueRangePreset,si
_r27091b4ec689f1,createVariableFxVisibilitySettingsPreset,si
_r088758aa11f668,createVariableFxVisualizationSettingsPreset,si
_r2f0a65072e6d12,createVariableList,si
_ree8fb8a9dc0b61,createVariableNameSection,si
_r6243621de007f7,createVariablePicker,si
_r382a3e88e071fa,createVariablePlaceholderModeSection,si
_r2c4ed3088e29b2,createVariableValueCell,si
_rb3d8f19f07d087,createVariableValuesTable,si
_r2478cc26a29dd3,createWalletButton,si
_r2c471f903370bb,createWidget,si
_r0bf7685fbc9dbc,createWidgetContainer,si
_r8ab8599c80782e,createWindows,si
_re5235a94907133,createdKeyText,si
_r585553f26890a7,creationDay,si
_rfca47de1ae676c,creationMonth,si
_r5c4715db73f421,creationSeconds,si
_r1167020972eba1,creationTimeAsSecondsAgo,si
_ra7a5721afd6b35,creationYear,si
_rb4ad75724757b4,creator,si
_r2a0a8e84374af6,creditsWaiting,si
_r91c153030ccf42,currencyBackgroundColor,si
_r2626831069bad1,currencyColor,si
_r33b2912c623329,currencyTextColor,si
_rfbbc35e8abd21b,currentCapacityText,si
_r371a9aad068dce,currentCatalogNavigator,si
_rdb418453db33a3,currentInput,si
_r0d1443db231ec6,currentLevelXp,si
_r24a3e432cfa2eb,currentLocationX,si
_rb190142c94d201,currentLocationY,si
_re821faae9642ca,currentPage,si
_r7bc63ca681dfe7,currentResults,si
_r1c52cdbb5ad377,currentRoom,si
_r9bc287130c5e0a,currentSelection,si
_rebc34540a55130,currentTotal,si
_r4cc153da619f41,currentXp,si
_r4a648f54fa4cca,currentlyInRoom,si
_r55f0cd5d76b964,customChatStylesEnabled,si
_r446b09843b5b85,customLayout,si
_r3e1dbadcf5ff39,customPartCount,si
_r7c68f9663bf086,customParts,si
_re7c55b6ca93cfc,customText,si
_r15b1721a1d05cf,cutCircleFromBitmap,si
_re33fe51ea4b02e,cutTextToWidth,si
_rde8b5cb2c89301,danceStyle,si
_rf5dd4b7cef7af4,darkeningPrebake,si
_r17d6ad91a5492f,dataIsReady,si
_r6be32d048499f3,dateString,si
_r4ab71c5707544f,deactivateScrolling,si
_rf8b626cd54b3fd,deactivateView,si
_r5d227660117660,decisionDateText,si
_r0603bdea60b14a,decodeIsRoomTile,si
_re6ce9e6ab202af,decodeToByteArray,si
_rf3985c3c84fd4f,decode_error,si
_r2ef3bd77e7e01f,decompression_failure,si
_r4756cc9fb2eee7,decorateModeSupported,si
_r348952ee36a215,decrypt_error,si
_r71609740a4f025,decryption_failed,si
_r646232a679f791,deepCopy,si
_r03de3ffcc7bc5c,defaultColor,si
_r64c984f10e3709,defaultColorId,si
_r8fa227ebbe0468,defaultFurniSources,si
_rb3c008570204c0,defaultLinkTarget,si
_r06660ac87043e6,defaultRenderer,si
_r5ba1231b929a99,defaultStuffTypes,si
_ra0c6d1f8dd06bb,defaultStyles,si
_r27480c9d969c42,defaultTextFormat,si
_rae83aee8c5b125,defaultWidth,si
_r86f2834094318b,defineColors,si
_r99e0989e82becf,defineDirections,si
_rc8aa8182d624bf,defineGestures,si
_r474f8e5df9480d,defineLayers,si
_raebbba0e9ed5cc,definePostures,si
_r3c71fc4c581bb4,defineSprites,si
_rd54185bc95deb3,defineVisualizations,si
_r341b4cb416f1db,delayCall,si
_r1d1785c4dbc573,delayInPulses,si
_r07d5a0b7388ce4,delayPreset,si
_r8d3e8716fea6d2,deleteButton,si
_r260d381382b559,deleteSavedSearch,si
_rdf74314af81179,deleteVariableButton,si
_rb5c2d568d1e99c,denyAll,si
_r6e6bb9cc7266b8,dependencySetter,si
_rad4ff7808c03ab,depositFurniCount,si
_r565259a5f792ef,depositsContainer,si
_rfde42042b01a4e,deps,si
_r83b3a2cbb2f995,deriveColor,si
_r9c49924bb541ab,descriptionLocalizationKey,si
_r218a4ec32f16d2,descriptionText,si
_ra0ea5b9dab55fe,deselect,si
_ra1b5064edb01a1,deselectChatEntries,si
_r9558471906600b,deselectInstantMessageEntries,si
_rb170419c1a3aa9,destroyNoobRoomOfferView,si
_r6d9d5afb2e3e86,destroyWindow,si
_rec96bc402add37,detectionDropdown,si
_rd8884aa0b45b65,dialogEventProc,si
_re8ab4ce9c95af4,diamondsIcon,si
_r9577b5ebd7402e,dif,si
_rfe534a6944f294,differenceInPercents,si
_r4ddf1b8087a8ae,direction360ValueToDirection8,si
_r4239a8cdbe6e03,directionAxis,si
_r6b86147d49d7bf,directionData,si
_r41d108a4b40104,directionFromPivot,si
_r636ae476c56c82,directionOffset,si
_r498078d7de4f9f,disableAllButtons,si
_r883d19c33951fc,disableButton,si
_r3c30c16396c492,disableButtonWith,si
_rd04169dc4c57b1,disableButtons,si
_r920c9e5531ade1,disableElement,si
_rd7075eb07ee003,disableRoomHistoryButtons,si
_rfa9a070bf83589,disableScaling,si
_r5aeeaffd007125,disableSection,si
_r2a45421fb1d134,disableWindow,si
_r0b469803145d65,disabledBorder,si
_r2e45b4517a99bd,discardOldBitmaps,si
_r4eeb00ef6b0e82,disclaimerTextHtml,si
_r0cc2eae08541ba,discordRegion,si
_r7e4e898aba7f92,discountAmount,si
_re308e3fec79c4f,discountRow,si
_rae7a129f5f4ea8,discountShownEventTrack,si
_r956132ccf7fdc9,diskColor,si
_rf8630fda2c986f,diskIconBitmap,si
_r44c2b485015a52,dismissButton,si
_r45d12306712e17,dispatchEvent,si
_r79674bd45559bb,dispatchImageAsset,si
_re33ce874356563,dispatchTrophyDataUpdate,si
_rdd9ca557eda8b5,dispatchWidgetEvent,si
_r93bdfa7695563e,displayCurrentResults,si
_rf087997d1fca9b,displayError,si
_r0808dbc404b66e,displayGeometry,si
_r3088555ed3c9e3,displayIdleAutokickTimeoutError,si
_r60f28104795699,displayMainView,si
_r5372ed9edbf143,displayNewData,si
_r4571c67bafef76,displayNewPage,si
_rdace95e7429924,displayObject,si
_r0be88738443e45,displayResults,si
_r675e14bc0a716c,displayScale,si
_r5d908f27dc8222,displaySlider,si
_rd20300486b56cf,displayTime,si
_r64eda88e8f280e,displayValue,si
_r5a286d07d1deba,displayableStatuses,si
_rbe1f1f21305f23,displayedFrameArgb,si
_r696fbc3a2a7b4a,disposeBadgeSourcePrebake,si
_r1ad62accd3e0eb,disposeCachedViews,si
_ref44a8baa1039b,disposeConfigPrebake,si
_r5e22b8dcce839c,disposeCroppedTopImage,si
_rb732f8ba9e8b63,disposeCurrentBadgeRender,si
_r6719ac78d61503,disposeInterface,si
_r6cdecab3127b36,disposeObject,si
_r57a2d685bbe64b,disposeSeenMap,si
_r25e58078e35248,disposeTable,si
_r62d6b45ed30dfa,disposeTemplate,si
_r8894b0b9e42fc4,disposeTileBitmap,si
_r6e76abeff1d874,disposeView,si
_r20478ea1a58e22,disposeViews,si
_rc8b3af5f3ccbbe,disposeVisualizer,si
_r975bcd01673afe,disposeWeeklyResetTimer,si
_r3878b3041a9fd2,disposeWindow,si
_ra0774739c7dc6a,disposesBitmap,si
_r65563a40dd64f8,doMagic,si
_r79647cf9e8248e,doNotShowCheckbox,si
_re43e7964ddeee9,doSearch,si
_r2044e4cdc49623,donateCoinsButton,si
_r234b3605fc5b90,donateFurniButton,si
_rb20b28f537f4f4,dontShowAgain,si
_r7dae3ef8661c1b,dotProduct,si
_r9b7515b7a34e60,downArrow,si
_r92483bc9e3b497,drawBadge,si
_rafe7f5f1afdf7b,drawBarBitmap,si
_r541e7b07866644,drawBarEndBitmap,si
_rc323136d0f021c,drawBitmapLayer,si
_rce51abb28dc149,drawDigit,si
_r8a75c939d48c4f,drawDigits,si
_rb90798c46ec868,drawEndPointer,si
_r240aa31407c117,drawFullFillLayer,si
_ra021b449eefe24,drawGradient,si
_r0ae76c4b287274,drawHeart,si
_rf0be80b613cb31,drawHorizontalLine,si
_rffb7f9eb6582c4,drawIconOverlay,si
_rb0756894df16eb,drawImageToSlot,si
_rce9d669aefc1a8,drawLayer,si
_ra78cdc8b945f4a,drawOverlayEndLayer,si
_r271f150636a833,drawOverlayLayer,si
_re2d0a50dfc895a,drawQuad,si
_r0926b10fef96bc,drawRecoloredBackgroundAndFrame,si
_r058542d388736c,drawRectFill,si
_r1c2380e0624a97,drawRectStroke,si
_r3c9efa4e3d8560,drawRectStrokeSides,si
_rb5e97645ecea3b,drawRepeatedFillLayer,si
_r35cfce0bce9186,drawRepeatedThreeSlice,si
_r99da1a53bb6bf5,drawRoundRectStroke,si
_r9e0c09f4869d9a,drawSingleSourcePixel,si
_r3045654e1ddf31,drawStaticLayoutEntity,si
_rea6f0e5ed96cff,drawStretch,si
_r06a10f586afb91,drawTextGlyphs,si
_rfbeb36722dadb3,drawThreeSlice,si
_rad46a0dfe9f9bd,drawTiledChunk,si
_r8b3384e3d647ea,drawTintedLayer,si
_re407bd70bf30d6,dropdownOpener,si
_ree8868cee48afb,dropdownOptions,si
_r2cd52ef2f26006,dropdownRegion,si
_rb2ca0d8f8b1fb7,ducketCost,si
_r5882002a347bcc,ducketValueForCategory,si
_rd25076bbb3e75c,durationLabels,si
_r4e21718cf8baf5,dynamicLayoutLeftPaneWidth,si
_racdb2b62b268f6,dynamicLayoutRightPaneWidth,si
_r7e74fa45aefafc,earningsUnseenIndicator,si
_r79dff83464b136,easeCombined,si
_r656c50fc033880,easeInOutCubic,si
_r2467175f6776d8,easterEggMode,si
_rb22e8bce3dd6b3,editEvent,si
_r70b7976acb9446,effectButtonClick,si
_r5aa8ea5686345b,effectId,si
_r084bcc7b991304,effectImageWidget,si
_r57456bb9b14957,effectType,si
_r9ed9f3b0bd621c,effectiveOverrideMinValue,si
_rb9513da12dfc16,effectsParamViewContainer,si
_r3c706c0554c5d2,emailChangeEnabled,si
_ra1690220871c17,embedFonts,si
_r85510d0d3b844f,embedToContext,si
_rb9c5d913ccc244,emeraldPriceText,si
_r8dfa33ff9e0d00,emoji2BitmapTemplate,si
_r20afcfd78b2db0,emptyContainer,si
_r5c466c98c4b9f2,emptyText,si
_r47f2dc152f3138,emptyTextContainer,si
_r81440cb1b4d92e,emptyView,si
_r70b3111b34134a,enable,si
_rdcd3423f095d54,enableAllTimeButton,si
_rb8a7e52cc5ff2f,enableBoxColorSelectors,si
_ra3920f7141981c,enableButton,si
_r1b9c716499a872,enableBuyButton,si
_r935aaca5cc2ba3,enableChatlogButton,si
_r6949ca11427250,enableCheckbox,si
_r4e132e8c6eb723,enableElement,si
_r928d85aa6eb968,enableGiftButton,si
_r09e1efae1062f5,enableGiftDialogAvatarImage,si
_r85c2c2e869bd50,enableHint,si
_r8ee0a4efb178ca,enableLimitedItemLayout,si
_rd9d0d815b5af75,enableRibbonSelectors,si
_r05749b672427f1,enableScaling,si
_r35288a9c68525d,enableSeparator,si
_rfe999879e3361a,enableThisWeekButton,si
_r67802bc73ff127,enableWallHeightControls,si
_r64c24c3c9372c8,enableWindow,si
_rab5ca88c1b4b58,enabledCheckbox,si
_r23e4fde8e85f2e,endActionAppends,si
_r9982ddfdc7e32c,endColor,si
_r29264cce29b9fe,endPercentage,si
_r8ac107634b7fc1,endReason,si
_r75ba565cf75049,endsWithFive,si
_r10c33c7878d465,energyMax,si
_r88f29381a8a5bf,ensureFrameBitmap,si
_r5bf8906ba8222f,ensurePointIndicatorSlots,si
_r82f734f772c2f0,ensurePrizeSlots,si
_rc7842ba8f648f9,ensureUpdateRegistration,si
_r240194dbf4c580,ensureView,si
_rf3d1d5dbb57d34,ensureVisualizerDependencies,si
_rcee0688548f013,ensureWindow,si
_rab90c52ee3e31f,enterNewRoom,si
_r60887c27546047,enterRoomWebRequest,si
_r8b89bcf4b7b131,entityId,si
_r239d00c6b3c104,entityName,si
_r6f9de3fbca3c42,enumerateStyles,si
_r117fb2381a4226,environmentAvailable,si
_re8d7fecdd9de14,environmentReady,si
_ra2c4dda23dbe63,errorCodesToMessages,si
_rfa24caf824a3cb,errorInfoBorder,si
_r19a4fc89f6a6b2,errorInfoContents,si
_r72ecb75b5104e1,errorMessage,si
_ra9af982ce478b1,errorName,si
_r17b5c15ff86a3a,evenBackground,si
_rfe15cf949a894e,eventListener,si
_r4c58c7fb7f29e2,eventListeners,si
_r2a7c90c2fce038,eventProc,si
_r67984974e1f9fb,events,si
_r11c2011784c5be,expandOrCollapse,si
_r3d2f501d65b3ae,expandToAccommodateChild,si
_r4a8fe84ca896a0,expandedWindow,si
_r17705fb5993998,expectedGroupId,si
_r581f958cbb44bf,experienceMax,si
_r707bf7a75e74da,expirationTimeStamp,si
_r29fe4644348e97,expiresText,si
_r02f0e3f8a6f3d1,expiryTime,si
_r08e75948b14e15,expressionType,si
_rdd4f6878afc8ad,extensionView,si
_r963b4912cc0b62,externalImageCount,si
_r3c578ec73f8e7a,extra1,si
_r35af7d146cf1f3,extra2,si
_r7a1870b67083ab,extraCont,si
_r0b6723e5e759b1,extraData,si
_r0c260057326571,extraDataServiceUrl,si
_r511f7fbd7adb93,extraDepth,si
_r6ed824e35f7a68,extraInfoButton,si
_r631424da803435,extraParam,si
_rf0cb6171c0e479,extraParamRequirementsMet,si
_r611dd2cf0690bc,extractMonoSamples,si
_r0ff19a5be99a13,extractTemplates,si
_r04ba6437db3035,extractUrlHost,si
_rb8e9f53ff84b43,face,si
_rb3851f282ab78e,fadeTo,si
_r4b7cbf07bca2bd,failCode,si
_r6a1957cddfee78,fast_sqrt,si
_rac3d43f87a0b3e,favorite,si
_rc2f772724a669c,favoriteIcon,si
_rdfab649ea44b7a,favouriteChanged,si
_r7bde1bca82ac32,favouriteGroupId,si
_r12bf29db38c32a,favouriteRoomIds,si
_r0a0bf3782721a6,feeMinusButton,si
_r91cfea7d5e6658,feePlusButton,si
_r3765bd84ab43a4,fieldValue,si
_r1a736819d23a86,figureData,si
_r17209f9a390a7c,fillFooter,si
_rf985fd739c5618,fillFromMessage,si
_r10a793a88c14a1,fillHeight,si
_r340b9301e067bb,fillParameterValues,si
_ra658119aaddbcf,fillParams,si
_r47b47af2733814,fillPixelRect,si
_rcafbd6b88930f9,fillRect,si
_rb6785573a51605,fillStyleTable,si
_r72c3371f42f7cf,fillTables,si
_r805840c55ad3e8,fillTopLeftCorner,si
_ra87c80933ddf21,fillTriangle,si
_ra652a6a9a0ba7e,fillWidth,si
_read06c99abe07e,fillY,si
_r21bbb9eba42067,filterCategory,si
_rc6da5acb9b4196,filterGroupMemberships,si
_r050181cad0f7a9,filterInInput,si
_r144004f2ca66b0,filterInput,si
_r16d40adf0c8823,filterOptions,si
_rddd4d021b37214,filterSpawnVariable,si
_r8b2855e207ef84,filterText,si
_rc9357ef6bea605,filteredFriends,si
_rafd1d390b5c9de,filteringData,si
_r133d11998da2ce,filtersString,si
_r9164518bb28a49,finalPage,si
_r5f13523c000a8d,finalizeBuilding,si
_r0ccbe0ecfcbd0c,finalizeSelection,si
_r0951e1f54629ba,findAdEntry,si
_rdf78a461dac9aa,findAlertView,si
_rd5c51128ad978d,findAllItemsToReplace,si
_r93efa8c4c3c2f9,findCategory,si
_r17012480ca956b,findCollection,si
_r4ca01518c95d90,findFilterIndex,si
_r01a783bdef1c8c,findFurnitureData,si
_r460fc13cf85afa,findGuestRoom,si
_r3b5a958b0ced33,findInventoryFloorItemById,si
_r0338cd6714f20b,findItemToReplace,si
_rbdc30f5dcd1795,findLayout,si
_re3613743c64707,findMaxDistancePerPoint,si
_r1f99375a4f7359,findMaxRequiredPoints,si
_r8be723de7e93d8,findMinRequiredPoints,si
_r57b9864048e09d,findMinimumGap,si
_r98bc1fbd716941,findNextEmptySlotIndex,si
_r328977b782d587,findProgressInfo,si
_rdd7313240eca3e,findProgressInfoForMax,si
_r5e0273ca7385d1,findReusableGroupedView,si
_r19bc559956bb4e,findSelectedTab,si
_r1da95d9999d16b,findTab,si
_rc117962838b73f,findTaskByAchievementId,si
_rf53f627607d627,finishClosing,si
_rab95ae468ff967,finishHidden,si
_r305cf2a32313a0,firstPageButton,si
_rd4a5c62dfe5826,fitSize,si
_r33b40dc8c3a0c8,fitSizeToContents,si
_r3a19636299d121,fitToDesktop,si
_r890ce15412292b,fitToSize,si
_r7f985169202874,fixAlignmentsAndAdd,si
_r9ab92e0e2c99ac,fixHeight,si
_r1ca8a543edc4bf,fixHtml,si
_r9df1c372f0d4a5,fixItemWindow,si
_r6fa6213bda3f5a,fixNames,si
_raddc6a2dd8927b,flashOwnScore,si
_rb07a6d7a38d644,flatId,si
_rd1d217917ab151,flatVariableName,si
_r247a773a48c8b5,fletcher100,si
_r81391b40b921f9,floorItemCount,si
_ra389cc6d1f7232,floorRelativeDepth,si
_r586f7c463ddbe6,flushRenderQueue,si
_r350cf311912ec4,focusNameField,si
_r79e56ba21dbc5b,focusOutline,si
_r636bf40dba4792,focusSearchInput,si
_rc04aac9c18f68f,focusUserFace,si
_rf7fc8cda8c1ad1,focusValue,si
_rf3d72a65845129,followingAllowed,si
_reecdeecd0bc4c9,followingToGroupRoom,si
_r8319283f6b4f9b,fontSizeItemWindowProc,si
_r1492e1acee2b27,fontSizeList,si
_r1c949e5daecf90,forceClosed,si
_r0d1cea93739676,forceFurniSelection,si
_rb541dc5315656b,forceHidePickFurniInstructions,si
_rd6c027c4897d3c,forceImageUrlToUseHttps,si
_r7ee947983b93e4,forcedAutoLoginEnabled,si
_r8dc5c3983b1d98,foregroundPrebake,si
_r8f4dd13c91c027,format,si
_r2d769d66e28aed,formatDays,si
_r343b2297b70c0c,formatInlinePrice,si
_r872e7d0899ed23,formatMinutes,si
_r879e5d9371e005,formatPrice,si
_rd289afddf77f71,formatPriceAmount,si
_r1a6dc201bc7456,formatRgbHex,si
_r0c44acb731b349,formatSeconds,si
_rb08511c78260f3,formatStatusTime,si
_r8f375e805fd1cd,formatTime,si
_r2321bc92c608b0,forumData,si
_r25bcc4b201cdc0,forwardToRoom,si
_r9199ccc18e7104,frameColor,si
_r5fb4145ae27edc,framePreset,si
_rea2a067d79b20e,frameTitle,si
_r152107810c2963,friendId,si
_rd7f54843999b88,friendList,si
_r653e467022ea10,friendMatchesHeader,si
_rd3781fe2558467,friendMatchesSection,si
_rd2ddd6933963d3,friendMatchesText,si
_re2fd856f3bc535,friendRequests,si
_r4b247dfbb582e6,fromFloodSensitivity,si
_r40a10aee4decbc,fromPool,si
_rbc6057968c78dc,fromRawString,si
_r46bf3d29d6e386,fromRgb,si
_rd90e09a0270cce,fromSnapshot,si
_rc3a54cfcd9374a,ft,si
_r793226e06ed8f4,furniData,si
_r34a45c745676c9,furniDataCategory,si
_r133b76928e9a62,furniDataForSelectedItem,si
_rb1418465cc2195,furniIcon,si
_r4f8ccf494f4d37,furniId,si
_re236d5ef4dc44e,furniImage,si
_rd025c00d5a7fbe,furniLine,si
_r17ca0dee2a0a07,furniPicksSectionPreset,si
_r6ecac1c7b00798,furniQuantity,si
_rc840b61bf4d4aa,furniSelectionTitle,si
_r4596c63f8f0ee8,furniType,si
_r088bfc9c892ebb,furniVolumeContainer,si
_r96adaef69fd555,furnitureClassName,si
_r1dee81714cd71d,furnitureData,si
_reb5dfec9430207,furnitureDisposed,si
_rd147106ec3547a,fuseLocation,si
_r6d52bf66c5c808,fuseObjectId,si
_rd398515012a256,fuseObjects,si
_rbeaf9dc417afbd,gameLevelData,si
_rdcfeab0d61231e,gameObjectId,si
_r1882429f3a6f09,gameObjects,si
_r815400c184e2d6,gameType,si
_raca6be88ee4673,generateDataContent,si
_r0a9345d5eb0e06,generatePaletteMapForGrayscale,si
_re7e6453dc57a79,generateRandomHexString,si
_rf18b8546aecf89,generateTree,si
_r4dc1a4f2ee6034,getAchievementCategoryName,si
_r098493cc531bba,getAchievementDesc,si
_rb2db22b4fd1389,getAchievementInstruction,si
_rbc221f06d04b96,getAchievementName,si
_rb433cc6f741c59,getActionButton,si
_rb32a565e019879,getActionByCode,si
_r53c82e41961ff2,getActionExplanation,si
_r57ae3d8348d510,getActiveChild,si
_r8d426e3f067c0d,getActivityPointName,si
_r4e0cfa13c275c3,getActivityPointType,si
_r26dce873f68bba,getActivityPointsForType,si
_r90d7e03c6cb8ac,getAdClickUrl,si
_rce5c2bfb093b89,getAddData,si
_rb89768b9ebc5e7,getAlert,si
_re294f6341fb560,getAlertWindow,si
_rae59b31969f465,getAliasFromAdTechUrl,si
_r547cdcf2fd1aff,getAllEventTypes,si
_r4697ce76f93cc1,getAllFurnis,si
_rb769fd94a9e176,getAllVariables,si
_rb0f9d2b7de5678,getAllowedFurniSources,si
_rd736aafe71bef5,getAllowedUserSources,si
_r990818ee7ef9b8,getAngleFromComponents,si
_raa8d840032ade3,getAnimatedBodyPartIds,si
_ref8f7e888dbfd8,getAnimation,si
_rd1e68884eaee6e,getAnimationCount,si
_r4325658b7ce58c,getArenaName,si
_re147f004d1cdbe,getArray,si
_r2b9d8bd7d0c9a5,getAsDaysHoursMinutes,si
_r24f5fb328bf4c2,getAssetBitmapData,si
_rafb5ba517759fb,getAssetByName,si
_r559bb9f793ac71,getAssetLibraryByUrl,si
_r93492f911d6a19,getAssetLibraryType,si
_r5d4a876aac542c,getAssetName,si
_r75aa45e868c82d,getAssetNameForFrame,si
_r167da1e0b97289,getAssetWithPalette,si
_r1764bcdb984e83,getAt,si
_r90032208c9bd43,getAttraction,si
_r7bf1d722f6e6b3,getAvailabilityString,si
_rc8e6a5d95f3653,getAvailableEnvironments,si
_r4de0fcdcd3a26c,getAvatar,si
_r03b85bb353e9b8,getAvatarAssetName,si
_r7882f1c179d182,getAvatarContainer,si
_rd9fc34a8e899de,getAvatarFigure,si
_r38950cc566d3f3,getAvatarLibraryAssetName,si
_r188c4264f4b238,getAvatarRendererAsset,si
_r7e1d4db2980df6,getAvatarUrl,si
_rde3310b419480c,getBackgroundShadowBitmap,si
_r8c94b3984d6a6f,getBadgeCountByRarityId,si
_re3a00b4dcfa23a,getBadgeDesc,si
_rb5aa35cb8178ab,getBadgeDisplayMessage,si
_rf5fabe04942e9c,getBadgeFilterLabel,si
_r72f0f6e6bd7581,getBadgeId,si
_rfc9c287e87edf3,getBadgeImageInternal,si
_rb9ace199abd316,getBadgeName,si
_r9d60e998bfb752,getBadgeOwnerCountLine,si
_ra8b98eb6d64fd9,getBadgePointLimit,si
_r7e805e60abb1b2,getBadgeRarityFilterLabel,si
_r50120069ae32b2,getBadgeRarityLine,si
_r2b5692b62c9341,getBadgeWidget,si
_re8492b3610863c,getBadges,si
_r5c59aa359a7284,getBakedColorDesign,si
_r5e93107a9c0f69,getBanRadio,si
_r8d99fb60095dbc,getBgColor,si
_r46eb73fa68d5a5,getBitmap,si
_rfac50894b8f9fa,getBodyPartCache,si
_r014826251f0b58,getBodyPartIdsInAvatarSet,si
_rf480786625bb8f,getBreedLocalizationKey,si
_re4d6c5864089c6,getBuilderFurniPlaceableStatus,si
_rb118a54771f1cd,getButton,si
_rdf99f71e10c8da,getButtonCaption,si
_rba4d135e70558a,getButtonInfoText,si
_r0da29a096f486e,getButtonTypeName,si
_r88a9ff7a208ef2,getByCategoryAndStyleId,si
_rd479204d9dc32f,getByCategoryId,si
_r0e4195cc5a86cf,getCachedGroupDetails,si
_r077979b1cd4f9e,getCalendarImageGalleryHost,si
_r7d163eb4889a2e,getCampaignLocalizationKey,si
_rab60b1342c053d,getCampaignLocalizationKeyForCode,si
_rb0481c19e3b18d,getCancelButton,si
_rc0a83636cd93d1,getCanvasPoint,si
_rb924cb48bd1db2,getCatalogNavigator,si
_r8dda614b9484a2,getCatalogWindowAssetName,si
_r811cb3cf616bb0,getCategory,si
_r6b563438d5954f,getCategoryByCode,si
_r40166c1221bf24,getCategoryContainer,si
_rbcb7ff15886ea4,getCategoryCount,si
_r7a89de7bdf19e7,getCategoryName,si
_rebb0045676300f,getCells,si
_r31a161f158fd7b,getCellsHeight,si
_r58e618b8714918,getChainedStackTrace,si
_r4c64cfc9157fce,getChatInputY,si
_r230fa1566c94af,getCheckbox,si
_r23960805f72a52,getChestBasedItemName,si
_r28ad0477e541cc,getChildDynamicStyleByKey,si
_rdd77ae43f6334c,getChildStyle,si
_r0d29e8a210111a,getClassName,si
_r16d02b2f24c4b6,getClickRegion,si
_re271848f92189c,getCloseReasonKey,si
_ra97e6dc95f25b7,getClubAssetNameBase,si
_rb26d252c6e4ce2,getCollapsedCategoryElement,si
_r415567f9c1f91b,getCollapsedExpandedOffsetX,si
_rda5edaa146a45a,getCollectionIconBitmap,si
_r4b883806dd5811,getCollectionTextColor,si
_r6c68679e23568c,getCollectionTotal,si
_re9f7c96a247dcb,getColor,si
_rb7c903bd112f9b,getColorMatrixFilter,si
_r3e20ea1f582c0e,getColorUintFromText,si
_rc7b05c9000a9a9,getColorValue,si
_r1105a54a214cbe,getColoredBitmapData,si
_r03c0c16311b22b,getColorizableElements,si
_r2e748060bfc995,getColourArray,si
_rf5addc83463676,getColumns,si
_r603dab4c5fa398,getCombineUniquesCheckBox,si
_r69e1502a279643,getCompetitionName,si
_r6721c4f6c7f00c,getCompetitionSpecificKey,si
_r5e1d932d8e3a12,getCompetitionSpecificText,si
_r86552339800ebe,getComposite,si
_ra88636dbc1e321,getConf,si
_rb2f6d123b5a914,getConfigBoolean,si
_r2b504b515c9ac4,getConfigCSV,si
_r4c98c50fb20bb4,getConfusableGroupByCharacter,si
_ref710cce4e5e42,getConnectedText,si
_r9cafacdfe3a79d,getContextKey,si
_r6d9bc1c7dfbfd5,getCoordinatePosition,si
_r40083751e1540e,getCopy,si
_r223fdf22600482,getCorrectTextWidth,si
_rbcbf1cf29fb0d5,getCraftingRecipe,si
_rf308744aa9da22,getCreateButton,si
_ra8280cad0db71e,getCroppedTopImage,si
_r06e64eb66a8c33,getCurrentBadgeRender,si
_racd9f5a5c4e786,getCurrentLayoutCode,si
_r983f0f54668ae6,getCurrentNeedleFrame,si
_r7339eb5a7dbc09,getCurrentlySelectedItems,si
_r7f765892b3c441,getCurveC,si
_r10451b7789aa7d,getCustomData,si
_r9ef2a1f65e7cd0,getCustomLayerIds,si
_rff5c18a5938107,getCustomPart,si
_rbc626d13c573cf,getCustomPartIds,si
_r559273607ae305,getDateTimestamp,si
_rdd2cbb8a14a6d1,getDebugData,si
_r48892ac77dfc76,getDefaultActionDefinition,si
_rec90821466fdcf,getDefaultCampaign,si
_rc157b5028e8497,getDefaultLocationX,si
_ra262233cb0a665,getDefaultPartSet,si
_r194f32c3192d28,getDefaultRegion,si
_r89c0861a2ec054,getDelta,si
_r5c501cf67e15f9,getDescriptionLocalizationKey,si
_r6c95008e1ffc28,getDesktopWindow,si
_rda10bee08e6e37,getDeviceStringForLogging,si
_rba13922ec171da,getDirection8,si
_r903912e727920b,getDirectionOffsetY,si
_r3e8c393a794f86,getDirectionOffsetZ,si
_rc5183440d6fc6e,getDirectionValue,si
_r7f445af902754d,getDisplayObject,si
_r30b5fa17dad7d1,getDistinctRewardCategories,si
_rbe59472252147d,getDoorModeIconAsset,si
_r5186ffe67b3d6a,getDoorModeLocalizationKey,si
_r864bcbe913f124,getDrawLocationAndClipRegion,si
_r61d6f4a5218c91,getDrawableList,si
_r0f3cf95902fc88,getDrawingDatas,si
_r4a7981d37b7975,getDropMenuSelectionForCategory,si
_ra448cb9324720a,getDropdownOptions,si
_r50c82d829443b9,getDuplicateFadeThreshold,si
_r7127923332caaf,getDurationSelector,si
_rf6c675583012ad,getEffect,si
_r75d77fbb0b2cda,getEffectStrength,si
_r4a0bc5f0faec47,getEffects,si
_r8b5ce242afc39f,getElement,si
_rd7156a75a3517f,getElementByCode,si
_rdfd26ff12fa931,getElementByName,si
_r239c5f209a3451,getElementName,si
_r123234d0d7006e,getEmailContainer,si
_rdee821deedfa1f,getEmailText,si
_rce4ef958188d28,getEmbedData,si
_rae295b0a441525,getEmblem,si
_r8850e213bacd42,getEndFriendIndex,si
_r4b88a2d593b487,getEntry,si
_r9c2f6d19d7ff69,getEnvironmentName,si
_r621bf611a1077d,getEventLogExtraStringFromSearch,si
_r984a9d10804332,getEventTypes,si
_r0959f63762f01f,getExpandedMenuView,si
_r2fa275f13eaa29,getExpression,si
_r2247c8e6093fd8,getExtensionMinutes,si
_r956cbe6d3cd67b,getExternalTextsHash,si
_rded4bf1eaed828,getExtraButton,si
_rf1317f963c48e2,getExtraButtonRegion,si
_rfb3e927f5a117f,getFaceCategoryData,si
_r4398eb260fac1b,getFavoriteIcon,si
_r035b0b35008a63,getFavouriteGroupId,si
_r550a3718a5ad9c,getFigure,si
_r09a1bc1220256d,getFigureContainer,si
_r80c9eb784a5274,getFigureSetType,si
_r8cf19faca92ef7,getFigureString,si
_r8b20260ce72552,getFigureStringWithFace,si
_r18fd005f141dc4,getFirstCanvasId,si
_r0e3a0c200c466a,getFlipHBitmapData,si
_rff53a3ce6e1948,getFlippedBitmapData,si
_rf19f343696c87f,getFloorItemData,si
_r0b4c63b8256533,getFollowFriendErrorText,si
_r2f8a283ccd39f6,getFontSizeItemWindowWrapper,si
_r543350d8330cd5,getFormattedTime,si
_radbd33136989fb,getForumData,si
_red1eaa581758bc,getFrame,si
_re1493c805d340a,getFrameBodyPartOffset,si
_rce16b7aec27c1b,getFrameFromSequence,si
_ra43d575aa4830f,getFrameFromSpecificSequence,si
_rf7e5cc9835745c,getFrameNumber,si
_r055295c305baad,getFriendByID,si
_ra1a003030c9b76,getFriendCount,si
_rad017f4da163f2,getFriendlyTime,si
_r8cbd5cde387960,getFriendsCaption,si
_ree475791a392d5,getFullImage,si
_r7122f3fc4bf6ec,getFullImageCacheKey,si
_r21158671f43535,getFullImageTopCropY,si
_rf19c84051add62,getFullLocalizationKey,si
_r231964130eb15c,getFullThumbnailAssetName,si
_r793575c92f69a7,getFurni,si
_r81ca2882288928,getFurniIconImageInternal,si
_rcfecb330d82166,getFurniImageResult,si
_rbc19a325d8f48c,getFurniItemDesc,si
_r2059516674fe1c,getFurniItemName,si
_r8743e29fe639a4,getFurniPic,si
_r3c5457822e0677,getGeometry,si
_rd2cd85e05f11eb,getGesture,si
_r4195266d48fffd,getGestureDisabled,si
_r12edb0db75272a,getGlowColor,si
_rfb68be70d46b8d,getGridItemAt,si
_re8d7f6dff223ae,getGridItemByName,si
_r35546ff99b0599,getGridItemWindowWrapper,si
_r2f8da4681e8d1b,getGroupTypeRegion,si
_r3fd24f729da7f5,getGuildFurniType,si
_r0342a1eddfbfee,getGuildInfo,si
_rf348d63840e5cd,getHCButton,si
_rf06a4414e511e9,getHabbiconNameKey,si
_r158dd2d96f6971,getHabbiconPreviewBitmap,si
_r026253c5736223,getHabbiconProgressText,si
_r936f691ebe01ff,getHashSize,si
_r01bf8d0b854c78,getHeadOnly,si
_ra534697ea09df2,getHeaderAssetUri,si
_r2e927dd7128c5e,getHelpPageWithTab,si
_r1258ea50af5aee,getHighlightBorder,si
_r1d9dd8b34892b9,getHistoryView,si
_rcb4a1d2fef09cb,getHuntName,si
_r7bbfce540d34e7,getIconAssetType,si
_rfda612df9bdc9d,getIconStyleFor,si
_r85ec16404bbb7b,getIconWrapper,si
_r0b69817eb1099b,getId,si
_r7de9a20850fb48,getImageGalleryUrl,si
_r0e632eee862837,getImageInternal,si
_r028df3a88249f3,getImageUri,si
_rf500b53fb64897,getImageUrl,si
_ra00d9c04980250,getInfoLocalizationKey,si
_raaa3af9728c9af,getInfoRegion,si
_r4904f6c553ca50,getInfoText,si
_ra58d1899546732,getInstance,si
_r776d757f4decab,getInstanceId,si
_radd49e71c40e49,getInstanceMaskName,si
_r3b05c074af7ee8,getInt,si
_ra50177e065bca2,getIntFromString,si
_r45080e4a25d4ad,getIntersectionVector,si
_rb347eadc0c5a10,getInverseDeltaDurationMs,si
_rdad69de49e0237,getItemCount,si
_rdb1e8f60243414,getItemData,si
_r24a787e3119617,getItemIds,si
_r1883a316e14113,getItemImage,si
_rd7cf4256a5c59a,getItemList,si
_r65efdbdeb83461,getItemTemplate,si
_rb6d210fa69d69c,getItemToMixer,si
_r7dfa82241aaefd,getItemTooltipText,si
_r10ddabafd44bf3,getItemsForTrade,si
_r36f1e275e9d327,getJSONValue,si
_r6bc6571388f217,getJsonValue,si
_rdf85c2db32fe6e,getLabelLocalizationKey,si
_raa773a5a3caa85,getLastReferenceTimeStamp,si
_rece690120ed0a9,getLayer,si
_r2b57e165c26026,getLayerData,si
_r067ff666622777,getLayout,si
_r8c90f0c70fd9eb,getLayoutByState,si
_rd2bf0f50322c7d,getLayoutOverride,si
_rbb71f4a7464384,getLegacyString,si
_r4ff52829ae273a,getLibraryAssetNameForSprite,si
_rea9c87fe84a8a7,getLibsToDownload,si
_rd78d724d49a3db,getLink,si
_r330b9f07bea573,getLinkElement,si
_r8b9801f3d893b7,getListEntry,si
_r3c5dc009cc5d2b,getListItemIndex,si
_rb2bd93dcae0d63,getLocal,si
_rc33e2165ad4c81,getLocalization,si
_rae1e6d281ca5ed,getLocalizationKey,si
_r3f2aa0612a7640,getLocalizationWithParamMap,si
_r72ecffb3ea0f9e,getLocalizationWithParams,si
_rc091de1bf5451e,getLocalizedCollectionName,si
_rd152d58fc87677,getLocalizedSubProductNames,si
_r60a4318f0e26ed,getLocation,si
_rc5a328eb68c0d1,getLocationAfter,si
_r666013c6397470,getLockIcon,si
_ra93c612187465d,getLockedBg,si
_r140e98707bf656,getLowerSkillTreshold,si
_rd0ccaf2c06f809,getLowestPoint,si
_r0313e0223ff278,getMainFilterLabel,si
_rfe2e566a68a7dd,getMaskCategory,si
_r38cc744b00c606,getMaskLocation,si
_r71c42f0cfbcba4,getMaskType,si
_r882909efa556b8,getMaterialCellMatrix,si
_r50d7c9457a9f7a,getMaxUnitIndex,si
_rb9581a9fd790a7,getMergedType,si
_ra4d4db540c999a,getMessageColor,si
_r46318763f47ba9,getMessageComposer,si
_r2c81ac765920c8,getMessagesFromProperty,si
_r70dd51d3bf4259,getMintTokenProductIcon,si
_r1aaea841071ab9,getMirroredBitmap,si
_raafad9f67304d5,getModalXmlWindow,si
_r69951b66da46ce,getModeByTab,si
_r3dc1700601b7a2,getModerationMessage,si
_ra3f0839e669c61,getModifyCheckbox,si
_rf58513243b9b1f,getModulatedBackgroundColor,si
_ra3a9827c79245f,getMotionByTagAndTarget,si
_r988715ebe5afe6,getMousePositionRelativeTo,si
_r1808a0bc2eb7a3,getMsg,si
_rb8545ae6e76c76,getMusicInventoryGrid,si
_r596a59601237a0,getMusicInventoryStatusContainer,si
_ra7c0bf2f660aa0,getNameFromView,si
_rc41757ecfbc08b,getNameLocalizationKey,si
_rbb64c161bbb7af,getNameParts,si
_r164fbbe4d53fa0,getNavigationCategory,si
_r14427ba0b2b900,getNeutralTeamColor,si
_rabb53e912371fc,getNewAchievementCodes,si
_r20dcd609ac53b6,getNewFeatureConditionState,si
_ra568f9232d26d6,getNewRowElement,si
_r79303280cda336,getNewTagItem,si
_r33c6423d7796f7,getNewTileContainerElement,si
_r3e6f5c78a43d87,getNewTileElement,si
_r2e0fbd211ef827,getNextItemFromQueue,si
_re26fb8596ee0f0,getNextLogEventId,si
_rfca2263ec66717,getNextQuestion,si
_r0139330b2b1412,getNextSanctionDescription,si
_rc82111efe6d3b8,getNextToken,si
_r6f7c44e0a7a561,getNftImage,si
_rd1835c9da641f0,getNoResultsELement,si
_rca67d4d58aa24f,getNodeById,si
_rb347acb3584b55,getNodeByName,si
_r859be196e79131,getNotificationImageUrl,si
_r88f5c03c89e843,getNotificationPart,si
_rc0e2e2e3d20237,getNumRunningMotions,si
_r591e5dc3537511,getNumberOfFindFriendsTabs,si
_r36753cdcc646e5,getObject,si
_rdf8e19fb8666b8,getObjectByDataContent,si
_raf1862be23ce04,getObjectContentURLs,si
_rfadd1386ab9c97,getObjectCount,si
_rf751284da50e06,getObjectData,si
_r73af43b22a026e,getObjectUrl,si
_rc35f329420e00c,getOfferSearchText,si
_rd16b49b8073c48,getOldLocation,si
_r08546d2ee03ba5,getOldLocationString,si
_r9248a93b09507f,getOpenBg,si
_rae98df525e46e7,getOpenCategoryElement,si
_r34fe8154d2afc3,getOpenTime,si
_rf160f7c22d8531,getOpenedToWebAlert,si
_r53453fb2fda89e,getOrCreate,si
_r0e241db8889b3b,getOtherUsersItemGrid,si
_r3c7f07c09c24e4,getOthersCaption,si
_re6e4bd8015fdc9,getOutlineBitmap,si
_r9def647d2d56a1,getOwnUsersItemGrid,si
_r530b08afdb727a,getPairWindow,si
_r026b2b35f0275f,getPalette,si
_reac36b3a7fb69e,getPaletteId,si
_r59867090ba0a73,getParameterNames,si
_rc7a53b25da5aaf,getParser,si
_r2795599e930db8,getPart,si
_r743f393246d1c5,getPartColorIds,si
_r315d81a843aa0b,getPartDefinition,si
_rb2cae7abe07d26,getPartSet,si
_rc87aded6c14f63,getPartSetId,si
_rdf9fc7119723ba,getPartTypeIds,si
_r18b7e105042207,getPasswordContainer,si
_r2b5260c8057aee,getPerk,si
_redf089c4e1b81e,getPerks,si
_r1e969327b7dff8,getPetImage,si
_r25a9cbf48ba4db,getPetLayerIdForTag,si
_rb2923425e3f77b,getPetLocalization,si
_r8c1aff02a998bc,getPetTypeIndexFromProduct,si
_ra2ee9b399ca861,getPetTypeLabel,si
_r791612a4698d0b,getPixel32,si
_rc2771e85a13044,getPixelEffectIcon,si
_re4aa99d23902d4,getPlaceHolderTypes,si
_r5f6d9bb908b773,getPlanePosition,si
_r930c05f8ef0ae9,getPlaneSortableSprites,si
_r98b6d9e428cc50,getPlayListEditorItemList,si
_rd00e81055c8a21,getPlayListStatusContainer,si
_r35d7a3f0fb32c1,getPlayerImageBackground,si
_r134411afe37237,getPopulatedArray,si
_rf6cf13e32ec7e2,getPopupCaption,si
_r836f55ae071a36,getPopupDesc,si
_r077b27cfd39913,getPopupXml,si
_rc1c28ff7e3855c,getPositionVector,si
_r86ea0853d4225c,getPostureForAnimation,si
_re87c3aa294516d,getPostureForAssetFile,si
_ra607ea8b2ab6f6,getPremiumButton,si
_r21004606153e79,getPreservedTypeFilter,si
_r274a415f0db52f,getPreset,si
_r0ae2ae5b7c1e96,getPreviewBitmap,si
_rd185be908cc3ab,getPreviewerStuffData,si
_r9aa0e936d0ddd7,getPriceIconStyle,si
_r47a70457589288,getProductCountOverride,si
_r4fc837f99a7367,getProductImage,si
_ree1b03d63c6ec2,getProductName,si
_rfdc432dc9e0c7a,getProductType,si
_r64538b784e82f4,getProfilerAgentsInArray,si
_r9b805aef982580,getProgressWidth,si
_r9c54471dc304d6,getPromotedMonths,si
_r83f62c4f6237f2,getPromptFrame,si
_r89b58e27a629d1,getPropertyHint,si
_r581e320bf9a1a3,getPurchaseParameters,si
_r2852696746d855,getPurse,si
_rb2d6ec96f8e8ab,getQuantifierKey,si
_r09d21c8ab5452b,getQuestByEntityWindowIndex,si
_rc57e30b6a8c764,getQuestDesc,si
_rc336f9af8fadbf,getQuestHint,si
_rf653cbea5e3ddb,getQuestName,si
_r460dc75d19428c,getQuestRoomIds,si
_r03c76e6a29e604,getQuestRowTitle,si
_rf6c91b7b7d973e,getQueueSet,si
_rd8ec13b3fb16b6,getQueueSetTargets,si
_rcbeda3bfbce9e3,getQueueSize,si
_r195bc3612ffc78,getRaceLocalizationKey,si
_r65aa7237b58de3,getRankText,si
_rca468e12ad6acd,getRare,si
_re4307f599bfb0e,getRarityAssetBase,si
_r0c1ef3ab0c760a,getRarityColor,si
_raff73dbbba04c6,getRarityFilterLabel,si
_r83e81124b54472,getRawLocalizationKey,si
_r35b6a8ee2fbb0c,getReadCheckbox,si
_re8bef21b47c81b,getReasonName,si
_r8aacb2fac5b319,getRecolorableDesign,si
_r4bc4e280731b89,getRecyclableCount,si
_rf720a26ff748da,getRegionProperties,si
_r58fb9d212ede9f,getRemoveAllFlatCtrlsButton,si
_r12df67a4f70341,getRepeats,si
_r8ac0e2908615bf,getReportedUserDeleted,si
_r13eb65ce7d4c02,getRequestEntry,si
_red05ba616c8892,getRequestTypeCaption,si
_rf697fa6630ef9e,getRewardData,si
_rf3d91f6d0b0b1d,getRomanNumeral,si
_r8345f3e65de09b,getRoomCanvasScale,si
_r310774cae2e336,getRoomChangeBitmap,si
_re19e83e72c2d7e,getRoomCtg,si
_rac62c6c3214ed0,getRoomObjectAdURL,si
_re0b50b62d63b28,getRoomObjectCount,si
_r78ce25ae291149,getRoomObjectIdWithIndex,si
_r0dd3377ce6eb0c,getRoomObjectScreenLocation,si
_rf6ac0457df231a,getRoomObjectVisualizationData,si
_r808909867198fe,getRoomObjectWithIndex,si
_r0fb25f70dbf0d3,getRoomPlanes,si
_r2e3e8147366070,getRoomPlanesDataArray,si
_r7143f4509096a1,getRoomRenderingModifiers,si
_ra7b26264cb0d4d,getRoomRowWindow,si
_r960645736d61d5,getRoomViewRect,si
_rbac3bfbe25617f,getRooms,si
_rf26822983dd7c2,getRow,si
_r3a94031cefd419,getRowAssetUri,si
_r56f1264e25917b,getRowView,si
_r74dc1b053ae92d,getRuntimeAsset,si
_r14857c8c0c4ba1,getSampleIds,si
_rdcdcabfffaf6a0,getScale,si
_r5d17e1e501b9f1,getScreenLocation,si
_r9220e41135a551,getScreenPoint,si
_r50d7c15a8e3499,getScreenPointFromRoomLocation,si
_rf5658372fe0a5b,getSearchCodeByLegacySearchType,si
_r941d73869bf9be,getSearchCodeForTabLink,si
_r6fa06d58fe0039,getSearchMsg,si
_rdccdc5232d53b3,getSearchTerm,si
_ra6c15fab52d138,getSeasonalCampaignCodePrefix,si
_rc0e6296b504ebd,getSeasonalCurrencyActivityPointType,si
_radc28b2a8d29c6,getSeasonalCurrencyPriceColor,si
_r44b4e4201af516,getSeasonalCurrencyTypes,si
_r95a8bc64a3cdee,getSecsFromPulses,si
_rf18097d79a64d9,getSelectedBadgeFilter,si
_r4c6a6afbb28fe8,getSelectedBadgeRarityFilter,si
_r09463193876753,getSelectedColorData,si
_r770773c1d594c1,getSelectedColorIds,si
_r1172313fefceca,getSelectedFilterId,si
_r7ad720710f167e,getSelectedItem,si
_r308f7b358307a1,getSelectedRarityFilter,si
_r22bd89d848ec58,getSelectedTypeFilter,si
_rea73a824414e99,getSelectorState,si
_r6cd9cbf700b81f,getSetCurrencyType,si
_r0e4c5aba3dc6ad,getSetIndividualPrice,si
_rfa01f81855ee64,getSetPrice,si
_r9e6eede1d9145d,getSetPurchaseCount,si
_r6c8703eaf23418,getSetType,si
_r692f9d3833279b,getShortFriendlyTime,si
_rca92e0b12a383f,getSimpleQualifiedClassName,si
_r9d8d82d73aabb0,getSizeData,si
_r32f2ad58a11c8a,getSkillLevelImage,si
_r23dac4ea490f6a,getSliderPosition,si
_r841a24ba59ff71,getSongIdFromExtraParam,si
_rdbf442294cc3c1,getSongLength,si
_r20995144483a08,getSortKeys,si
_rc8d6f6e1e56544,getSortableSpriteList,si
_r905d73aab00682,getSourceName,si
_rbda5667a8a4c7f,getSpecialCalloutAnchor,si
_raf8be940136c3d,getSprite,si
_r9cf34ab7b99c2a,getSpriteAlpha,si
_r0ee7a3c3d348d8,getSpriteAssetName,si
_rab530240db13cd,getSpriteColor,si
_rad016d4040f6c3,getSpriteDataObject,si
_r84446f084846e3,getSpriteTag,si
_rd9dfcfdedefa65,getSpriteXOffset,si
_rb8f2994f2e2d8e,getSpriteYOffset,si
_r84a8e610e76abf,getStartFriendIndex,si
_rb7a34eef502ca5,getStatusContainer,si
_rc021ed753a7822,getStatusForWindow,si
_rddd444cb0efdfa,getStatusText,si
_r1f000dae5054fc,getStepCaption,si
_radf539a4585837,getStepContainer,si
_r30261ce7f6a42c,getStepDesc,si
_rf0407330665743,getStepHeader,si
_r3988bc63150a21,getString,si
_r6656963d31c019,getStringFromSeconds,si
_r53611c31957c54,getStringToStringMap,si
_r5a68e8c179d3d2,getStuffDataMap,si
_re9cad85e5b88e4,getStyleByWindowState,si
_r16f4aef53eab72,getStyleIds,si
_r715b849660be80,getSubTaskAt,si
_re5f7a8821cbc43,getSubmitImage,si
_r78bb727fe6d28f,getSubscriptionProductIcon,si
_r1d245dbf195032,getSuccessFrame,si
_ra2100712764968,getTabByMode,si
_re950958c42827b,getTabContainer,si
_r94b152f4ec9e9f,getTabContent,si
_rb394f124a10d1c,getTableCell,si
_rbe440f427ee876,getTagsAsString,si
_r8c5ae5628c2bda,getTargetBounds,si
_r6ae1b6a51fe54e,getTargetString,si
_raa8d0c2007e099,getTaskById,si
_r931e9aff262a19,getTeamColor,si
_rb10306838e549b,getText,si
_rba8f1f19812495,getTextElement,si
_r82370d23b6432a,getTextHeight,si
_r887867bcdd97cd,getTheActualState,si
_r1ff60081e11e50,getThicknessSelectionIndex,si
_r2ed9e1fa5c2431,getThicknessSettingBySelectionIndex,si
_r8fe483320b43f5,getThreadColor,si
_r74fbfef1aedbc7,getThumbnailURL,si
_r9cb7fb8850336e,getThumbnailUrl,si
_rfd27c38007fc9e,getTileAt,si
_r3558dbed1b912d,getTileHeight,si
_rbade1af4d64ab8,getTiles,si
_r329f68acf81ca7,getTimeStampNow,si
_r6f25d038e27c6d,getTimeZeroPadded,si
_rb4fde860e8538f,getTimezones,si
_r9f0a9924056a32,getTitleText,si
_r550276ea3b027c,getTopic,si
_r37d1ae87f1d9c7,getTotalDucketsToClaim,si
_r86a5f6a714e1ed,getTotalReferenceCount,si
_r075bbacb9a41b5,getTourPopupDelay,si
_r5e72f7530848c7,getTrackView,si
_r494bbf04acfe4a,getTransition,si
_r856b901458eec5,getTraxSongFurniName,si
_r6880b372113e33,getTrophyInscription,si
_r77e60d92354364,getTrophyTypeFromProduct,si
_r7b695117c25a33,getTwinkleAnimation,si
_r8ac457094cbd6f,getTypeDropMenu,si
_rb8bb5d3f281fc5,getTypeFilterLabel,si
_r68acc7f9de24b4,getTypeId,si
_rb601e11fa185af,getTypeNameForSource,si
_r88159520d37021,getTypeString,si
_rebf1623064c432,getUpdateFuncFromProperty,si
_r60cc27a1e43370,getUpdateID,si
_rd18f3e292dcb15,getUpperSkillTreshold,si
_rf4aede29e7e868,getUrlForLiftImageAtIndex,si
_rb0ab4257f75f98,getUser,si
_rf9c5694f5a8e93,getUserCount,si
_rcbcdc4e7704d20,getUserDataByIndex,si
_r4d8403bf4b6390,getUserNameList,si
_r4803e8dca5ad2e,getUserUpdateData,si
_r04f368f7506bf6,getVariable,si
_r29784ccc755da6,getVariableByNameOrPrefix,si
_rea20d86feea60e,getVariableFxAddition,si
_r389e7fed80cc46,getVariableFxAdditions,si
_r9344d6065fbae8,getVisibleAdFurnitureExtraParams,si
_r09f8b38447d068,getVisibleCapacity,si
_r05a7f7b1fee2b3,getVisibleEntries,si
_ra01674b3043cf3,getVisibleFeedCategories,si
_rcea93b42004aab,getVisualization,si
_r34698b8801434d,getVoteImage,si
_rb1aec9551bd40d,getWallItemDataByName,si
_re0595dae90a3f2,getWallItemDataWithId,si
_r5a45deeb83631f,getWardrobe,si
_r9dc07eed67e3ce,getWhiteBackgroundTagColor,si
_re79e2343daab73,getWidgetForType,si
_r02486c7fb1a93f,getWindow,si
_r9404b7c43e5636,getWindowClassByType,si
_r80439bbff15ebd,getWindowRendererItem,si
_rdf65d752c824ed,getWindowsForType,si
_r3b8aff4e11c7d7,getWordPositions,si
_rf2c342689c8526,getX,si
_r45dfff05cdab32,getXML,si
_r37f97b4e9dbe00,getXmlWindow,si
_r7affe92986f9ca,getY,si
_r90723755b1e0f8,getYRotationMatrix,si
_rcca659e9ab2320,giftOptions,si
_rd8c70aa96ef491,giftable,si
_r71beaa5faf000e,giftsAvailable,si
_rd044a47a567683,giveCoinsButton,si
_raa95b3f62ed291,giveCoinsSubView,si
_r30e8830d759abd,giveFurniSubView,si
_rce415935304779,giveFurnitureButton,si
_r317e10ea41ab3e,giveGift,si
_r667ae109410ca3,goBack,si
_rb65dc417180301,goBackToInitialState,si
_re98a75911207e6,goToHomeRoom,si
_re153c24f8dc695,goToRoom,si
_r4ea08cc5f09475,goalCode,si
_r3b972550f81a63,gotoRoom,si
_rff00023c1d7518,gridItemEventProc,si
_r3078dc5e1bf25d,gridItemWindowProc,si
_r21573914f25bde,gridX,si
_r349d83e02c1572,gridY,si
_r2884086bde8c50,groupBadge,si
_rac00b7e0ca1c93,groupBadgeCode,si
_r0555d059a70f10,groupBadgeId,si
_r57b8d115b553c8,groupChildrenWithID,si
_r0f2a4ff09309fc,groupDeletionEnabled,si
_rff4fddab860606,groupID,si
_r741778c53a8091,groupListItemsWithID,si
_r810763a1ecb9da,groupRoomInfoBadgeEnabled,si
_r50ebe00c017da6,groupRoomInfoEnabled,si
_r29026b3a9ea011,groupStatus,si
_rce782a6c90f156,groupable,si
_r78a5fbcb752261,groupingId,si
_r0ef14120737099,guardControls,si
_r7d90641f3e5623,guardDurationDropdown,si
_r808d4fcedc3202,guardDurationSeconds,si
_rfa655a20c65e20,guardEnabled,si
_r444d5dbc925514,guardEnabledCheckbox,si
_r4c2a6387e8c0e1,guardSensitivity,si
_rdd486e8777bcbf,guardSensitivityDropdown,si
_rc726e6e1aa4939,guardiansEnabled,si
_rddfdddc0067d35,guestRoomData,si
_r9409fc2c63e2aa,guestRoomEntered,si
_r0f2d3d5dec3432,guestRoomId,si
_rf21b277eac9e41,guestRooms,si
_r1203e724fafdff,guideName,si
_rb546dc4ca761a8,guildRightsLevel,si
_rcabb7e52ee3798,guildType,si
_r2269a484c3a870,habbiconGrid,si
_r03701f167f0764,habbiconId,si
_r2d0dde782b8d15,habbiconsEnabled,si
_r85d417a292bf7c,habboClubLevel,si
_rdf48210035cfa6,habboClubPeriods,si
_re1e21f04e44fbb,habboGroupId,si
_r2c0035c72c2822,habboTalentEnabled,si
_r270541bdc3f287,habboWebApiError,si
_r898da47f43a523,halfBlend,si
_r340e03e9f3e2bb,halfWay,si
_rea025280e8e9e0,handleAdClick,si
_r0e0b12fc8f4a80,handleAutomaticStateUpdate,si
_r920b0bb85b0d29,handleBanInfoMessage,si
_rec8a8ed57677e9,handleBundle,si
_r7c5b702c34524a,handleButtonVisibility,si
_r8aec6e1a4a6232,handleCustomRoomSettingSaveError,si
_rf5214b22cb535b,handleEngravingRequest,si
_r058bbb6e976f47,handleError,si
_r2acc1edc3a9cbf,handleGameStatus,si
_reb96fdd386e79e,handleHotelClosedMessage,si
_r4f88b2511e4d10,handleHotelClosingMessage,si
_rc797cc28100a3d,handleHotelMaintenanceMessage,si
_r60d4a41042a725,handleKeyUp,si
_r30d04becb24c58,handleLeftButtonsVisibility,si
_r16b9df27b6b905,handleMouseOverOnHuman,si
_r64d9ec78d65dd3,handlePreviewImageEasterEgg,si
_r7ac3abd3c70c5b,handleSignWindowVisibility,si
_r8bd419dad160d6,handleSubmitFailure,si
_rb699d76b4ac6a7,handleUserBannedMessage,si
_rdea3130cb5ef95,handleWebLogout,si
_r836f7e7210a458,handshake_failure,si
_r1d069434b4078c,hasAsset,si
_rb0313f62fd5f7e,hasBlockingWindowInLayer,si
_r37f5b78d6b31f3,hasBreedingPermission,si
_r0f983c7f0dafdf,hasCreditNode,si
_rbd0528e2e4297d,hasDirectionalOffsets,si
_r9a27202ee33d06,hasDirections,si
_red5399a594cd71,hasExpired,si
_re143285321f730,hasExtra,si
_r06b464e6ee669f,hasExtraLink,si
_re69aebc21fcbb6,hasExtraText,si
_r9f47d0c25f6ea8,hasFilterMembershipChanged,si
_r163d705efe0e4a,hasFinalNumberRenderChange,si
_ra648c906911aa5,hasFreeSaddle,si
_r9c0d50432c6152,hasHashedSuffix,si
_rf7daa4028d192f,hasIndexedColor,si
_r853cc001ccce5b,hasLocalizedValue,si
_r2cc23328a65e6f,hasLockedComponents,si
_rde6ac499bc3947,hasMetaData,si
_ra2c5c30fe7237a,hasMoved,si
_r45663b0e5dba80,hasNavigatorLink,si
_r2d7c8b38c5550b,hasNextPage,si
_r2799e0175f1293,hasOutline,si
_r8d333b69c3b4bb,hasOverriddenActions,si
_r46e9ddb2bcb543,hasPremiumConfig,si
_rc58e31d3323b62,hasProductImage,si
_r36cbda8b99aa74,hasProgressDisplay,si
_rd714c5c657c1ef,hasQueueForInterface,si
_r3c1618f56da640,hasRectLimits,si
_r328d04769e791d,hasRenderChange,si
_r4be4d364beaf0d,hasRentPeriodStarted,si
_r1e2a712d950eff,hasRoomLink,si
_rc1701510ddd2b6,hasSaddle,si
_r6b2afc055a807c,hasSeen,si
_rd794af29b9a92e,hasStateSnapshot,si
_ra4b743e7fdc0ee,hasStaticWidth,si
_r686f084e4f9302,hasThumbnailImage,si
_r0ffc847906257d,hasVisibleChildren,si
_re02935cf4cae53,hasWritePermission,si
_r7fcbf700b41b56,hashCode,si
_r6e63b65bd1aa8c,hcDoubleDucketsInfoText,si
_r7492535bbdc02e,hcInfoBar,si
_r3fee01b2bd352a,header,si
_r843c2cb949c469,headerButtonClose,si
_rbcd7a7b488ac29,headerCloseButton,si
_rfd3cc617dac8f9,headerFrameBackground,si
_r201bd75786d9a9,headerMargin,si
_r6715409f0b83a6,headerPicName,si
_r3b5f0df1a7b7a3,headerPreset,si
_r0d5c492bb0ba2f,headerProcedure,si
_r3f18b306436919,headerTitle,si
_r3a9179d4f15eb3,heartWidth,si
_r1c23d3f56e1f57,heartsPerRow,si
_re904a2a8ba2ae3,heightMapBitmapElement,si
_r98575075a6bcab,heightMapMouseCapturer,si
_r93037d59fdf75a,helpButtonProcedure,si
_rf5d5d2c73f1d19,helper_vector,si
_r8a4ce79af9c8a4,hexStringToByteArray,si
_r5043db24f1ae5f,hexToRGB,si
_r7486000f7b100b,hexToUint,si
_rd457b77a46044e,hibernating,si
_r635ce4c9909c21,hiddenDropdown,si
_re14770318f613c,hiddenLayers,si
_rad57fcf12f06d9,hide,si
_rf9d3f004c0bfb5,hideAllTabContainers,si
_ra663afd489b5ea,hideChatInput,si
_ra7c1bb86e5908f,hideChildren,si
_rfe3f395a7259b7,hideContent,si
_r3c828cd1ffad29,hideContextMenu,si
_ra8252ae1401e96,hideDelayed,si
_r49392da8fb3bb7,hideDetails,si
_r85f44f55972591,hideElement,si
_r1e6eae8589f7e7,hideFrame,si
_r5dea2ff29dc4cf,hideGenderSelectionInterface,si
_refd1abc299387a,hideHint,si
_rffe399ee42728c,hideInterface,si
_rf4f85f154e35d5,hideItemCount,si
_r02a26ceb99a796,hideOffer,si
_r76ee12dc40ba71,hideOtherUserNotification,si
_r000d359aa60b13,hideOwnUserNotification,si
_ra98810a6871fbe,hidePreview,si
_r1e67ab9c50f609,hidePromptFrames,si
_r83cd8db0433205,hideRaffle,si
_r7ba759d94f2ff8,hideToolTip,si
_r6dd62fc8037160,hideVoteButtons,si
_r5707cf060b4293,hideWalls,si
_rbd0d3768beaa29,highestPriority,si
_r6cae9e7253b507,highestScore,si
_r7a246ff4c2263d,highlightBorder,si
_rd461604daa03d6,highlightChatInput,si
_rbee6a801a771df,highlightHoldersButton,si
_r1db5b81024fe73,highlightOnChange,si
_raedb4f717f0e7c,highlightSelectedButtonType,si
_r4121da47c1a4c6,highlightSuggestion,si
_rf9b5ccbed6b48f,highlightWiredButton,si
_rd08b8b91aead35,highlightedUserId,si
_rb78fe8a45ab165,hiliteGridItem,si
_r09fc09a0ad1f7f,hintButton,si
_re5dd80a30381f9,hintLocalizationKey,si
_r5449741ebad3d0,hiscoreValue,si
_rbf5eebf9caefee,hitIgnore,si
_rce4ab92b715f95,hitPoints,si
_r8552e3986ef9af,holders,si
_rfe531c76033f3b,homeRoomRegionProcedure,si
_re52516cbc64e73,hotLooks,si
_rbfe549e851c2d3,hotelAlertButton,si
_rfd625ad8c4ee27,hotelAlertInput,si
_rcd8e7390d4f8fe,hotelAlertSubView,si
_r5138ca7c5b611a,hotelClosed,si
_r9356a1da8f4b4e,hoverColor,si
_r693e337b32934e,hoverOverNavigation,si
_r2a119674362777,hovered,si
_r03c28df5df3595,hslToRGB,si
_r53a77f77e9fb58,hsvToRgb,si
_r166de5d888e031,humanGameObjectId,si
_r2e37d31200fb04,iconAlignmentRuntimeValue,si
_rcc9be49c6f6fa9,iconAnimationDelay,si
_r96a87b066adb87,iconAnimationSequence,si
_r587c2e07976706,iconDisplayString,si
_r94d7c4b4a0ec0e,iconLayout,si
_r0138fd5f0133bf,iconName,si
_r06b02fa628cd83,iconOptions,si
_rd31ddef1b25dcc,iconWidget,si
_ra7cc9532496959,iconWindow,si
_rc782a229f016e8,iconWrapper,si
_raad81f22584506,id,si
_rde12e753703207,idKeyText,si
_rf07e22cf3ee658,idValueText,si
_r506bc113464217,idleSleepEnabled,si
_rd6343860c0ed7b,ignite,si
_r4a03c1bf8da13e,ignoreBottomRightSlot,si
_r0752acf7e40f5b,ignoreConfirmDialogEventProcessor,si
_r3c9fb2ebff4d36,ignoredUserIds,si
_r8ca39b3b0db938,iis,si
_r168974affac31d,imageCallback,si
_rf3f37850360d16,imageDownloadId,si
_r0ee20010638859,imageFailed,si
_r52ca880ea010fb,imageGalleryHost,si
_rbca7c55a409405,imageLibraryBaseUrl,si
_rb1e876f7376f94,imageReady,si
_r49cb20a50c188e,imageResult,si
_r007691a22b189e,imageUri,si
_rd742c2310d1204,imgId,si
_r127d9641a7fd33,immediateClickHandler,si
_r52a191fb365377,implementsInterface,si
_rec4680c8d74563,inactivateFurni,si
_r13277a7480921f,incidentActive,si
_rb14c0d0962b4f8,incidentActiveText,si
_r93ab2b461d951d,incidentInactiveText,si
_r5df8434e02942c,includeVisibleSubtree,si
_r9d1d273eb86774,incompleteText,si
_r0385b6188c133c,indexOfPartType,si
_r85dfb1d79e922a,indicateRewards,si
_r7b24bd6195410b,indicateVideoAvailable,si
_ra75ef2923024a6,infoBoxText,si
_r3c21879e289e67,infoHoverRegion,si
_r5bb165dcafb9e3,infoLink,si
_reea95cd6b48d10,initBadgeWindowAsset,si
_r111cded9959c7e,initBlockList,si
_r3e1b19331b16f0,initButton,si
_r36abfe92b12479,initChestBasedIconUI,si
_r777962f95c4e0c,initChestStates,si
_rb12e3e529bf902,initCitizenshipVipQuestsExtension,si
_r244b859b2873aa,initCollectionPreview,si
_rd73cf40ff333c7,initColorGrid,si
_rfb608806280ab6,initCommonControls,si
_r4f240f5d9de304,initConfigurationDownload,si
_r7a9577f2d0992e,initConnection,si
_r3b8287e89889bd,initControls,si
_r2afc98cb48259a,initDeviceType,si
_r80cf6279db2efd,initEffects,si
_r263be755ae154a,initEnvironmentImages,si
_r0f2528bcb21531,initFurnitureData,si
_r6c0d043b3bf0ff,initHabboWebApiSession,si
_r8fcd7689e0e101,initHeader,si
_r41f893d395b911,initHourglassIcon,si
_rd3ad436818edd3,initIcon,si
_ra09c5b7105bdff,initIgnoreList,si
_rac4c99ac3cb72b,initInfoEntries,si
_r2a368e2fa5ba1b,initItemPreview,si
_rd827cfcc859ce4,initLayout,si
_r43db7c1a2ed153,initLinks,si
_ref1eb63ff97989,initLocalizables,si
_r8912878be98c54,initLowMem,si
_r0a89d68cce544d,initMessageText,si
_r44872696d907ee,initMintItemPreview,si
_r0076f3dab9925e,initMintedItemPreview,si
_r5702d2bda574fe,initMsg,si
_rf83f8278397e7f,initNftColors,si
_r7bea187d1c9870,initOfferExtension,si
_rd132b4a5a7ace1,initOs,si
_r80db2661cbf5fb,initPartSets,si
_rbb4ba74730b3ea,initPetData,si
_rb9f44ff8246dab,initPlaceholdersForRoom,si
_ra7ff110e0a9e74,initProductIcon,si
_rcece1f68ade3d4,initRewardClaim,si
_r9e4f3d12ef143a,initRewardItem,si
_rf2683221b68d5f,initRoomEnterEffect,si
_rfde7f735860904,initRooms,si
_rb5f458eb74be23,initScale,si
_r67baea9d2cc453,initSeasonalCurrencyExtension,si
_r1e3cfd2696afb9,initSortingDropdown,si
_r737e67697584e3,initStaticImages,si
_rec26b2e28ee1ad,initSublist,si
_rbdbf74de4541d4,initTopAreaForForum,si
_re3d682134c5501,initVideoOfferExtension,si
_r76b4bbdcd285ac,initView,si
_raedcc6c6805d5d,initWindow,si
_rd73d7fcd7ab0c1,initialNumber,si
_r3886c19e442ac2,initialVariableName,si
_rad6658dd957cb3,initialWidth,si
_rbdabd15a6953e8,initializeActionTypeDropdown,si
_r841adaf6c380b3,initializeAll,si
_r6ad7ad3f7b62ba,initializeAssetCollection,si
_rd81e8872b82f40,initializeBackgroundRendererIfAllImagesInCache,si
_rd387cf113f0eed,initializeCategories,si
_rb4d7626204a895,initializeColors,si
_r0b8e4e80862cf4,initializeCore,si
_rf44f3645ca1dd3,initializeCurrencyLayouts,si
_rfb3ab7827238d2,initializeData,si
_ra5a2b5a3bf7668,initializeDropMenu,si
_re20d834ec6bafc,initializeEntitiesIfAllImagesInCache,si
_r4cd15d4b18b3f2,initializeFilters,si
_r4fe7030574f71e,initializeFromTileData,si
_ra93d5ddd9852a0,initializeFromXML,si
_reb52e26097cb87,initializeHighlightArea,si
_r727cad2aec5fe2,initializeImage,si
_rca8ac5b87dcf46,initializeInterface,si
_ref2e8bfa35288c,initializeList,si
_r3ef7f0d7b1e5bf,initializeLocalizations,si
_r6f50fda7b68557,initializeMode,si
_r2990716829b695,initializeObjectTypeMapping,si
_r6d337c342df88f,initializePaletteSelection,si
_rbcf1a9db8b4806,initializePlanes,si
_r6018aaa028fcd1,initializePosition,si
_r91d042f03d7231,initializeProgressRenderer,si
_r33feb33702ef11,initializeRenderers,si
_rb7d5ea26db8f0a,initializeSection,si
_r6cee3f73e68c7e,initializeShoreMasks,si
_r64b9d0c6f4cf6b,initializeStaffActions,si
_ra98a7ee0420aeb,initializeStretchingWithParent,si
_r5ff85c70016b21,initializeStyleFromAssets,si
_r615683c55192ea,initializeTabs,si
_r601a69e098f823,initializeTasks,si
_r8f271d3a3e5394,initializeTopicDropdown,si
_r98d609598c8cee,initializeTopicToSanctionTypeMapping,si
_r9098c3499fdc18,initializeTrajectory,si
_r3254a22bdb1a7b,initializeUI,si
_r3e90ab1b67be80,initializeView,si
_rbfb8228ed90def,initializeWallets,si
_r887e9905ce41c9,initializeWidths,si
_r0a1e2534793042,initializeWindow,si
_rd2dd4fc9c6ba5a,inputEventQueue,si
_r5ca4a5d3837563,inputEventTrackers,si
_r233ce93539b80a,inputField,si
_r155f3772b5cada,inputHeightField,si
_r664a84295aae5a,inputPlaceholderText,si
_r3107609fc4e481,inputSourcePresets,si
_r673d05d766eee8,insertBubble,si
_ra4f27d52355c3c,insertObjectContent,si
_r939346b75ee43b,instantPoints,si
_ra0360d9f5b4fa1,instantPointsBenefitRow,si
_r38e60df8b7de89,instantPointsBenefitText,si
_rf70623bb06e726,insufficient_security,si
_ra625c00012abb5,intParams,si
_r55bcb73dd5ca45,interactiveCursorDisabled,si
_r68c8aa70aaea69,internal_error,si
_re120b8e9e7ce96,interpolateChannel,si
_r0df04b49a040b2,intersectsWith,si
_rc2881cc7f2a50a,invalidNumberMessage,si
_r8e11eba7654341,inventoryId,si
_r0ce2d5941b424b,inventoryIds,si
_r9a1bef10c7d704,invertEnabledCheckbox,si
_rf6c3329b37fc95,invisibilityCheckbox,si
_r32f4a12b04fa4c,isAdmin,si
_raef051d70d197c,isAllowed,si
_r77607257a1c516,isAmbassadorOnly,si
_r2bc8ea6e6885a2,isAndroid,si
_r1d9759adef5a35,isAtTarget,si
_rf5d50329cad5b5,isBadge,si
_rc09b94c415a03c,isBlended,si
_rc494e8024a79dd,isBot,si
_r628a4b56f1bf55,isBottomAligned,si
_re6c86b8f1be306,isBoundToParentRect,si
_r7369413243d1b6,isBuilderClubId,si
_r9a4f453317911f,isBusy,si
_r080fac04a1f828,isCachedIdle,si
_r2b7fe885d0ed5e,isCancelled,si
_ra71854ba19462d,isCaseOnlyChange,si
_rf7b3866820d003,isChatSelectionRequired,si
_rdbd31f1d064ece,isClubExtensionEnabled,si
_rd23445e3a44399,isCollectionCompleted,si
_rae43186d21fc73,isComplete,si
_r3e34fbe328c9a8,isContinuous,si
_r05e162e0ea385f,isCrashOnCriticalError,si
_r7f4112598ca93c,isCreditFurni,si
_r5a08331b5ad7e0,isCurrentEnteredRoom,si
_r7617e4ea1c9a3c,isDancing,si
_r3b71b6304b8bd3,isDataReady,si
_rfedb2a41539777,isDeal,si
_r8b493143cd2886,isDebugger,si
_r04fb9fe0d4610a,isDeepHierarchy,si
_r6de94d0eb8931b,isDesktop,si
_ra59f8932a9af29,isDevelopmentEditor,si
_r85da465615d2f4,isDigit,si
_rd2f03bc0bfae11,isDimmer,si
_ra4ca723c56e414,isDone,si
_re213b012be535e,isDynamicPaintColor,si
_rf031b1bfd9b116,isEditMode,si
_r7a360d8e9073f2,isEmbeddedMinimailEnabled,si
_reea6418bc3e26c,isEventViewMode,si
_rec9e612258a978,isExcludedFromCrash,si
_r5b7f7b546fd137,isExcludedFromFurnitureSearchResults,si
_r89bace884075c1,isExpired,si
_rc2315c97e59358,isExtensionEnabled,si
_r77064d18c8c983,isExternalImageFurni,si
_rf8a624440153ca,isFeatureEnabled,si
_r9cff4b9f92b577,isFilter,si
_r8a62ffd4fb9405,isFinished,si
_r9e69b4cb14a4f9,isFirstLoginOfDay,si
_r7aa86a12cd97fd,isFlipForced,si
_r8e651b94c1cdbc,isForumsListOpened,si
_ref3c2a1edad442,isFriend,si
_r1165becd1b545a,isGarbageMonitored,si
_r9eadb392abd382,isGift,si
_rc84f0daf97daca,isGridEqual,si
_r3f5271f82a1697,isGroupFriend,si
_ref29d4487f4dd7,isGroupable,si
_r10a750dbe6bf37,isGuildRoom,si
_r3277bcd2854138,isHabbiconOfferOwned,si
_ra7089a494660cf,isHabbiconOwned,si
_r5f331fdc3a26d9,isHcOnly,si
_r32c68d0f860a9d,isHexDigit,si
_rc6279d05fd88ec,isHiddenByOtherWindows,si
_rabbe4abd3ae7fc,isHighlighter,si
_rada27b3a89af48,isHome,si
_rf8975787e5c19b,isIOSSimulator,si
_r55409c75b31a9b,isIdleAutokickOffsetValid,si
_r29b17f4d17f8cb,isIdleAutokickTimeoutValid,si
_r0dd150f519a5c1,isInDistanceStatic,si
_r5a5128a667e436,isInUse,si
_rf5c1823678c56c,isInactive,si
_r078d686ffa93a3,isInitialize,si
_r6fdd2e4cf421e5,isInitialized,si
_rb75285bce1ead1,isInputSourceDisabled,si
_rd10d85229e8ae9,isInvert,si
_r8f5cb62e5db0b9,isIos,si
_r7ebe3fd65cf2fb,isItemRemoved,si
_rd719018826cc37,isKickbackEnabled,si
_r1cec2e6ed68601,isLazy,si
_rdf4fb0cea3eebd,isMandatory,si
_rd4b6d1e6ded094,isMandatoryFieldsFilled,si
_r061c0b133cbe0a,isMessagesPersisted,si
_r3a206ae4cd3810,isMinimized,si
_ra6ef778e6494f6,isMintPeriodExpired,si
_rd1a39a6683a106,isMissing,si
_r678d2fd1c2a978,isModerator,si
_rec1fa76b7571de,isNewIdentity,si
_r90f013affdf4e5,isNewItemsNotificationEnabled,si
_r556ec34e5114cc,isNft,si
_r17c7862cbcdca8,isNonHeadSprite,si
_r6d2a12dff7151c,isNumber,si
_r0793f03ff37218,isOccupied,si
_r9f30ce1ff0177c,isOk,si
_rdb6cd1a61465fa,isOn,si
_re709efdd2d8732,isOverBgColorLimit,si
_r0459142c177569,isOwnPet,si
_re227e5bd0ba571,isOwnUser,si
_r25cee6b2ae6219,isOwner,si
_rebe233caa178fe,isOwnerMode,si
_r98d5b8e05c5fb5,isPainting,si
_re8e17e83fbf549,isPartOf,si
_r718890f3b17112,isPartOfStack,si
_r0bd441a03ccc3b,isPaymentOnly,si
_rb85da41dd25e8b,isPetFood,si
_r6cde493a094bda,isPhone,si
_rf5366d9c969fe3,isPosterItem,si
_re52979d20c6527,isPreSelectable,si
_raa94b3924b4d25,isPropertyUpdated,si
_r973c2342f0b7a1,isQuantityValid,si
_rc69c896cd6a28a,isRandom,si
_rfd0f104cfff10c,isRareOrHigher,si
_r412c05aff84741,isRarityFilterEnabled,si
_r7a01c1134e7a0f,isReadyToRecycle,si
_rc24abc5f4bf747,isRecyclable,si
_r7521261afdaf6d,isRendererPrebakeStale,si
_rbe9621f581c88a,isRentOffer,si
_r72b7321e27ac09,isRented,si
_rd9f3ccb9208984,isRepeated,si
_r8538fd04472ac9,isRequired,si
_r3ea0e5f8d2ef8e,isReward,si
_r7b2c4aed75ed00,isRewardBuyable,si
_r398c131e32614a,isRiding,si
_r2604bb9e734a78,isRoomOwner,si
_rb4f26f26739eb6,isRunning,si
_r9429ee4524e18f,isSameAsset,si
_r0164533d0f7a7d,isSandboxEnvironment,si
_rf7df894991cbe0,isSearchMatch,si
_rfa319f13b26264,isSeasonal,si
_r42b47a095ea17f,isSeasonalCalendarEnabled,si
_r5910c7c2999b62,isSeasonalQuest,si
_r6b6d4eb6bed245,isSelfieReportingEnabled,si
_r58c5d9bacdb8bc,isSellable,si
_r41db12742bdddf,isSendable,si
_rc6a3f0c76ff42d,isShowMultiple,si
_ra9db58d17563e4,isShowPurchaserName,si
_rbf331159b311fb,isShowing,si
_rfef56e2235890d,isSingleBlock,si
_rc349ca99557dc9,isSkewedSprite,si
_r63664244ed622a,isSkippedForUnseenBroadcast,si
_rff43596114009c,isSlotEnabled,si
_ra4c07c2e570912,isSmallPunctuation,si
_r80f2ce57ecf004,isSpaWeb,si
_rd1ee6a4fccb34d,isSpaceAvailable,si
_r4d39afcda4776f,isSpacer,si
_r275b2d9a293c07,isSpacesItem,si
_r632ded48e8501c,isSpriteInViewPort,si
_rbecad85b7e22e4,isStaff,si
_rcaf55dae6bb192,isStaffOverrideable,si
_re32675a289588c,isStandaloneTier,si
_r9cab936c22cb73,isStarterChest,si
_r8ab9c831c9a34c,isStateDrawable,si
_r04482f04df8284,isStaticStyle,si
_r7244f0c2e13390,isSuccess,si
_rfdfe56662d79e7,isTabVisible,si
_r32eaa5a960fed1,isTempId,si
_r1ed8c103a2a1dc,isTextMode,si
_r266c736c4c8fb0,isTilesOrRugs,si
_re3a288709c08a4,isTradeable,si
_r47c76903dc0f4c,isTreat,si
_r95e28612d140fc,isTyping,si
_re0001f2b3c0c2d,isUncommonBadgeRarityEnabled,si
_rcfbbc85445fa71,isUnknownSender,si
_r678069ba5c3a10,isUnseen,si
_rec4f706e910f4c,isUpdated,si
_rbea7fde023f643,isUpdating,si
_r5abb9df3164dc0,isUsable,si
_re825c92d16e413,isUsedFromSong,si
_r2d91ed13a154e5,isUserDecorating,si
_r3f80c7ba3a595b,isUserEntity,si
_r68d2f919d7ce2d,isUsingAdvancedSettings,si
_rb3538175006968,isVIP,si
_rdf2635e8db9eae,isValentinesBox,si
_raa42fd6d28cca2,isValidFigureSetForGender,si
_r7f56ed8c9bf735,isValidInt,si
_rab4795c45995c7,isVariableAudience,si
_rddd91142259f48,isVariableStored,si
_rdbfeca7e3bc6e3,isVisible,si
_rea3fb6b7e5d84f,isVisibleForEveryone,si
_rbf3777e996614c,isWallHeightSettingSelected,si
_r37061f4f70c935,isWallItem,si
_read67f5c2f0c00,isWideSlot,si
_r7d87b214e217dc,isWindow,si
_rd5075842f95997,isWindowInTree,si
_r0ed8f08ef9b6a4,isWindowOperationPrevented,si
_r0a9b40db93d7cc,isWired,si
_r69fd76cf94e235,issueData,si
_rac7b28eb06da39,issueId,si
_re3eeb3a0cd92d8,issueListLimit,si
_r47a5ba82ed13b9,itemCount,si
_r7187ec454e756f,itemCountText,si
_rd49fd32e18ee50,itemCountTextBottom,si
_r26c67f8a88ddf6,itemDescText,si
_r9d14741a52c3c6,itemId,si
_rb9c0fcf8838c7c,itemPromoImage,si
_r72f3a011af3f54,itemRotation,si
_r94bcb288a97e8d,itemScrollArea,si
_rb23968d767f4f9,itemTitleText,si
_r8364d81983f26e,itemType,si
_r4ae05b92ffbe88,itemTypeId,si
_r1d51f915757e13,itemTypeKey,si
_r91dcdac4f286f8,itemTypeToString,si
_r02b1383c2df700,itemsInitialize,si
_r3d0b0d5f303bb8,itemsUpdated,si
_r52dafb7ccfb1fe,iterateScaled,si
_r2ec30bc24a01ed,j,si
_r7cd83e87a19d89,javaDiv,si
_rafe23020f37f11,joiningAllowed,si
_ra192bd62d29409,jsonString,si
_ree984cb279f62c,keyLocation,si
_r9b943c60e4404e,labelForKind,si
_r295808b42bbfc1,lastActivatedEffect,si
_r88322d65f88d0a,lastIndexOf,si
_r1f08894b0909b0,lastMessageAuthorId,si
_r6920004b8a47e6,lastMessageAuthorName,si
_rb6911991c3f59d,lastMessageId,si
_r351a4e2e9c21c1,lastMessageTimeAsSecondsAgo,si
_ra485b0ef2f2361,lastPageButton,si
_rfb32c98ad64b51,lastPageRequestId,si
_ra515aae83d97d1,lastPostTime,si
_r18279a693fdd3c,lastQuestInCampaign,si
_rb111c3b2da74f3,lastRaidAtEpochSeconds,si
_rfb85eff159028c,lastReadMessageId,si
_r322f2d18eba8da,lastReceivedFloorPlan,si
_rd5b932760ecaca,lastRoomInvitationTime,si
_r384a14f2e4fa09,lastViewMode,si
_r7b94d704cb5f7e,latencyPingMs,si
_ra3694c58b15952,latestLatency,si
_rcb48176a74f655,layerDescription,si
_r0b7192b7e71e09,layerId,si
_r87f0c7e3d46f14,layerIndex,si
_rf3d9d66c9d8276,layerOptions,si
_rf679d35423c089,layoutAndCompose,si
_r0253ccb64a230b,layoutButtons,si
_r6f856e0fec12ca,layoutChildrenInArea,si
_rb9940c623b1e2f,layoutContent,si
_r3209288bffc614,leaderFigure,si
_rc9d4fa9315a6bd,leaderboardScore,si
_rc9d3ff92633178,leftPaneShowHideProcedure,si
_rff16a70b9ab93b,leftSide,si
_r6b5ea198c8cf33,legacyPosterId,si
_r29f31b09681472,legacyTrackGoogle,si
_r50bd42f7325df2,lerp,si
_reae06ba57bca46,levelBorder,si
_rea491eb8a550e4,levelMax,si
_r8ed452d6bdc4b7,levelName,si
_r9f794cea25e3bc,levelNameText,si
_r6e002e605edd36,levelStatusExtra,si
_r7b8564cbd7c295,levelTitle,si
_rc62a6decd21d71,levelsBenefitRow,si
_reaa28ee38979d7,levelsBenefitText,si
_r81256cb717aaa8,levelsList,si
_r217f26c9c622a5,libraryAssetName,si
_rc454e068e175a8,liftedRooms,si
_rbf0c7ac4812b0d,limitContentProcessing,si
_r135e9a15114fd3,limitText,si
_r2a77cfb48a96fd,linkEventTrackers,si
_rb1d0e1bdecc3a8,linkPattern,si
_rb6a40a073ac2fb,linkReceived,si
_redfe7b9a7a8de0,linkTarget,si
_r5bc02ce9fc9fcb,linkTiles,si
_rf6902f7f2b3c66,listCode,si
_r1ace17c640b217,listItemProcedure,si
_r51de6b6cc1c14d,listTemplate,si
_re5ab423128a295,listTypeValueText,si
_r1d0c4528c758c5,loadAssetFromImageGallery,si
_r02c5b40cca8fa7,loadAssetFromUrl,si
_ra0a0a8e01b3b27,loadAvatarData,si
_r7240666b68336d,loadAvatarInEditor,si
_r17ffd8a568805d,loadConfigurationOverrides,si
_r3bf0f7f22a9efa,loadEffectData,si
_r6f42b32dd42590,loadExtraData,si
_rd7526d91f6f525,loadFigureSetData,si
_ra7819ecd3f0454,loadFrontPage,si
_r9887c43cefc0eb,loadImage,si
_r70af4146c429d6,loadImages,si
_r6897e764ff2b06,loadLocalizationFromURL,si
_r7fe95d64ec8ce1,loadPhoto,si
_r5e22ea622460b9,loadPolicyFile,si
_raf9c0236180c4c,loadRoomAdImage,si
_r682c71e0eeaf7f,loadSample,si
_r801ebea40427b3,loadThumbnailContent,si
_r8ba79c9957800e,loadedContainer,si
_r2223b5976164d2,loaderContext,si
_r6e03d5d2c3536d,loadingBar,si
_r45a923056a321a,loadingIconWindow,si
_r7824cc5d5b4779,localization,si
_re631cf30a4dbfe,localizationCategory,si
_r1defe3ff03cf76,localizationCode,si
_rba9f4d38858884,localizationId,si
_r5b8727365f4f46,localizationKey,si
_r84d0bce74a8b56,localizationManager,si
_r2aa6680748e7ed,localize,si
_r9bec6609d823e9,localizePickupButton,si
_ra5ec099842a883,localizeResult,si
_rcda18ff1fa8bde,localizedName,si
_r738b26e4c5d358,localizedText,si
_r1f64165d81065e,locationChanged,si
_r1e8ae4722752da,locationX3D,si
_rf490955030073f,locationY3D,si
_ra80470848f3fbe,lockAllChestsButton,si
_r1ee476f8bd74a4,lockChestCheckbox,si
_re52e425126020f,lockIcon,si
_r2489466033ef84,lockInfoButton,si
_r3dfbbd707fa491,lockYourChestsButton,si
_rab3b3a19a61760,lockedIcon,si
_r40e43935fc4558,lockedOverlay,si
_r43432521b8309c,lockingOptions,si
_ra72f000d499b22,logChosenEffects,si
_r7b1f26937541b6,logEvent,si
_rcdcc3f252167ca,logEventId,si
_rc52d4acf3158bf,logGameEvent,si
_reb09f87328f2c1,logLevelMenu,si
_r1b22a15c77c5a7,logOverviewButton,si
_rf0c79234fb0db4,logSourceMenu,si
_r491fe5f33b94f3,logTableContainer,si
_ra36baa1e8ce295,loginWithCredentials,si
_r40823266bd582d,lookThrough,si
_rf0449babbd7829,lowerCaseName,si
_rd0e4b95282136b,lowestCurrentPrice,si
_rd48374e38cc14e,ltdBackgroundBitmap,si
_rfaf8e6bc2a4f9a,ltdOverlayWidget,si
_rf72c3a970529c6,ltdRaffleEnded,si
_rdce59629a2dd11,ltdRaffleStarted,si
_r8985e65777754b,mCall,si
_rc9ec97a7e068b6,mElapsedTime,si
_rd065eb1a6aef12,mNextTween,si
_r24b4186abbdd3f,mTotalTime,si
_rf8a330aee13158,mTransitionName,si
_r48dfccf164bc71,machineID,si
_r9e9deed2beff04,mainContainer,si
_r527a0fb8486485,mainList,si
_rf51d9a2c0f2abd,mainLoadingBar,si
_r0294e2836d1d9d,mainView,si
_r64356eb1ef5d17,mainWindowHandler,si
_ra15ede14633801,makeBackgroundPlane,si
_r00e331de980078,makeNotification,si
_r560da9774abaf4,makeOffer,si
_rfee1cd8a8c26d2,makeSnowballButtonPressed,si
_r26737d067964e3,manageButton,si
_r6f678c6a866ba4,manager,si
_rb928c9f6a8bb46,marginRightBg,si
_rb62cc506926cf5,markCollectionRewardClaimable,si
_re099023354aae1,markItemVisited,si
_rbae4e648ab6d94,markPremiumPurchased,si
_rfdac10023c1f32,markPrizeClaimed,si
_rb73a9ba4c141f7,markSearchNodes,si
_raa090af7048ec0,markSeen,si
_r16ab9b7b3aebe1,marketPlace,si
_r4e90609f7c0444,mask,si
_rc5087391a39c25,maskCount,si
_r805e7d1e1351a6,matchesEditable,si
_rdf7c77cc8da81c,matchesEntryGroup,si
_r60bd7705c8172e,matchesFilter,si
_recbd0a0a1ce832,matrixArray,si
_r07eee0329d2143,max,si
_r6915db521e3096,maxCapacity,si
_r4ea2d7c388a9de,maxCapacityText,si
_rf1bd5a6bea5a78,maxCapacityUpgradeButton,si
_rf8b93794e1d73c,maxChars,si
_re2352d78ccb02c,maxHits,si
_r1d86e92161c11d,maxLevelReached,si
_rdb98810c1dacc3,maxNumOfTabsVisible,si
_rd6a378ec664a34,maxNumberOfPlayers,si
_r2659b1bfb33da8,maxPermanentFurniVariables,si
_rc7bbd0e62b607f,maxPermanentUserVariables,si
_r43973d346fbb64,maxPlacementBottom,si
_r7f90c230b58aba,maxPlacementRight,si
_r7ac4cdadb1aa7b,maxPointIndicatorCount,si
_r75463b17d29552,maxPrizeCount,si
_r5abc1d856fcee9,maxSnowballs,si
_rb34e49d52f3134,maxWellBeingSeconds,si
_r202312f9a75003,maximizeOffer,si
_r05a9f3243cfb39,maximumBlend,si
_rc55393073e0ec6,maximumVisitors,si
_r3b75aaa48c066d,maybeCancelEvent,si
_reee248182044f7,maybeShowNewFeatureNotification,si
_rff3614a5bf9fb5,maybeShowNewFeatureNotificationByKey,si
_r5a8cbc2482bec3,meanDevianceLimit,si
_r26ff0ba1ce704c,memberSince,si
_r574261657a6acd,menuButton,si
_r5cf8d5d7e82009,menuList,si
_r9fa562d30c005a,menuTabs,si
_r562a40d6c94730,mergedSelectionTitle,si
_rb77ace704eacd3,mergedSelections,si
_r453798fe01c2d6,mergedSourceOptions,si
_r57b00d3d53b972,messageCount,si
_r6f8f53a4b27692,messageHandler,si
_rc236c7ce94b5c9,messageLength,si
_r947e5edd495cb5,metaCutMode,si
_r03606f71748151,metaTempo,si
_rf63c40865caa63,method_20,no
_r36a9b17a585a12,midColor,si
_r65b98e98524123,minPlacementX,si
_r5eea41d341ff2e,minPlacementY,si
_rae964cd89df305,minimised,si
_rf0e6b43fa34651,mintLimitContainer,si
_ra63a1d43238ea0,mintLimitText,si
_r3c3a94237097c8,mintLockClosedImage,si
_ra7117457170dd8,mintLockOpenImage,si
_r8bb8fb3d7be31a,mintLockedText,si
_r4e3e1fa2acd1cb,mintResult,si
_ra422dee07f1397,mintTokenBalanceText,si
_rda9f5aba0574b3,minusButton,si
_rbb18ca67ac970f,minutesUntilExpiration,si
_red5b8d7b2fe43e,missedDays,si
_rdae636239e15a2,mission,si
_r60d7f8a3d58510,modalContext,si
_rd7f5b85b9e6c88,moderateMenuHasContent,si
_rf07bd893aff92d,modifiersString,si
_r1e709dfb1ae109,modifyRoomCanvas,si
_r2f7a3bff2b6efe,modifySettingsContainer,si
_r61e36ef1168b8c,monitorImage1,si
_r0fb35825c8d02e,monitorImage2,si
_r1b08ed7933fd7a,moreInfoButton,si
_r1d896ce93f9528,mouseDownEventHandler,si
_r19333024c42e92,mouseEvent,si
_rb0c99120b498a6,moveAllChildrenToColumn,si
_rfff70665488df8,moveChildrenToColumn,si
_rf06ddcbb127961,moveChildrenToRow,si
_r22c91c9533e0bf,moveTargetX,si
_ra26aae1249fce1,moveTargetY,si
_r33b515cb46b717,multiWalkCheckbox,si
_r3a9f4b0ed77927,multiplePurchaseEnabled,si
_r329ff13db4d5fb,musicController,si
_r39f255c3bdb975,muteAllPets,si
_rf363a90a8f6f63,myRoomControllerLevel,si
_r36064a4f3ae214,nMessages,si
_rdf69a6107cae02,nUnreadMessages,si
_r253e7faf8d004f,nameCheckWaitBegin,si
_r1d90c4bf395a38,nameCheckWaitEnd,si
_rb000f7190f807c,nameLocalizationKey,si
_r513e16ea9abf33,nameText,si
_r16529c081fbda9,name_1,no
_r96b853761555a9,name_10,no
_r03b02b14847686,name_11,no
_r9f2daf325ae232,name_2,no
_re16518e456e22d,name_3,no
_rbe685b4a5f8271,name_4,no
_r05f756fd71c932,name_5,no
_r648ea8bcf1af02,name_7,no
_rd0714a7f8a289b,name_8,no
_ra72a6b4ab1b221,name_9,no
_r9b1428c0b5c56e,nativeApplicationProxy,si
_rf154c29ee27fcd,navigateTo,si
_r7dcfde9cf3179b,navigateToURL,si
_r47bf6d73522b6d,navigatorPosition,si
_rd2363baf6c25ca,nbv,si
_ra0baa1b32decb6,needsNewTexture,si
_r2ed14f076b0288,needsRedraw,si
_r92192c5bb2d67b,needsRendererUpdate,si
_rfd16dd8826b8f8,needsSynchronize,si
_redd8ac5f67e564,negativeCode,si
_r2f459172625cf8,newAdditionsPageOpenDisabled,si
_rc0cd775bcb5191,newCapacity,si
_r40d5b0bf346a5b,newDirectionStateChanged,si
_r336e48c896e3f2,newIdentity,si
_r9e47fd8a1d2796,newMessageArrived,si
_rf7e1a7922263cb,newPrice,si
_r73eabbc940eb52,newResultsRendered,si
_r8928c79399bf84,newUserTourEnabled,si
_rdb4e24822f2552,nextByte,si
_r01886f4b0d57b6,nextBytes,si
_r18c3b2970560c9,nextLevelXp,si
_r5df1dc0e6c4522,nextPageButton,si
_r2027889431d038,nextQuestion,si
_r1c5cd95e930f82,nextStep,si
_r76f91849dae377,nextTileX,si
_rc8523a167cbf21,nextTileY,si
_ra43097f40e263b,nextUnclaimedCountText,si
_r1822fd5d7dcf8c,nextUnclaimedIndicator,si
_r4bb692573e3078,nftAvatars,si
_r9eee5f9e7c6fae,nftAvatarsEventProc,si
_r52863ad42367a2,nftCollection,si
_re5a2f915c784db,nftIconWidget,si
_r93825e19c38f57,nftImageWidget,si
_r2dc18eb3e5e9c8,nftNameText,si
_red6ae66c09bc3d,nftTypeText,si
_r48f4bf49c5021f,ninjaEffectBundled,si
_rcae55f37f4ed47,noContentContainer,si
_r59a7c325772521,noDisable,si
_rf758b97a6b1a70,noFurniNotification,si
_rd391e13369e97f,noInterstitialAvailable,si
_r7a05d8f1c032e6,noItemsText,si
_rff4b7e29e49046,noWalletContainer,si
_r632299b113aaa8,no_renegotiation,si
_r1d39fd2374439a,nodesFromVector,si
_r2927df18f386cd,nodesList,si
_r051331b77c446b,normalPriceAmount,si
_rf4aeeae725c666,normalPriceRow,si
_r6d7bdd5fcf19e4,normalizeDisplayValue,si
_r0145c118aaeb22,normalizeLevel,si
_ra7061fa53d37a4,normalizeMaxLevel,si
_rc0c4dcfb6882ef,normalizeNumber,si
_r8a949e90991813,normalizePath,si
_re2d1bf00f546e8,normalizeSearchText,si
_r9c71ceb3739f7f,normalizedQuery,si
_r8a63a30ed30d79,notEnoughCredits,si
_r2597032e7583e0,notSelectedShape,si
_r1b10a768b64b5b,notStartedColor,si
_rb2d89fddc9f406,notificationId,si
_ra1d5ef799d9bb6,notificationSettingsButton,si
_r8d2bad38af810e,notifyChanged,si
_rc5c41ee735d8bb,notifyFriendOnline,si
_rd09c6259616eb3,notifyMessenger,si
_r16312b3bff38c8,nowPlayingAuthorName,si
_r23a6779680bdc3,nowPlayingTrackName,si
_rf1c012d0877b93,numChildContexts,si
_rbc01ae743e5dfe,numGridItems,si
_re2f73580b3da9e,numMenuItems,si
_reb3b6356084ae6,numMessages,si
_rc824c187b4550d,numSubTasks,si
_rc23f982fe4dde3,numTabItems,si
_r45c8daa7c649e2,numberContainer,si
_red0d81642252d3,numberOfSlots,si
_rf22691c83adb4c,numberOfTeams,si
_r82616d8ba4f82e,nutrition,si
_r849369f8be7f1f,nutritionMax,si
_r6d37a43500888d,objectCategory,si
_r30a6a402c366be,objectCount,si
_re66096613c0066,objectList,si
_r5b55894073c05c,objectType,si
_r2ccf521c438195,objectUpdated,si
_r89d5298d0359df,occupyingHuman,si
_r2c50a06bb48295,offerAmountInput,si
_r9294154542af6c,offerButton,si
_rbdae24b629861d,offerCount,si
_r435e363184169d,offerExtension,si
_r0416af4cbdc4dc,offerId,si
_ra9febb3e0ee998,offerIds,si
_r2f071353b516c7,offeringContainersSeparator,si
_r92592ded991e75,offersAvailable,si
_r7db7d910abe2e9,offsetRefX,si
_r01c3bd7c88e5bb,offsetRefY,si
_r22dbc30a84deda,offsetV,si
_read08fd79a726b,okButton,si
_rcca907482b504c,oldNavigator,si
_r4552cc34624868,onActionSelected,si
_r28ba68f59655cf,onActivityPoints,si
_r48338097f7aca8,onAddFavouriteClick,si
_rfae17312c955d3,onAddedToStage,si
_rdd49a9ad47a5c6,onAlert,si
_r26a84f46eebc48,onAllVariableHolders,si
_rfab6dde00aecc8,onAnimationStart,si
_r76f883982a09c9,onAttemptUnlockChest,si
_r4cdd82c2ccd6d2,onBCPlacementWarning,si
_r63fb3f853be649,onBadgeReady,si
_reeed6f75de4213,onBanClick,si
_r6f0010cd2f4852,onBaseImageLoaded,si
_r6bb50fb7a135e6,onBgMouseClick,si
_r1bd8ffeb989dae,onBotUsageChange,si
_r277a38ffc91b4e,onButton,si
_r3a6d40d67ccff8,onButtonClicked,si
_rff8e992da86f16,onBuyButton,si
_r4a45268880659b,onBuyButtonClick,si
_r09167097905a7b,onBuyClicked,si
_r108d201dc24a9e,onBuyFurni,si
_rd55ead5000189a,onBuyResult,si
_rd0dee99feb1cfc,onCameraRequested,si
_rf4b7c465594504,onCanCreateRoomEventEvent,si
_r5ef2f7bf60e2e8,onCancel,si
_rad24f5a271278e,onCancelAllResult,si
_rb4d8a34cb294be,onCancelClick,si
_r0b75ef7c6bc047,onCancelGift,si
_rf0a32cfc270641,onCancelResult,si
_r8275546be87cbf,onCantConnect,si
_rdb1d09712afa49,onCatalogPage,si
_rfe1da3c326a437,onCatalogPageOpened,si
_r1cc85bce077cfa,onCategoryCollapseClicked,si
_ra821a0f9f2a603,onCategoryExpandClicked,si
_r67ff4e4f6f20c8,onCategoryShowMoreClicked,si
_reca280e66f2c93,onChange,si
_ra148260186655b,onChangeCheckbox,si
_r1f9ea2a2eb8a77,onChangeInputSource,si
_r7db999ebdd4d87,onChangeVariable,si
_r1cd700684cad1c,onChatEntryEvent,si
_r63240ac7aff641,onChatInputUpdate,si
_r25f55741913bd8,onChatMessageEvent,si
_re68da7745d3ea7,onChatlog,si
_r8a8660794ae133,onCheckMouseClick,si
_r7d8dacbdafe337,onCheckProgress,si
_rce37853a45071c,onChooseLayout,si
_r3cace5bbf9bd95,onClaimClicked,si
_r2f85912ac755c2,onClear,si
_r826844b057c4ce,onClearOwnHistoryResult,si
_r8fb4b53fac73f2,onClearSearch,si
_r726435ed1d5bbf,onClearSearchAction,si
_r69b4e28ad8eca8,onClearSearchClicked,si
_r93037e6c2735f1,onClick,si
_r53b2d5b81bef40,onClickAway,si
_r76fc45672610db,onClickButton,si
_r20fb54f98b5e68,onClickBuy,si
_ra7a8faf9609260,onClickClaim,si
_r223a9e5d82f749,onClickDiscord,si
_r12df93119346bb,onClickGeneratedReadKey,si
_r9963d6be4e4b86,onClickGeneratedWriteKey,si
_rca46dbf627cd89,onClickMonitor,si
_r1907414aa16837,onClickNode,si
_r48a1ff580397a8,onClickNotificationSettings,si
_rcdcc4469839b3a,onClickUpgrade,si
_r15d17f05ee4181,onClose,si
_r3da8690e35ef10,onCloseButtonClick,si
_rb62716cf47fea5,onCloseClick,si
_rdaba0516b64e95,onCloseClicked,si
_r0d0a361496b190,onClubChanged,si
_rf1db1fd93fbbcd,onCoinsMessage,si
_r348904aee439d5,onCollectClicked,si
_rb87da9b93c894a,onColourIndex,si
_r58515efe74038e,onCommunityGoalHallOfFame,si
_rec3b2d9f0a7d06,onCommunityGoalProgress,si
_r17c28b8d72c955,onConcurrentUsersGoalProgress,si
_reef42aa65b6cd1,onConfigurationError,si
_r1d78b96b1edc7a,onConfirmClicked,si
_r2d3f1818c2be5c,onConfirmUnblock,si
_r2820c99c01cac9,onConfirmation,si
_re1e6df0dad5465,onContPicClick,si
_rfc5da3cd76c678,onContainerMouseOut,si
_r385bab58e0ff3e,onContractUpdateResult,si
_r8ba6abff1cb9e1,onControllerMessageEvent,si
_r8aa4bc9799aeb5,onCraftTriggered,si
_r0bb76483bafebf,onCreateResult,si
_r9d248b47e1f299,onCreateRoomClick,si
_rac451eb1122aec,onCreateVariableClicked,si
_r6fc12b33112ae3,onCustomSanctionButton,si
_r7a51c4abeaacb2,onDailyOfferMessage,si
_r93970ae23d56c9,onDateRefreshTimer,si
_r8c4e136abef340,onDeclineButtonClick,si
_r9b96cb809e1252,onDeclineTour,si
_r9f48cdfc6924e2,onDeleteClick,si
_rf2724c66d52332,onDeleteGuild,si
_r7fc43797011f66,onDesktopResized,si
_rc2d1b11de3730d,onDirectionalIdSet,si
_r810a86bb5095a1,onDonate,si
_r7fcc2927b1a372,onDonateClick,si
_r947bb82225ad34,onDonateCoinsClick,si
_rc7a7193b0707ca,onDrawingChanged,si
_r9c608247e88f29,onDropMenuEvent,si
_r0888bf02eaf3e0,onDropMenuSelectionChanged,si
_r1c993e6a81fdd6,onDuty,si
_rd1213ab93c4f71,onEdit,si
_r628d7fee36df30,onEditCategoriesButtonClick,si
_rf52ca7383bf617,onEditInitialized,si
_r567dfc9064f4a9,onEditStart,si
_rd57a9d8d89ac18,onEmailStatus,si
_r8cfadb7075a914,onEmbedInfo,si
_r7b46dd56b9db2a,onEmbedSrcClick,si
_r27c2f8f8d53c53,onEnterRoomButton,si
_r2074392898318c,onEntityImageAssetDownloaded,si
_r1762bd331467f3,onEntry,si
_r5d3418cc087a35,onEpicPopupMessageEvent,si
_r6354f47761d31a,onExit,si
_r97c95d45c53f7c,onExtImageLoaded,si
_r8850e9e8885f80,onExtend,si
_r716374ecf3fd8e,onExternalLinkAlertClose,si
_rc8fddd4b6b0fb7,onExtraButtonClick,si
_rdc37a8104b781b,onExtraLink,si
_raa71becf80ad19,onFavouritesClick,si
_r670e831f18eaaf,onFilterSelected,si
_r465381d30178df,onFlatCreated,si
_rdddaf21d3cb378,onFloorPlanEditorButtonClick,si
_r8ef853d30d501c,onFollowButtonClick,si
_r110a965d7fa378,onFrequentHistoryClick,si
_r428843ed4db2b3,onFriendReportConfirmation,si
_rf257cdfc416422,onGetEventClick,si
_rdba76acfc03fc0,onGetHcClicked,si
_r9d83e6719edc09,onGetPremiumClicked,si
_r8d6f47142c23b4,onGetResult,si
_r1b40f031311bab,onGiveGiftButtonClick,si
_rfc0fd2b3db07a4,onGridEvent,si
_rdb01f7baf3ae53,onGroupDetails,si
_r5a0aa9dc9428b1,onGuardianChatReviewResultsEvent,si
_ra2f1a697fdb0f4,onGuardianChatReviewWaitForOtherVotersEvent,si
_rb9c03d8120067e,onGuideToolEvent,si
_r005cadf8ac7414,onGuildCreationInfo,si
_r8bd0aa77e22243,onGuildEditInfo,si
_r2a2e03bfc5f5d3,onGuildMemberMgmtFailed,si
_r86f27b2cdc88eb,onHasClaimedProductResponse,si
_rdbd44a647029ac,onHeightMap,si
_r2a6bbf2d9ea5a3,onHelpButtonMouseEvent,si
_r40e72d06a7e15b,onHideTimer,si
_r208f3cb5a5487e,onHintClicked,si
_r831d73e0a5fe9f,onHistoryClick,si
_r8de9f0a3fd8304,onHomeButtonClick,si
_r04fdc183065728,onHomeClick,si
_r3fe29bfbf32527,onHorizontalSliderChange,si
_rfe3d7ebf467c6b,onHoverOutWindow,si
_rf24c7d0fdeecb4,onIgnoreResult,si
_r84dafcd18f166d,onImageComplete,si
_r015a5e9a50480b,onIncomeRewardClaimResponse,si
_rdc54a1f676466e,onIncomeRewardDataReceived,si
_rbbea830043c541,onInfoClick,si
_r71a7337c954f9f,onInput,si
_rb698926fd29f5b,onInputButtons,si
_ra4bd2fd9e77527,onInputChange,si
_r2b28dbbeb71729,onInputFocused,si
_r1701083d9ac519,onInputHeightUnfocus,si
_r6716622c7d5ec9,onInputHoverRegionMouseEvent,si
_rdaa80d86948e13,onInstantMessageEntryEvent,si
_r91850258b48a43,onInterstitial,si
_r5a5f37d56a87ef,onInvisibilityChanged,si
_rcf66ccfec22716,onInvite,si
_rfa14870587f051,onInviteButtonClick,si
_r105105feb5926b,onIssueClose,si
_rec1f3f95654005,onJoin,si
_r82cd8d769e587b,onKeyTextChanged,si
_r92361a8617f416,onKeysUpdated,si
_r0362d1220700cc,onKnockDownHuman,si
_r1d0ea4ca7e0bd1,onLeaderRegion,si
_ra0642b037ffb56,onLink,si
_r1925c05278c054,onLinkProc,si
_rbbe52b7aef1fc1,onMainContainerEvent,si
_rc934df8da68486,onMakeHomeClick,si
_rca4932196e2c60,onMalformedData,si
_r2babc6fae2eacd,onManageGuild,si
_r0bc96d688d10a5,onMembers,si
_r9528c303b83ee6,onMembersClick,si
_rff2226c437c55c,onMessageInput,si
_r5eaabee39a2529,onMinMax,si
_r08eb7c74ebecf8,onMinimailButtonClick,si
_r10b609355384a1,onMinimizeHover,si
_r5c8a959bb9d143,onModeChange,si
_r937f21f51294cc,onMouseClick,si
_r5cec55dbda5834,onMouseOut,si
_re3106d709b6bcb,onMousetOut,si
_r9a760b19b017f3,onMuteAllClick,si
_r01203c3ffb2db3,onNavigatorClick,si
_r2ca1470f00be03,onNavigatorToolBarIconClick,si
_r2ef5a784ea4742,onNewQuestNotReceived,si
_r2ec33409f95b8f,onNextClicked,si
_r6959e311c6b9fa,onNextQuest,si
_r2f05e0a2f3d20f,onNodeCountChange,si
_r30e18e7f68ff97,onObjectRemoveConfirm,si
_r4b8cf8f72ca4df,onOffButton,si
_rb423adca3685df,onOffer,si
_r1d37c87476a566,onOfferListEvent,si
_r8b78367b2d51d4,onOpen,si
_r15ca388031b700,onOpenCatalogButtonClicked,si
_r51461b5d629af4,onOpenHubClicked,si
_r546111dd3c489d,onOpenProfileClicked,si
_rde7da8bf800d86,onOwnerName,si
_r0e701dcbfdb30d,onPageLoaded,si
_rd05fa05af86ebc,onPartMouseEvent,si
_r627a7ac537255f,onPatFrank,si
_rea327d6f469480,onPaymentSelectedChanged,si
_rdd69e58444da81,onPendingCallsForHelp,si
_rc692c28a479cb3,onPendingMembers,si
_ra23a71360493b5,onPetFigureUpdate,si
_r89c1198b66e731,onPingResponse,si
_rc0188ac9785ede,onPlaceholderSelected,si
_re62b32e77c139f,onPollTimer,si
_rcf4ce294ceeb13,onPopupActionClicked,si
_r1c7683420cd75d,onPreviewAvatarClicked,si
_r2d3b26f3b70a58,onPrizeLimitToggle,si
_r266fffd1002ca3,onProfile,si
_rfbb47f5c3382c3,onProfileClicked,si
_rf4420103aef925,onQuest,si
_re15bee87f95bc7,onQuestCancelled,si
_rf954b8e030efb0,onQuests,si
_r7e90644a750f1f,onRaidProtectionSettingsClick,si
_r08ba2e5a84c091,onRecentHabbiconsUpdated,si
_rc2ab1ad45fdc9d,onReject,si
_rc36b962510e297,onRelationshipStatusRegion,si
_rd5cfeac3ad070b,onRemoveButtonClick,si
_re5cd423872a7dc,onRemoveDimmer,si
_r2f49bdcc342cfc,onRemoveFavouriteClick,si
_r9b6db08bc1272b,onRemoveRights,si
_ra669b25898e7ae,onResize,si
_rc04770630a1936,onResizeTimer,si
_rf8d7f3b1fe5c6b,onResizeWindow,si
_r011c09dbdd3df5,onResolutionAchievements,si
_r515a166acd5d56,onResolutionProgress,si
_rb497efb1a22f00,onReturnClick,si
_r396d16d15696bc,onRewardIntervalChange,si
_r87c4310887d34b,onRewardSelectedChanged,si
_r735de493bbd41f,onRewardTrackClaimResult,si
_r6b760dab2bc362,onRewardTrackPremiumPurchaseResult,si
_rb065458ff39cbb,onRewardTracks,si
_re85aff770c688a,onRoomAdClick,si
_r54b0e4cd320d98,onRoomAdLoad,si
_r85331e503f60dd,onRoomChange,si
_rb43b9ccb2d9bc3,onRoomDisconnected,si
_r2178fa377cf767,onRoomEngineInitialized,si
_r3bf12050a37c1d,onRoomEnter,si
_r78793a9670a4b4,onRoomExit,si
_r12daba91e91c12,onRoomFilterButtonClick,si
_r24caa624e5ef05,onRoomInfo,si
_ref72e223e62862,onRoomLink,si
_r9a321b26725b3c,onRoomObjectAdded,si
_r3a6a85e73a9107,onRoomObjectDeselected,si
_rf9b5ad81309620,onRoomObjectRemoved,si
_r60f1e3d53641b3,onRoomSelected,si
_re1754fd9c45d66,onRoomSettings,si
_r7aa96c9c0f70bd,onRoomSettingsClick,si
_r1e80058d3848a7,onRoomSettingsSaveError,si
_r58b4995d2310f8,onRoomSettingsSaved,si
_r88fdc3227f179c,onRoomVisits,si
_r68ff7e68337a41,onSaveSuccess,si
_r5101bd2b3b2af0,onSearchClearClicked,si
_r8a5b82dae7ecca,onSearchEntry,si
_rfe799f08eeda5c,onSearchInput,si
_r12b3fe6077e9a0,onSearchPlaceholderDown,si
_r3c0c3cfa634bea,onSearchResults,si
_r39cda46ec7c4b1,onSearchStrInput,si
_r0e926db561c103,onSearchTimer,si
_r3d6679bbcae42c,onSelect,si
_r2d625ad6c63eaf,onSelectAchievement,si
_rec0bcd5a6b2e53,onSelectAchievementProc,si
_r2410c11b29441a,onSelectAllClick,si
_r3a46ea09609163,onSelectByValueChange,si
_r5ae37c869e5525,onSelectOption,si
_r977032d0b4876f,onSelectPage,si
_r9845db106310b1,onSelectVariableType,si
_rf3efc3438ded83,onSelectedChange,si
_r76abc7e48dc83e,onSelectedFilter,si
_r9908c082169197,onSelfDonationResult,si
_r3b0315ef206167,onSendClicked,si
_r8634975a4d2113,onSendWarningClick,si
_r6de150b99d15eb,onShooterDirectionCheckboxChanged,si
_r75ebadac70a117,onShowGroups,si
_ra95c95cb8deb3f,onSlotMouseEvent,si
_r23d8e42076e71f,onSnowBallHit,si
_rb197a1b5ec43b1,onSnowballPickup,si
_r8d29e1b52e5c7c,onSongInfoReceivedEvent,si
_r987ad1e4a882c6,onSoundSettingsEvent,si
_r97677132cb4c6c,onSpawnVariableSelected,si
_r686b83e3466748,onSpinnerTimerEvent,si
_r72493d2c21fc1a,onStaffPick,si
_r7bc5414a4d717c,onSubMenuItemClick,si
_r1ddebbb502a659,onSupplyLeftTimer,si
_rf6c5e0d005a54d,onTakeTour,si
_rd9af183a6750e8,onTalentLevelUp,si
_rdc65686d908ed1,onTextLinkEvent,si
_rf46d0a28b09b26,onTextStyleChanged,si
_r4fae3de06d7fec,onTime,si
_r89036d65eff7d3,onTimerTick,si
_rf3fe87ecd44f61,onTimingCode,si
_r3c4e54ea9b4e88,onToggleButtonClicked,si
_re6d5b81d36934c,onToolbarClick,si
_r7fda5d1445c293,onTrackTitleClicked,si
_r88aaedc2e0fe41,onTransactionSuccess,si
_r8505fdd4522a0b,onTriggerTypeChange,si
_r70ef230dd312ea,onTriggered,si
_r8bd16a2cef1005,onTypeDropmenu,si
_r318a8b5cff1f66,onTypingTimerComplete,si
_r2b863fbf6a5fc0,onUnSelect,si
_r3a5a0a5a26a9b2,onUniquePrizeToggle,si
_r4046c8452852a0,onUpdateSuccess,si
_r78f6f295e1e701,onUpgradeChestResult,si
_rf75012622cc215,onUserInfo,si
_re887bf24e78ba0,onUserNameChanged,si
_rd5625c2a0c7371,onUserNftWardrobeMessage,si
_rb464ffad821873,onUserOngoingEvent,si
_rbc4eb5afb9afb4,onUserUpdate,si
_r2f976669e2d314,onValueChange,si
_r37a056d3148b13,onVerticalSliderChange,si
_r1df2c6f346ba43,onViewGroups,si
_r0782741071d67f,onViewInDetailClick,si
_red617c792c7a82,onWindowClose,si
_rff5d8a8e97d837,onWindowEvent,si
_r49a04f95621f17,onWiredMenuErrorEvent,si
_rc11d9d66d7dd94,onWiredTradeActiveChanged,si
_r28ab4bc7880f5a,onWiredTradeInitiate,si
_r4de9f36858adb2,onWithdrawClick,si
_r1333ca03c575a5,onWriteKeyChange,si
_ra3913b2dcce60f,openCatalog,si
_r472c5d2c73b6f6,openCatalogPage,si
_r29446ed96e6f2d,openCatalogue,si
_r2bdee1bc5135ea,openCategoryForNode,si
_r63ecfaf12130db,openClubCenter,si
_rcdcee40e965e44,openComposeMessageView,si
_r0387e0cb84b2c7,openConfiguredLink,si
_r1d13b44a9aa64f,openCreditsPage,si
_r6c964dd19329fe,openDetails,si
_rda520849b069fa,openDiscordSettingsWindow,si
_rf497bff9470314,openForNextQuest,si
_r65749bdc5df639,openForumsList,si
_r99174112a29938,openFriendListWithTab,si
_rd210fef4e54b86,openGameLobbyWindow,si
_r850c6f8626f2ad,openGroupForum,si
_r8effab0674a141,openHabbiconHub,si
_r21b633b6bf6f07,openHabboWebPage,si
_r87075a0513f174,openHelpPage,si
_r3e5fd0e857b791,openHkPage,si
_rc1d4d32b8f000f,openHubButton,si
_r617363a9b982e4,openLandingPage,si
_r7dd5022169166c,openLink,si
_rff85771973c437,openMenu,si
_r20cb634c718a08,openMessagesList,si
_r2959733933d65b,openNavigatorAtNode,si
_r1fb7712bced3af,openPaydayHelpPage,si
_ra7581c7b666f4a,openPhotoLab,si
_r8f40655d7c297c,openProfile,si
_r5f62be20438e94,openProfileButton,si
_r182ab76fbd647f,openPurchaseConfirmationDialog,si
_r041a0b7462e4a0,openReportWindow,si
_rfdaec1f792cb53,openReportingIMSelection,si
_r1dafd566409004,openReportingUserName,si
_r2151b634826e2b,openRewardTrack,si
_rc03b7ed2e8415b,openSafetyBooklet,si
_rced2fc0a742197,openThreadList,si
_r34a1d584612a77,openTourPopup,si
_r4faa651792e10e,openTrainingView,si
_rcef55c49008343,openVault,si
_rb856ed7590fd26,openViewFinder,si
_rf02c2a3f7168f2,openWebHabblet,si
_r3044a49d9efd68,openWebPage,si
_reeee5e16efdd02,openWindow,si
_r8568f84b45df42,openedDays,si
_r4f2e26aeec9953,openerAvatarId,si
_r1b3bb4ddae2494,operatorOptions,si
_rbb9094ccc2d8d6,optionIn,si
_rbd08d7504d7e3f,options,si
_r9bddec3ada98b9,orText,si
_ra0c3657fa7abaf,originalOffsetX,si
_r9a9c7d1955da98,originalOffsetY,si
_re4046f91a372aa,otherConfirmed,si
_racd61ac47b30ce,otherHasAnyOffer,si
_ra9534b8d34c1f3,otherResultData,si
_r05b630aff136a9,otherSilver,si
_rb0e8f7fe717d5b,otherUserName,si
_r7241a02b213878,overflowReplace,si
_r7703523b378d3c,overriddenActionNames,si
_r20f3f0069999eb,overrideMaxTarget,si
_r08ab443229b442,overrideMaxVariableId,si
_r5afb8035663d08,overrideMinTarget,si
_r4e384a2c1e5380,overrideMinVariableId,si
_rcac61842cb8ebc,ownAvatar,si
_r29ae1b88d5b8f1,ownAvatarWidget,si
_r3451823fce6342,ownContainer,si
_r60446c003f4021,ownEntry,si
_rad417ee6b0c24b,ownHandler,si
_r105cdbfd4498e8,ownId,si
_r504292e3a5d13f,ownScore,si
_rb33f3118f4a434,ownUserRoomId,si
_r44ff355693ed7b,ownedHabbiconsValue,si
_r5dbd4424154061,ownerCount,si
_r066e91fea79005,ownerId,si
_rc88cbddc41bac7,ownerName,si
_rce2f31ac03fcfa,padAlign,si
_r1e6e3bc70e0a9e,padName,si
_rb48300d9724d07,padToTwoDigits,si
_reb4012529b70ce,pad_size,si
_r96b7ebdd9c044b,pageId,si
_r804c9ee0e43535,pageImage,si
_r5ef6f89abbeff9,pageKey,si
_r8a4418c84e6f02,pageList,si
_rd123928b4e0dcb,pageLocalization,si
_ra58c8490ff8a9f,pageName,si
_rc82c4ebb3330a0,pageNumberInput,si
_r92ca73d043b05a,pageTextEnd,si
_r7c1e56fbdaf5f1,pageTextStart,si
_r9991d22b6a90c2,pagingTextKey,si
_r35c564e4ca6cc5,paletteID,si
_rc6a3f0e2cd7114,paletteId,si
_rc147e41c56ea7e,paletteIsGrayscale,si
_r91d6b584203b97,paletteMap,si
_r4e889d5bbc4ed5,parseAndSetHtml,si
_r65d16b4051f565,parseCSS,si
_re163c00a9b2058,parseCommonVariables,si
_r5a7d166d87be14,parseConfiguration,si
_rd5b7fb2681256d,parseConfigurationAsset,si
_r4341511ddc7aed,parseDisplayValue,si
_r4ecea0da5ebc8c,parseExtraItemOffsets,si
_r4432efc39ade3d,parseFigureString,si
_rc5b1c32bec8353,parseFurnitureData,si
_re76f7017e528c2,parseHeightMap,si
_r60659ddf51132e,parseIgnoredFurniTypes,si
_r2906026ac3914b,parseInts,si
_r712778999b0a2e,parseItemData,si
_r9cceada89c7463,parseLayout,si
_r3605a84a0679b9,parseLayoutEntity,si
_rad6452c02f38d2,parseLayoutList,si
_rfdc4b047200208,parseLingoFormat,si
_r363ac790fa46b3,parseLocalizationVariables,si
_r2bfea3b066a74d,parseMaskBitmaps,si
_rde9c967967aad9,parseMasks,si
_r5c1691b8e26df6,parseNftTradeMap,si
_rec0d6ee3540fc8,parseObjectData,si
_r1954e8f960e435,parseOfferAmount,si
_re5b8e7fecb3437,parsePlaneMaterialCellColumn,si
_ree653498105027,parsePlaneMaterialCells,si
_r424938e0193be0,parseQuestion,si
_r92826c3f5e52e5,parseRenderStateList,si
_r4b6e8b083ac435,parseResultData,si
_r4b56cc6671f35b,parseSkinDescription,si
_r0e0467c4e7e7ab,parseSpecialItems,si
_r337809d423e23d,parseSpiralVector,si
_r64518a9280d76e,parseStrings,si
_rc497f39f42ba4a,parseStuffData,si
_ra3c02a585b167a,parseStyleNamesFromCSS,si
_r0d875dfe8ea234,parseTemplateEntityList,si
_r28a511055b9aee,parseTemplateList,si
_r4b2b1c659ef5fc,parseTextures,si
_r0236f39cacb35d,parseValue,si
_r2ff64ce4287198,partIndex,si
_rc85baae56e070d,partSelectGrid,si
_r21a90f94316b15,passesFilter,si
_r810ad4624067f6,patFrankButton,si
_rc55e2bc43599c7,pauseForGCIfCollectionImminent,si
_rad191abd58e25c,paymentLayoutImage,si
_r733d39206c3054,paymentMode,si
_redce726692065c,peek,si
_r34201982356286,pendingTicket,si
_r1f48988c30461a,percentCompletionTowardsNextLevel,si
_rce8305261f607e,performBanAction,si
_r7d264f825a68ff,performCompetitionRoomsSearch,si
_ra2e15102c994ea,performGuildBaseSearch,si
_r9d35b705ec9b6b,performSearch,si
_r02cd9bb729c5a6,performSearchByContext,si
_r82cda38123a411,performSelectedAction,si
_r34293e695ca053,performTagSearch,si
_rd01b855f38ffde,performTextSearch,si
_r4c83c18cb80203,permanentFurniVariables,si
_r7cc1668cb71216,permanentUserVariables,si
_r8705e4be932032,personalContributionScore,si
_rdf807e3c3c31e1,petId,si
_r6cf9cbb1313f0d,petImageWidget,si
_r6d9ffb575173a9,petImageWindow,si
_r522548062fb13e,petInfo,si
_rb024133c46a7ef,petLevel,si
_r0a78f6b587062a,petPosture,si
_r30fce1b34b25e5,petRace,si
_rc9cc8ce45c382a,petRespect,si
_r8dc279ee107f0c,petType,si
_r78470630362dff,picRef,si
_r6cbe4c12b0813b,pickCategory,si
_r0c1a94274621e5,pickerId,si
_r978948552af066,pickerUserId,si
_r5e375c54b22331,pickerUserName,si
_r413e2b34c74eec,pinCheckbox,si
_rc34eaf04dc2c31,pinContainer,si
_r12cd8db8b18239,pivotFromName,si
_r4f9544341b9a1c,placeHolder,si
_rdd5ec2c1b1f041,placeObjectAtSlot,si
_ra3d78ff7d4849e,placeholderImage,si
_ra904f9ffa1e0b8,placeholderName,si
_r3bd630edf03f1d,placeholderPreviewImage,si
_rf1a2661eec29ac,planeId,si
_ref2260f26ac749,planesString,si
_rb9ab11495a39ee,plaqueAndSpotlightBlend,si
_ra83a73f039db8c,platformString,si
_r2a648c9d2baa7c,playButtonState,si
_r19c6a8eb76591a,playGlow,si
_r8c566604d60af0,playSound,si
_r30ef2bffacd2cb,playSoundAt,si
_r540b37031e7ff7,playTestMode,si
_r1a24e7bd8fe723,playerFallsDown,si
_r028ad17835837a,playerIsHitBySnowball,si
_rbcad925a2df20a,playerRematches,si
_rffd605c5750c33,playerWithMostHits,si
_r4f49afb364c3e0,playerWithMostKills,si
_r27540da5ead7c3,players,si
_r5cc6e38c6d818d,playingComplete,si
_ree35daa47be8d5,playlistId,si
_rf6d6177d34a730,playtestCheckbox,si
_rf226485349a533,plusButton,si
_r9c645248ef23ee,pointsIndicator,si
_r105940aacbf3a9,pointsText,si
_rfe8a5d71503834,pointsTotalCollectedText,si
_rbfaa4116665499,poolWindow,si
_rd8a1c31f9bbedd,populateAchievementGrid,si
_rd8df86393040d6,populateBadgeDetails,si
_r64cf6257a7492a,populateCategory,si
_rc130f0a5a99635,populateCategoryDropMenu,si
_r8d3bdf265eac90,populateChatMessage,si
_r975b6e17c44185,populateChatMessageList,si
_rf2e50623c01da2,populateCheckBoxType,si
_r3a0a336aca5cc9,populateColourGrid,si
_re861047f984b33,populateContentLine,si
_r2231123ec02739,populateDropMenus,si
_re767b7dd2f344c,populateEventCategories,si
_redfa2d4d5419a3,populateEvidence,si
_rdc212c2089e867,populateExpandedMenu,si
_rfafd5af34c9d6f,populateFilterOptions,si
_r75a536a82fee0b,populateForm,si
_rc173d5e8b68a00,populateFurniData,si
_rd2c8835780fbae,populateInstantMessageList,si
_re4140baf5ca892,populateInstantMessages,si
_rcaa5fdb06096c0,populateInventoryItems,si
_r13ba73879cb2a4,populateItem,si
_r854c349cd8a6c8,populateItemGrid,si
_r5c12f9a8b3696b,populateItemGroups,si
_r415a81387f9d38,populateList,si
_rc1a8cb2e4a9d9c,populateRadionButtonType,si
_r7faf12e3eca272,populateReasons,si
_rb3742b36295552,populateRecipeItems,si
_r7ffbbf269751cc,populateRentInfo,si
_r49f4781851c421,populateRewardList,si
_r7d8d531d233e5f,populateRoomModerationSettings,si
_rbfdf932dfb43d6,populateRoomReportButton,si
_rf26f9ff13bf3a0,populateRoomRow,si
_r1a54a02a32262e,populateSearchTypes,si
_r71edd247e3494a,populateSelectionList,si
_r29e0ec23cc217c,populateSortOptions,si
_r96bae9b011c7e2,populateStep,si
_r644db6e690a20c,populateTextLineType,si
_r7a663b6fa7c368,populateTexts,si
_ra30f037722e054,populateTopics,si
_r133eab3f62a3bd,populateTypeFilterOptions,si
_rf1a8b042a89214,populateUserList,si
_r5a23a41c95cf08,populateUsers,si
_r70d32ca23d1971,populateWithFilters,si
_rd9dcd9b8b4cd07,populateWithVector,si
_r8fcbc4c182a634,positionAfterAndStretch,si
_rd580f548140e55,positionFromPivot,si
_r25c657d8be56b7,positionLoadingScreenDisplayElements,si
_r6021495f6a8b99,positionWindow,si
_r311390e0628b12,postNewMessage,si
_r88c845158cdb89,pptr,si
_r572071b8d46cb8,prebakeBackground,si
_r0f4afe340660aa,prebakeForeground,si
_r39ad5901ee01cf,prefetchAroundPage,si
_r24459ed65d2fec,preloadEffects,si
_r58e7100290047d,premiumComplete,si
_r6718bac6c58c01,prepareAvatarImageContainer,si
_rdad109d0fe00b2,prepareBitmapData,si
_rc3dfa2b4e9c66f,prepareButton,si
_r1fe767253dbb15,prepareCategorySelection,si
_r0031e77676f616,prepareComponent,si
_r76b49e3622c8f2,prepareFilter,si
_r5d71c5748ea128,prepareImages,si
_rf7830555f979b1,prepareLazyContent,si
_r0393ab64c7ecfc,prepareMessageSelection,si
_r50cedf51228a95,prepareRoomCategories,si
_rbd5b91241143e5,prepareRoomSelection,si
_raa5e1d71b0a5c6,prepareTrackerWindow,si
_r2941884a83c281,prepareTradeModeSelection,si
_r2d9b099f730c80,prepareWindow,si
_rabcaef483a283b,presetCount,si
_r15f83d535e20e6,presetManager,si
_r2ebf777d4b15eb,pressedSyles,si
_r776e80403061c2,prettifiedName,si
_rb8ac49579be88b,preventWindowOperation,si
_rb3db100f8e3eba,previewAvatarRegion,si
_rae2879cdced434,previewAvatarWidget,si
_r80dbbeca823daf,previewCallbackId,si
_r60b88a94b42376,previewContainer,si
_rebb17d7f8c970f,previewFurniInstructionText,si
_r79ece35bda50f6,previewFurniName,si
_rbe19f581705ea7,previewGlobalPlaceholder,si
_rf5400009df1f2c,previewIcon,si
_r50e3aa2a7a3f51,previewImage,si
_r1ecc3a87753a6e,previewImageBitmap,si
_r998dbcc0f37a79,previewLabel,si
_raaffa8bd10d713,previewPetWidget,si
_rf3d5c4e42b417f,previewUserInstructionText,si
_r7967c27a0382aa,previewWidget,si
_rf3305fe3e2336f,previewWindow,si
_rb5110a17aebf87,previousPageButton,si
_rf8e9bb67f29abc,previousUnclaimedCountText,si
_r4f85476376b88c,previousUnclaimedIndicator,si
_ra1798a66357733,priceActivityPoints,si
_re13079f3c55d1f,priceAmount,si
_ra1306f1316f60c,priceCredits,si
_r3d4cdc902cf830,priceCreditsText,si
_r9c0947c4a70714,priceDiamondsText,si
_rf13a8b2496a369,priceIcon,si
_r6c66f7b70ab475,priceInActivityPoints,si
_rb6d56df517b5a2,priceInCredits,si
_rf6636e7fdc1c19,priceInSilver,si
_redecda178f63ac,priceLabel,si
_r22c9d8173e9639,pricePlusText,si
_r538c1635b2bcac,pricingModel,si
_r48780f141b0b2d,primaryColor,si
_rb2a8ad0923aba8,privateRoomSessionActive,si
_r0cce9e86200fcd,prizeContent,si
_r1f73d37b535f2d,prizeLevelId,si
_r371c3901eed10b,probabilityText,si
_r128cd1061b4dc6,proceedOfferMaking,si
_ra6f36b72fe9c65,processInteractiveWindowEvents,si
_r2f31608a8bb23c,processLoadedSamples,si
_r5dfa966041757f,processUpdateMessage,si
_re4d429a195333e,processVisualizationElement,si
_r2710f1c2d3b3a0,processWidgetMessage,si
_rf182db652690fe,productClassId,si
_rcf0a7a8085781b,productCount,si
_raa26688f679265,productData,si
_re6ebe091530a3c,productDataReady,si
_rd78a7a6fffce7d,productIconWidget,si
_r35f193138d9cee,productImage,si
_r27c3d1c58484c3,productInfoContainer,si
_r3e6bae9803b573,productInfoList,si
_rf49eccb2162241,productItemType,si
_r2dcbf0d4d438e6,productItemTypeId,si
_r307554c62acd82,productNameContainer,si
_r9499ea5f03161e,productNameText,si
_r7734363613709e,productOfferList,si
_rf3ec6bc95707b2,productPreviewBitmap,si
_rfa9661182d7792,productProgressContainer,si
_r29f4d70eafdf65,productProgressScoreText,si
_r6fa814bd661edd,productType,si
_r0977d60393dabb,productTypeId,si
_rdf9add742ba542,products,si
_r7d6f53f3f95238,profileCanvas,si
_rd05098af391bc5,progressBarContainer,si
_r6101513958b6a1,progressColor,si
_r010f4894bd7ed2,progressColorContainer,si
_r810b615c2ddb8d,progressColorHint,si
_r1bc922faab8edd,progressContainer,si
_rf1bae52e4d7c8b,progressCount,si
_r590e54638475e8,progressPerLevelWidth,si
_r245ba1610a0f9c,progressPixelWidth,si
_r1b0063ed3c54e3,progressRatio,si
_ra76699064e1a97,progressRatioFor,si
_r84313e431e71a3,progressText,si
_rc4b8b0f9b2c240,promoteGame,si
_rf7fc2ed7ddb5cf,promoteRoomProcedure,si
_r4bed5f14cd36e7,promotedTalentTrack,si
_r7729c459033a23,propertiesTableContainer,si
_r830d5ea722c947,protectionControls,si
_r9f5dd95f83f92f,proxyX,si
_r01373b4f1afa90,publishingStatus,si
_rc42b14de153911,purchaseCouldBeUsedForBuyout,si
_r47dd4351c8dd26,purchaseFailed,si
_r1c110a4e6925fa,purchaseOfferId,si
_rb87db6e242fc6f,purchaseProduct,si
_r1919017a9e9adb,purchaseProductAsGift,si
_rdff74141023f84,purchased,si
_rcb460ead418446,purgeInitDownloadBuffer,si
_rcaa19c836c17e0,purgeRegistry,si
_r64c8c4a01b900e,push,si
_rd11082f78fb368,pushOption,si
_rdb436ba2f27be5,quantifierCode,si
_rd50c07b788a68b,quantifierType,si
_r97928478143800,quantityAmount,si
_r453c9bc338efe4,quantityBorder,si
_rff37eef55c637e,quantityContainer,si
_reb4d6c3da59ead,questData,si
_rcacd781d8bdcdf,questEngine,si
_rc54c1be1428ee7,questionAnswerCount,si
_r116ee753ab781f,questionAnswerType,si
_r646ecc942a4b7a,questionCategory,si
_re21965f81ba44f,questionCount,si
_r8def43dafa2266,questionText,si
_r26b700fd4fe1a3,questionType,si
_r1278d24fb40dfb,queueTypes,si
_r6ef61a221b57a2,randomBoolean,si
_r68ce2911de0d44,randomFriendName,si
_r5782ffd1e26d8a,randomNumber,si
_rde5adabee6a83b,randomRoomProcedure,si
_r74906a3ff345a9,rangeValidationMessage,si
_r8ea5683bb66bfd,rankBorder,si
_ra4e411226286df,rankText,si
_rd4caecccf37c4a,rankTypeExtendedImage,si
_r13e73d98089215,rankTypeImage,si
_rcd0d89763599c0,rankTypeInfoText,si
_r6c25a728457d12,rankingList,si
_rcb53352940b1da,rarityLevel,si
_r55587da0c09bd4,rarityOverlayWidget,si
_r130f39015f6b3d,rarityText,si
_r819ad55941b210,readAdditionalParams,si
_r4367193ba1c2c7,readAfterRoomId,si
_r3c7eab5e94ee95,readAllowedSources,si
_rd9ef8f5426c684,readDefaultSources,si
_rbe442a258b9434,readDefinition,si
_r2097a347e1dd15,readDefinitionSpecifics,si
_r08488c2efedbc1,readExtra,si
_r1342bed7ad52de,readFromMessage,si
_r606ec24d1bcde2,readIntParamsFromForm,si
_rf87c1e89581ebe,readInteger,si
_rb6fa855d6c8fb1,readInteractiveWindowProperties,si
_rf304f6e6fc61b9,readLong,si
_rc422ca65285b03,readNumber,si
_r6780ad91fad22e,readSOLBoolean,si
_r49edabe9a9a661,readSOLProperty,si
_r0134f5a352ffff,readSOLString,si
_r611a8dbcc8cbf3,readSettingsContainer,si
_r1553562196add0,readString,si
_rfa4e28cab6e368,readStringParamFromForm,si
_r4c5f091de384d0,readyToRecycle,si
_r374693ba53ac55,reallyRemoveItem,si
_r2a7195002720ae,reasonString,si
_r6c737bce5e45ce,receiveAsset,si
_r731c52e9720d84,receiveRow,si
_r1bb9a29af4152c,receiveText,si
_r9c675870922034,receiverNotFound,si
_r8a7cb644e73dff,recentHabbiconIds,si
_r4df13f84d6782b,recentSectionIndex,si
_raf598d3e7e15c5,reconcile,si
_r2502096aa60597,record_overflow,si
_r8eefa956d14526,recreate,si
_rb7de688794398f,recreateElement,si
_ra0c30a159c6a50,rectangleTransformMatrix,si
_r29ec9753e1b82d,recursiveRedraw,si
_rff8788edffc6ea,recursiveUpdate,si
_rc0fc53ef4da1fd,recycle,si
_r6e851f346abbd9,recycleContentLine,si
_r79bcbd34dfd3ac,recycleFrames,si
_r315953cfdfd5f8,recycleRowView,si
_rab54d63d84b015,recycleTiles,si
_r77f80ff157c910,recycleView,si
_r03127e71336351,referenceCount,si
_rbc1f915e73e026,referencePlaceholderList,si
_r21351b7767c23d,refreshAchievementDetails,si
_r86b87ab9407bc7,refreshAchievementEntry,si
_r97800877b29e47,refreshAchievementList,si
_raf1e37d94a76b0,refreshAchievementsHeader,si
_r76c955cd477d6f,refreshAdFooter,si
_rc224b677407e59,refreshAddMoreVisibility,si
_r095d4dc4ca21c1,refreshAnimationTickState,si
_r0cf72442fb38c8,refreshArrow,si
_r4ba9a4a826c130,refreshArrowIcon,si
_r49c25c1bbd5140,refreshAssetRoot,si
_r09c3d454ad0c78,refreshAvailability,si
_rb9876d76551d30,refreshAvatar,si
_ra3769e35abdcaa,refreshAvatarImage,si
_r0d844e49df481d,refreshAvatarInfo,si
_r7d9282b4afdf2d,refreshBadgeImage,si
_red26191fdbe3e1,refreshBadgeImageLarge,si
_r3888f1bda89d4e,refreshBannedUsers,si
_ra8fdd5a0361521,refreshBg,si
_r5a5037ee8eb33f,refreshBgPiece,si
_r2d2a89cbb8afcc,refreshBitmap,si
_rc789f901a84c72,refreshBorder,si
_r4925545c41ee16,refreshBubbleUI,si
_rd2049740229a5d,refreshBuilderStatus,si
_r103ec2fb416451,refreshButtons,si
_ra3903517c4aefc,refreshByX,si
_rf842f6a8be078a,refreshCatIcon,si
_r44fe78037ec1cb,refreshCatalogWindowChrome,si
_r5d38058404ef39,refreshCategoryEntry,si
_r987105748c0749,refreshCategoryList,si
_r6969216a6f8935,refreshCategoryListFooter,si
_rac1524a1035ed4,refreshCell,si
_r9b962eff0ca72c,refreshChatSettings,si
_r4829086cfdb607,refreshColorsAfterClick,si
_rc97d5d2cce64f9,refreshContainer,si
_raec54a878dbb2c,refreshContent,si
_r153b5a5370c498,refreshCreateHeader,si
_r6ee406770e0c33,refreshCustomContent,si
_r6b8efdbdd894e6,refreshCustomImage,si
_r7ab9382f132fad,refreshDelay,si
_rf6311966469149,refreshDerivedState,si
_r1014e8a1243de6,refreshDetails,si
_r265b435a4d70fa,refreshEffectiveChatSettings,si
_r2199a39c12004a,refreshEmbed,si
_r8e53e660fd7f88,refreshEmptyImage,si
_rc1e22d2fbca5f7,refreshEntry,si
_r39a16585952a9c,refreshEntryCaption,si
_r74fb8c92b1dcc2,refreshEntryDesc,si
_re9d1ea5926d895,refreshEntryDetails,si
_rfb3996af02c13f,refreshEntryQuestDetails,si
_r2187b9deecb58e,refreshEventInfo,si
_r730263d23943c7,refreshExtraCont,si
_rd54139cf2356c0,refreshFavouriteIcon,si
_r84f84ea160c441,refreshFilterButtons,si
_re3490c6c643165,refreshFlatControllers,si
_r57f02c9d0187e6,refreshFolderEntry,si
_rcb263de8bdeaf3,refreshFolderImage,si
_r76a4bbd14204ac,refreshFooter,si
_r7faf3cbed68b81,refreshForSourceType,si
_rbb0bdf8a242247,refreshForState,si
_rc33c67db5aef03,refreshFriendEntry,si
_ref37e1e533183c,refreshGroupList,si
_r53c505548cb316,refreshGroupListSelection,si
_r621a9c77200218,refreshGroupMemberDisclaimer,si
_r368ae90599192c,refreshGuestRoomImage,si
_r60b09d295dbca8,refreshGuestRooms,si
_rce32db30e878bf,refreshHeader,si
_rabcfb79f5aff6c,refreshHomeState,si
_r40a2d783040c60,refreshIcon,si
_ra03c05c9098b8b,refreshInfo,si
_rf8f13c2895b602,refreshList,si
_r03d19a766968aa,refreshListContent,si
_r136bcd099b57c9,refreshListDims,si
_r50366e94f7c765,refreshLoadableAsset,si
_rbc655a8f1dc01b,refreshMaxVisitors,si
_r85ab4380e8681a,refreshMouseOver,si
_r9ab09ccef5e774,refreshNavigatorTabs,si
_r3b6b659ccd6929,refreshOffers,si
_r59067e41743840,refreshOfficialRooms,si
_raca2fe256824ed,refreshOwnerMode,si
_rbcf464d8c424e2,refreshOwnerName,si
_re5fbf58bdd91c2,refreshPage,si
_rc536ca68219f03,refreshPageLink,si
_r070889b302d29b,refreshPager,si
_r3f986885e24ca2,refreshPicText,si
_rd0c2c3f5592cbd,refreshPoints,si
_rb1b85764772a5b,refreshPopularTags,si
_r345f8cc70dc1e3,refreshPopup,si
_rfe0fb35356e752,refreshPopupArrow,si
_r18658255bde807,refreshPremiumInfo,si
_r555d5cbadc73e9,refreshProgress,si
_rf01e165f05c50e,refreshRaidProtectionButton,si
_ra32889a9b937fa,refreshRecentSectionState,si
_rbae43abcde19bd,refreshRegion,si
_rdcfe3e450e2b6f,refreshRelationships,si
_rcae2f4bc4f3807,refreshRequestEntry,si
_r8872ae711f0c94,refreshRequiredFurnis,si
_r2625ef76c8be56,refreshReward,si
_rd4e91cafe5c77e,refreshRewardsCollected,si
_r27f1ed9f0b82e4,refreshRoomAds,si
_rd657effcf4a297,refreshRoomCompetitionsHeader,si
_rcc76054216144b,refreshRoomData,si
_r85be6c90cbbdc6,refreshRoomDesc,si
_r1cb0c498e072e4,refreshRoomDetails,si
_r9c765803084121,refreshRoomImage,si
_rdbe5dfdb0b009f,refreshRoomName,si
_r519a9462b3a093,refreshRoomSettings,si
_r4b2be92dadd0a8,refreshRoomThumbnails,si
_rc707e19f5bdb31,refreshSanctionDataForSelectedTopic,si
_r32653b46fb409e,refreshScrollBarVisibility,si
_rdaeee1e27ff942,refreshScrollbar,si
_r454cde14f3665c,refreshSearchResults,si
_re880575866cd1e,refreshSections,si
_ra2f981321b5d58,refreshSelection,si
_r1725bcb5e08bc4,refreshSet,si
_r2ed0b2951ac821,refreshSettings,si
_rf6f23187c12e2c,refreshShading,si
_rf311a8352aa6fe,refreshShowCount,si
_r7dd347030d201f,refreshStaffPick,si
_rd141db115f8e1e,refreshState,si
_rd2065d9938d8c7,refreshTabContent,si
_r4e0ee8c7b08c76,refreshTabContentDims,si
_r404c0934e2b80f,refreshTabText,si
_r59517b87bb1a1d,refreshTag,si
_rd7e1ec7daf88f7,refreshTagBg,si
_rc624a10c8eb29c,refreshTags,si
_re2c91798d9272c,refreshTasksCompletion,si
_r48c77dfaad0c76,refreshText,si
_r9f2ad4fe6c9727,refreshTextImage,si
_r54c20812e8432a,refreshTextWithCaption,si
_raaa09848c97162,refreshTimeLeft,si
_r7d05399c93ffd7,refreshTimeoutFieldState,si
_rb877571022cd47,refreshTimer,si
_rb2a188ba308835,refreshTrackerDetails,si
_r249acddaeeea3e,refreshUI,si
_rfe2d21f96b9213,refreshUpdateRegistration,si
_r121f58910b7216,refreshUserCount,si
_r411954122ac523,refreshUserEntry,si
_rdd5df72ba27f2a,refreshUserList,si
_rcbd57378a31d66,refreshValueControls,si
_r9a2c6ed95b8d7b,refreshVisibility,si
_ra16f8e8df8d95a,refreshWindow,si
_rb32ac042d7b42c,refreshWindowSize,si
_r2c8554b62537a1,refreshZoomLabel,si
_rae66291af1edbd,regPoint,si
_r0866fa706e44bd,registerDefaults,si
_r09fb79f20a94bf,registerDynamicWidgets,si
_r0850872b2e7bc6,registerFurnitureLocalization,si
_r47575c87890a95,registerListener,si
_r0546b219915c47,registerLocalizationParameter,si
_red8dc351bd4722,registerMessageComposerClass,si
_r1457c12f990004,registerMessageEvent,si
_r3f7f2835ed1aa9,registerMessageEventClass,si
_rd3edb52a326880,registerMessageListeners,si
_r7c621fe6bfeadb,registerRendererFactory,si
_rb5e786199f7e40,registerRoom,si
_r10bc6ac78095c7,registerUpdateEvents,si
_r70279c65b612c2,registerUpdates,si
_ra00b0e4b3ee6a1,registerUser,si
_r7120a651e94383,registerVisualization,si
_rcd21bcc66a9fdd,registerWindow,si
_r51827db41fea34,reinit,si
_r10655edc712b7e,relativeDepth,si
_r60233a8b86f192,releaseItems,si
_r70b66746be1705,releaseNodeView,si
_r8cb7c24b9c3810,releaseOverlaySprite,si
_r1d7396543db9b5,releaseParticles,si
_rc69a068d61a2ce,releaseRuleView,si
_r5eac6d6e018e15,releaseSlot,si
_raae193818f2fcc,reloadPreview,si
_r207ca019bdb91f,reloadRoomList,si
_r44083f40549d9d,relocateBubbleAndFocus,si
_r3f23e4a5b0e977,remainingFrameRepeats,si
_rf2b4e038ec1e34,remainingGrowingSeconds,si
_r62bfb58c5ec5a9,remainingWellBeingSeconds,si
_r90b7ce5c36babb,rememberPageDuringVipPurchase,si
_r35f5317c4c0f21,removaAllNodes,si
_rae8557b3162467,removalSeconds,si
_ra2993b6067c469,removeAllRules,si
_rbc0475410b6ddc,removeAssetLibrary,si
_r90638d88b5b793,removeAvatarHighlightTimer,si
_r460b1661ce7263,removeBreedingPetsWaitingConfirmationAlert,si
_r7a0d19062552ae,removeButton,si
_rf9c10b72934d07,removeChildContextAt,si
_ra6e91ea2af05c4,removeDimmer,si
_r42f419605c548e,removeFiltersFromFurni,si
_r78b40a96608fc2,removeFinishedAdditions,si
_r3e2e3483e3355b,removeFirstLevel,si
_rf95fff588874d1,removeFriend,si
_r9b464f5ec3e510,removeFromArray,si
_rdc8d8dd57903b0,removeGridItem,si
_r18794a96637e25,removeGridItems,si
_rea06c1ad067fb5,removeIntervalProcedure,si
_r67b28d9e2ea25c,removeMenuItemAt,si
_r4f1e671cba6855,removeMessageEvents,si
_r20a79e3fab0d1b,removeOldLocalization,si
_re22e059f79fe31,removePart,si
_rd4f9e3d41a0484,removePatternFrom,si
_r1ee24833e5f24d,removeProtocol,si
_rb9480f04a8d33f,removeRoomEnterListener,si
_r03b32a62d2b070,removeRoomMouseBlockRect,si
_rfd94aea329ac37,removeSprite,si
_r0b639746329d90,removeSublist,si
_r01a6f7f0d6efae,removeUnseenCounter,si
_r80deddd459f628,removeUpdateRegistration,si
_rf49474894dded3,removeUseProductViews,si
_rda9aefcc4062fa,removeUser,si
_re90dd6106172df,removeWheelListener,si
_r4c4c093f876a33,removeWindow,si
_r0489abe2cc9651,renderCells,si
_rc346546aff25c5,renderColorPreview,si
_r1f14a49b575969,renderCurrentFrame,si
_r5044a8c66669ea,renderCurrentResultsBlock,si
_ra84d6d01c1d4d0,renderDucketCost,si
_r3e6301a8132262,renderFrame,si
_rf6e1cd9ea304a4,renderHeartCount,si
_ra018fff7c851ce,renderPriceItem,si
_r24800f63f95659,renderRepeatAll,si
_r8ed625077c419d,renderSlotGraphics,si
_r720ef1b978edd5,renderTags,si
_ra9faf82436eb26,renderThumb,si
_rfa505a7270d20e,renderWindowBranch,si
_re43f22c6d39df1,renderableItem,si
_r6dbb8b2cca03f2,rendererByRuntimeValue,si
_r61410ae740d599,rendererId,si
_r29e6747afa8dda,rendererOptions,si
_recd77ad7078908,rendererSupportsSegments,si
_r6b3a2e04bdfb3f,rentCouldBeUsedForBuyout,si
_r9caf12ad76a8a3,rentOfferId,si
_rfb3c2f42862a48,repeatCall,si
_rcd4d750cce36e8,replaceAsset,si
_rd97f15fa2b29c7,replaceCenteredImage,si
_r695c2ebf1b45aa,reportCrash,si
_rcb15f443d201bc,reportCrashStack,si
_r3e544fd6b6e80a,reportLimit,si
_rfffd1bbbe804d8,reportPhoto,si
_r55246686cf597d,reportSelfie,si
_radd0c78f68c91f,reportWarningsAsNeeded,si
_raf4554bf604281,reportedCategoryId,si
_r0ac353e79f1d1a,reportedDateText,si
_r95261b2afa4859,reportedRoomId,si
_raefa20be024880,reportedRoomName,si
_r39f7631d850bd2,reportedUserId,si
_re38ff83c3836b5,reportedUserInfo,si
_rc1cf3fdc16a277,reporterUserName,si
_r53b111cf769298,reportsTableContainer,si
_rdc42904a089f92,repositionEntityWrappers,si
_r5ff394cccef232,repositionPointer,si
_rab339e1009817a,requestActions,si
_rc0847feafca2ee,requestAddItemsToTrading,si
_r672c9e33a2792e,requestBonusRareInfo,si
_rd35ad84ddd96b9,requestCommunityGoalProgress,si
_rd671ae4cee175b,requestDispose,si
_ra093444f872440,requestEnabledCommands,si
_rbee6732b08ea33,requestExtraDataUrl,si
_r9c82199a2f11f0,requestGuide,si
_rbaed85324c76bd,requestGuildEditorData,si
_rdf092a67a30002,requestHolders,si
_rdef6d90a7937ce,requestIconFromRoomEngine,si
_raa2cc0911a3d4c,requestOffers,si
_ra1c4bc7720ef53,requestOffersByPrice,si
_r4ebac66ef2a7ea,requestPage,si
_rf497ad138a71cf,requestPageWithFilters,si
_r368c7ef2e1bcc2,requestPlayList,si
_rd88c6369c60877,requestRoomEnterAd,si
_rb9bff43c929e8f,requestRoomObjectId,si
_r45221ef2038aca,requestSanctionInfo,si
_r80fea99e9afadd,requestSave,si
_rfbdfdfa551b51a,requestSelectedFurniToTrading,si
_rc86ecb67421250,requestStopPlaying,si
_r5dba9fe7bb14fd,requestVariablesForObject,si
_r75d680b7855c5a,requesterUserId,si
_r8e7b8379312483,requireConfirmation,si
_r2f2e3fa869bb8f,requiredCount,si
_r425f75b71ba091,requiredFurnis,si
_r604181333429e6,requiredPoints,si
_r76e90b43cc6cb1,requiredRepeats,si
_r25550a8f915a45,requirementsBorder,si
_r235db0f29132e4,requirementsButton,si
_r986cc80a704959,requirementsMetHtml,si
_r3ea76928487c1d,requirementsMetIcon,si
_re248f660baec1d,requirementsStateUpdated,si
_r4d1267e0c6d5dd,requirementsUpdated,si
_rfd4b9d60596158,requiresAnimationTick,si
_r14b3eccd1c1a8c,resampleBitmapData,si
_ra548c4cd49761b,reserve,si
_r2cdf330db56aed,resetAllAnimationFrames,si
_r2dc54b3487b4d8,resetAllEffects,si
_r3e528face1dd75,resetChestCaches,si
_re439d14abe6850,resetFilters,si
_r42f9f6c536be53,resetHabboWebApiSession,si
_r8af2fde19fba5e,resetIcon,si
_r7adca8c773556c,resetInteractions,si
_rdde0140639787b,resetMaterials,si
_re9c970547b2145,resetModified,si
_rcaa87b2fb934b6,resetPooledWindow,si
_r2dced413d979ae,resetPriceStats,si
_rc07c1fb55d482c,resetRequest,si
_ra8ddde163a40ff,resetResolution,si
_r18a289354b5e35,resetSimulationStep,si
_r620633b45511d8,resetTextureCache,si
_r0f2f9b94e200a4,resetTextures,si
_r17de8be64e51ce,resetToDefault,si
_r7b2c64662a6774,resetVariableFxStack,si
_r1a52364824c870,resetWindow,si
_r4042c35e66e5f3,resizeToAccommodateChildren,si
_r157277269f112a,resizeToFitContents,si
_r1f0e763a3688c9,resizeToWidth,si
_rfe14b43bd479d2,resizeWindow,si
_r3f8a032fd32c63,resolveAlignment,si
_r694a2c5cf78fae,resolveAlpha,si
_r1ad7f15a536b5f,resolveAssetFullName,si
_rb2e080ff6c1703,resolveAssetName,si
_ra424122cd74b43,resolveAssets,si
_r7ca529bb61c523,resolveBackgroundAlpha,si
_r17a8c4262082c3,resolveBackgroundSliceLeftWidth,si
_r8968bb6e7e2d91,resolveBackgroundSliceRightWidth,si
_rcc47243eaa4e62,resolveBadgeBitmap,si
_r226e517c3ccd41,resolveBarIconOverlayLayout,si
_rdaa730e7ece6a6,resolveBaseDimension,si
_r718fdb7498796b,resolveBitmap,si
_r22fabddfff5eb0,resolveBlockProgressBarBlockCount,si
_r2b16c93776de63,resolveBundleDiscountFlatPriceSteps,si
_ra67af867cfd7f6,resolveById,si
_r7bc7b747c74ce5,resolveCheckBoxTypeAnswer,si
_r3ec2f411bf91f4,resolveClubBadgeId,si
_r36f759a5319d18,resolveCollectionDescription,si
_r0e7af019ad75a4,resolveCollectionTitle,si
_r2e2a03456a0e7e,resolveColumnByIndex,si
_r0e2516bc876506,resolveDayState,si
_r2d0e8cb806465d,resolveDefaultArrowProgressBarArrowCount,si
_r04c1473e73342e,resolveDefaultBlockProgressBarBlockCount,si
_rae6b73e6105632,resolveDefaultIconPlacements,si
_r541fe5a229e00d,resolveDefaultThermometerHealthPointsSegmentCount,si
_ra9b04f84744b75,resolveDescription,si
_r67cd62c8f6913e,resolveDesign,si
_r50c3a2b73e666a,resolveDisplay,si
_r0dfdb300492fd6,resolveDisplayDigits,si
_r811aab03ec40c5,resolveDynamicLevellingRgb,si
_r043f5bfb5c82ae,resolveEntryName,si
_r4eefab6128b1ba,resolveFillArgb,si
_rc9395ba39edec4,resolveFirstWindowContent,si
_ra944ef55c7e3cc,resolveFrameAnchorCompensationX,si
_r21792c260fc380,resolveFrameAnchorCompensationY,si
_re6f9c134c94604,resolveFrameIndex,si
_re665dc0e210bbc,resolveFrameWidth,si
_r81843c0cbf9e40,resolveGlyphs,si
_r1ef24e4556742a,resolveHabbiconDisplayName,si
_r59bbeb86cb8e91,resolveHabbiconKey,si
_r5486f08937946f,resolveHeartOpacity,si
_rb0baae8aa50fc1,resolveHolder,si
_r9704baa7454992,resolveHue,si
_r4e76073a331911,resolveIconOverlayLayout,si
_r97c2faf496f112,resolveLevelProgressPath,si
_r10284134659004,resolveLevelProgressPathDisplay,si
_rdf752d2e7c111e,resolveLevelProgressSample,si
_r03fc40cf69b96a,resolveLevelProgressSampleProgress,si
_r098441fe9e4628,resolveMetadata,si
_r84b77650077090,resolveMode,si
_r4b9cf11bd42a3f,resolveNextDiscountLevel,si
_rd708f84c06e6fc,resolveNextOpacity,si
_r0ce0adf54f42dd,resolveNumbersAssetName,si
_r039d8badf5967f,resolvePaintRgb,si
_r5935922eb48656,resolvePreviewImage,si
_r3f9b8352464cc3,resolveProgressClip,si
_rd43efa4686eb4a,resolveRadionButtonTypeAnswer,si
_r13ab5e505acace,resolveRoomUserName,si
_r98ec416c21278a,resolveSearchProductCode,si
_rc4e9ad364a6cbf,resolveSegmentCount,si
_r378be5e8be79d8,resolveSegmentOverride,si
_rdbcf1bec4cb936,resolveSex,si
_r76c8f5e8a42a49,resolveSourceY,si
_rf31f90744f996c,resolveStackAwareFrameAnchorCompensationY,si
_r2eba2df94d1e95,resolveStackBottomY,si
_r8df132434dbb70,resolveStackedHealthPointsPerRow,si
_rf7dc6aa96c9e78,resolveStripedProgressBarFrameWidth,si
_r266cf785fdf2c7,resolveSubRendererFactory,si
_rba1791e325677d,resolveSubRendererId,si
_r1a0a640d4ab810,resolveSummaryText,si
_r4b516187429c7d,resolveTargetPaintColor,si
_r756b72c468804d,resolveTargetSegmentStart,si
_ra9534cbc5163b8,restorePassword,si
_r66d2b756cff5f4,resultData2,si
_r9dd7b441f5238b,retrieveAsset,si
_rc3deb5ea1c4ec0,retrieveCatalogImage,si
_r3ebf424c7dfcbf,retrieveEntityImageAsset,si
_r729a33dbf7eded,retrieveWidgetImage,si
_r29244bd31761c9,retryEnabled,si
_rb311ba244a6433,retryLoadIfPossible,si
_r6d6bc96d4b6bdc,returnButton,si
_r3714c0a27d467f,returnItemToInventory,si
_r4ac1625c5ec0e9,returnItemsToInventory,si
_r2dca4b01b069d9,reuseOrCreateBubble,si
_raced14a8068362,revertToDefaultView,si
_r4824e75ba84106,rewardActionButton,si
_r767d7f2f7e4aac,rewardAmount,si
_r0273af919db081,rewardAmountBorder,si
_r906055f61d1407,rewardAmountText,si
_r0ecec58b56c28e,rewardBitmap,si
_r41e185752ebe51,rewardBuyButton,si
_r66c0209695d0e1,rewardBuyContainer,si
_r0ec40426726125,rewardBuyCurrencyIcon,si
_r8b625756998389,rewardBuyPrice,si
_rf5ddd8e7e43849,rewardCategory,si
_rac2b59d35a1d6f,rewardClaim,si
_re84ee8ac8b0a3e,rewardDescription,si
_r9e113b09d88d02,rewardDisplayWidget,si
_r79694c12242337,rewardHabbicon,si
_ra7b36996dacafa,rewardHabbiconFrame,si
_r68cc1d2a0b07d8,rewardId,si
_r8ca22d8a9eddad,rewardInfo,si
_r596f825638115d,rewardInfoNotPremium,si
_r3fbbe78c4ec6d2,rewardPanel,si
_r52ece2b3d736bc,rewardPerks,si
_r45bcca5bbb7d70,rewardProducts,si
_r7b9e0a96e32ab1,rewardText,si
_ra444f46ce5d36d,rewardTile,si
_rf9aed7e6a205a0,rewardTitle,si
_r7cc2bfe338a01f,rewardTitleBorder,si
_rfd6ff0fbde20ba,rewardType,si
_rc2fbed4141ef0f,rewardsBenefitRow,si
_r6bf92b1185d446,rewardsBenefitText,si
_r2e25cc56e7b476,rewardsCollectedText,si
_r8d7c6b13b83bdf,rewardsList,si
_r263db41348ba3b,rgbFromColor,si
_r89002203ac12d4,rgbToHsv,si
_r233706702dd072,rightSide,si
_r1c5d83d9d73604,rol,si
_r48f761f39e0958,rollbackButton,si
_ra596d8f4e07c76,roomAdDescription,si
_r22ba34e3aaa9b7,roomAdName,si
_r336d9bc4a938f7,roomControllerLevel,si
_rcbdc2f2bd97e27,roomEngineServices,si
_re3012926afd0d9,roomExited,si
_ra340d4690f61f4,roomFavoriteRegionProcedure,si
_r2478c9f0ffce82,roomIdString,si
_r9a48b5ac3cd14d,roomInfoGlobalRectangle,si
_rae837c7576c07c,roomItemId,si
_red0b3ab7e22a56,roomMatchesHeader,si
_r1a3b4a9ab197af,roomMatchesSection,si
_r165d054607e53b,roomMatchesText,si
_r76b9ea013a892f,roomModerationBanSettings,si
_r52631882ce7b61,roomModerationMuteSettings,si
_reb9a31e9f0ee61,roomObject,si
_ra5a018badc3595,roomObjectVariableAccurateZ,si
_rfb80afe111cd0b,roomPanOffsetX,si
_r4439fd8dc84f76,roomSession,si
_re8638237b2020d,roomStats,si
_r447c66878ca553,roomUi,si
_rafbe39278f6f90,roomViewRect,si
_r8e3397a3e4cce5,rootDisplayObject,si
_rce6f3eddc9f5c4,rootWindow,si
_r564c8a3df16969,rotateTo,si
_rfea101df5909d3,rotatingStar,si
_r1677331f02f967,routeInspectionLink,si
_rf8c32d48c12265,routeOverviewLink,si
_r4907d63abfcfc0,rowEntryTemplateHeight,si
_r1c3fdbc835affe,rulesList,si
_rc33344844def97,runMotion,si
_r5a52eabd680591,runtimeCategory,si
_r238a4674e0943c,runtimeStyle,si
_r5977cb8f1f0120,runtimeValue,si
_rf7a8bf9ca5dbd4,safeEnable,si
_rbdfe093a73e5d7,safetyQuizDisabled,si
_rc8fcc6c53ae7a9,sameEntries,si
_racd14e929b60da,sampleFloorTexture,si
_r3ee7e75d8f2b6f,sampleId,si
_r79d23b206ba216,sampleLeftWallTexture,si
_r3476ea485e171b,sampleRightWallTexture,si
_r0690c34fbc1452,sanctionInfoText,si
_r1234c7e4d7f0c2,sanctionLengthInHours,si
_rdbc6925b3f67d3,sandboxWarningText,si
_r5be8dffac41552,sanitize,si
_rb0dfb9fe3ab357,sanitizeChatBubbleWidth,si
_rc661b27dd1281e,sanitizeChatMode,si
_rd93ecdaebbb079,sanitizeChatScrollSpeed,si
_r1c1ac2be8f754d,sanitizeIconAlignment,si
_r3a2997a3cafdea,sanitizeOverrideTarget,si
_re7b9b151197adf,saveButton,si
_r68e604987fc64f,saveButtonDisabled,si
_r1a452eb6f6a9fc,saveContract,si
_r4e035a0a41ec11,saveEmergencyHelpRequestData,si
_ra3f1cbaa3eec46,saveFigure,si
_r45036b7c810d1f,saveLooksError,si
_r0e678ecbb306e4,savePartData,si
_rda4b7c0c3c1d0d,savePartSetColourId,si
_r3804f69ba5972a,savePartSetId,si
_r35c4ad3427963a,savePosition,si
_r72a00e90ec44b7,saveReloadButton,si
_rd9838d27eab931,saveVolume,si
_r7652ee297a7774,saveWardrobeOutfit,si
_r87d65c60b18a94,sbox,si
_rb1ad935c1b3063,scalarProjection,si
_rb1e67fb420f98a,scaleTo,si
_rdd4c868ba20101,scaler,si
_r1f68f4c38fb05e,schedulingStr,si
_r24fb108667e7f0,scoreText,si
_r11021645019ade,scoreToTime,si
_r35ada61ae40cca,scoreType,si
_r90388fae0b9d16,scoreValue,si
_r86c78ab3ead514,screenOffsetX,si
_raf9c4de0d3da99,screenOffsetY,si
_rdaef13f6484403,scrollArrowProcedure,si
_r763e8686ac6365,scrollH,si
_r6299abdc0d6f67,scrollToBottom,si
_r8cddcc378966c0,scrollToIndex,si
_r6eea491495f863,scrollToLevel,si
_rdfac71d4a132ac,scrollToSpecificElement,si
_r5d61e99a4253f8,scrollV,si
_r31508d9da8ef80,scrollbarOffsetX,si
_r602a8c29d68db2,scrollbarOffsetY,si
_r60bcd11b85022c,scrolledUserPositionX,si
_rab7610716e7b78,searchBorder,si
_recad858cfafdbe,searchClearButton,si
_rfcd26d7f03c46e,searchCode,si
_r77d0afc206b7dc,searchCodeOriginal,si
_r162f8f7b160639,searchFilter,si
_rb4d6b7ba2d151d,searchIcon,si
_rec81f0b1212611,searchInput,si
_r282c2dfa0b1c2d,searchInputProcedure,si
_r5fd2c63a9558a8,searchPlaceholder,si
_r383db3260a10a4,searchReceived,si
_r84c2ed58501e61,searchStr,si
_r39d04256b61bd8,searchTextInput,si
_r20825b14ff16cd,searchWrapperCollapsed,si
_r0a672e7ccefeac,searchWrapperExpanded,si
_rbbfcb0b9bf3dd6,seasonalCurrencyId,si
_r7b7147968c4c02,secondaryColor,si
_r30e3d679dec74b,secondsLeft,si
_r30b6c84540c788,secondsLeftText,si
_r4e26b00876bd43,secondsToExpiration,si
_rd2140c564b019c,secsInHour,si
_r2c29ae206311f3,secsInMinute,si
_r640768a7a8eb72,sectionList,si
_rd38f7847ee445c,sectionSpacing,si
_r0d8cd3d4379b15,sectionTitle,si
_r81fec088406511,seededColor,si
_r188254f3bae694,segmentRendererId,si
_r2afe199f938a2c,selectAchievement,si
_ra9fc12a13be94d,selectButton,si
_ra21c2f385cc263,selectColor,si
_r75d20fdae82ed2,selectEffect,si
_r59b25d1ef8ef08,selectFirst,si
_r6349819002398b,selectFirstOffer,si
_r6bde44828be357,selectGiftedObject,si
_r0cb197457ac455,selectGroup,si
_r29c2cf0f6f727a,selectHighlighted,si
_rcd085626e30ffe,selectHotLook,si
_r265470c0c60aae,selectItemView,si
_rb3bbbedabf8cf5,selectNftAvatar,si
_rc6407812c879ec,selectPart,si
_rb01b50ac2e0554,selectPlayListStatusViewByFurniPlayListState,si
_r50e1932092104b,selectSearchCategory,si
_r9773821eb6548f,selectTab,si
_rff913c17243816,selectTabByIndex,si
_rf9a73ad05fe0e0,selectTask,si
_r5b788f3aecbbec,selectUserToReport,si
_ra533a73cfda808,selectedColor,si
_rabd87e8d294bd7,selectedCountryCode,si
_r04237569294e89,selectedEnvironment,si
_r22f87cdb0c1848,selectedId,si
_r6abf6dea614bd4,selectedItem,si
_re77e099029494c,selectedPage,si
_rcdf9020e20f6b1,selectedPartIndex,si
_r53b674164794fc,selectedPresetIndex,si
_rc68ce75a739c8b,selectedRow,si
_r6a14a2cfa15706,selectedType,si
_r1ca1590d522171,selectedVariableId,si
_raf8cce9f0dffe6,selectedView,si
_re349a295f2a8d5,selectorOptionsPreset,si
_rf10ef3f421265e,sendChat,si
_r6fa6edcfe950d3,sendChatMessage,si
_r4c468c15b2dd53,sendChatPreferences,si
_r62712f1fea8ebc,sendConversionPoint,si
_r8b7aec1ee3845d,sendDisconnectToWeb,si
_ree2158abcec6a5,sendHeartBeat,si
_re45d8e4ab2428e,sendHotelAlertButton,si
_r9c571d77ceb0a2,sendLockConfirm,si
_r43c4202cfdd3c6,sendLogEvent,si
_r738e460e50fe98,sendMsg,si
_ra8ffb188391c13,sendOpen,si
_r5532d753bc7d8c,sendOpenPetPackage,si
_rb979bf94dfc803,sendPick,si
_r28d2e8892f60d5,sendReport,si
_r145966bfd4b08b,sendRoomDimmerSavePresetMessage,si
_r4a7c03efda83df,sendSave,si
_r845022d224cc55,sendSearchRequest,si
_rc5bd8d135c5699,sendTrackingEvent,si
_rcee285f70c1a5b,sendTryPhoneNumber,si
_r13cfaecdcf951f,sendWarningButton,si
_rc1ad7e34634ffd,sendWarningSubView,si
_ra8eb1d614b3e0f,sendWindowPreferences,si
_r0be7d8dd73f7df,senderId,si
_re667cbf4d7d0e7,seriesSize,si
_rbfe491df116315,serverStyle,si
_rf4a0119532838e,setAchievementsButton,si
_r0981839664b636,setActionLink,si
_r3ea416f2e9e3b7,setActionsToParts,si
_r9ddec27181da22,setActive,si
_rdeba79978b20d5,setActiveChild,si
_r7d16b208f5e565,setActiveLook,si
_r841b1e94e8c1df,setActiveSlot,si
_r1b37419b78e77a,setActiveWindow,si
_rfa8fa96912a5a5,setAddOnIcon,si
_r5573579c69a691,setAdminState,si
_r0f3f81c8585124,setAlertTxt,si
_r6f00d90fd0e80d,setAmount,si
_rf3bab427447159,setAnimation,si
_r319e2e9b2c739a,setAnimationFrame,si
_r9ae51d715b00f0,setAnimationLayer,si
_r211387fef6932b,setArticleContent,si
_r33aa65b7f44c09,setAvatarEffectType,si
_raba26cc5469e0d,setAvatarImage,si
_r4b57c3f4e6c07b,setAxisValue,si
_rd50f0c5326fc1d,setBackgroundGraphics,si
_r9d5c6727f2f417,setBadge,si
_r7daabd66e8f079,setBadgeGridItemSelectionBg,si
_r6164dcb72d09b4,setBadgeImageVisible,si
_rd872788bdba4cd,setBadgeName,si
_r832c5b81938844,setBadgeRarityDetail,si
_r86d497c1c7b13a,setBadgeSelected,si
_r35e3ce14cbf393,setBitmap,si
_r40686f2cb3cc86,setBitmapSize,si
_re88fc8e0bfde92,setBitmapUrl,si
_reedc48eea17270,setBitmapWrapperContent,si
_r75014e929b3f11,setBundleCounter,si
_rbb0a39901891df,setButtonBg,si
_refd5c0d2136a6f,setButtonVisible,si
_rd387bc9efbda42,setCacheNamespace,si
_r1d9c683a4c8825,setCameraButton,si
_r60e097f2f59732,setCampaignLocalization,si
_ra65e7f144140f8,setCaption,si
_rb94dce505eacb7,setCaptionText,si
_r9a0faa25863b4a,setCarryItem,si
_r2f9236ea8c40f4,setCatalogBusy,si
_rd057df64accd74,setCatalogItemImage,si
_r1b09b813bad54f,setCategoryCount,si
_r7cad6057af8596,setCategorySelection,si
_r46bded3c18f191,setChannelVolume,si
_rbc9346a6d50c59,setCharAt,si
_r33c455b8d2b957,setChatHistoryButton,si
_r4f36248be1c9e8,setChecked,si
_r9168d0c201d2c5,setChildContextIndex,si
_r9c4b25a453c0d0,setChosen,si
_rc0362702e3e9b2,setClubIcon,si
_r3e1e7579882d14,setClubIconLevel,si
_r9b7a5d36a72fe5,setClubStatus,si
_rfd1213b4f8472c,setCollapsed,si
_r32f1c51f587bc2,setCollectiblesVisibility,si
_ra7b1d594e1ae38,setColor,si
_r2c0c8019868993,setColorIndexFromItemData,si
_rb95062777605a0,setColors,si
_rd47babc13e8fe4,setCountdown,si
_r3f3bf8301ab0db,setCurrencyIcons,si
_rd9946ca6b0efed,setCurrentPage,si
_r625f4c1113855b,setCurrentQuestion,si
_r1a37907ec93ccb,setCustomLocalization,si
_rcc48282056284d,setDailyTasksVisibility,si
_rb5392ca12e8e60,setDefaultElementImage,si
_rf5ffc1585d96b9,setDefaultRoom,si
_r04f6789ccfbe4c,setDefaults,si
_r2c1b423c69defb,setDesc,si
_r2177978f737148,setDescText,si
_r02f76b94fae017,setDescription,si
_r25cc95dfda0e6d,setDisclaimerAccepted,si
_re605725e04a992,setDraggable,si
_rdfeee1d054d3b5,setEffectSelected,si
_rcaaaf58ef2fa80,setElementEnabled,si
_rea2d5c265bb9b4,setElementImage,si
_r3e6091cd9e981d,setElementText,si
_r8d500addd74e03,setElementVisibility,si
_r9d02c1dd32b40b,setElementVisible,si
_re0b52c0bf34830,setEmailErrorStatus,si
_r614bbafc884257,setEmpty,si
_rec0fa002206226,setEnabledCommands,si
_r846943ed93a97d,setEnterArrowVisibility,si
_rf7696738002340,setEntryHeight,si
_r7b5754495f481b,setErrorContextFlag,si
_r9f931af106c936,setEventHandler,si
_r405ca226338c08,setExperience,si
_rb86af75f1cf1ff,setExternalBaseUrls,si
_ra364006592d900,setExtraBtn,si
_rf3de08d06422fc,setFieldText,si
_re28d413a8a6e81,setFigure,si
_rca5d6e89e30965,setFilter,si
_rc4bbed7d4722f3,setFinished,si
_re018ec497b2672,setFloor,si
_r21eef1aa7309ee,setFriendAt,si
_rd838cc2f8112de,setFriendRequestSent,si
_r69cab6c3c3f05f,setFromOtherAsset,si
_r3511d807662072,setFurniImage,si
_rbdc3c5ff5f65b8,setGetMoreMusicBackgroundImage,si
_r8dd16b0cdc697a,setGrid,si
_r313f699b120d91,setGridItemBitmap,si
_r441082b9c5b82d,setGridItemImage,si
_r92eacc3dfcbfc8,setGridItemIndex,si
_r4451b1642fcfde,setGroupBadge,si
_r8dbc39356201f1,setGroupBadgeImage,si
_r684ccfe8651473,setGuideToolVisibility,si
_rd15e857db0cef3,setHTMLLinkStyle,si
_r4fdac9e272e82e,setHcDoubleDuckets,si
_r99b7032ddff8f1,setHighlight,si
_r2397b7398b5615,setHitsAndTarget,si
_r16901d2cfb5261,setHover,si
_r250a66b2662a97,setHtmlStyleSheetString,si
_rf45c3e4317bf07,setIcon,si
_r648d9aa360767c,setIconBitmapData,si
_rb9210a47ffffd4,setIconState,si
_r21a1b6f45d5fa6,setImage,si
_r2a48c43e165999,setImageAsset,si
_reafec78e02bcb7,setImageUrl,si
_r3ba8b15c4c6ad1,setInactive,si
_r6b787106541271,setInactiveLook,si
_r1e335f9ac5b06b,setInfo,si
_rcb6536fd33c214,setInfoText,si
_rcc5d3600a67a61,setInitialWindowDimensions,si
_rb47a9de1153d9a,setInitialized,si
_rffe259485ba982,setInputHeightCaption,si
_rccba9b161afa00,setInputStates,si
_r8fc355adaacf9a,setInputToFilterPlaceHolder,si
_rf3ecaacc926bf2,setIntValue,si
_r9de1fd318c608a,setKeyColors,si
_r4716c764d76766,setLayer,si
_r28b3142a97e430,setLayerOptions,si
_r0c28ad7d2fdb8c,setLayout,si
_r551642f752a8be,setLeftPaneVisibility,si
_r3cc063df60948b,setLevelText,si
_re04a56fc60fa5e,setLiftedRooms,si
_r018bd12054edf4,setLikeButton,si
_r5f2cf69f0eb3cf,setLinkStyle,si
_r23eb9e177e9623,setLocalizationManager,si
_r8300e90a333465,setLocalizations,si
_r8374f510f23338,setMaxProgress,si
_rb59ab825046e8e,setMaxValue,si
_r159d97b7b10550,setMeMenuToolbarIcon,si
_r39e7179656a987,setMergedType,si
_r19cd2ae4bd84e7,setMinimised,si
_r84acb4b0eb703a,setMinimized,si
_ra684913f32acbc,setMode,si
_r4fffa9b638965d,setModeratorSettings,si
_readd61d7bbb23a,setMotto,si
_r26d05dd4a8c25d,setMouseCursorForState,si
_r81fbe841759a86,setNameAvailableView,si
_r719771156d8c57,setNameNotAvailableView,si
_r1fd92a7aa56fa0,setNavigationDisks,si
_r11a366135a337f,setNewMessageArrived,si
_rd00def1376e945,setNormalView,si
_r574f249b8aeba7,setNotificationIcon,si
_r644920072c8ab1,setObjects,si
_rca381b67bb9471,setOccupied,si
_r89322011ec0b7c,setOfferData,si
_r99ebc60e7919bc,setOnDutyStatus,si
_r73bd2433c2a8e9,setOneEffectExpired,si
_r102d66d627ee53,setOptionDisabled,si
_r3dee691b3a335d,setOriginProperty,si
_r43b93f68820789,setOwnerInfo,si
_re6ee88fcae048c,setPageContainer,si
_r263336f57a4cf9,setParamsDesc,si
_r189084f5626f56,setPetImage,si
_rfa3ab2f437c98c,setPitch,si
_r461f468e803114,setPixel32,si
_r9f83fdf0bb9d64,setPlaceholder,si
_rf4cfacb15f1657,setPlayTestMode,si
_r10a609e8290fea,setPreviewImage,si
_rb450d238d10602,setPreviewPlayingBackgroundImage,si
_r39dec29dc2b367,setPreviewXps,si
_rad4224a665537d,setPrices,si
_r86849eeccc90c1,setPrizeRankLimits,si
_r42849ee0ac162e,setProc,si
_ra92f29a855475f,setProcedureAndId,si
_r8088bcb695659e,setProgress,si
_rfcac0ccdbb7f28,setProgressBar,si
_r493f804b0a173e,setProgressLook,si
_rd4a50de295673b,setProgressText,si
_rd7f4a0f970d03e,setPromoFurniImage,si
_rce46d68e308400,setQuestImageVisible,si
_r31495fc6698df4,setQuestsVisibility,si
_r706f230888dfdb,setQuickLinks,si
_r4d4e393c64aa1e,setRailList,si
_r1b4c9bbd3d7e11,setRandomFigure,si
_r97b0710705ef0b,setRarityLevel,si
_rf0ae6b46d4ff0a,setRatio,si
_r5911db57ca0520,setReadOnly,si
_rae7cd303029e35,setReceivedProduct,si
_r5676198610d7cd,setReceiverName,si
_re459d95a546c31,setRelationship,si
_r0bbb83978b60f7,setRelationshipDetails,si
_r442cf2790846ac,setRelationshipStatuses,si
_r1e32cfd2edfc26,setRelativePositionToRoomObjectAt,si
_r4668148f4b3ab4,setRemoveState,si
_r8ec2cea24730d3,setRequiredFurniImage,si
_rc6c6b28876c2cd,setRequirements,si
_r1cefc3d6225f2b,setRewardData,si
_r17e923f7cec77a,setRoomImage,si
_rbcc2a1300c1324,setRootTile,si
_r7367870052c105,setRootTileInternal,si
_rd439bd8af9fda6,setRotation,si
_rceb4506a7cdb59,setRowBackground,si
_r4eac1186da1b5d,setRowProgressBar,si
_r92ac0af5eb7cc8,setRowProgressText,si
_r1f9241cdca86a9,setRowTitle,si
_r2e5f3840084b22,setScrollPosition,si
_r98cf285d31dc48,setSearchState,si
_rfbe63a26e744b8,setSearchingIcon,si
_r353093dcba33fa,setSecondsLeft,si
_ra0f776a746efa7,setSeed,si
_rac39d747912b76,setSelectedBadge,si
_rfc5d8a20412c43,setSelectedCategory,si
_r2a2beb813a296d,setSelectedIndex,si
_r010bc9abdd0083,setSelectedItemVisibility,si
_r2595d8e689d41a,setSelectionHighlight,si
_rd444d18194112b,setSelectionVisual,si
_r4933ea2837d3d9,setSelectorState,si
_r51cdf39d864a14,setSendButtonState,si
_re3d7963993caf8,setShake,si
_rbf8d4ba2975ee0,setSpecialSkillLevel,si
_r92391342edb133,setStatVisibility,si
_r495a276c05d733,setStateClosedWithNotification,si
_r3fffdb1aae9a8c,setStateGuardianChatReviewResults,si
_re1728c32f33802,setStateGuardianChatReviewVote,si
_r51f12ab803e7ad,setStateGuardianChatReviewWaitForOtherVoters,si
_r0f9c6324f96ae6,setStateGuideAccept,si
_rbcc1206db084c1,setStateGuideClosed,si
_rbdc9919ac141a2,setStateGuideOngoing,si
_rb537e8bd3cbf17,setStateGuideTool,si
_r0d83077a320f72,setStateRejected,si
_r4b9db1d30638b6,setStateUserOngoingRequest,si
_rdb0c6280cf19f2,setStateUserPendingRequest,si
_rd511c306666720,setStatusTextError,si
_r8285462a7b3e20,setSubController,si
_r19d17d44da54a8,setSubViewToCategory,si
_r32487f4b0cdd22,setSystemStatus,si
_r8c2453e771d253,setTabInactive,si
_r70a5009ad3f7ad,setTableObjects,si
_rcf4a9ed13afce8,setTag,si
_r3877f722b830e8,setTagError,si
_rd8bf110da333b1,setTarget,si
_r65d4306592f485,setText,si
_r10e37dc78e4777,setTextAndSearchModeFromFilter,si
_r058afc4407dcfa,setTextDetail,si
_rdc8d1521cf7013,setTextUnderline,si
_rdb5398021ec3da,setTexts,si
_r97884d20b8009f,setTileHeight,si
_r6f136ead576de9,setTimeLeft,si
_r9ee0554d8795a0,setTimedBatchCheck,si
_raa5b6058501196,setTimer,si
_rf46fbdefdac5b7,setTitle,si
_r4f55e16035c134,setTitleText,si
_ra22b6ae8a7c4c5,setToolbarState,si
_r107054d8ff7dfc,setTradeModeSelection,si
_rf07f6395bdbf39,setTxt,si
_r48f6b59afefaa4,setUnknownContent,si
_rb45284460fd7c7,setUnknownImage,si
_r31c03553f58373,setUnseen,si
_r6e563782c46ad8,setUnseenItemCount,si
_rf5c61e7839ed46,setUsageFromSong,si
_r62692015f4cc95,setUserInfoState,si
_r2cc4745b8e5eb1,setValueText,si
_r1ab5dfc38a2408,setVideoOfferButtonVisibility,si
_rd5d0a19cae3e54,setVipRequiredSpecificLocalization,si
_rb986d64168ba85,setVisible,si
_rc62f8be2d108cf,setVisualization,si
_r2fcdcc5a35ec02,setWindowContent,si
_r3377e537a13059,setWindowTitle,si
_r1624a464b2e4bd,setWiredStyle,si
_r0e6aad534448bf,setsCompletedValue,si
_rc5922bfedc7e76,settingsButton,si
_r8022e78a71198d,setupAchievementCategoryImage,si
_r08ba81b82966bb,setupAlertWindow,si
_r779af5950d01c0,setupCampaignImage,si
_rde77c0f9464b2f,setupChildContainer,si
_r80535690d21b4f,setupColor,si
_r3609c72bfff7ba,setupContent,si
_r835b9e83abcf43,setupContext,si
_r9955f2077ca8ad,setupDifficultyText,si
_rb2209dd7ddc7b7,setupGraphicsContext,si
_rdc12a3e2f3d38d,setupHcDoubleDucketsInfo,si
_rb1d7b3208d2166,setupInputs,si
_r0d0873dddbb5c9,setupInventoryForRecycler,si
_r57ae10cbd0354a,setupLabelAndValue,si
_ra408ddb51ae4f9,setupLink,si
_r56713f345e0b7c,setupPrompt,si
_r09ceaaded2f878,setupPromptFrameImage,si
_r574d36caba752d,setupQuestImage,si
_r3c6da99c4eb268,setupRewardImage,si
_ra7a5357c6964de,setupScaling,si
_r1e86728d2bba09,setupTourAdvertisement,si
_r2bb0fd4951db1f,setupVariation,si
_r3d9483bc1cc454,sharedPlaceholders,si
_rbe83d3ffec5d19,sharedVariables,si
_ref94dbdbf85ed7,shouldAnimate,si
_r69a642d3d5f1df,shouldMirrorHabbicon,si
_r0c19df47c5114b,shouldShowOwnerCount,si
_rd9682b015ef0fa,shouldShowWarn,si
_rb6bd3e5b5127d0,showAccountError,si
_r16ad9440fc9064,showActiveBonusClaimTimer,si
_r1190a183c94a3c,showAdFurnitureDetails,si
_r26e3cf5981ecce,showAlert,si
_r1436571a7fa301,showAlertView,si
_rfa711bcfd6a42c,showAssetImageAsBadgeOnProduct,si
_r69442e40a56a00,showAt,si
_r3b3294375954a9,showBackgroundOnlyForItem,si
_rbd1742fdc36d29,showBadgeInfo,si
_r62e54f9bd8f763,showBadgeLeaderboard,si
_r5ce0d3b6881959,showBgImage,si
_r303751c541f065,showBreedingPetsWaitingConfirmationAlert,si
_r9e77af8e77fbb2,showButton,si
_r92c51832426c56,showButtonGrid,si
_rb32edc76f4ad9c,showBuyTokens,si
_r7d65ffc35768d8,showCalendar,si
_rd8e65e6a6120d3,showCallCreatedNotification,si
_r1568a22e680bec,showCancelConfirm,si
_r88fd155039bc7a,showCaptchaError,si
_r41c96ce7d08c24,showCatalogPage,si
_rb940fb7ad2c5c8,showChatReportTool,si
_r58eddd2d450057,showChestData,si
_r7ee124e75002cd,showChestPreview,si
_rf04ca2d7838445,showChildren,si
_rcf56c112243929,showClaimSuccessNotification,si
_rcbbad90010fef0,showClubCenter,si
_r047b7f0e07565e,showClubInfo,si
_ra1835e4911c211,showClubItemsDimmedConfiguration,si
_r7ae7e7d620e75f,showClubItemsFirst,si
_rb5e5092aa054dd,showCollectibleHub,si
_r7fecccb1be9852,showCollectiblesTab,si
_r56bf5573939f7d,showCommandToolForPet,si
_r49a1cb6738b1d6,showConfirmation,si
_r07555ef67ca2d9,showConfirmationDialog,si
_r48ee44bf5cb99f,showConfirmationView,si
_rf407e1dd0262f7,showContent,si
_r8316f772e1679f,showCraftingCategories,si
_r3f8c09f8a6811c,showDeleteButton,si
_r8c0bfc70cab886,showDescription,si
_r92d55c86103360,showDetails,si
_r3384b96effef6a,showDisconnected,si
_r168cf43d15a43b,showDisconnectedWithText,si
_r5c0a4fc95534fc,showDuration,si
_rc0aff0b1113ca2,showEarnings,si
_r48990470045f80,showElement,si
_rbc9f5d9f03e709,showEmergencyHelpRequest,si
_r9494396d667475,showError,si
_r06ab4b83ff643f,showErrorMessage,si
_r659ea9190762c6,showErrorView,si
_rf9c7d22e55c12f,showExpiredBonusClaimState,si
_r362c7396941b1e,showExtraOnProduct,si
_r9aff62cbf438ec,showFavouriteRooms,si
_r3ff5681fa85528,showFrame,si
_r6e0f3b5218f747,showFrequentRooms,si
_r7a9fd23a968aa0,showFriendNotifications,si
_r55e5736fe65983,showFriendRequestSentAlert,si
_r15bd0cccfe82b8,showFriendRequests,si
_r5a7d32777ebfa1,showGenderSelectionInterface,si
_rc394d40c092759,showGiftDialog,si
_rbe36414a2d2fe8,showGiftOpenedInterface,si
_r3fc076865933ba,showGroupInfo,si
_r2117c537fe3562,showGuildFurnitureContextMenu,si
_r930ec2c4cff741,showHabbiconAlreadyOwnedAlert,si
_r461038dfed9c8d,showHabboWay,si
_r9c068d349a3156,showHighlightInfo,si
_r7e80ce0f690f33,showHint,si
_re08136049792f8,showHistoryRooms,si
_r3347aee168aabd,showIcon,si
_r5fd37b6aca278a,showIdentityInformation,si
_rb42c54f8992984,showInfoMessage,si
_r2318bd67621d9e,showInstructions,si
_r17d33315c6355d,showInterface,si
_rf21470759693df,showInvalidLoginError,si
_r69f4fcedf34fd4,showItem,si
_r1f17ddd91cba35,showLimitReachedAlert,si
_rb5ae9e1216d7ae,showLimitedItem,si
_r3bdecfc27ada28,showMainView,si
_r632c4d26b39edb,showMakeOffer,si
_rb4e14ebfa7a148,showMessageInput,si
_r00ecb5d7635d17,showModerationMessage,si
_ra638c810a7bdc8,showModeratorLog,si
_rd65a3aec3e3d52,showMostHits,si
_r0943efc9f25a43,showMostKills,si
_r93a2d6fa6be42d,showNewHabbiconNotification,si
_rd754da47597f4f,showNewQuestion,si
_rf5103c1c0b3920,showNextRewardOrClose,si
_r61adab1e2b1f37,showNftOpeningNotification,si
_rb8d766be30f4af,showNoAnswer,si
_r5c324a4515abfd,showNoCredits,si
_r259a66d0ac5343,showNormalNotification,si
_rf4d65d1c3ca5d6,showNotEnoughActivityPointsAlert,si
_r682f82001d0281,showNotEnoughCreditsAlert,si
_rbf347a4ac76228,showOfferInfo,si
_r30114395af4a29,showOtherOfferInfo,si
_r3138abf9fa49cc,showOtherUserNotification,si
_r9aa20d5b3c8306,showOwnOfferInfo,si
_r6e737266c5b6b8,showOwnRooms,si
_r9691b4caeb87f6,showOwnUserNotification,si
_r7b90b7dfba82d1,showOwnVote,si
_r51bca50af669d0,showPage,si
_rd21e0b8ddb908d,showPalettes,si
_rd5e16a44054c53,showPanels,si
_r93cd9d4a131d3d,showPendingRequest,si
_r929f9e287b15a7,showPendingTicket,si
_r92fd03d7d48dd1,showPetImage,si
_rbeba8522ab4f29,showPopup,si
_r7096bd7ef52033,showPriceOnProduct,si
_r50bdc335784abb,showProductImage,si
_r3e5db3bd0abd7c,showProductNotification,si
_r9e0ca0b9856f98,showRarityItem,si
_rc1952262dc3d8a,showReadyPlayers,si
_rd886b65e432d65,showRecipe,si
_r7a3b3e5a50d1a5,showRedeemInfo,si
_r6cd6c86f7592d6,showRegistrationError,si
_r0d8a4e475c1822,showReportingDialog,si
_ra12f0c73115fab,showResult,si
_r1614344109f788,showRetry,si
_rbe1cc32ab2d513,showReward,si
_r027f70c66f0b98,showRewards,si
_r225284cd59e469,showRoomInfo,si
_r70aa52b1556424,showRoomInfoBubbleAt,si
_r65a1bfa0233a2e,showSearchResults,si
_rf7d1e9366ef27b,showSelectionView,si
_r08e2c1ffc328d0,showSilverFeeInfo,si
_r16fe93ae419da8,showStatus,si
_rae334927b1c428,showStatusContainer,si
_rbf265ce9a077d2,showSuggestions,si
_r6b5a35634f9b5c,showTOS,si
_racabb393d7c308,showThanks,si
_r66bd34023f75d3,showTimeUntilWeeklyReset,si
_r7b1dfb2e285b47,showToolTip,si
_r84c3de11e8f9c0,showTreasureHuntNotification,si
_r9b3377b9d6b85c,showTreasureHuntWinner,si
_r73325917de52a3,showView,si
_rb5ad605dd2f1c1,showVipBenefits,si
_rbb0243509b77f7,showWaitForRetry,si
_r17a49b7e321621,showWaitWindow,si
_r7dab78debb6f35,showWaiting,si
_re91d2490e20389,showWelcomeScreen,si
_rce93aee3ea401d,showWiggleEffect,si
_r9bb9e8ef607fd5,showWindow,si
_r8e61a425ffd0ac,showingIndicator,si
_r2981de4f93987b,showingVideo,si
_r353b118104c293,shownAssetsString,si
_r8be93b69b9acde,sidesFromString,si
_r747138634c4486,sidesToString,si
_r0353b881921459,silverCost,si
_r6e12966c2bcf77,silverFeeContainer,si
_r594c25ebd1d6f8,silverFeeInfoText,si
_r6690020445246a,silverProgress,si
_r1e872ff0708a08,similarInFriends,si
_rbc469c5cf08212,similarInRoom,si
_r50421452cf750f,simulateLevelUpper,si
_r93578c2403dc0d,skillTresholds,si
_ra8662b86f7ecaf,skipComments,si
_rdc7419825620ba,skipIgnored,si
_r4df5abb9316ecd,skipMouseHandling,si
_r88dcbf579ca9cf,skipSteps,si
_r94983f761e2f41,sleeping,si
_r64a1fa85e83234,slice,si
_rfe582916977558,sliceLeftWidth,si
_r32a52912755ef8,sliceRightWidth,si
_r088fe0e696ebac,sliderButton,si
_rd494f3317ea60c,slotId,si
_re5ff80f6385857,slotTemplate,si
_r6e1484e24838bd,slowUpdateLimit,si
_r67929de72fc2e4,smallMode,si
_ra3787139498a57,smallModeAllowed,si
_ra9be92d717f5ef,snakeToTitle,si
_re6c0f262360f64,snap,si
_rb8097b500384be,snapShotRoomCanvas,si
_r2a13c713425e03,snappedThickness,si
_r9ed1eea6473d83,snowBallCount,si
_rc9626f2c3d65d1,snowBallMachineReference,si
_rd264e906ee6933,snowballCount,si
_rf5dbfb2edd2456,snowballs,si
_raa8b68fd5433c0,softTextColor,si
_r09697771fee09a,songDisks,si
_rba265a119dc41e,songId,si
_ra743f8dd230229,songs,si
_rb2b2a17605d63b,sortByVerticalPosition,si
_r20579bff7c45e0,sortEntries,si
_r74f7462332ce90,sortEntriesIfNeeded,si
_r65408238d2cd51,sortQuadPoints,si
_reab2d0e60a27fe,sortSelection,si
_r4834b1f20a05c1,sortTypeMenu,si
_r4fba8ef173e143,sortWindows,si
_rb370a21b95bbff,sortedCachedVariables,si
_r674c23bbca1372,soundId,si
_r5911042b94c8bf,soundManager,si
_rf4eb70c1cdf422,sourceEventId,si
_r857618115a97b6,sourceOptionsList,si
_rb1fe04c2e15dac,sourceType,si
_r9cab3f5f369adb,sourceX,si
_r9391ae4450058d,spacerColor,si
_r8036d67c67b13e,specialType,si
_rd4d88760df3639,spinnerValueChangedEventTrack,si
_rf1f702b89b6f3a,splice,si
_rc72db3b89be6d5,splitMessages,si
_rf2e2d9507bd3e5,splitName,si
_rc1f843ef016823,splitterLeft,si
_re349540f52df79,splitterVisible,si
_r261528dc827e7c,splittersPrebake,si
_r159b1b6a11578c,spotlightBaseImg,si
_rad5f1ec0308b52,spotlightImg,si
_rf25f694467bfbe,spritesString,si
_r37cce67d84cd56,stackingBlockedMaskBit,si
_r0157198a20445e,stage,si
_rf10fecdda97426,stageWidth,si
_r5a2ec57247c7e8,stampBuyButton,si
_rf5ce234a398735,stampPricingText,si
_r1b04d089132dcf,stampPurchasingContainer,si
_r7ae8c659d342c6,stampsPurchaseDropdown,si
_r76344ef0abdcdb,start,si
_r454355430dfaca,startAnimation,si
_rd122aa6caf1506,startCollapseAnimation,si
_r5d9f425b2c805d,startColor,si
_r0c8def01a824ae,startConfirmCountdown,si
_r87e49136f3eb04,startConversation,si
_r689caff89c9dc2,startDefaultCampaign,si
_rb98e3892bb5d84,startDepositButton,si
_r12eef2280dfa23,startDisplay,si
_r1b17068cce5764,startDownloading,si
_r8aea61c86a39ec,startDragAndDrop,si
_r167916e2dcdba5,startFade,si
_rab9518f9459052,startFadeIn,si
_r9919bf0d079113,startFadeOut,si
_r876fe7e0c89d75,startHighlight,si
_r5723370951ce15,startIdling,si
_rdcf584c6de66f0,startInvisibleFade,si
_r1606c44742ab9b,startLoad,si
_r431219e4338d9a,startLoading,si
_r4ae4a3cc545973,startOpening,si
_rca6db796c8d9f5,startPlayHeadPos,si
_r13b1a0a1fc02c8,startPollingForUnreadForumsCount,si
_r4e41925aecc7b8,startResultsCountDown,si
_r8aebde5be482be,startSearch,si
_r11d5218cb40a3d,startSellablePurchase,si
_rbeabc20bec88d3,startTakingPhoto,si
_r67b3e32247cdb9,startTimer,si
_r6007eee9daf565,startTrading,si
_r7200173fc16395,startTransition,si
_rb1407c0be7af44,startWaitingAnimation,si
_r269332f7173763,startWaitingForSnowball,si
_rc97bbbbd5cd8a9,startWeeklyResetTimer,si
_r806acc8538aee0,statFloorCountHtml,si
_r718a41854df8ce,statHeavyHtml,si
_r42313de236b2a0,statPermFurniVarsHtml,si
_r35d58e1ad62265,statPermGlobalVarsHtml,si
_rd674819610433b,statPermUserVarsHtml,si
_rd7e9df7f00a11a,statWallCountHtml,si
_rbe13a0464e6ba1,statWiredUsageHtml,si
_r4cef9d08f9a3d4,statesByRenderPriority,si
_r93597a39695dd6,staticBitmap,si
_r722120670e4da5,staticWidth,si
_rc73c206fc785f5,statusActive,si
_rd54d9e4d6cc1f7,statusAsString,si
_rf84b9f69169f0f,statusDefinition,si
_ra51401359d5d4a,statusFromVote,si
_r02fb079159d6a8,statusString,si
_r387c14329f1fdf,statusTime,si
_rde042f612bad4b,statusesByConfig,si
_rd9ef9a705b1305,staysVisible,si
_r90a784c3366f19,stopCloseLockCountdown,si
_r41381a185261d0,stopFlashing,si
_r614c47e6f4bf26,stopHelpButtonHideTimer,si
_r3d5b03dcbf976c,stopHideTimeout,si
_rbdc37ae9ec3016,stopHighlight,si
_r48775a9d083cf6,stopInternal,si
_rd6f85a4ce5d96e,stopScrollWheel,si
_r50637e33823747,stopSound,si
_rc9acc7688117cd,stopTimer,si
_r68a4af6dbe84a3,stopUsingAllEffects,si
_r88b077cd550807,stopViewing,si
_r7fd933632f80a1,stopWearingBadge,si
_r838ba86f36762f,stopWithFadeout,si
_redb4744a9e2474,storeAssets,si
_rb79dea2c4704c3,storeClassificationRowWindow,si
_reb550b7f39b277,storeInCache,si
_r1613ddd1b07cf0,storeLeftMask,si
_r0a85e405ae763d,storePreset,si
_r9d4d5fa27a5aec,storeRightMask,si
_r4f484b61476374,storeRoomRowWindow,si
_r604ed1caa95bcc,storiesImageShareUrl,si
_rfe7e5001ef519a,storiesImageUrlBase,si
_rc7c61f0c61c7b5,stretchNewEntryIfNeeded,si
_r4ee3fd435956e7,stringToItemType,si
_r259da6b4987fff,stripAddonProducts,si
_r3dc70220aba532,stripId,si
_r202d653dca2229,stripInvalidSellableItems,si
_r40ade34e2213e8,stripesOverlayPrebake,si
_r19159281c8c678,stripesOverlayShapePrebake,si
_r90736820c37156,strokeHsvShade,si
_r5f1febe738b5ec,stuffData,si
_r1ebe23f8f64e3e,stuffId,si
_r43c3cb656d1652,stuffIds,si
_rf600fbda9fd12d,stuffIds2,si
_r5d6ff4651fb6db,style,si
_r1b77b425b27f71,styleFromPreviewDefinition,si
_r42ce42cae6d65e,styleId,si
_r769d34875cd128,subMenuEventProc,si
_rfd4ef57d1468d2,subViewWrapper,si
_r12dcba0a1b4bd2,submitCallForHelp,si
_ra0b42f04dceb53,submitMessage,si
_rea1bda12572813,subturn,si
_rc70c3735ac2912,suggestedPrice,si
_re5e088adc5589d,summarize,si
_rcefc34c03ac55c,supplyLeft,si
_r64e6886b65e970,surroundingBorderStyleId,si
_r91317b60aa1bbb,swapChars,si
_r541f91140d578b,swapChildrenAt,si
_r37e57d2c7a88d8,swapGridItems,si
_rb62b70eb1ad1ba,switchCategory,si
_r43f7bb11d367e3,switchCurrentWidget,si
_r5ab7a18e0f13b2,switchToTab,si
_r37995418804006,syncCompletionColor,si
_r23c85515f4ddd8,syncToUserScreenPosition,si
_r23765c1cefc6e0,syncToVisualization,si
_r79475e8e5bbbc6,synchronize,si
_raac70c0a456dd4,tabAllSets,si
_r09db6839dddfa5,tabButtonName,si
_red919aae180744,tabButtons,si
_r0cdbca6495b860,tabConfig,si
_r47de95aabfb2a8,tabContext,si
_rfce85d5b0291a4,tabFavourited,si
_rfb0418428a1266,tabHandleClickedEventHandler,si
_r73a3a9633aee61,tabIdFromName,si
_rd10da4bb796aab,tabOwned,si
_r24efd4b64b9cbe,tabPageDecorator,si
_rbf75e0da1de0e1,tabSelected,si
_r6b54bf44d34a76,tabSelection,si
_rb1582f7adb7dff,tableContents,si
_r112d969b695660,tableItems,si
_r63b8cd93346f48,tableView,si
_r795b7e74ec9f9d,tableViewContainer,si
_r4b260c5a80e97c,tags,si
_r5c74f2723b7c0e,talentTrack,si
_rb447fed93900f0,talentTrackName,si
_ra916427a26b32f,targetIcon,si
_r211d0de872225f,targetLoc,si
_r5273fd76c65e63,targetRect,si
_r3cf746c92ec5f4,targetRoomControllerLevel,si
_r3a401790e2bc39,targetRoomObjectId,si
_rcc263508bee3ea,targetZ,si
_r6f945e46864c16,taskBorder,si
_r163b5609db94be,taskDescTxt,si
_r7b91800df3cd4a,taskDescriptionText,si
_re4d8903aec3398,taskHintText,si
_r3fc772b2614d08,taskId,si
_r5c9f80d18981fa,taskImage,si
_r3448d2ca54e728,taskImageStaticBitmap,si
_rf28fb2163df358,taskInfoContainer,si
_rea0d74f913db2f,taskListContainer,si
_r4af5a09fd8ef97,taskNameBorder,si
_r1cd3c00c629b71,taskNameRegion,si
_r7cbaa463be8bf1,taskNameText,si
_rfac1a1a5d954a9,taskPointsBoost,si
_r4b24d0eac7f6a6,taskProgressUpdated,si
_r839032ee78f79f,taskTitleTxt,si
_rb18287af8b81db,tasksBenefitRow,si
_r8e3714a89edc74,tasksBenefitText,si
_ra02b73cfac4559,tasksCleared,si
_r04fe1743e38bab,tasksCompletionText,si
_re568b47cca44e7,tasksList,si
_ra30190fe406f3e,teamId,si
_rc0aa088a893724,teamReference,si
_r2bc4053cc7d55a,tempCategoryMapping,si
_r80e02a3ef71d52,testCollisionWithGround,si
_r293a6602837df7,testCollisions,si
_r70ccfc760f7b8e,testLatency,si
_re0ca4af819f023,testTypeFlag,si
_r2149700e28e760,textColour,si
_rf2363d539ee7da,textElementName,si
_r1601c40c0f939f,textPlaceholder,si
_r3e260a589f1bd8,textWindow,si
_r7cfed239ddce50,textsTableContainer,si
_rc7b5317336f614,threadAuthorId,si
_r4dddbd194b75b2,threadAuthorName,si
_r18b6925268b61d,threads,si
_r04461aad6eb507,thumbEventProc,si
_rf8e7e1f1e3b2e2,tileBackground,si
_r8e3f779f72f8f0,tileBorder,si
_rd82261042a3d60,tileSizeX,si
_rac6fbf2f1ee048,tileSizeY,si
_rd105c175dbeb0b,tileXAsInt,si
_r5dfbbbb6120cee,tileYAsInt,si
_ra0dc55c3346f04,tile_preview_entry,si
_re9af80c21e0479,time,si
_r0697c4483f1dda,timeLeftMinutes,si
_rb097478ca24ac1,timeStr,si
_rf3532edb250e94,timeToNextState,si
_r921461cd1fa7a5,timestampString,si
_rf083d35408b908,timezoneContainer,si
_r1c4411f7772feb,timezoneDropdown,si
_read6850e2101fb,timingCode,si
_r15b0caf4faf48d,titleLocalizationKey,si
_rade05c3e334536,titleText,si
_r1524cd6232e029,titleWindow,si
_rb9d94633cae7c8,toHexString,si
_r2b69feefbc5a8a,toIntParam,si
_rbaf8c2b9f885fc,toLowerCase,si
_r8d7f4453ec18b4,toPool,si
_r6944844e3491fd,toRawString,si
_r26df6da6ba1a37,toRuntimeConfig,si
_r7d563e107589b2,toStatusData,si
_r5475b6695aaf1d,toggleActive,si
_rf1d3a051dcff79,toggleCategoryView,si
_rb7c9f7499bbee5,toggleHistory,si
_r06f016345d1968,toggleHistoryVisibility,si
_r51e2aa41b1e914,toggleInventorySubPage,si
_r50c362f055d6ef,toggleMode,si
_r3633d8f9f81bb2,toggleOpen,si
_r89c2a96acf3eb6,toggleSearchCodeViewMode,si
_r75278e729ba863,toggleSelected,si
_r027e77e1e5a1aa,toggleVisibility,si
_r5bd7b473ad0a90,toggleVisible,si
_r96564fff40b2c8,toggleVisibleFeedCategory,si
_rac94ebb121476e,toggleWardrobe,si
_rcb1aa3578a7d80,token,si
_r7ec28adc0f0647,toolbarAttachEnabled,si
_r358b04e4ef29e6,toolbarCheckbox,si
_r48b31603bc4260,tooltipText,si
_r3043a4ad25383c,topItemListInitialWidth,si
_r23c663d59968f0,topViewSelectorButtonProcedure,si
_r38ceb5f897cc1e,topY,si
_r1b28a6528df5eb,totalEntries,si
_r4b2055593b734b,totalHeight,si
_r6209461f889e45,totalItemsFound,si
_r7adb94ac232f5d,totalMemory,si
_rfb8a2ac5f2293e,totalMessages,si
_ra80e98745dd92d,totalRunningTime,si
_r550af89be5f25e,trackAction,si
_ra5ca26635f0dee,trackAuthor,si
_r8a8a732334a7ab,trackContainer,si
_r48698346fdedd1,trackDescText,si
_r66e5afc7fc037d,trackEventLog,si
_r0d2eb95f2ee685,trackInstructionsText,si
_raef9813c3e6585,trackLoginStep,si
_rf5d34c2f754bf8,trackName,si
_r8c4629754d0e35,trackNavigationDataPoint,si
_rb8163cc6d7c5e5,trackTalentTrackOpen,si
_r959449cb2c063b,trackTitleRegion,si
_re9b291eba41a52,trackTitleText,si
_r031d80996d55b4,trackUpdate,si
_r6023c5de29fbea,trackingLocation,si
_rf9ca0ce1d9e8a6,trackingState,si
_r408217e2aa59ad,tradeLockInfo,si
_rdd3178dbca9470,tradeMode,si
_r35752bfe3602b3,tradeTypeLocalization,si
_r865bd7673c2ecb,tradeTypeSplitter,si
_rc1c8ad40afc7af,tradedUserFigure,si
_r5474f5c05265cb,tradedUserId,si
_r61bf0b3cd3557b,traderAvatar,si
_rf8bb0ba486901d,traderLabel,si
_r1b8a25af071fcb,traderNameText,si
_r3d3b8a8a6685a3,transactionsTableViewContainer,si
_rdcf4df462f8e6c,transferButton,si
_r13cc4aeec90048,transferLink,si
_r6e563cb6ea6005,transitionFunc,si
_r159f1391321f45,traxSamples,si
_rc05a45e8c6e2fd,traxVolumeContainer,si
_r2bc08914136a15,trayContainer,si
_r647a665aae0ef1,trayGroupGrid,si
_rc6e2ef9d4ae9be,trayGroupList,si
_ra12a62125c99d2,trayGroupTitle,si
_r917a462961ceef,traySummary,si
_rff3f725c45a3b9,trayTileTemplate,si
_r74350c8aa36d4f,trayTitle,si
_r3c0c0335232aec,triggerGC,si
_rf12db108c907c2,trimAdFurnitureExtramParam,si
_r2c1b28b3079392,trimTag,si
_r9f395fcc2d154d,trimTrailingInvisibleHearts,si
_rff41d1ee9bb806,trimWhiteSpace,si
_r7d107e9a152c0f,tryInitialize,si
_r43caa9ea379c58,turnIntoGifting,si
_rd2bdc56471f621,turnVisualizationOn,si
_rb1f1e6c02fdd56,tween,si
_r8583b6afa0a862,tweenTo,si
_r7d5e97fc9055bb,typeCodeToString,si
_rdd3e2c283fb6fc,typeDropdown,si
_r0a57901dfc3c47,typeIcon,si
_r829f368e77866c,typeId,si
_rbc90a87cef0c45,typeImage,si
_rbf2f5308e1d55a,typePickerContainer,si
_r64ced1b3757ec0,uiStyle,si
_rbfd18029fbd3cf,uiStyleDropdown,si
_rfad433ad275dc7,uiVolumeContainer,si
_rcf875d1c0afb99,uint,si
_ra4ad7d61a2e18a,uintToHexColor,si
_ref95b063c66e31,unclaimedButton,si
_r82059809906dbd,unescapeString,si
_rfc2da7d0ca2a31,unevenBackground,si
_red603d9b267be1,unfocus,si
_ra876bdeaf1fd01,unhighlightActiveWired,si
_rd4f532756e315a,uniqueSerialNumber,si
_r4d1c2713c910d3,uniqueSeriesSize,si
_r218838430347b8,unknownImageWindow,si
_rd3eae88c26a582,unknown_ca,si
_rba1b6260755ce3,unlockYourChestsButton,si
_rcc07d3103c926e,unreadMessageCount,si
_r9060b50276aaeb,unreadMessages,si
_rebffc57ff0858b,unregisterLinkEventTracker,si
_r2d41ee040b09f4,unregisterUpdateEvents,si
_r612eff479e6be4,unseenAchievementsCount,si
_rd2651aab6383e7,unseenDailyTaskCount,si
_r621fd6f3f7cda0,unseenForumsCount,si
_rdebea12213d52b,unseenItemTracker,si
_r1eb2190955cdc0,unseenMinimailsCount,si
_rb32808b9697adc,unseenRewardTrackRewardsCount,si
_r219cb1a8e3aab4,unselect,si
_ra62fa086b6d2ae,upArrow,si
_r60bc930687d8be,updateActionState,si
_r311cfcb77ed6a7,updateActionView,si
_rd176431fa44f29,updateAll,si
_rfdaf2d81c05834,updateAllThumbDataVisuals,si
_r1c0f17ed32b5e5,updateAmmoDisplay,si
_r183a2d24f397e7,updateAmount,si
_rcb0b69ce8dc8a7,updateAngle,si
_rda1815659fd8aa,updateAreaSelecting,si
_re19ff47753b55b,updateAvailablePalettes,si
_rc3714de2a67f67,updateAvatarImage,si
_rb8f9f851cf2319,updateAvatarImageContainer,si
_rc284da2e66e3bd,updateBackgroundColors,si
_ra0e035987a7176,updateBackgroundVisual,si
_r85ed41669f6c1a,updateBadge,si
_rc1ae01ff36aa3d,updateBalances,si
_r726d780704f307,updateBitmapBlend,si
_r1a86eda8fc15f5,updateBlockText,si
_r0515c4eb6a7691,updateBottomActionButtons,si
_r6fc1a4efd67ade,updateButtonStates,si
_r1b27bf9aacfa72,updateButtons,si
_rb338964dcec18a,updateButtonsUI,si
_r878aec29889bca,updateBuyCaption,si
_r70518c037305f0,updateCachedShopItemState,si
_r2f07fda40c5253,updateChatPreferences,si
_r1278f3e439b712,updateClaimState,si
_r174c2542205bd5,updateClipMask,si
_r79ba8051915ce2,updateCloseLockUI,si
_r4bc5881304f46c,updateClubLevelView,si
_r1bba2b06e78a16,updateColor,si
_r7c888ecb7ff12b,updateColorGrid,si
_r2280986a9b08c9,updateColorSliderTrack,si
_r0184c4ea365ece,updateColoring,si
_r605b5f10a49d2b,updateColorings,si
_r36c82f9312985f,updateCommandButtonsViewState,si
_r1beb030ee3c98f,updateCommonEntryElements,si
_r5081b36695eac8,updateConfirmPreview,si
_r7b4694ae3c22ae,updateContainerVisibility,si
_r69f615796640dd,updateContent,si
_r471edbb3bdaff5,updateContents,si
_r0faca6ee1c80d3,updateCounter,si
_r93306e12629851,updateCounterImage,si
_r705df7f769d1ef,updateCreditAndPointValues,si
_rd52ab2eaa58dc8,updateCurrencyIndicators,si
_r42dcb09a74453a,updateCurrentIndex,si
_r161b7fe1fcbcee,updateCustomReferenceSourceState,si
_r9f9ef45de899ff,updateCustomVarsWindow,si
_r55f0e901c2f07e,updateData,si
_rfc925a1eb9d7e2,updateDecorations,si
_r7d7a48c518e123,updateDeg,si
_r1406f51bc61a83,updateDescription,si
_r45dec4847eaed2,updateDialog,si
_r23b817e1c681a0,updateDistanceLocalization,si
_r0904c728a0bad2,updateDots,si
_r0603b3a4a18256,updateEntityIndicatorPanel,si
_r9177182ded8a8e,updateEntityVisibilities,si
_r7c037b749cbb9b,updateEntryDirectionAvatar,si
_r6557915126d860,updateEnvironment,si
_rd9aed4b225d554,updateExperienceBubble,si
_r7a5094fdfa309d,updateExpiresText,si
_r648ef816566602,updateFade,si
_r6c750286123818,updateFilterOptions,si
_r8948747c63bf4f,updateFilteredFriends,si
_re998c95e4ea501,updateFilters,si
_r5533a9bd63f4b6,updateFontSizeSelectionHighlight,si
_reccb283ece9ade,updateForumSettings,si
_r1ba02aea6482d2,updateFrequency,si
_r614a39c8552d70,updateFriendRequestCounter,si
_r7735ebc213b2a2,updateFrom,si
_r7acd4dd3062919,updateGameStartingStatus,si
_rcf501680149c00,updateGamesLeft,si
_rd35d0a56090cec,updateGarbageMonitor,si
_redb11aa3ba3a71,updateGenderTab,si
_ra1abb80e716155,updateGettingMoreGamesOption,si
_r87e12e3ccaf16d,updateGiftDialogAvatarImage,si
_r47129bb232ef34,updateGiftDialogLabels,si
_rd7b81ca5da2f23,updateGrid,si
_rc5aa9bb6b25cd5,updateGridFilters,si
_r14bce7edcc796d,updateGridView,si
_r889c0f686ae1c3,updateGroupItemCount,si
_rceb9f98e53312e,updateGuideMarker,si
_reeb6941b77a138,updateGuildId,si
_rc02863455ae000,updateHabbiconUI,si
_r98d68b0313f590,updateHabbiconUnseenCounter,si
_r82d292825c011f,updateHostParameters,si
_r64766ad83bcf01,updateIcon,si
_re50994ad25291b,updateIconImage,si
_r3cce40499fe0a8,updateId,si
_ra40b008ac64f77,updateImage,si
_r68d8080c5a6d96,updateInfo,si
_r098a59a3d3c461,updateInfoBoxUI,si
_rf824720bcac133,updateInputSurface,si
_r0c704b67d226ed,updateInterface,si
_rdbdf058a11e234,updateIssue,si
_r2b682d00a15670,updateIssueList,si
_r6814e33f63c86d,updateItemCount,si
_r05d266037aec80,updateItemCountVisual,si
_r28cee23297709b,updateItemGroupMaps,si
_re748f7cacb38bf,updateItemImageVisual,si
_r008dff8586dadd,updateItemList,si
_r3c7a0d5781dcde,updateItemSizes,si
_rab7d8b1d86c372,updateItemSizesInternal,si
_ra5811048532cdb,updateItemStats,si
_r2dcb0c2cccf1b0,updateItemWidths,si
_rf8b30d06eafb3a,updateItemsGrid,si
_radd6dbf2ce1f8b,updateLayout,si
_rdb05162c1d2011,updateLevelProgressTarget,si
_ra76124ce7aa11c,updateList,si
_rc142cc72d9db8d,updateListItem,si
_r5ea90cabddc8ec,updateListSummary,si
_r0e570e426b3c1e,updateListViews,si
_r3cc5dfb289ba53,updateListeners,si
_r809b77aa932973,updateLoadingBar,si
_rbc0bbd5d1a615e,updateLoadingState,si
_rfb9ef6c99e5d67,updateLocalization,si
_r8a56e611befcf2,updateLocalizations,si
_r1dec5b86c98b55,updateLook,si
_r004dca6c2a9a28,updateMatchesSection,si
_r8ae44f82328b7e,updateMessageHint,si
_r9bacae225afb0b,updateMessages,si
_r9d9c0d70147d5b,updateMetadata,si
_r88f8ac5cebca36,updateMeter,si
_r223d6a749227b6,updateModel,si
_r3e826bb977cc40,updateNameHint,si
_rc7383953b8aa50,updateNftItems,si
_r7eb3bbf918a343,updateNowPlaying,si
_radee11bd6fa7c0,updateObject,si
_r13e03d9049caa5,updateOfferInfoUI,si
_r51792bb0c8fd76,updateOffset,si
_r28dba674290ffe,updateOffsetField,si
_ra21677745ee578,updatePaging,si
_r2c8d64a8ede0a3,updatePaletteSelections,si
_r84d1156280f829,updatePart,si
_r3286122284b309,updatePetImage,si
_r2b9aa2fab1bc38,updatePetRespect,si
_rd62ac7f837ef97,updatePickupMode,si
_r8b28be52e9f45f,updatePlaceholder,si
_r4c918b57ddcafe,updatePlanes,si
_r812121966bc589,updatePlaqueAndSpotlight,si
_r9f1ea2b82255e3,updatePosition,si
_r74a2307cbfa368,updatePremiumPurchaseViews,si
_r05479023984823,updatePreview,si
_re1da53418f8d2c,updatePreviewBitmap,si
_r95ea145a0b20ef,updatePreviewImage,si
_r19c52df9229b4a,updatePreviewScale,si
_r0dedaeff9a4183,updatePriceStatLine,si
_r325028acbf14f6,updatePriceText,si
_rb009fdf12537af,updatePrizeClaimViews,si
_r7f4b145d1ba85e,updateProgress,si
_rb125c651ab94b3,updateProgressBar,si
_r3e4ed3e8fb5b12,updateProgressViews,si
_rb076acc91f3ec6,updatePropertiesTableUI,si
_r4466b92a489bb3,updatePurchaseButtonVisibility,si
_rf7d070a53b708b,updatePurchaseLabel,si
_r6eb282ea4603e0,updatePurse,si
_r406780b988c93d,updateRad,si
_rc24221b31648e0,updateRarityFilterOptions,si
_r285f4b2aac1b0c,updateRarityOverlay,si
_r5d5a7843651d51,updateReadyState,si
_r2e8f48dbac6192,updateRecycleButton,si
_r8d624751d0ca06,updateRecycleStatusVisual,si
_ra7f2cb413fc43f,updateRecyclerButton,si
_rfd34871a007d4e,updateRecyclerSlots,si
_r5b2116f25cae7b,updateRelationshipStatus,si
_rce442f41e0c322,updateRentExpireField,si
_re2855f11f0449b,updateRentStateVisual,si
_r9e98164d457e8a,updateRentableBotView,si
_ra801a35e503338,updateRentedItem,si
_r8c5405be2132ba,updateResolutionButtonUI,si
_rd2bc4989882989,updateRespectButton,si
_ra768c672546a53,updateResults,si
_r77fd0481d2d732,updateRewardsForCategory,si
_r0b78d50641722f,updateRgb,si
_rbb04908fe2854b,updateRoomAndInventoryButtons,si
_r89a541f26cac23,updateRoomHistoryButtons,si
_ra2c865d52bf88b,updateRoomMouseBlockRect,si
_r91c22262ef6deb,updateRoomPreview,si
_r93a4b2b5a5aabf,updateRoomStatsUI,si
_r89715962ace5c0,updateRotationAnimation,si
_r94c69629755de5,updateSanctionData,si
_rf7cbe1eff9828a,updateScoreFlash,si
_rc64e6d3cfd5a33,updateScrollAreaRegion,si
_r0af3c862a99b3f,updateScrollBarPosition,si
_r22b10792809ca5,updateSearchUiState,si
_r12c5f6023626cd,updateSecondsLeftUI,si
_r5c85ca857a02fc,updateSelected,si
_r1558358a768201,updateSelectedBadgeDetails,si
_r6ca92ef6516323,updateSelectedPart,si
_r67e6a3fab4b795,updateSelections,si
_r1a67022c06e2a3,updateSetUI,si
_r453690b2e91a06,updateSize,si
_rac9e6574205d2d,updateSlider,si
_rd630ba9c2c83a6,updateSliderEffectInfo,si
_rac0839cf5aac24,updateSlots,si
_r329629530e3403,updateSongInfo,si
_r4540962ab8d68d,updateSoundIcons,si
_r85ac4caf855a9b,updateSpawnValueState,si
_re0ca28d92f8981,updateSprite,si
_r59be01d358f7e1,updateStandard,si
_r2529c2c7d3700f,updateState,si
_rebe8fed45b7e27,updateStateElement,si
_r40f479d8415370,updateStateUI,si
_r2dcbcd446ea9e5,updateStateWidget,si
_r020bcfbf4d6551,updateStats,si
_rf722a345228f15,updateStatusAndRepeatsUI,si
_r76b7072064fae9,updateStatusDisplay,si
_r6894df4491ff1e,updateStatusGraphics,si
_rf21d7f82b5906b,updateSubscriptionInfo,si
_rf6cdf21c6c02cb,updateSuggestions,si
_r6cfcfc432695fb,updateTableUI,si
_re37bebd585a6a5,updateTeamScores,si
_r562bd772ae267e,updateThicknessSelection,si
_rb8ebc1873f9883,updateThread,si
_rb76d400051bb47,updateThumbData,si
_rcd69c868ba2d20,updateThumbVisualization,si
_r21a563ee8e1915,updateThumbnail,si
_r607f4c71ad3f96,updateTime,si
_r175fef931ab1c4,updateTimezoneUI,si
_r7572de1a1d5a06,updateTransferButtonState,si
_r29374bc59a461b,updateTypes,si
_r347de40b12b464,updateUI,si
_r5bd05a7009a6a3,updateUIOptions,si
_r254b91f9017b0a,updateUnknownSenderAvatarImage,si
_rfa4a1dee9a5d17,updateUnreadForumsCount,si
_raf0663be2f6e56,updateUnreadMessages,si
_r7d94ca4d7820e8,updateUnseenCounter,si
_rf770ce4ad8ea89,updateUnseenItemCount,si
_r400b9c6b97d705,updateUserData,si
_rb28e25c385f8b7,updateUserInterface,si
_re99a8d2e00a2eb,updateUserView,si
_rb0dfe792313a0f,updateVideoStatus,si
_rf66706296940e7,updateVisualizer,si
_r04b0ac306bafd2,updateVisuals,si
_r7ed51af211618b,updateVolumeSetting,si
_rff01daf42b5ebe,updateWallHeight,si
_r7ab2679196fc97,updateWarn,si
_r538df9865c4edd,updateWeekSelection,si
_r6f73e5560db605,updateWidgetState,si
_ra09e079c4ca436,updateWindow,si
_rab8b59e35aac8a,updateWindowPosition,si
_rb6a2e2ff139e0b,updateZoomControls,si
_r2770654b233e60,upgradeCapacityContainer,si
_r3fe357292dd489,upgradeCapacityRegion,si
_r1c3b90ac640f36,usagePolicy,si
_r22ad4be27a67c6,usageTimeStamp,si
_r54a876ef1ae97d,useCache,si
_r927a6829b5bbd1,useDefaultLocalization,si
_r2aae1984a8586d,useDistribution,si
_ra593786497ca2f,useFilter,si
_rf9262c5834aa28,useHashTags,si
_rc7078ed8f92bf5,useMinimizedOwnAvatarMenu,si
_rf513daf55e8a06,useNonTabbedCatalog,si
_rd2a838c4f74f73,useNotificationFeed,si
_r5adb3d6a7a672c,useNotifications,si
_rff270ced1c0a30,useRectLimits,si
_r7f44abd6a4aede,useWeakReference,si
_rb67444ccc5e150,useWebApi,si
_r3c5942614b67b4,userChatLinesAvailable,si
_rf4182530c34568,userCountGoal,si
_r969ec53f02f78c,userDataManager,si
_r265387fa425168,userID,si
_r782f955c9c4e48,userRoomId,si
_re7054e48343929,userSelected,si
_r193958ed76b63b,userSelectionTitle,si
_r062cdbf167b07c,userType,si
_rf0d11cab071f09,userTypeMenu,si
_rfc8730aa33d39f,userUpdateCount,si
_rf2cd41bffb6fa1,user_canceled,si
_re3daeb1fe8c218,usernameDropDown,si
_r2fe6a2e2841f6c,usernameInput,si
_r552d9958e6178b,usernameText,si
_rb97d7da0e60aff,usesSeparateBarEndOverlaySource,si
_r9fd99f35992ff6,validPosition,si
_rfc60eece806078,validateAvailableCategories,si
_r3a9cce09e174d1,validateBrightness,si
_rbea52c907dad85,validateInputs,si
_re78bf7237baab6,validateLocalizationData,si
_re40f7d0ba91a84,validateLocation,si
_r5da4a76bae5180,validateReward,si
_rd487409941fe42,validateToken,si
_ra87a11317b522d,validateView,si
_r3b1928310f43ce,value,si
_rba84d9cf61fea8,valueInput,si
_rbfaaef7ee95b68,valueInputBorder,si
_r5557e6ff050d2d,valueSettingContainer,si
_r31dc67de622620,valueText,si
_r32b2eccdc6a540,varLimitColor,si
_ra31a4a4217b88a,var_1004,no
_r23010d130b910b,var_1005,no
_r2eaeba8d45838d,var_1007,no
_r2c5a0d2ff84526,var_1010,no
_raf5ce7c864f667,var_1011,no
_r967bffa0f19f15,var_1013,no
_ra1fd499e0cdfc5,var_1018,no
_r613c8b9cdf54eb,var_102,no
_r8c04474ff06ece,var_1022,no
_r210b6203ec9cf7,var_1027,no
_r3d46ae40ece67f,var_1028,no
_r24733d11e3f07a,var_1030,no
_r8f85a8928f1ab8,var_1031,no
_r9dd8e2dc655170,var_1033,no
_rdba91ed1957e5d,var_1034,no
_r4a47ef696748cd,var_1036,no
_rad9285ab3cac1b,var_104,no
_rc6273a8d82fd36,var_1040,no
_rb248846ff80342,var_1042,no
_r7037ed24d52b55,var_1043,no
_reb6020a0b4f957,var_1045,no
_rb77ef01dccb5f5,var_1046,no
_rc5aa5b9377a562,var_1048,no
_r1fec8c635e4626,var_105,no
_r6e8ee3e0b7fd68,var_1051,no
_r4ecc4039890c8a,var_1056,no
_re127bfc52de70a,var_1058,no
_rca2661a7ed3aba,var_1059,no
_r6aeadaefc2ddc3,var_106,no
_r376687ae2118de,var_1062,no
_r878e5832782778,var_1063,no
_r974e88db04c055,var_1064,no
_r47a4c6ebf07154,var_1065,no
_rb8cabe3711dddb,var_1066,no
_rc25cb87405567d,var_1067,no
_rc568e765acc3c6,var_107,no
_r5110ccbc91c42e,var_1070,no
_r916e1ed8be8bbf,var_1072,no
_r84fd0590312590,var_1081,no
_ra32d6971d10685,var_1082,no
_r4b2c58797b6e3d,var_1085,no
_r56bb64e7d4e688,var_1086,no
_r1a9e352f7524fd,var_1088,no
_re3fc56bc812904,var_1090,no
_r49e7acaec39e0f,var_1091,no
_r988316e0214b02,var_1093,no
_rf1d3aa89292605,var_1095,no
_r8abb27255538fb,var_110,no
_r395bf5e9658b0c,var_1100,no
_r7dc487feb31565,var_1103,no
_re560a11fba5bba,var_1104,no
_rad827921d2f7e6,var_1105,no
_r72978bdeddaacc,var_1108,no
_rdd8373bfa238bd,var_1109,no
_r815c6e5434ed37,var_111,no
_r5a27cef1e2c473,var_1110,no
_r7d719fdd28c27c,var_1115,no
_rb33ad1f1f91add,var_1118,no
_r2cfa28f22e8435,var_1119,no
_rb65e0fd8d152d0,var_1120,no
_r15b7265a23cfe2,var_1123,no
_rb5192e3c8d6cb3,var_1124,no
_r7d2af6253cf776,var_1125,no
_rb5deb62e1d3daf,var_1127,no
_reb1a9c1db40569,var_1128,no
_r1ba39a0ab193ba,var_1129,no
_r2a127a9fdf96aa,var_113,no
_r001c09392a64bf,var_1131,no
_r57959f586acb88,var_1135,no
_rba4293fdf411e5,var_1137,no
_r4a91a6fe3390bb,var_114,no
_rd25523e30168d7,var_1142,no
_r6d4407089f89a4,var_1146,no
_r00250ab3837b32,var_1147,no
_rde165d6de11a42,var_1148,no
_r076c3f16e1730d,var_1149,no
_ra64036c35e6076,var_115,no
_rc9013293a3adc0,var_1151,no
_r102610dc063d33,var_1152,no
_r3f7f7ab141e7d1,var_1154,no
_r2103db05c33dcd,var_1155,no
_rc23b5ed6597c84,var_1157,no
_r79533329132745,var_1158,no
_r404aef460eec20,var_116,no
_rc21c6c50eb828f,var_1170,no
_r63f2d088407ab9,var_1172,no
_r622e978729b126,var_1173,no
_r918fd0d89455e7,var_1174,no
_r7a5b68e5b9c6cb,var_1175,no
_r405878339c1099,var_1177,no
_r5d56f4c71f598d,var_1181,no
_r8c3270071aa0da,var_1184,no
_r45c06f77350c88,var_1187,no
_r0aa68f0932b05b,var_1188,no
_rf8ffbdb8051a98,var_1189,no
_rcba04be02da79a,var_119,no
_r48187e95e07808,var_1190,no
_ra6900c987f9f8d,var_1191,no
_rb901da030f027f,var_1195,no
_r2a3c84947d4d2a,var_1198,no
_rf6fe92f5dcee07,var_120,no
_r98457d4c5ea2c8,var_1204,no
_r18390be435d267,var_1205,no
_rf32162f2a22c88,var_1208,no
_rb8c7001ac53396,var_121,no
_r9ab5c337da1744,var_1216,no
_r2e689ea25f9c52,var_1219,no
_r562b434dcab4af,var_122,no
_rbd96c1693f4fb8,var_1221,no
_rb8e1e59e25d22d,var_1223,no
_rb8d5c68eac4990,var_1226,no
_r7df3ce714cf494,var_1228,no
_r48ccaefa05b158,var_1229,no
_r75a3d8c2b8b341,var_123,no
_r0c9f556ec28564,var_1230,no
_r76a2ee14d1c2f7,var_1231,no
_rcf4e2c33e7a8a1,var_1232,no
_re3ce7e539b9801,var_1236,no
_re7c827138ff78d,var_1239,no
_r8fe7e5545311a8,var_124,no
_r49b21090cc3050,var_1241,no
_rd698b42c0f4a61,var_1244,no
_rbc342dd5c78357,var_1247,no
_r2916da1f2d6089,var_1248,no
_r7dc40d2ac5a2ce,var_1249,no
_rec514705433aad,var_1250,no
_r3fca9f3fdb1e4b,var_1252,no
_rc4fd15f7f7850c,var_126,no
_r1bf8fe71942b3e,var_1263,no
_r86a18ba3ec6865,var_1264,no
_r5a055ef13e6b0b,var_1265,no
_rbe7fbb35e8b62c,var_1268,no
_r9c4166db25aaff,var_1269,no
_r56dc8636415f59,var_127,no
_r0a88e1d18f06ed,var_1270,no
_r8809770c34e0ab,var_1271,no
_r4ee5039f389b10,var_1274,no
_r2ab238f0cb08e2,var_1279,no
_re3e107741d7abc,var_1284,no
_rdc4d4d50d86ad1,var_1285,no
_rf51ba72f751a4c,var_1286,no
_r1d3730f546fb9d,var_1287,no
_rcfc1fe12c014ce,var_1289,no
_re3c9f05c85a466,var_1290,no
_rffb94e78c13b6c,var_1298,no
_r8fea80e02325b9,var_1299,no
_r59d5d1cc186d8a,var_130,no
_rc8f320b5c24ad4,var_1300,no
_r3034ca286b1945,var_1301,no
_r9f6e6c9d27eb73,var_1302,no
_r8fb785f35bbd98,var_1303,no
_r327b22af77c044,var_1306,no
_r26acdaeabaea3e,var_1308,no
_r3c6150ab81736d,var_1310,no
_reef5e7f75de88c,var_1311,no
_r4c8bed3ed43ab9,var_1313,no
_r7fcfc120a4c5fd,var_1314,no
_rfabe8f2ca694f0,var_1315,no
_rd25b432bb09bc7,var_1317,no
_r7367f750d23509,var_1321,no
_rab377ed01cd108,var_1324,no
_rbc651176f77ddb,var_1325,no
_r76526d21b9615f,var_1327,no
_r747613e97b3af6,var_1328,no
_r6f20521aee19fb,var_1329,no
_r08d9b4f6798839,var_133,no
_rf9b2c1d287e6cb,var_1330,no
_r1d80ff5f62c3f5,var_1331,no
_r484df12c5bfafe,var_134,no
_r28da6f8390e82d,var_1341,no
_r535091176506cf,var_1342,no
_r2fa4fa3e1ea5bb,var_1343,no
_r269a0ed0d7437c,var_1346,no
_r942aaa7100d413,var_1348,no
_r42ef22a11ca564,var_1350,no
_r80fefe5aacc70e,var_1351,no
_r3e0794b658592b,var_1353,no
_ra77625ea1e8d18,var_1357,no
_r21966ca012df57,var_1358,no
_rebf5e2e131bd56,var_136,no
_r64e993a98f9ba6,var_1361,no
_r573bf2d9bb49c4,var_1362,no
_rbd05594afa04e1,var_1367,no
_r42c9e415a13929,var_1368,no
_r2f536f518f8c4c,var_1369,no
_rdc7684abf2aaff,var_1374,no
_r3b6743c4c96851,var_1375,no
_rc2aa917a40a470,var_1377,no
_r77836b118b6387,var_138,no
_r6bc024242b6fa2,var_1380,no
_r35bc8d4513bf3f,var_1386,no
_r216b341f589ac4,var_1387,no
_r0c224c04714ccd,var_1389,no
_r8a3b3cf16a666c,var_1390,no
_r36368523c4d760,var_1392,no
_r4475fe1ccf6318,var_1393,no
_r7f191cafef66f4,var_1395,no
_r9ece1ddad3bb53,var_1396,no
_rdce8ca02be526c,var_1397,no
_rfc1ddc32cfe91a,var_1398,no
_r9ddfd6e0b05ff7,var_140,no
_r6fc31a0626479a,var_1400,no
_r1e14576aee3ff5,var_1402,no
_r9baea4c6cfddb5,var_1404,no
_r14825794b9de2e,var_1407,no
_r18b6dc2531f109,var_1411,no
_r92fa53bbb43288,var_1412,no
_r609df763629872,var_1414,no
_rfe0a094239b86b,var_1416,no
_rc297adaea045a1,var_142,no
_r41c9f8aa250acb,var_1423,no
_rf46a270f3e5011,var_1425,no
_r6c16058a696bf6,var_1426,no
_rcdad1234f632e8,var_1427,no
_r48f04c9eed08cc,var_1429,no
_r59926dc6ae4848,var_143,no
_r150d7740b2d2b5,var_1430,no
_rc8e758848b2c69,var_1432,no
_r35abd242c7ea1d,var_1435,no
_r5c9647820f524d,var_1438,no
_rcb6f1f73fc411c,var_1439,no
_r13ae435db4f222,var_144,no
_r86564860a6c38f,var_1440,no
_r02c3b25f2cff91,var_1442,no
_r0bd2d50c42877e,var_1447,no
_r816402c44d3fab,var_1448,no
_rd991b880517059,var_1450,no
_r4a0bed8776c782,var_1451,no
_rd6f90daca2fc28,var_1454,no
_r61e32e5d203a12,var_1455,no
_rb1356166582c68,var_1457,no
_r1befdb20614c1f,var_146,no
_r7c4fb9aa4c27d6,var_1460,no
_ra6cb4f38afe657,var_1463,no
_rf53630f8c3870a,var_1464,no
_r944ef0c24107e4,var_1465,no
_rc624e43af9f346,var_1466,no
_r49b1fff5efc998,var_1469,no
_r42cb358bba1aeb,var_1470,no
_rbd2d1159674ede,var_1471,no
_r1ad07613eda21a,var_1472,no
_rb1b5ccd3591f6a,var_1473,no
_r61f56e2c79faf4,var_1474,no
_r56e4432b5e0f93,var_1475,no
_rb63a2c97c9041b,var_1477,no
_rb9ff0acbdeb6ed,var_1479,no
_rea0e382d7a509a,var_148,no
_r67e4f030c24bf5,var_1482,no
_r5f2bc20d954c1c,var_1483,no
_ref28f2f73ba0ce,var_1484,no
_r098d901fcdfb21,var_1486,no
_r259807dd91c949,var_149,no
_r751e18ddae4e13,var_1490,no
_ra2727ce0646f57,var_1493,no
_r7e55a9f06f1e78,var_1494,no
_r4f5897071819b2,var_1495,no
_r21eb635061b450,var_1496,no
_r190a454643eb2d,var_1497,no
_r1aa8bd0fc415c6,var_15,no
_r888d2961919646,var_150,no
_r733e0834ca4429,var_1501,no
_r9d448e39cf1ea2,var_1502,no
_r24d703e218fe95,var_1504,no
_r630a38bd0c0c8f,var_1505,no
_re4a1fdafd7383b,var_1506,no
_r7ed6ae47dfc34f,var_1507,no
_r0d56341a1269eb,var_1509,no
_r938b9d3789a000,var_151,no
_r842c2e884c1a8c,var_1513,no
_r18c35e032f3758,var_1514,no
_ra76dd211026c7a,var_1524,no
_rd3b14271709c2e,var_1528,no
_rdb096fbbf5b925,var_1529,no
_r6433016e9257f1,var_153,no
_r1043df37897037,var_1530,no
_r087732135876e3,var_1535,no
_r2991c495134c31,var_154,no
_rc406ea13c9ec2f,var_1542,no
_r57b60b878074ff,var_1543,no
_r77d6ce78241d53,var_1546,no
_rba823649c2c509,var_1549,no
_r57a586d74ad396,var_1550,no
_r98750df0296eb4,var_1552,no
_re4bb47f0c2cc9f,var_1554,no
_r5ebd0e10e1dd2a,var_1556,no
_r00a590f84c9c20,var_156,no
_reeb0ab9dbb8ad1,var_1562,no
_rb8fd74592a457a,var_1565,no
_r6f4e12ecefebc6,var_1568,no
_r0a28c8e437d39a,var_157,no
_r07aecc97b69f90,var_1571,no
_rf5d10de2bff1a5,var_1572,no
_r3ff8a39e210a0b,var_1573,no
_rf93700df557fed,var_1577,no
_rae39bfec201e57,var_158,no
_r3a52236f75bd2a,var_1582,no
_r54d34c0340cb9b,var_1585,no
_rff94ec0e6a16cf,var_159,no
_r62a785ddeeb27d,var_1590,no
_ra45ee824b53588,var_1594,no
_r4c34d58d11c613,var_1596,no
_rfd6f0746e2639e,var_1598,no
_r6733e896ac8fd3,var_1599,no
_r430178503b8303,var_160,no
_r1f5139bbcd75a6,var_1600,no
_r929dac0293897b,var_1602,no
_r1e523369723a58,var_1604,no
_ra8fcbe4caadaaa,var_161,no
_r44ff451d74f28f,var_1610,no
_r6ef8abd8f31f1d,var_1612,no
_rb093bc8ef1b4da,var_1614,no
_rb744d49107632b,var_1616,no
_r411d6830197681,var_1618,no
_re7c0dcbca0b327,var_1619,no
_r257bccd508adaf,var_162,no
_r0e008a67d33362,var_1622,no
_r32a15f5443bb0e,var_1623,no
_rf9697923170a45,var_1625,no
_r59d2a55ca5a0c9,var_1627,no
_rb2a9dc94720303,var_1629,no
_r923328270231eb,var_163,no
_r4c093f44920e2c,var_1631,no
_rd41e6961a0bd37,var_1632,no
_r5521758752b987,var_1633,no
_r166f1163c5d97c,var_1635,no
_r9826b78d790da6,var_1639,no
_r6cab6873e03c32,var_164,no
_r68960527342eba,var_1641,no
_r514493d8d3787c,var_1643,no
_r7c2099128614cd,var_1645,no
_r12b21c3393dc0b,var_1653,no
_r15f92cc5497beb,var_1655,no
_rbe0cb4d7f73c8f,var_1657,no
_r156607a5b4c961,var_1658,no
_rde9392b7cf6628,var_1659,no
_r1b335b44b3c374,var_166,no
_r428b2be5963b22,var_1660,no
_r76add1c15efae3,var_1661,no
_r13d975f04a4a36,var_1662,no
_r73a19f94237882,var_1664,no
_r1367560324a240,var_1666,no
_r95794d38f87c9b,var_1667,no
_rd065b47ae1c38b,var_1668,no
_r061bb976b25224,var_167,no
_r69471e4afa45f0,var_1672,no
_r302cc8044ed2e1,var_1676,no
_r837b3a06b5b4e0,var_1678,no
_r1dcb1a68b182bd,var_1679,no
_r49df3b29f3ec6f,var_1680,no
_r88634965729c8f,var_1681,no
_r135fd968a5c974,var_1687,no
_rd6f3880b0f3f3b,var_169,no
_rcd183c7ad886d6,var_1690,no
_rf840d8e2beafbf,var_1692,no
_r9fda5d97c6766c,var_1693,no
_rc75f2e162a2b91,var_1696,no
_rf291d3bf850ebd,var_1698,no
_r52352002ff0e07,var_1699,no
_ra02d387d1e8e8c,var_17,no
_rd261ce53ae67b3,var_170,no
_r63ac6813ff873c,var_1700,no
_r06c3f695147fa8,var_1701,no
_rf03bfb6e7bc4c8,var_1702,no
_rf36ae9464960b5,var_1703,no
_r7e5b0b26cd236a,var_1705,no
_rea54dd589c6417,var_1706,no
_r5be655d40fead9,var_1711,no
_r6d51781c7270ed,var_1712,no
_r1aa8d75594cbba,var_172,no
_r9d64a604625e76,var_1720,no
_r1cc86412db622f,var_1722,no
_r96e992476cc8b8,var_1724,no
_r25b57263f8ce7f,var_1727,no
_rd540ede998ea3f,var_1729,no
_r21298c121135b1,var_1730,no
_rabdcf153be0e54,var_1733,no
_raa9c678f910876,var_1734,no
_rf16ad8d275fe78,var_1735,no
_ra97c79dd5303ed,var_174,no
_r0da68c25144f14,var_1743,no
_r0cf3ee97ce8ac0,var_1748,no
_rd3c48fcfa2f637,var_175,no
_r4f50e3006805ba,var_1752,no
_r593a4d896577d1,var_1753,no
_r0ef5bb610e6e84,var_1756,no
_r91b4948c81b204,var_1759,no
_rbf99008fb49253,var_1764,no
_r8c63a1961e8ccb,var_1767,no
_r07044e7143944e,var_1769,no
_r11c5284bccb5be,var_1770,no
_r234ad14e56306d,var_1772,no
_r554ac756e82589,var_1774,no
_r229bf74c15663b,var_1775,no
_re0e37eab1c7706,var_1776,no
_r3873844618ca2c,var_1777,no
_rc237b19fdefb7d,var_178,no
_rb6e11a17038118,var_1788,no
_r4a94b350919aa8,var_179,no
_re90f921245d5b3,var_1790,no
_r07c97000ec8ce5,var_1797,no
_rd40bdc403b32ba,var_1798,no
_rc3f261790b0f00,var_180,no
_r0a0e2dcad24c84,var_1800,no
_r326adc56dc4352,var_1802,no
_r112c18f20c34db,var_1803,no
_r0bbc0e48671f57,var_1805,no
_rc38191e51bed96,var_1808,no
_r2491d5ca2b9d78,var_1809,no
_rae5d8e69e1730e,var_1810,no
_r82f492552aeeea,var_1811,no
_r8b895a91c989ed,var_1815,no
_rdea8343250e037,var_1816,no
_r1154930d6c84c8,var_1817,no
_r8aa9755e3e71c8,var_1822,no
_r67b1c81fb248a1,var_1823,no
_r0214ecf3a915e7,var_1827,no
_r811a5e1c6eb19d,var_183,no
_rec27710cc7ba3b,var_1835,no
_rf80a1145c678bc,var_1839,no
_r8c19de7c4ee66e,var_184,no
_r6eb03156a7101f,var_1841,no
_rd01fafa43ebeaa,var_1844,no
_r4d075ddc453508,var_1846,no
_r45a326b65b1913,var_1848,no
_r08dd47f2b9d8e2,var_185,no
_rd1ee4fe04f3eec,var_1851,no
_rd44ea436748f6d,var_1852,no
_r53f768d692059d,var_1854,no
_rcc60e3ca7255b8,var_1855,no
_r55090a7297eaea,var_1857,no
_r1d5bb2b4be8ed6,var_186,no
_r153a0462a0241a,var_187,no
_rc7aa5235d91961,var_1870,no
_r303b4d8a2a763b,var_1871,no
_r0a0878e2dfad47,var_1872,no
_r6d8218302ddfc6,var_1876,no
_rb8e17d224db178,var_1877,no
_r465ec95ae862c2,var_1878,no
_r2bbd122705c861,var_1881,no
_r76c9bd2836c02a,var_1886,no
_r0c6d1f3ab4c85c,var_1889,no
_r92762114520547,var_189,no
_rc91d2cffec6fbf,var_1892,no
_r92019aad12a13e,var_1895,no
_rf65bc6f27c22e7,var_1897,no
_r265932755e3ba8,var_1899,no
_rb073ac1ca7c16e,var_19,no
_r2cfcc1b0763c64,var_190,no
_r71507863fa9bf0,var_1903,no
_r678bc1c8be80b5,var_1905,no
_rbe31e00477625d,var_1906,no
_r4a75d681223750,var_1907,no
_r916befeefba7d9,var_1908,no
_rb8f0c05d163718,var_191,no
_r067c6165d92bb6,var_1911,no
_r11e9b4be32540c,var_1914,no
_rc59840c597cf3a,var_1918,no
_r9e9f703297e986,var_1920,no
_r7e9aef53f0413f,var_1921,no
_rc9eb572399b475,var_1923,no
_rb05298ea4e65fa,var_1927,no
_ra1eeb0ef92f599,var_193,no
_r829a491f022cc0,var_1931,no
_r7d9fc6943fcf66,var_1933,no
_r0a459f06dea253,var_1934,no
_r102570f8184a8c,var_1938,no
_ra96bc12908eddf,var_1939,no
_rdf2c60cee06c28,var_194,no
_rf0f4f8288d694b,var_1940,no
_r47106a1897e112,var_1946,no
_r69099c943d2347,var_195,no
_rbf12b80868410f,var_1951,no
_rb7e59b721c0ea5,var_1952,no
_r932ab5b2019879,var_1954,no
_r7fa4232ad223d8,var_1955,no
_r69fbdc28756af7,var_1957,no
_rb5bc333e1199fe,var_1960,no
_r16fbf47408c638,var_1961,no
_rcff3e11e63f6a1,var_1963,no
_ra687b0c4587993,var_1967,no
_re6676dbe8ef362,var_1971,no
_r9ab2c89385354e,var_1973,no
_r8642924b60e02a,var_1979,no
_r265183f67eff85,var_198,no
_rc37ebe40f099da,var_1980,no
_r8b20f22b692efb,var_1985,no
_r7cbe3137b079bb,var_1988,no
_r2a72a15464e5cd,var_1989,no
_rbd405ca48f063f,var_199,no
_re421daa0035765,var_1992,no
_rbd0c18bfed2ff6,var_1993,no
_rc5c9ecfae77cb6,var_1996,no
_rc9c31e3ec13ecf,var_1997,no
_r18e84f6935875d,var_1998,no
_refbb399969d35b,var_1999,no
_rdc0ba83bbe0a57,var_20,no
_r17deb7ee392e49,var_2003,no
_r40475e88a50297,var_2004,no
_rd538e38472319a,var_2005,no
_r0e4b316b4892ed,var_2007,no
_rddf9d5be681fc5,var_2008,no
_r32b3c30e7bc87e,var_201,no
_rbc26b3be1449e2,var_2010,no
_rf0e9508ef18dd8,var_2011,no
_rc71cd077681428,var_2012,no
_ra1d77240cc9b31,var_2015,no
_r66182b4ad74080,var_2016,no
_raa58e22d738725,var_2017,no
_r0d62624da926f6,var_2020,no
_rb2c3bb28725a46,var_2021,no
_rc89c4c87c91b75,var_2022,no
_rc4039a77e9985c,var_2024,no
_rd6a00592c0c716,var_2025,no
_rc8431a3885d845,var_2027,no
_r0a3c4f23e12d54,var_2028,no
_r281b2c24bd6cfb,var_203,no
_r9a376acecc190b,var_2030,no
_r60bed8906befbb,var_2031,no
_r737fb917649262,var_2033,no
_r8934ce15ba54ef,var_2036,no
_r895e153bbfd789,var_2037,no
_r92ee02bcf5fc9f,var_2039,no
_r6d28d3cb4b07ea,var_204,no
_r6c95fc143c02ee,var_2040,no
_r8d79b992150985,var_2043,no
_ra5f2da483ffdc5,var_2044,no
_r2958334c05ba91,var_2045,no
_r7bdef1b05ca18c,var_2048,no
_r1835cee1397ba8,var_205,no
_r898180c7f66257,var_2050,no
_r20acf822d6a6e1,var_2052,no
_rf02b835de13e81,var_2053,no
_r38d7934547470d,var_2054,no
_rf42fd045478749,var_2055,no
_r802653ff2e2efd,var_2058,no
_rf22d685986dcc1,var_206,no
_r9d89e623bf315f,var_2061,no
_r9bdf48970af888,var_2062,no
_rde7f60e5073092,var_2064,no
_r388105c97ed611,var_2065,no
_rc9196094796da8,var_2068,no
_r8f9e480104fe32,var_2072,no
_rb7bd79aa9e906b,var_2081,no
_r227b573c5628c2,var_2083,no
_r0ab69bdac27472,var_2086,no
_r07b1e94252c719,var_2091,no
_r7524ec3f6e4699,var_2093,no
_r5f4063e21195f8,var_2094,no
_r4be83e338c07e5,var_2095,no
_re6463dbb4fea19,var_2096,no
_r9b341501b71cd8,var_2098,no
_r5fcb76e22f2436,var_21,no
_rf80a203acc2d75,var_210,no
_rc0415daf1a14cc,var_2101,no
_r1f34141a234661,var_2102,no
_r91b2b7e534eca6,var_2103,no
_ra7cca41ba137c8,var_2106,no
_r43d4972214b4a4,var_2109,no
_r418323861d88cc,var_211,no
_r3b4cbbb7784d59,var_2116,no
_r28d90c6d170c34,var_2117,no
_rb855d7f0122cfb,var_2121,no
_r2ec5fd8ea16c12,var_2124,no
_ref0c737a9351cc,var_2128,no
_rf95dc16ebcb266,var_2129,no
_r1fac1823035fd9,var_213,no
_r45ea198aacacc7,var_2130,no
_rd349ea4d4448d9,var_2132,no
_raeee43e3b7ad5e,var_2136,no
_r90598b84ba5a26,var_214,no
_rbb82e18edb1abe,var_2141,no
_rebef9481bcfd57,var_2144,no
_r8c9409c9ff40a3,var_2146,no
_r543841589b7232,var_2147,no
_rcac36dd1269576,var_2148,no
_r9794cb0f17a7dc,var_215,no
_rf1ab7f61508d65,var_2150,no
_rfc69a1cf5e7807,var_2151,no
_rb017bbc29e8608,var_2152,no
_r90c68162f7b425,var_2154,no
_r1f9fb65e72d041,var_2155,no
_rc0094580c04f04,var_2160,no
_r577dbabd3c7171,var_2161,no
_r26f1cf9028e425,var_2162,no
_r3a63ebf0e5e2b3,var_2164,no
_r85da061b77a443,var_2168,no
_r5ee59d79ffdd68,var_217,no
_r04d7bcfb6b9cf6,var_2170,no
_r4505f6e69af3db,var_2171,no
_r8769e518673384,var_2173,no
_r2da7f66de0fe0d,var_2175,no
_r4d9c5102137bae,var_2176,no
_r3b4d95cd6e3a0c,var_2177,no
_rb151e9d7499341,var_218,no
_r91f19154361ebd,var_2180,no
_rf7f2d96931f9bf,var_2182,no
_rcb99049b22bcd5,var_2184,no
_r32634e7df919e3,var_2186,no
_r0e9a35e1b2cbfb,var_2187,no
_rf60ac153cb2c30,var_2189,no
_rb24b686c7959d1,var_2192,no
_r0d766a87357958,var_2196,no
_rf643a67bd5b712,var_2197,no
_r2ae6cc5ae51e75,var_2199,no
_r554df9d063fb83,var_22,no
_rb26f8cd90b0ba7,var_220,no
_rdb29e86bb033f1,var_2201,no
_ra550d14b0d3431,var_2203,no
_rb7b985d801a90d,var_2205,no
_ra80b8bf5dd55cd,var_2206,no
_rb481bb68bf338c,var_2207,no
_ree13df26e4a994,var_2209,no
_r846530b4c32a8c,var_2215,no
_r9616bbd373defa,var_2217,no
_r62efbda24ac34e,var_2219,no
_r4bb604f79ec329,var_2220,no
_rdfd9fc52186e43,var_2222,no
_r7421eca1fa1710,var_2223,no
_r9c8903aef64cbd,var_2224,no
_rb86379e039b8c7,var_2227,no
_r32334a3d19c6cd,var_2228,no
_rb7e71645d9e0b3,var_223,no
_rafbb3422295706,var_2231,no
_rd75082badb4d98,var_2234,no
_r3db201a593465b,var_2237,no
_r7e190089903a33,var_2239,no
_r822b5227bb760a,var_2242,no
_rd1ce94429954fb,var_2244,no
_rd178ceea3eaf96,var_2247,no
_ra0c47a44a9ef08,var_2249,no
_r2a848eb9e3d6a5,var_225,no
_r04aface983ec37,var_2252,no
_r4ca4b744d42f1c,var_2253,no
_r4d5d62703edc2c,var_2256,no
_r5a508f1a108044,var_2257,no
_r221916fa144037,var_2260,no
_rd86fb2c8d538d8,var_2261,no
_rf1fb4b9d5f0c9b,var_2263,no
_r428eda6f6ebf75,var_2266,no
_rdbb28029fb6298,var_2268,no
_ra4378fe6ab8bfb,var_2270,no
_r5f524771087f0d,var_2272,no
_r5c815e3dbc381d,var_2280,no
_rfec85c6fde5832,var_2281,no
_rd16405c24b7559,var_2282,no
_r4fc39d18366fd1,var_2287,no
_r087ae607cc8615,var_2288,no
_r5cbb8053bfeb16,var_229,no
_rcb1be406dc03c7,var_2291,no
_ra913bf63d03ce5,var_2300,no
_reefe6e1d7a5a1b,var_2302,no
_rcd0209bdafaa7b,var_2305,no
_r517158a6683dde,var_2306,no
_rb3fd3444a789c0,var_2307,no
_r025152daf38a8a,var_2308,no
_raf3f3348e2e9c5,var_231,no
_r77417fd8146c7b,var_2312,no
_re16093827db0e2,var_2313,no
_r90c58b88601120,var_2315,no
_rc2f25fa944262e,var_2319,no
_r5da29e0970f47f,var_232,no
_rad75dae7400904,var_2320,no
_r6bc2f88b595a38,var_2321,no
_r45f7241ae2a7a1,var_2323,no
_rf3e85c9d1b26b5,var_2327,no
_r990bdb143b58c6,var_2328,no
_r21a75be91668b9,var_2329,no
_rd0d853bcea2c0f,var_233,no
_r044b39de86f279,var_2332,no
_refd3e05752508f,var_2333,no
_rf81d8e6c874fb7,var_2334,no
_r685d197291f68a,var_234,no
_r6129c4146318bc,var_2343,no
_r1e67681bb981d8,var_2344,no
_r293e628a886db6,var_2346,no
_r69e8f7cee21c48,var_2347,no
_r99bca83a48ab9d,var_2349,no
_re14f8bc5f331ee,var_235,no
_r1cefc2ca57b3b2,var_2352,no
_r8b68ad5af692c2,var_2353,no
_rf0586925f3c50c,var_2355,no
_r803da21e78231a,var_2358,no
_r0ac2e394f64c3d,var_2359,no
_rf139ee0cf0da13,var_236,no
_r4f96af0f8766ac,var_2360,no
_r65c826c963dc7b,var_2361,no
_r4039e35c2801b9,var_2362,no
_r8a463cccd1403a,var_2363,no
_rad3e002c2c60c7,var_2364,no
_r08c883015aaa37,var_2369,no
_r136e5d4e3600d0,var_237,no
_r480fc4a5165497,var_2371,no
_r9d9da49d881794,var_2374,no
_rc14220e58b73c5,var_2376,no
_rf39b170111071a,var_2377,no
_r55901dddc218bb,var_2379,no
_r177c57876ded75,var_2383,no
_r2a119db0e6a46d,var_2384,no
_re90c09e183a596,var_2390,no
_rba63eb94f1b8e6,var_2391,no
_r93b3d0d5f344fa,var_2395,no
_r212a1a8bed829a,var_2396,no
_r3dd3f911d14f73,var_2398,no
_ra4f494e476d1a0,var_2399,no
_r9413019ab3a622,var_2400,no
_r111256057df8a7,var_2401,no
_rea9e396a3c339c,var_2402,no
_r3a7302fb5f44a7,var_2405,no
_r36ebc41d329a18,var_2407,no
_r517d8d439a7c06,var_2408,no
_rc47c695c18b727,var_241,no
_r19fa45b34dae17,var_2410,no
_r0cde2a4b851409,var_2415,no
_rbc2c6dbe0996f2,var_2416,no
_re9b681d5addf04,var_2418,no
_r649328902250ab,var_2419,no
_rd0b0375af2acad,var_2425,no
_r7641130cf0cbcf,var_2427,no
_rc836271a84d423,var_2429,no
_r24579770dbb29b,var_243,no
_rf7ff9640a34ad8,var_2434,no
_r11d9d0e8187b9e,var_2435,no
_r2cd5491a3d0267,var_2436,no
_r036cd73501074b,var_2437,no
_rcbbe3fc6757bbb,var_244,no
_r978604914ca8f7,var_2440,no
_rfb6552b96b57b8,var_2443,no
_rb597749530c2e5,var_2445,no
_rf7df3277eb1175,var_2449,no
_rb5a0b191f21f9f,var_245,no
_r47bd09255a3380,var_2450,no
_r02584b055dc114,var_2458,no
_r0aea8af9bce280,var_2459,no
_r92b60e266db991,var_246,no
_r758eb94b10b61a,var_2462,no
_r7961b4cbbd658c,var_2466,no
_r00ee6a231d96e1,var_2468,no
_r5553f94aa73d74,var_2469,no
_r05af1f65cfeaa4,var_2470,no
_r519c966ead6eab,var_2471,no
_r6bf5a719884610,var_2474,no
_ra0dc093bf4f215,var_2475,no
_rc8f84cdddc6b12,var_2476,no
_ra999d1de870494,var_2477,no
_r173e1b5dc0695d,var_2479,no
_r63778d71c7bbfb,var_2481,no
_r3c615be9b34959,var_2482,no
_rf90a42480407c8,var_2487,no
_r5f04a3da84a5cc,var_2488,no
_re4fcb6fd96376f,var_249,no
_r835547f4a8cd49,var_2491,no
_r0469a841bc5e1b,var_2492,no
_r94d7cec8a99661,var_2493,no
_r41baef1ba99b7a,var_2494,no
_r2ba68553d49474,var_25,no
_r98fc4209f86248,var_2501,no
_rb33b0bcd2cdb4b,var_2502,no
_rb15fb292e94ce7,var_2503,no
_r2c3524c954bfba,var_2504,no
_rab342f3e1510d2,var_2505,no
_rf37fbd68ae7f04,var_2506,no
_r1f93cdfc10f4fd,var_2507,no
_rf277cf6aba2d11,var_2508,no
_r2903496d8b7e76,var_2509,no
_rc9db289ebd6687,var_2511,no
_r791f89c2b60e39,var_2513,no
_ra802f7b3a3a3e0,var_2517,no
_rd8f62bba597926,var_2518,no
_r92a2c07463f8c4,var_2519,no
_rf609e9eb614c2d,var_252,no
_r36e7fb0f0913f2,var_2520,no
_r724548ca96824a,var_2521,no
_r5f59feab9bad66,var_2522,no
_rd6207a3eb880cc,var_2523,no
_r20bd6a1e01c560,var_2526,no
_r2adf41880a7df6,var_2527,no
_rc5131699354fe6,var_2528,no
_rabceddb5239786,var_253,no
_rfcb3560e7efb5e,var_2531,no
_r39f3f81587c847,var_2539,no
_refed77404711d9,var_2540,no
_r18799f54a85f78,var_2541,no
_r75644be6c8121b,var_2547,no
_r03efbf64ae3ec2,var_2548,no
_rcca276955883e0,var_2549,no
_ra649b2da2069d4,var_2550,no
_r603fcf27b3d2b7,var_2552,no
_r48a9205a61f054,var_2554,no
_r3d2da5e564e51e,var_2555,no
_r6302bdc2854795,var_2557,no
_r3ca1a133ebdf14,var_2561,no
_r38860063d04cc4,var_2562,no
_r6d5f35354ef88e,var_2563,no
_r231423347be00e,var_2568,no
_r986f720eed64ac,var_2569,no
_r5ee3c6ebc1395b,var_257,no
_r16c6bef5ef3f74,var_2570,no
_r8083447c03337c,var_2571,no
_r481454430ed205,var_2573,no
_rad1207aa6f6e9a,var_2574,no
_r7a57117a92fbd1,var_2575,no
_rd23ae843b72720,var_2577,no
_rbdf73d5afc4b27,var_2578,no
_r43f475d24b8f4a,var_2579,no
_rd0e6bd2adebb5f,var_258,no
_r7d3a2d3c4cf41b,var_2581,no
_r140f774f2b28e0,var_2584,no
_r71be46d272bda4,var_2586,no
_r88149890566477,var_2588,no
_rc715b1af0d803d,var_2589,no
_ref5ead0d75ba6d,var_2594,no
_r4a533b5217f66a,var_2596,no
_r2d27fceb8c9710,var_2599,no
_rd2cab3d2664dd4,var_2605,no
_r41f9b5fe651827,var_2608,no
_r3f203868f14689,var_2609,no
_r2e2952864b29f7,var_261,no
_r7baf89334b9d00,var_2612,no
_r4d36ec22cb085e,var_2616,no
_r05772fd15c3231,var_2618,no
_r86cca559f113d2,var_2619,no
_rf0f8f6f45aba66,var_2621,no
_rb99809ad729a32,var_2623,no
_r3e1b8ef3620d88,var_2624,no
_ra1bfc1b1c9cedb,var_2627,no
_rcbae89fbfff370,var_263,no
_rc4c07bb1946799,var_2633,no
_r556153b0921f35,var_2634,no
_r0379b66c258efe,var_2635,no
_r50148ee3a8bf0c,var_2637,no
_r2737754b691a5a,var_2638,no
_rcd572b9c6a42a7,var_2640,no
_rca2e48e3fd5774,var_2641,no
_r3e162fc369fe53,var_2642,no
_r4f9415774a4707,var_2645,no
_r3b05be42d9f087,var_2647,no
_r9def8e771dac12,var_265,no
_rda8d4a38ca98dd,var_2650,no
_rbd07dfa4c58f33,var_2651,no
_r192062adb61051,var_2658,no
_rbc0966a1e3eff4,var_2660,no
_r4f4a9e51c2196d,var_2661,no
_r37490818699ed4,var_2663,no
_r88830b70e0dade,var_2665,no
_r41dbc35a09706a,var_2666,no
_rf1a47917776f28,var_2669,no
_r78679414057fc6,var_267,no
_r440254cbbd757e,var_2670,no
_rd705b5132cc01c,var_2671,no
_rd0ea15ec3a1e69,var_2673,no
_rda1a2449b4941b,var_2674,no
_r37546b563c2c10,var_2678,no
_ra6aaf991ca6206,var_2682,no
_reb98697a2266fd,var_2684,no
_r0c82f42714eddf,var_2686,no
_r8742085e37e2e0,var_2687,no
_r62ab2a411293a4,var_2688,no
_rc958e815e1629e,var_2689,no
_r67f9b65f954304,var_2691,no
_r7d7facc0faa694,var_2692,no
_r1e4ea5830ea0e3,var_2698,no
_r897e010141f10f,var_2699,no
_r610ce7693f4c1c,var_2700,no
_r549c983289afef,var_2703,no
_r604dc6a9c34dab,var_2705,no
_r1b2052c2650cff,var_2706,no
_r11e02360407734,var_2707,no
_re23eb75fc10bd6,var_2710,no
_r1e1180e30b9779,var_2712,no
_r9022ec8b6fabfb,var_2715,no
_r03c24bf8a6e7be,var_2716,no
_rf10d6ca5d67400,var_2719,no
_r66b71140c5315a,var_2720,no
_r43a2c0caeb55ab,var_2722,no
_r1a781979cc2dfa,var_2723,no
_r54034fec14d4f2,var_2724,no
_rf4efa8ac33a26a,var_2725,no
_r620a28a4d6db10,var_2728,no
_r91a50719773455,var_2730,no
_re9bde77b50e36b,var_2731,no
_r1d8c7dacae7479,var_2732,no
_r61465d8b53e067,var_2733,no
_r455f995dc78a95,var_2735,no
_rc34171f1a24b42,var_2736,no
_r12d2e5ee3d9a4f,var_2737,no
_r5e364d70166ab4,var_274,no
_r227e746f4889e6,var_2741,no
_r889629ec2a1e86,var_2742,no
_r897d4ac97311db,var_2746,no
_r0766111e22dccf,var_2749,no
_re8d83d0342e020,var_2750,no
_r1ed9b7a316a5c6,var_2751,no
_r42b4a245d13083,var_2752,no
_r622d15bd92d249,var_2753,no
_r993cf96cf1478e,var_2755,no
_rae289c696db6b9,var_2756,no
_r53e204774b5224,var_2757,no
_rb6df6b27131d05,var_2758,no
_r9fcffdc67109e1,var_2761,no
_r37e114bcd48cf0,var_2762,no
_radcdccf9fb95fa,var_2763,no
_re5615f6be5833d,var_2769,no
_r51b2e2617e354f,var_277,no
_re5e93a441fa289,var_2771,no
_r283a34de6e10d1,var_2772,no
_r968d386cbdb70b,var_2773,no
_r4f774bc69ff993,var_2775,no
_re1a0e373bb0ffc,var_2777,no
_r4f606c2424a0f2,var_278,no
_r0ca8ced8881ea8,var_2780,no
_r94b6f3910bb47b,var_2784,no
_r08f567bfca79b1,var_279,no
_r1b501e6c678ba9,var_2792,no
_refe7f8b6e4907f,var_2795,no
_ra181d3ffddf975,var_2799,no
_r93e4dd72d86d99,var_28,no
_r29732da5090a64,var_280,no
_r80e72a324b783a,var_2801,no
_rf39ced6dfdb97b,var_2803,no
_r0cd1343b6196ea,var_2805,no
_r3ee9cd248bda29,var_2807,no
_r406130c4fd59cb,var_2809,no
_rdc9945eeab8d16,var_281,no
_r1d12f13052c2a7,var_2810,no
_rb385e32676caf1,var_2811,no
_r2b6754d9f218c5,var_2812,no
_r771892ef823faa,var_2813,no
_r7e0c6eef4ccde1,var_2815,no
_rd4e86bb8ffa843,var_2816,no
_redca5ae059cf6a,var_2817,no
_rfe05e83546a7d7,var_2821,no
_r90dcd218536b3e,var_2822,no
_re40eee9e1203ca,var_2825,no
_r17e0af4e1aefda,var_283,no
_r2bfb0c10038363,var_2835,no
_ra73462c7f3cccf,var_2838,no
_ra9ca567f027245,var_284,no
_r6b2b397057e663,var_2841,no
_rc508897badddd2,var_2842,no
_r51b6865ce9cf40,var_2844,no
_rd2a6d0deed8058,var_2847,no
_r12928711b9c2fd,var_2848,no
_r15aad4e652db71,var_2851,no
_rbd6b252cd2643e,var_2853,no
_rc8b96f2477ff7a,var_2856,no
_r640267c5c6a8f8,var_2859,no
_r40728b5a3e2a7d,var_2860,no
_r4b51018620927e,var_2862,no
_r179946b3eb53b0,var_2864,no
_r45013e37b7efad,var_2865,no
_r4728fa254b9978,var_2868,no
_r21ab56cf4d79ae,var_287,no
_rffe87790396983,var_2870,no
_r10a35ae7088b9b,var_2874,no
_r212f384c53c99c,var_2876,no
_rf924f8f51912a4,var_2878,no
_ra620807fdb9d94,var_2880,no
_r4e2454f0822efd,var_2881,no
_r0019a462b0e616,var_2884,no
_rf395b9397ba215,var_2885,no
_rc71cae17b5fd1c,var_2886,no
_raaed5bb7918e67,var_2888,no
_r31f0882b4d5d77,var_289,no
_rcfb15334bf33f0,var_2897,no
_rfad7d79d29a21f,var_2898,no
_r205793c85d6561,var_2900,no
_rc69b4733435ed6,var_2901,no
_ra169ff8eecd5c7,var_2905,no
_r5d62e45aea018e,var_2907,no
_rd5daf8b541dec6,var_2910,no
_rccf00abe92c4b7,var_2911,no
_rb35fc7ce33c62d,var_2913,no
_r6e6e0205a182e1,var_2915,no
_r9e626843169ec1,var_2916,no
_rfeab401b57157e,var_2917,no
_r574425b146fd76,var_2918,no
_r3c36790a52958f,var_292,no
_r535623216b9984,var_2920,no
_r275289bb610bdd,var_2923,no
_ra76f6c57401c00,var_2929,no
_r5028b06a026257,var_2931,no
_r0beb4743d02dc5,var_2934,no
_r290197979b1815,var_2936,no
_rcffc8e42dca51e,var_2937,no
_r25e90e3d316a54,var_2938,no
_rb0ebb37849d93d,var_2939,no
_r940422a01ebd94,var_2942,no
_r22cce833b0caec,var_2945,no
_r79baaf5da64699,var_2946,no
_r4dd838ac5f3351,var_2948,no
_r6a7704bff229aa,var_2949,no
_r179cd414a3a279,var_295,no
_r6bcde139475bcd,var_2952,no
_re3b3091747b06f,var_2953,no
_rb387aafa0de115,var_2955,no
_rcc814260ef2a85,var_2956,no
_re054cfa4973e27,var_2960,no
_r33c026da890b57,var_2962,no
_r296078f3365c88,var_2964,no
_rad178e8d48167f,var_2966,no
_ra0e9df071c1248,var_2967,no
_r9f82944a38c0b1,var_2968,no
_read9f9702c9985,var_2969,no
_r7d34d3864ef7b4,var_2970,no
_r3a35af571e3d83,var_2971,no
_r29ad67dc415af0,var_2973,no
_r144cc9909505f5,var_2975,no
_r57966e1ad35f49,var_2977,no
_r818b3c5fb04982,var_2978,no
_r35b9e305fb24ff,var_298,no
_rfdac9c77e51a22,var_2984,no
_r78b049e30c1dd8,var_2985,no
_r57ff11936469cd,var_2986,no
_r31f96dddbc4972,var_2987,no
_r51ba4442388f0a,var_2989,no
_r5d00742cae007a,var_2990,no
_rfdf1998adc30be,var_2991,no
_r44c937d06bae40,var_2992,no
_r8be91fdde05d4e,var_2993,no
_ra3374a67ffd382,var_2995,no
_ra766b183ad0f63,var_2996,no
_ref16c613c71f8e,var_2997,no
_r778ae8a57e296d,var_2998,no
_r030d51ea77afd3,var_2999,no
_re0f1f3a529f501,var_30,no
_r550eeae0a4fc18,var_300,no
_rc9ef5571d7f6e9,var_3003,no
_r7d8a06a582934b,var_3004,no
_r36bca5724e2270,var_3005,no
_rde4467b13972fc,var_301,no
_r9a1b4f5f354bd3,var_3011,no
_rfa361c8608a1ab,var_3014,no
_r7d8768f7569c88,var_3016,no
_r35e9feb5deaa4e,var_3017,no
_rf83c0d02d566d2,var_3018,no
_r7154c4ec5fd93a,var_3019,no
_r1cfbe69528aaf9,var_302,no
_r765cf3b6f3ddea,var_3020,no
_r50f0e150b9f96b,var_3022,no
_rc7a99b1d2ca1f6,var_3023,no
_r98d7a5b603b61f,var_3026,no
_rc4face1e348f65,var_3027,no
_r1e4fb47ce955e2,var_3029,no
_re8c1b52f2867de,var_303,no
_r3bbf53752d1e11,var_3030,no
_rf7f1ca63de16ae,var_3032,no
_r648725a331f53c,var_3033,no
_r74b7f3840fbe4e,var_3034,no
_r138700d926265f,var_3036,no
_r5c4fb698f3340f,var_3037,no
_rca0cb0dd284182,var_304,no
_r6987b58dce3391,var_3046,no
_r31b4fb9e761174,var_3049,no
_r63736a04b5f54e,var_305,no
_rdbf2bd30d11d58,var_3050,no
_rc81a8ee07a8db7,var_3051,no
_raa54083fd5979f,var_3055,no
_rf88c103a9e477b,var_3057,no
_r8d6081cd770c32,var_3063,no
_re073b6790e8ad1,var_3065,no
_re97d652bfbce86,var_307,no
_ra97970d434d0b0,var_3070,no
_rc5e887446457c0,var_3072,no
_r6b1f007a3b36ad,var_3073,no
_r4a64593d11d85f,var_3074,no
_r1d3d8c17cdec0c,var_3075,no
_r9b5c406d123be9,var_3076,no
_raf67109aca1a0e,var_3079,no
_r6155dd02df6457,var_3084,no
_r650332a99ac829,var_3085,no
_re5719280c7bc35,var_3087,no
_rd063ce9971a570,var_3088,no
_rd7be78c7c6f56f,var_3089,no
_r3d687bddf323cb,var_3092,no
_r435ccbf4d5f287,var_3093,no
_ra0e0c1fb12de94,var_3096,no
_r25fcf46d9a5689,var_3099,no
_r4da5a036583fc2,var_31,no
_r529193cdfe28d3,var_310,no
_r25a7449e4f356a,var_3103,no
_r805f47dbed0145,var_3106,no
_rf4631defae1af1,var_3109,no
_r8d1f3f41e22582,var_3110,no
_r66ee7b92721f9f,var_3113,no
_r59f6c046345fef,var_3114,no
_re45d66a95e7b1d,var_3115,no
_re376fe52e0201e,var_3117,no
_rae3e60c466a2aa,var_3118,no
_rda6fd8d416216b,var_3119,no
_rad1632ff3f68bb,var_3123,no
_re7927165a65ac5,var_3125,no
_r5c4ac336b9c6c0,var_3126,no
_r4d8a9b6b618898,var_3128,no
_r65165a6fd67ee6,var_3129,no
_r7889fee6acd217,var_313,no
_r8f5cfa2be8c0c1,var_3130,no
_r86569c62fb8f50,var_3131,no
_r3f7ba9a1473870,var_3132,no
_r5a4329c18e28ce,var_3133,no
_r21bd2bb82c7d2d,var_3134,no
_r176e746da766f2,var_3135,no
_rf8172230b91039,var_314,no
_ra8253f6e792bca,var_3140,no
_rb92b5a85449ebe,var_3144,no
_r8b8a46abdadbcf,var_3150,no
_r8caad6b3c31d8b,var_3152,no
_r8d1a693329c13b,var_3154,no
_r606238cdcb78a8,var_3155,no
_re4af521a4e3f11,var_3156,no
_r9249ac27c4459a,var_3157,no
_r2a73cb8d5bf3d6,var_3158,no
_r385addffb8e773,var_3159,no
_r947fe061e0810b,var_316,no
_r92d6781f67a20a,var_3162,no
_re8b67f104a33d9,var_3163,no
_re14eeca7ce5aa6,var_3164,no
_r01f2fa522985d6,var_3165,no
_r0d65a16c553fdf,var_317,no
_r8ec11fef4dd704,var_3170,no
_r93ec800224be4f,var_3172,no
_r5c8f84f9dd9354,var_3173,no
_r5cd638039ad8d4,var_3174,no
_r943aaecc65ec38,var_3175,no
_re8c93eeb523816,var_3176,no
_r4ef57f79fc6f2b,var_3177,no
_r7a7b3a5ba8247e,var_3179,no
_ra51bc892524a09,var_3180,no
_r3b6edffe859553,var_3181,no
_r0b01c7639f0d65,var_3182,no
_r403bd9cfa0faf4,var_3183,no
_r2d8f093d69d1af,var_3185,no
_r9c01abd1a79f5a,var_3186,no
_r3aa7a5743bdde8,var_319,no
_r739133d5d14746,var_3190,no
_rd14ee40b9d7b18,var_3191,no
_rc730a9b7f39c21,var_3192,no
_r9699c9e666e411,var_3195,no
_r2873adad99e4b8,var_3199,no
_r36df5b7e3ec3c6,var_32,no
_r3b704efbe95c86,var_3200,no
_rd2483e156fdbd8,var_3201,no
_r78ca7bba7e9ce0,var_3202,no
_r37be46ce401a40,var_3203,no
_rdb5ad32d825be0,var_3204,no
_rc82f2f354f9c8b,var_3205,no
_r0182cd67a71663,var_3206,no
_ra341e4064b070d,var_3207,no
_r21cb09db862866,var_3208,no
_racaec45eab9a0a,var_321,no
_r005c83e2e66c51,var_3210,no
_r4fa0593b21a8e9,var_3211,no
_r879d1950657800,var_3212,no
_ra778d393b70544,var_3213,no
_r0aa7ba34fe2e21,var_3214,no
_r0f40b712182ed2,var_3215,no
_r278e0cbe5ef302,var_3216,no
_re570a283164833,var_3223,no
_r59d2e7364ecd08,var_3225,no
_r3585865c6e6fd1,var_3228,no
_r643d171a0abf2e,var_3229,no
_r7f970f313c79e3,var_3230,no
_r2d3c8db980f9a6,var_3231,no
_r5a1ea19d698830,var_3233,no
_r6a7416411ca803,var_3234,no
_ra45248b6eae38a,var_3236,no
_ra48ff652f8b101,var_3237,no
_r5a8f7d766a03a1,var_3238,no
_rc085cb7ce91c4e,var_3239,no
_reedc28a74bfacc,var_324,no
_r7a0ae452d9e050,var_3240,no
_r6450225ef92739,var_3241,no
_r8c7814b15b3a1c,var_3244,no
_r2bf282ad994247,var_3245,no
_r475f4dc77fc4ca,var_3246,no
_r79ae6780a4d924,var_325,no
_r9fd04b2ad7f4db,var_3253,no
_ra97b4c2141d260,var_3257,no
_r3ce405148f013d,var_3258,no
_r3dd9f57c9b4f10,var_3259,no
_raeec56a2a5b7ce,var_3260,no
_r7ae136bf253b3a,var_3264,no
_r05b048b163d344,var_3266,no
_re175b9c6213e2e,var_3267,no
_r2976b517dccff2,var_3268,no
_r3b575e35a24da7,var_3270,no
_r7cc5e99685d823,var_3271,no
_rf09c4177cc6df3,var_3272,no
_r15be1cca57bddf,var_3276,no
_rf79478d739aeb3,var_3277,no
_rc67668e049a99e,var_328,no
_r52b3069263db0e,var_3281,no
_rd09759d38965f8,var_3283,no
_re5058d98d0e516,var_3284,no
_red8a11f2311015,var_3286,no
_r38b5dfc0409638,var_3287,no
_r180e0f4eccf2d0,var_3288,no
_rffc54de6306f20,var_3289,no
_r7200b8fc7040b4,var_329,no
_r8415df1f03a308,var_3290,no
_r89610be44be1f2,var_3292,no
_r3c58c918cde31a,var_3293,no
_r14c28649a434d2,var_3294,no
_rca5858f742e912,var_3295,no
_recf5da4027f08d,var_3296,no
_rda6fc88a3f0281,var_3299,no
_raf1a79a1ba3d6e,var_33,no
_rb5704de7c15050,var_330,no
_rf21172269e1ea2,var_3302,no
_r63b321013339e4,var_3303,no
_rc46ba34b4f79cb,var_3305,no
_rf3208e5f616c79,var_3307,no
_r59e562216aabb1,var_3309,no
_r7f349487640e42,var_3310,no
_r93a0caa854dfbc,var_3312,no
_r80f3ea2c426c23,var_3316,no
_r9a9f016655d942,var_3318,no
_r18a0e5ec91afff,var_3319,no
_r120adbbf001cd5,var_3321,no
_r34d48b6f1d0196,var_3322,no
_r7e2d319a1fc41e,var_3323,no
_r781a6b7f4c8655,var_3324,no
_r59ba80b41fc95b,var_3325,no
_r7a3573dd15c98e,var_3326,no
_r52c71d680dbb98,var_3327,no
_rf306dbd6de4ace,var_3329,no
_rad1684aaeb4e83,var_3330,no
_r58915d16fd28b9,var_3331,no
_rc541849b91d153,var_3332,no
_r67472702466b9d,var_3335,no
_r9ede44c5c0ef69,var_3337,no
_ref262f3bb533f7,var_3338,no
_r86cc0d925b96c5,var_3339,no
_r78400b15ab84e2,var_334,no
_r7e03f0784c67f5,var_3340,no
_r6fa70990b3ca01,var_3341,no
_raed90448f00c8d,var_3343,no
_r1a530feb5265ab,var_3344,no
_r6c2561be6edb3d,var_3345,no
_rca9c8b708d0900,var_3346,no
_rcdc8d3885e7843,var_3350,no
_r75d0d0c43fa475,var_3354,no
_r26c2767fa66d88,var_3355,no
_rbd0f3d064c5308,var_3358,no
_rf4deced491304b,var_336,no
_r8641907524a258,var_3361,no
_rcd0bd71d01e1d3,var_3364,no
_r375b5c234e53f3,var_3365,no
_r96f18a081a8fd7,var_3366,no
_r5b9770b2a23850,var_3368,no
_r656bd405a14fbd,var_3372,no
_r0b009ab27c0a56,var_3374,no
_r1f983e820fecb9,var_3375,no
_r60bf6c1f26d8ba,var_3376,no
_rd9076811f33218,var_3377,no
_r922a52c14deb75,var_3378,no
_rb0fd6725e16b40,var_3379,no
_r1954e08aa32c6e,var_338,no
_ra4e10ae8508dae,var_3380,no
_r800fb8f0419061,var_3382,no
_radd8b13d490ba0,var_3384,no
_r053fc22c202f4d,var_3385,no
_rb43c5b4555c6a9,var_3386,no
_r0f9ca638d68d9d,var_3387,no
_re2b529007f6550,var_3388,no
_re0cfa0b2ede294,var_3389,no
_rbf8481fe952cfc,var_339,no
_r7105c557d0f25c,var_3390,no
_rea52b1b52401ff,var_3391,no
_rb74a3d71513509,var_3392,no
_rfb46eef91f9417,var_3393,no
_r526cfd0939fc10,var_3394,no
_r2599d8d68172ae,var_3395,no
_r29c9b1f031d62d,var_3397,no
_r10e12d2d305a13,var_3399,no
_re2fdb76d37ced5,var_34,no
_rcc4130ad837503,var_3400,no
_r4357a6ec41aa46,var_3401,no
_r343c3bc9b48063,var_3402,no
_r3e2a0b6ca2c847,var_3403,no
_r0f211761b12b20,var_3406,no
_rdaee664363fd4e,var_3407,no
_rfcb71a034ad1c5,var_341,no
_rc965dec0532288,var_3411,no
_r5c9355878d09a2,var_3412,no
_rd64075899ecfea,var_3413,no
_r07184c1d17be62,var_3415,no
_rae12e52bf49d1e,var_3417,no
_r0ccccc33acce8a,var_3418,no
_r54cf2d06acf16d,var_3420,no
_rfa5a2d1c939015,var_3422,no
_r40d654b31c7b18,var_3423,no
_r618bac72c8f918,var_3424,no
_rf732abf36be085,var_3425,no
_rb814fd48306a9b,var_3427,no
_r7a5c69c7386ce6,var_3428,no
_rbe2a317d079d16,var_343,no
_reb46254a65c8f4,var_3430,no
_rcf80c1bfbf63e6,var_3434,no
_rf15341bf9d709c,var_3436,no
_r1f6cdc7a0a7c01,var_3437,no
_r0710713b380dc8,var_3439,no
_r8411d4d94ff1a1,var_344,no
_racf89a8265ff7a,var_3440,no
_r6894190bf0f2ce,var_3443,no
_rd91e7f599bb5ab,var_3445,no
_r8921a73c27ea5b,var_3448,no
_r5502f5e30ad262,var_3449,no
_ref9222d643c42c,var_3450,no
_re101bba67f14da,var_3452,no
_r7da62e8a30d143,var_3454,no
_r3271cd009ed6dd,var_3455,no
_r2c21af3d3e648e,var_3458,no
_rc0fa29d50c0414,var_346,no
_r8666310937bc70,var_3460,no
_r1b920ccbd3c040,var_3464,no
_r7d08e3cc45922b,var_3465,no
_r348dbef38885b1,var_3466,no
_rcf8fbb6d897d55,var_3467,no
_rb6bf45224fb869,var_3468,no
_r3f3d1dda16b2a7,var_3471,no
_rdd4b7e6c1c19de,var_3473,no
_r165c31913c14af,var_3477,no
_r1d69f4bef9b1d7,var_3478,no
_r065f94f9e4b4ba,var_3479,no
_r562a619bb2b627,var_3480,no
_r76a20e87bee692,var_3481,no
_r19c00e75819125,var_3482,no
_r56d19157d60ee2,var_3484,no
_rb26092f823756b,var_3485,no
_rf58fcdfc614745,var_3486,no
_r233727e857f24f,var_349,no
_r641cf471faca2d,var_3497,no
_r99f6426fc44d8f,var_3498,no
_rcfc840d7823940,var_35,no
_r9665c3e5b750cb,var_350,no
_r053cf4ed45c7fd,var_3501,no
_r9967dc738bba83,var_3503,no
_ra21fd4b9f609a6,var_3507,no
_r2f4fc5b3cb3e56,var_3508,no
_rf2ec053f1cd176,var_3511,no
_r19fa5d4ceae083,var_3512,no
_rf72fb62a4dfa65,var_3514,no
_r0ec9f1c2110ca0,var_3515,no
_r209d00c8f33110,var_3520,no
_r9b246ca53c25a4,var_3521,no
_r09a8c88ea0e67f,var_3524,no
_r342754e8068efc,var_3525,no
_re80192fff2912c,var_3526,no
_rd0eff999e45dd9,var_3530,no
_r69515bcb16a68a,var_3531,no
_r322b3166b068e8,var_3532,no
_r7ca72116d771f3,var_3533,no
_r777d79f07041a4,var_3535,no
_r95ea6bd95ee527,var_3537,no
_r8f865f4b1a4b3a,var_354,no
_r1ffd81e4fa6696,var_3540,no
_r5b8afdb2c689fc,var_3542,no
_r5405b33586b1d0,var_3543,no
_ra4e9ccc6a76f26,var_3545,no
_r37ae55c5c19323,var_355,no
_r8278ae64fe83ff,var_3550,no
_ra14297947404eb,var_3552,no
_r5b4cdf0edbe372,var_3553,no
_re5a90740b6f4a7,var_3558,no
_r7558212566dd8e,var_3559,no
_r9795c409b1580f,var_356,no
_r1cda961b94faa8,var_3563,no
_rc5e7cd21d572ea,var_3568,no
_r7f151ea7382e6a,var_3569,no
_r4061eb98d29fcb,var_357,no
_ref0dddde204754,var_3570,no
_rb22807784f8097,var_3572,no
_r92a191f3d940bd,var_3573,no
_r46d695a89afe0f,var_3574,no
_r5a7e34ccec48f5,var_3575,no
_re56118053c7632,var_3576,no
_rb474b0158c9769,var_3577,no
_rc1fa21c88cb2cb,var_3581,no
_r5bcae9a59c5595,var_3582,no
_r30dd8dccca105c,var_3585,no
_rf6ed1455565e4b,var_3587,no
_r943d74425be161,var_3591,no
_r40bfe781483f1a,var_3592,no
_rdb151ddef4bc18,var_3593,no
_rc6d5ed8d8c4f8e,var_3594,no
_r93b9477a4f68b1,var_3595,no
_re1cb70a73a2a36,var_3596,no
_racdf1790add19e,var_3597,no
_r3bb99cb5752eb2,var_3598,no
_r36066864216045,var_36,no
_rb3c62fdbb442c4,var_3600,no
_r537b1e2bd7d711,var_3602,no
_ra4b9d3b85d6aab,var_3605,no
_ra74c94e84b1d75,var_3607,no
_r13976caaf7ebcd,var_3609,no
_r07bf86261d1476,var_3610,no
_r2252b7b5fc95d4,var_3613,no
_r32980ff6846c1d,var_3615,no
_r9ff0ffc7cebd12,var_3616,no
_r621211d32bbe71,var_3617,no
_r574128ac96b3ea,var_3619,no
_r350659dc412319,var_3621,no
_rf347a421e7e2a3,var_3623,no
_r077d6e5a477f31,var_3626,no
_racefab584bcc1e,var_3627,no
_rac7579c80649bd,var_3628,no
_rf194c49946079b,var_3629,no
_rde96581768177e,var_363,no
_r34f7dda277e6bd,var_3630,no
_r68beed015fe98d,var_3631,no
_r98f4800cd5d3a5,var_3632,no
_rc8c9a63a5030d9,var_3634,no
_re21d85f9909d6d,var_3635,no
_r320030bb75e200,var_3636,no
_r9ffbb46766dc44,var_3638,no
_r2f963598af7027,var_364,no
_r7c082f914527f2,var_3640,no
_rfda1f2dc4014a8,var_3642,no
_r3de8b80c243ef7,var_3644,no
_rd78ef29d439db9,var_3645,no
_re30299afcb2a5a,var_3646,no
_rb750182d6994ec,var_3647,no
_rd9eaf81b5a82a6,var_3649,no
_r075e4b289629f8,var_3650,no
_rf00cd15b26e5f1,var_3651,no
_r360f6f873316fb,var_3654,no
_reaeaca6c6c4cdf,var_3655,no
_r5657b8709a4667,var_3656,no
_r1246896855cf22,var_3657,no
_rc189dc475a164e,var_3658,no
_r78d1a3ea4f3930,var_3660,no
_rfbde718696093b,var_3662,no
_r0268a6a621884e,var_3664,no
_rdc3b9c38c603e3,var_3667,no
_r2c79583e952d08,var_3668,no
_re35259c25b580b,var_3670,no
_rc9fa38bccd7bd9,var_3672,no
_r1480b5db9fba26,var_3673,no
_r90209f5f2e17bd,var_3674,no
_rf1e7d17ea472ad,var_3678,no
_rbb77742fca9044,var_368,no
_rd6077547122421,var_3680,no
_rb41bee7578c08a,var_3683,no
_rbc628d2994fd81,var_3684,no
_r3aba6666bca34f,var_3685,no
_r53e9c71dab79b0,var_3686,no
_r1fa216c1531b19,var_3688,no
_rda3d58b72ddd05,var_3691,no
_rb42babd4c58931,var_3694,no
_r1db8d6e1d29097,var_3695,no
_r6b0cc8d7a06cac,var_370,no
_rbe75fd83d22447,var_3700,no
_r46bd4042d31d16,var_3701,no
_rb36fbd450204b1,var_3703,no
_rfdda134a4abce8,var_3704,no
_r1467b91adf696d,var_3705,no
_ra525ad0bc2a6c7,var_3706,no
_r220dcd58d808bb,var_3707,no
_r7d9a031b401d30,var_3709,no
_r6cd3537dfc63da,var_371,no
_r2508a0925c62ea,var_3710,no
_re0948854057602,var_3711,no
_rc74c4cc11a1844,var_3712,no
_r65edea0a5ab5a7,var_3713,no
_r0953e2db3acba5,var_3715,no
_r8c741fa9fafc03,var_3717,no
_r4b6b6401f08b49,var_3719,no
_r232dbaa1f63516,var_3720,no
_rea40853279de82,var_3722,no
_r6831cd743091aa,var_3723,no
_rcea67c93501bc4,var_3724,no
_rb9c0b42e52d13b,var_3725,no
_rc0dbb8421dc2be,var_3726,no
_r53a25cf94b4052,var_3727,no
_r3466cc2718c2fd,var_3732,no
_r52e9b1f6de4dc8,var_3734,no
_r10a40acd381163,var_3736,no
_r2814a44168378d,var_3739,no
_r9fc0e283d87862,var_374,no
_ra9aeb0512670c0,var_3742,no
_r641299b1ea6a6c,var_3743,no
_rf114ea86840a2d,var_3744,no
_rbb635adba75102,var_3745,no
_r21dc0a733d34c1,var_3746,no
_rfdc1e35c50a257,var_3747,no
_r1e09eda2e8558a,var_3748,no
_r43690a8ecaddec,var_375,no
_r8d1575ba2723c1,var_3752,no
_reb3b4cc726ef46,var_3753,no
_r773e69de4b1773,var_3754,no
_r726570d52bb263,var_3756,no
_rf05bee463bc2e9,var_3757,no
_re1c3f484613577,var_3759,no
_r1a6786cc2b4456,var_376,no
_r396387dae7f405,var_3760,no
_r801ca13480e189,var_3761,no
_ra826fa5d9ceb20,var_3765,no
_re53a89ce35369a,var_3766,no
_r3c354b4647fd99,var_3768,no
_r0076508702dc78,var_3769,no
_r2fe51ebd2730ce,var_3770,no
_r19bff94fe4c5f7,var_3772,no
_r1dd76eeda5dd9d,var_3773,no
_re99f0b08448cad,var_3776,no
_r042ab8fe3f0d59,var_3777,no
_rf3c956bda1a8cf,var_3778,no
_ref86687c9d8674,var_3783,no
_rcce7eb62af2138,var_3785,no
_r7deb7c81af44de,var_3786,no
_rec753539ed3b19,var_3787,no
_r37a9efdb989b6a,var_379,no
_ref8b830001a6c5,var_3796,no
_r9db58e30fef488,var_3797,no
_r25bc901fdd3957,var_3798,no
_r24c6d2738b5240,var_3799,no
_r96c54bea450a4a,var_38,no
_r0fce716f15dc63,var_3800,no
_r70a70ff9a50919,var_3803,no
_r334d1099791a1d,var_3805,no
_r0b1919207c80a2,var_3807,no
_rd74a027529ab64,var_3810,no
_rb85effc2206b62,var_3815,no
_re2e906a0b949a1,var_3816,no
_r956143a21bf24f,var_3818,no
_r503a3d41c66a09,var_3819,no
_r8b2d7235c9f79c,var_382,no
_r0adb77bfc535e8,var_3820,no
_r056806475a5f4d,var_3821,no
_r091579945da585,var_3824,no
_r643f5bbf5265d2,var_3825,no
_r225c583f2bb946,var_3827,no
_re09b7902f2e669,var_3828,no
_rcfcbeed8b10ccd,var_3829,no
_r5f57e9c43eac06,var_3833,no
_r5bae325beb3daf,var_3834,no
_r22665946354272,var_3835,no
_r87a71345436ed6,var_3838,no
_ra53e2685e77269,var_3840,no
_rb05f34fe198140,var_3844,no
_r48837673112441,var_3846,no
_r76e4b00f4ef678,var_3847,no
_r55fd78be4a0fa8,var_3848,no
_r179ac38d12e036,var_3849,no
_r55d0aebfe161c8,var_3850,no
_r5e6a1b0b9a920a,var_3854,no
_re34d93582f9af7,var_3856,no
_rc34384755684dd,var_3858,no
_r687fa8b830bba4,var_3861,no
_rd151c99d9546a3,var_3862,no
_r1731880f73469c,var_3864,no
_r0ee884e0e17a95,var_3865,no
_r2407de5446ffb8,var_3867,no
_r64cd0c639adddb,var_3868,no
_r0a18614de69f08,var_3869,no
_rdf468d249ae161,var_3870,no
_ra200ac41076a86,var_3871,no
_r6354dddfa6ea39,var_3874,no
_rbf2bcf7249f914,var_3875,no
_r620c794735846c,var_3880,no
_r12c6be67a526a3,var_3881,no
_r0078edcd07e226,var_3882,no
_r221fc68e60ec66,var_3883,no
_r20234b7a3a5190,var_3884,no
_rf09af6b7cfe47f,var_3887,no
_r505835e01015cb,var_389,no
_r20921577355a5c,var_3893,no
_rbab8db797bd066,var_3894,no
_r72905b68a6173d,var_3896,no
_re07088e7f2aed0,var_3897,no
_r3e5ce2102d77c1,var_39,no
_ra5a70b1f6e8e12,var_390,no
_r320ef1ab832838,var_3900,no
_r4aaf15c8369f0e,var_3901,no
_r1bb396ecafa614,var_3902,no
_re637a8d5fefc0c,var_3903,no
_r2f3ac38b3522c1,var_3904,no
_rb0850f29ef22ea,var_3905,no
_r2ecf691128cb1c,var_3907,no
_r409df737e870fc,var_391,no
_rc60aa0cfb3577d,var_3910,no
_r368afc83314096,var_3911,no
_rb7975d3ac59ea5,var_3913,no
_r6c90279b377700,var_3915,no
_rfa120a30f320f3,var_3916,no
_rc41efa0ee34a44,var_3917,no
_r28ff10367fb0cf,var_392,no
_r93600b0c8aaa2f,var_3921,no
_reea204c4d826b1,var_3922,no
_ra33b297fdd4948,var_393,no
_rd91532e292c2be,var_3930,no
_r34450f388fcf7b,var_3932,no
_r7a82b638a6442f,var_3936,no
_rad0e01444d2c78,var_3938,no
_r019f2c8f6ddfab,var_3939,no
_r6efa10c4ad360e,var_3941,no
_r4096dbd4cbe6af,var_3944,no
_r3e69cacbf8ff9f,var_3948,no
_r9fd67239ac9041,var_3950,no
_r3435aed77f5c9d,var_3952,no
_r7975d75df868d0,var_3954,no
_r0527cf0387563c,var_3955,no
_r15e6caff5dad03,var_3959,no
_rae7588326f4892,var_396,no
_ra9bafabab633f8,var_3960,no
_r01a5e68e835e97,var_3962,no
_r77b5500907b74c,var_3963,no
_r66c73fa0053979,var_3965,no
_raea23a077f71cb,var_3967,no
_r2c70d970c52af1,var_397,no
_r2749f2d09017c2,var_3972,no
_r8747f43411e02a,var_3973,no
_r792864f9978f21,var_3974,no
_r23b76759aacd64,var_3978,no
_r683bffbee56476,var_3983,no
_rcecdb2d1629a72,var_3984,no
_r7a421ddea7d603,var_3987,no
_rf3e2ced1c52d5a,var_3989,no
_r7d5886d05eebb0,var_399,no
_r9d586d31019982,var_3990,no
_r036e445050eb71,var_3993,no
_r659d7369d5dd24,var_3994,no
_ra1be1765a20065,var_3995,no
_r675f2add931eda,var_3996,no
_r577ef60ace8613,var_40,no
_r435ecb39bf7696,var_400,no
_r420fc8eaddbbc1,var_4000,no
_r2f75e66cd454d8,var_4001,no
_r94f1e70f72970e,var_4007,no
_r1599035f1d0147,var_4008,no
_r6b9c6afd4ed878,var_4009,no
_r764d2b58ee66ed,var_4010,no
_r7ec9bdbb02fde9,var_4014,no
_rfb721559e6070a,var_4015,no
_re1e3fd3ec1c6c8,var_4018,no
_redcfc59a4df7f9,var_4019,no
_rc8d64f01344f4c,var_402,no
_ra8a0f04695f08e,var_4020,no
_r9fcf9cd00f8d2f,var_4022,no
_raabc920a6d2b1f,var_4023,no
_r34816aaf92c281,var_4024,no
_ra75ee3d0c8af65,var_4026,no
_rd5f9eb32aed650,var_4027,no
_rac27cffb04d2ac,var_4029,no
_r13e608ac43ac5d,var_403,no
_r2fca8e001bbf08,var_4035,no
_r789c187365cd13,var_4036,no
_rccebe254f97a93,var_4038,no
_r7a5b985d6c4549,var_4039,no
_reed9362ab0df8f,var_4040,no
_r604aeb95920312,var_4043,no
_r64573878e260b7,var_4049,no
_rc1da63920be6c9,var_4051,no
_r27b0baa06b1eea,var_4054,no
_r7cad00e415def6,var_406,no
_r3b7d64c81afbcd,var_4061,no
_r5561057fd80443,var_4063,no
_rc2e153925761a6,var_4064,no
_r3673b4e6ca8366,var_4067,no
_r27b30d8811435d,var_4069,no
_rd04c40b0bc7c21,var_4071,no
_r15666210cd1e7b,var_4074,no
_rc9bb58fae83dd3,var_4076,no
_r2dc4596e4acc50,var_408,no
_r02460049d42f89,var_4080,no
_r3652297563be1d,var_4081,no
_ra52882af277058,var_4082,no
_r733acfb916af11,var_4083,no
_r25b856747f0e71,var_4084,no
_ra211d44f1cc248,var_4089,no
_r21a6fc78642efa,var_4094,no
_re4b9adf91c8160,var_4097,no
_rf70338738b752d,var_4098,no
_rc439bff29f111f,var_41,no
_r334d22be8c95c0,var_410,no
_r08da292012315d,var_4101,no
_r9c0031f1c885cb,var_4102,no
_r8fb6f7071d280b,var_4103,no
_r22a9bae171981d,var_4104,no
_r30c3816bbea774,var_4107,no
_r749bd7572b20ed,var_4108,no
_r964f68bf954de7,var_411,no
_r0d29811038688e,var_4110,no
_r06e2d088e5120b,var_4111,no
_r5ba144dc7b5a67,var_4118,no
_r6174eb15deb23e,var_4119,no
_r6e97808ccacf4c,var_412,no
_r3bb8e8768dc21e,var_4121,no
_r04a8efddac9e78,var_4122,no
_r98ed2b53b8d51a,var_4123,no
_rf4ee71cd14e458,var_4127,no
_r6ba8d999319d38,var_4129,no
_r8f4373badc822c,var_413,no
_r003be5a00cd812,var_4131,no
_rfbe7a654f32dd8,var_4132,no
_r420e9a91b22446,var_4134,no
_rd055d1215fcb53,var_4138,no
_r9bddcc05d14c85,var_414,no
_rc95bee155cf824,var_4141,no
_rc5cf619fecf930,var_4142,no
_r8d9c7b2b6cb754,var_4143,no
_r96d04a4e76c74f,var_4144,no
_re2a6bd304c53aa,var_4145,no
_rc952777377fe1a,var_4146,no
_re9dfe6d3622030,var_4147,no
_rb4fd00083b3fbc,var_4148,no
_r7646ebe5ea8be4,var_415,no
_rb61d8517021368,var_4150,no
_r2ecb38eb130eb0,var_4151,no
_r961e1b7404abdb,var_4154,no
_r9343876a1424b3,var_4155,no
_r73ad0730b62fac,var_4158,no
_r370b663f4167ad,var_416,no
_r6cca9c3aa14ece,var_4161,no
_ra8a808cf63100f,var_4162,no
_rc0e65f1ce6e87a,var_4163,no
_rcceb34ac727af5,var_4164,no
_rcb3ceed602369d,var_4165,no
_r6553b9e9c5dcbd,var_4168,no
_re4bf6e78abe3e4,var_4170,no
_rf9a3b2ce64839c,var_4172,no
_rf547efd20ef30b,var_4179,no
_rbee2bd301037d0,var_418,no
_r7044254fd67fb8,var_4182,no
_r71b1f6dd69bfac,var_4184,no
_rc0dc65d32ce579,var_4187,no
_r41e197e069b5b8,var_4189,no
_r187160789c071a,var_419,no
_rdc99a7df58df42,var_4191,no
_r85e336cb581cca,var_4192,no
_r018d34912b3d6b,var_4193,no
_r237936a1381cbd,var_4195,no
_rbad0c3507be90d,var_4199,no
_r4503d3a1c6dace,var_42,no
_r5593fb126fd858,var_420,no
_rbe02ca045885f9,var_4202,no
_r42bc3dd9a7af5e,var_4203,no
_r4a240578dac98f,var_4206,no
_r55f18dae428421,var_4207,no
_r958948d50b40f5,var_4208,no
_r47269170002fc2,var_421,no
_r4d5fe1903aaf72,var_4215,no
_re5280d92752560,var_4216,no
_raf3c5876bfcabd,var_4219,no
_r03cf8eaf15f424,var_422,no
_r879c4738b5e315,var_4225,no
_rbd9bf7c8de3332,var_4228,no
_r4c9574921e4bcc,var_423,no
_re869ccfc1f7c41,var_4231,no
_r33e4452f778f54,var_4232,no
_r990167c0074a06,var_4240,no
_r93d7adf60dc26f,var_4241,no
_r27c1397c0d08ad,var_4244,no
_r7d73446481d6bb,var_4246,no
_r275b6f5d908a43,var_4247,no
_r6834617f32065c,var_425,no
_rc0199a48ff3969,var_4254,no
_rcfce0abe4c3d68,var_4256,no
_rf914e52b5a027f,var_4258,no
_r4784d3c3df22eb,var_4259,no
_red66bb191aa54c,var_426,no
_ra08bdd9867636f,var_4265,no
_r5a6beecab4e169,var_4268,no
_r44914a9c2ac973,var_4269,no
_r3ccc27744a9260,var_4270,no
_r2a6b6a70590b01,var_4273,no
_rf42d3f3956ff90,var_4275,no
_rd84b47f98dce5d,var_4278,no
_rd1e45710b918c7,var_428,no
_rf94eac36f597a7,var_4280,no
_ra56c5e51e7dd42,var_4283,no
_r3b8ccab7301bdf,var_4285,no
_r81f757232ce835,var_4288,no
_r4bdae5d2eb7a0f,var_429,no
_r0367274986a5dc,var_4294,no
_r022676c9fa192a,var_4297,no
_r9dc9fb776f9ae3,var_4301,no
_ra246fda9fef22f,var_4303,no
_r16864ee241203c,var_431,no
_r4869bd1085985e,var_4311,no
_r7ae031edc1fe60,var_4313,no
_rdf86f9162be919,var_4314,no
_rd3c849e7e2fbee,var_4316,no
_r7bf0540458865f,var_4318,no
_r8ccfd8d47a12ff,var_432,no
_r443ca96c83c1e4,var_4324,no
_r3c4a7c00530749,var_4325,no
_r356535837d7e93,var_433,no
_r5cbc5bc6bbed15,var_4332,no
_rb095f2f363c868,var_4336,no
_r1ee991f638b0b0,var_4337,no
_r28fd64ee5178cf,var_4339,no
_r8902a6faf1964b,var_434,no
_r4aca721c593c5d,var_4340,no
_r6603270c34ccd4,var_4343,no
_rdbfd129ea0b023,var_4347,no
_rfe4def4011be44,var_4349,no
_r350dc044a584e5,var_435,no
_rc7896f9534a84d,var_4351,no
_r64986edd83c9d9,var_4352,no
_re521b39d69832f,var_4355,no
_rd235111b213e79,var_4357,no
_r50edc42707fa61,var_4358,no
_rc2bb05c47965ce,var_4365,no
_rdf4792bb48f01d,var_4366,no
_r294c974cfcac57,var_4367,no
_r758115c7d133da,var_4368,no
_r7a6f90c01a504c,var_4369,no
_r5eddda9087bffe,var_4371,no
_rc5388a39488afc,var_4373,no
_rd82540b063d751,var_4374,no
_rdae4b6862750fd,var_4375,no
_rc6e5e9bd7584d6,var_4376,no
_re815154e648569,var_4378,no
_r82610b91a5fc2b,var_438,no
_re73c22ad0f1abc,var_4383,no
_ra0b3a55f1aa1b9,var_4384,no
_r91b55f58a64a6f,var_4386,no
_r24050c1d3abb73,var_4388,no
_r867e8664e1b3ef,var_4389,no
_rd85adb12a12d3e,var_4390,no
_rd7cc793257d42c,var_4391,no
_r6e40c2ff8e29ec,var_4392,no
_rf24a6a21137dd1,var_4393,no
_r903c1ec627ee12,var_4394,no
_r354eff6ffa3708,var_4395,no
_rdd8331b745b443,var_4397,no
_reef90f0460a5bf,var_44,no
_r394ecb62264fc4,var_440,no
_re2c89cacbbbd85,var_4400,no
_r4437175d232a82,var_4404,no
_r6afdc984cbce82,var_4405,no
_rb21df3620c903f,var_4406,no
_rc646a402d65ca4,var_4407,no
_r7b0ae0eeb79136,var_4408,no
_rc8db977c81d499,var_4410,no
_r257e99de8a9f17,var_4411,no
_r5422f0cd18dbc4,var_4412,no
_r7f9498426066ef,var_4413,no
_ra704654418b38f,var_4414,no
_rfde8aca193bc87,var_4416,no
_r9d4d8520607383,var_4417,no
_r6a350b99a54496,var_4418,no
_rb9846affd06367,var_4419,no
_r1c0d6228b75a4f,var_4420,no
_rd8cf80225c1359,var_4421,no
_r401b239cfda6ad,var_4422,no
_r496f4975f87040,var_4423,no
_rdbeca4497efd97,var_4424,no
_r9f200a6bf7b94a,var_4427,no
_r5c6c831b881eb4,var_4428,no
_ra4fdd358086aa0,var_4430,no
_reb436b9cd464ab,var_4434,no
_r24305fc8954c5f,var_4435,no
_r23946374541d05,var_4436,no
_rfaa9ebb45e2c23,var_4439,no
_r8c9a0d05b51b9f,var_4440,no
_r173f29398974db,var_4441,no
_r18797d7d7a9a81,var_4443,no
_r27a26ff5457f1f,var_4444,no
_rdb5b16c0c85cf2,var_4445,no
_rf1e7206c06d7b2,var_4447,no
_rca5161f058183b,var_4448,no
_rab88cdba5a791a,var_445,no
_r7810883749dfd6,var_4453,no
_r26128bb222ba5b,var_4454,no
_rfb296a23d2ad15,var_4456,no
_rb7176f0a0c5524,var_4458,no
_r709ff27158887a,var_446,no
_r5a1cc432d10a5c,var_4460,no
_r5ee78fc3ac9a07,var_4462,no
_rcfd9b196813c06,var_4463,no
_r4e2741b2c9f33f,var_4466,no
_r29334f55b3b491,var_4467,no
_rd9ebb63ed6a934,var_4470,no
_re1313bf1fe863a,var_4471,no
_r96071af64cd110,var_4472,no
_r3aaa59e881d4fd,var_4473,no
_rb9d48093cec62f,var_4476,no
_r27ab4c358f6bf3,var_4478,no
_r59949acbc6ec4b,var_448,no
_r1a2dc8444ca5ef,var_4486,no
_rf4ec93a7b39f9d,var_4487,no
_raef189a0fa6b4c,var_4488,no
_r7acdb573909cf3,var_4489,no
_rc8186697cf28dc,var_449,no
_r021294a88cbaa1,var_4492,no
_r4a272f074c4f77,var_4493,no
_r3d9dd29f7ca8d6,var_4494,no
_r705809dbfeb003,var_4496,no
_r8a21e866e3a983,var_4499,no
_rf91d3c88c410a2,var_45,no
_re0327a0d15e72f,var_450,no
_rf7b5c284760cc1,var_4500,no
_r8cf9769e977a43,var_4501,no
_rb21cfd866e51db,var_4507,no
_r999bf80f60384b,var_4508,no
_r2b66e8bf6a0706,var_451,no
_rbccd70003162f5,var_4510,no
_r1e881b2aff661b,var_4511,no
_r7fdd2a02f48ee7,var_4513,no
_rf5d5d0cd9f8dd3,var_4516,no
_rc3c138c5ac6e29,var_4518,no
_r5f3eee4576d7ad,var_4521,no
_rb62d81dd82d5e3,var_4522,no
_r90e24de51e6406,var_4526,no
_rbd1eb9fcb17277,var_4528,no
_r5f065eaae0fc49,var_4529,no
_r28f2c8911dce62,var_453,no
_rc79e4b26109195,var_4531,no
_re5b6924d331864,var_4532,no
_re39af47caa6400,var_4534,no
_rb82b0b23da871a,var_4535,no
_r49c86be62e016d,var_4536,no
_r04445bc9237500,var_4537,no
_rc93281b24b2f90,var_4538,no
_rc72fce05704375,var_4539,no
_r7240cfe1f10c67,var_4540,no
_r2139fe5316e8bf,var_4542,no
_r6e49abaeef91a6,var_4543,no
_rfb9ae088fdf45a,var_4545,no
_r7062950a486577,var_4546,no
_r01e2ae3d4868c3,var_4550,no
_rda2724b749f981,var_4551,no
_r24867c85888b5d,var_4553,no
_r3384fc5fa14691,var_4554,no
_r91f0d0f6d022e5,var_4557,no
_rc44fbb5253b8c5,var_4559,no
_ra9bd5342249533,var_456,no
_r56aba69fc04dfe,var_4560,no
_r4a35b2ff50e173,var_4561,no
_r165b9cefa6bd19,var_4562,no
_r8b251adb4f9c65,var_4566,no
_r48d01e5b044ec1,var_4568,no
_rb9ffc08002fec5,var_4569,no
_rfb3db5984e8d6e,var_457,no
_rc61885ec89d732,var_4574,no
_r473211ccd48b00,var_4575,no
_ref2407ff4845ba,var_4576,no
_rfdb3ca133b2e4a,var_4577,no
_rc1be3922300052,var_4578,no
_re5fe91d97a4273,var_4579,no
_r3b31e1930125eb,var_458,no
_r88fea02fcb1c7d,var_4581,no
_r5b6b2179790b98,var_4582,no
_rfe1cf380395b70,var_4586,no
_r7406247227c3a4,var_4587,no
_rb9f8c57bd8697a,var_4589,no
_r77c0a6c7498d15,var_4592,no
_rca99c2b08e30bc,var_4593,no
_r8c5616a3b5522e,var_4594,no
_r3e5eb71625019e,var_4595,no
_r5fc25065e58dda,var_4597,no
_rc6033f3191c1b2,var_4598,no
_rf9d9a92f717454,var_4599,no
_ra4818983e512ef,var_46,no
_rb5c621cafcc295,var_4601,no
_raf8fdd7cd5114b,var_4603,no
_rcccefdf0460702,var_4605,no
_r9efd2bbe9c5e9d,var_4606,no
_rfce354ec1d3924,var_4607,no
_r7995e8f93dbe03,var_4608,no
_r8aadd24672e2de,var_4611,no
_re8c57e2edce59b,var_4613,no
_r953b4bdf58dde4,var_4618,no
_rf4facdf5c506f3,var_4621,no
_r397314bf23970f,var_4622,no
_r0cab241c8d6888,var_4623,no
_re7bad5925a68d6,var_4624,no
_r60d5f061a27c67,var_4626,no
_r753fff121a26d2,var_4630,no
_rafce11fcfa4c86,var_4632,no
_r69f1bd92cb151c,var_4635,no
_r4cffbca31a6ab4,var_4639,no
_re2ec9e56cf3872,var_464,no
_r5e6244681f8afe,var_4642,no
_r1362b5d644ecaf,var_4643,no
_r9515894d758f13,var_4647,no
_rcd846fbd0812f7,var_465,no
_r7ab57d2d32ed3e,var_4650,no
_r7429ab0e3d38c3,var_4652,no
_rd8f818521ab6da,var_4655,no
_r7b33de47b227ce,var_4658,no
_rde515cf9b9b771,var_4659,no
_rbe5449e4a0af58,var_4661,no
_reb2f63bc14baa4,var_4663,no
_r4c02e000a74f5a,var_4664,no
_r0602daa6a742bf,var_4666,no
_rbebe6dadad6537,var_4667,no
_r3efcba14af061f,var_4670,no
_ra9486ea8cb3e79,var_4671,no
_r3b8a421666db80,var_4674,no
_ra3608f43a15f7c,var_4675,no
_r134ffca1e9a1c8,var_4676,no
_r4eb7ad09ae51a0,var_4678,no
_rcca7ce01bfe816,var_4679,no
_r0d2e63d772b868,var_4680,no
_r5d79bf8b14cd90,var_4682,no
_r272905edb0c471,var_4683,no
_rbf35c23c01fe1e,var_4684,no
_r7a22e30582da95,var_4685,no
_r2416f7380ecbc1,var_4686,no
_rfb7925eb9ed158,var_4687,no
_rbbc20fd53b9dfd,var_469,no
_r7ff035392b9b18,var_4690,no
_r2216d5f4cc01a0,var_4692,no
_raf2e26f7ea567a,var_4693,no
_ra86b05b1f998f7,var_4694,no
_r0b20da540fe630,var_4695,no
_rb607b4efd91e83,var_4696,no
_r1209606ce9538f,var_47,no
_r8d35cca6fe4f91,var_4702,no
_r95caf700ff0df2,var_4704,no
_r14daee5257da1c,var_471,no
_r8717ee9bf69194,var_4710,no
_rd540ae5c72e167,var_4711,no
_r447481f34e8304,var_4715,no
_rb280bfd8f5cfcc,var_472,no
_r6b8512e84bd4d6,var_4726,no
_ref0b6492dd0e64,var_4727,no
_r440fab0c0a0123,var_4728,no
_r724f6cbbdcd55a,var_473,no
_r4421489065a1cf,var_4730,no
_rb95a579cc9dfef,var_4731,no
_rf874678bcf9edf,var_4733,no
_r7f2625321ff5bd,var_4736,no
_r48dc7ceb54b580,var_4737,no
_r3531fedaa44492,var_4738,no
_r86e2eefaee817b,var_474,no
_r9b9e400e3f3127,var_4742,no
_rcff3700494f93a,var_4744,no
_r562b488ff26f49,var_4746,no
_r1cb78fb275c0c5,var_4748,no
_r418197e005aaf0,var_4749,no
_r75c51eb55bdeb5,var_4752,no
_rfca91015cdf95f,var_4754,no
_r3d641d517743ef,var_4756,no
_r8cdcbb7a3e0d3a,var_4757,no
_r98283ff3cc0497,var_476,no
_r3d5b82c78dbc0e,var_4761,no
_r4b2a5ba14f22e3,var_4764,no
_reed8d8b7010e5e,var_4765,no
_r06dae017dfc969,var_4772,no
_r53509b80863e11,var_4773,no
_r19f43f419372e6,var_4775,no
_r7954705830d7c8,var_4777,no
_rce2bd051d743c4,var_4779,no
_r371897496f9e56,var_478,no
_rf8889463a144cf,var_4780,no
_rc1301c961e3de6,var_4783,no
_r83177980de3ce5,var_4784,no
_r9e73411752ae8a,var_4785,no
_r96862d2907b915,var_4787,no
_r9d06567074b865,var_4789,no
_r335f31c32e1ac1,var_479,no
_r4387f6b0fc7c31,var_4791,no
_re78f2da6d8e2fa,var_4794,no
_rd83dfa33b53581,var_4795,no
_reb014456fbaff7,var_4797,no
_r6f09bed37e0ba8,var_4798,no
_r85b3101f8877a7,var_4799,no
_rb06d8cf0c65c51,var_480,no
_rbf10a6d8bb2ef0,var_4801,no
_r5e945a6de33498,var_4803,no
_r901831d0904e38,var_4805,no
_rb8a3d137d3a135,var_4806,no
_rf2a4a061156aa0,var_4812,no
_rb6391c1b41f2b1,var_4813,no
_re1bec80602d85d,var_4814,no
_r7bd26fa488ba0d,var_4819,no
_r8812a7f4d2ca9d,var_482,no
_ra7607e21601852,var_4820,no
_rc3d0a034c1b053,var_4823,no
_r06d1e63142225f,var_4825,no
_rea04766d313e71,var_4832,no
_re832afa4cdcbbf,var_4833,no
_rb5ad2088bdf1f4,var_4834,no
_r96c37d9a2e2f0c,var_4836,no
_r39e26cb7f8c275,var_4837,no
_r8ae193b77c0101,var_4841,no
_r922496d811828a,var_4845,no
_r59eef5adba6325,var_4846,no
_r302654f1c00fc1,var_485,no
_re85f11607ccd08,var_4851,no
_rb01360c2aff277,var_4856,no
_rada0faadd10abe,var_4861,no
_r4cd4331772de6b,var_4862,no
_ra1e713c5b8e8bb,var_4865,no
_r67250a4489293a,var_4867,no
_r7c33a675c24226,var_4869,no
_re5680787b4c923,var_487,no
_r399885138fb6b6,var_4870,no
_ra0aa7864f3c153,var_4872,no
_re56f2d76ae4d56,var_4873,no
_r7fb7f3a22275b6,var_4876,no
_r36c1f4267cc224,var_4877,no
_r2b19adfc47ca98,var_4878,no
_rff7672cd519881,var_4879,no
_ref211f3e9eea8e,var_4881,no
_r8bb7502ec166ab,var_4882,no
_r3e9c6c37802662,var_4883,no
_rd1677d80d7527b,var_4885,no
_raab5f40f406d99,var_4887,no
_r9ce8743cb80471,var_4888,no
_r0b541c041047bd,var_4889,no
_r6d6c8aab8aebc5,var_4890,no
_rabdc4a21dbe134,var_4892,no
_r17bbf04693aaa4,var_4893,no
_rcd1fc60271c9a5,var_4896,no
_r9a4fe65d6cee42,var_4899,no
_r5a528e11b38c76,var_490,no
_rcb13f39426a436,var_4901,no
_r4e83fd05f99eae,var_4902,no
_r87a0dcd4b739c6,var_4903,no
_rac5d8e2cd05fee,var_4905,no
_r244a29d8df6ed4,var_4910,no
_r743dd533ba3062,var_4912,no
_rd7f8d519b598df,var_4915,no
_r24abcc37d0dcef,var_4918,no
_rdfb6e593bd72d5,var_4919,no
_rccae5676d729c2,var_4920,no
_rb5605c2f91c3a8,var_4923,no
_r90bc7663293498,var_4927,no
_r8f13517493014c,var_493,no
_r269b38e52c168b,var_4930,no
_rc58e9f06d38d1c,var_4931,no
_rbbf524771c0663,var_4932,no
_r90a40d1bfbbcfa,var_4935,no
_r9ea0e7eaa577a3,var_4936,no
_rb207e987a29931,var_4937,no
_r9a4514f22084fb,var_4939,no
_r1b940a8bebea34,var_494,no
_r8bb32aed888724,var_4941,no
_r872c6faf6d3e46,var_4944,no
_r8215605f20ae51,var_4945,no
_r49ccb16f4994d6,var_4948,no
_r3a8a66a78402b6,var_495,no
_rca48d70585c5da,var_4950,no
_rcbac756e56e011,var_4951,no
_rd740f118130210,var_4952,no
_r604245e342d5ab,var_4953,no
_r8b3a861d2efc55,var_4955,no
_r1e0d8a9f5d6f41,var_4957,no
_rd323da65ac6443,var_496,no
_rabf415527d802c,var_4960,no
_r63c406875caeb5,var_4962,no
_r03862053d7cbeb,var_4965,no
_re8a492c63b2fc4,var_4967,no
_r3cd43fbc4ad481,var_4969,no
_rfd2f4195f399e9,var_497,no
_re1b0f651794fb6,var_4975,no
_re12e12f151fc05,var_4976,no
_r2aad933ac15299,var_4977,no
_r2bc6cf35d99fbe,var_4982,no
_r6ebcad5d191638,var_4987,no
_rec520c4b220663,var_4988,no
_r5d607a0107ce66,var_4990,no
_rfd0b98467e9d4b,var_4994,no
_rfbb7543ede80b6,var_4996,no
_rc5f098c00c5c46,var_4997,no
_rc6536c83e73dad,var_4999,no
_rfab2fb293a1628,var_500,no
_r0f5e302df33726,var_5000,no
_rc03e2f4fcd6a76,var_5002,no
_r6477c319c11093,var_5006,no
_r772faa5bd17494,var_501,no
_re2b53df9c3c978,var_5010,no
_r35b39ca933ef0b,var_5012,no
_r2f95d9a127f8f2,var_5013,no
_r160c153edaffbf,var_5016,no
_rb5ac6f1c818c4f,var_5017,no
_rd61c129ef173d3,var_5018,no
_r40faf09e292a18,var_502,no
_r232a591b015bad,var_5021,no
_r2c13b46f0deb66,var_5025,no
_rc41ea459707e19,var_5027,no
_rc693b82e91e8d3,var_5031,no
_r14f9ba65946d6b,var_5033,no
_ree8f3ab5073119,var_5034,no
_r072cf93fafa409,var_5035,no
_radc8ca75bf25b6,var_5041,no
_r39dd7fa7ab109c,var_5042,no
_r5d89425c5a1ae0,var_5045,no
_r49a4523fdd4154,var_5046,no
_r7842c2eddc8051,var_5047,no
_r71c964b4f8e628,var_5049,no
_rc73f94423d9979,var_505,no
_r321bd82939eba3,var_5050,no
_rbeea2730c942f4,var_5054,no
_r79f5fa1d62ac7a,var_5055,no
_rb47b08f7dfa0cc,var_5057,no
_rd773a21d096d04,var_5058,no
_r8933ba39c83c7e,var_5059,no
_rc53ddb160274fe,var_506,no
_r91df726b11d669,var_5062,no
_r34da164d88ee1a,var_5063,no
_r9c50286c4533c9,var_5064,no
_r520d8973f82182,var_5065,no
_ra8304420420735,var_5067,no
_r4bedb210563b09,var_5069,no
_r6dbd8888909a32,var_5070,no
_r21f4d778546fac,var_5071,no
_raf24c6bd850633,var_5073,no
_race533034818e4,var_5075,no
_r95abd7c8678939,var_5079,no
_r76b8d9614011e8,var_5084,no
_r90f26d7820d64f,var_5088,no
_r90ac8dcf2ab535,var_5089,no
_rf26d9fcf719cdd,var_5092,no
_r27b797e8320169,var_5093,no
_r10ab8d6025d85d,var_5096,no
_r8e7120edc30645,var_5097,no
_r14fdfb9762aea3,var_5098,no
_rf750ae0e0f1cbf,var_5104,no
_rb6ecfc1b4b2e57,var_5105,no
_ra742fb7d6f95d9,var_5106,no
_rc62a37f1320c23,var_5107,no
_r693cfbae88d400,var_5108,no
_rfc7b634287da59,var_5113,no
_r7ec52a3be4d902,var_5119,no
_r008005622de3f5,var_512,no
_rb8ef03c2b8ac83,var_5121,no
_r82edf8bc3caaed,var_5123,no
_r730cb3991524a6,var_5124,no
_r4587ac23dbd8f7,var_5130,no
_r77fc7e7faf2a56,var_5131,no
_r6c29665147333f,var_5133,no
_r32d1b46896da31,var_5138,no
_r06f05b261db89a,var_5139,no
_raffb4ea00f12ca,var_5142,no
_r0207c3618c77cf,var_5143,no
_r699bfb5ab84771,var_5144,no
_rcda35b562ac366,var_5145,no
_re83aa4a7ae0ac0,var_5146,no
_rd21b8d9a0d7ddd,var_5147,no
_r1982990f7a405a,var_5148,no
_r4e418cdb377078,var_515,no
_r5a7636130238d9,var_5151,no
_r5c46f7d1e9fe39,var_5152,no
_r298eaf751b70af,var_5153,no
_rfa2248cf99eb59,var_5154,no
_rd19afe139ae96d,var_5155,no
_r042742cef61f33,var_5156,no
_r5dae15a3fe52c0,var_5157,no
_rd93b75088cbd8c,var_516,no
_r130982e21c8fd7,var_5160,no
_rdc3c11fbb8d6d7,var_5163,no
_r466cabe67e4b8f,var_5164,no
_r1a9807fec8afa8,var_5166,no
_r3a3a216162e2c2,var_5168,no
_rbb9c7ea841f89d,var_517,no
_r28c6bfd97cd864,var_5171,no
_r54232618ca4a98,var_5172,no
_r3fe03d31b712b6,var_5173,no
_r4d90ec29d2d8b7,var_5176,no
_rcb3949731cbffe,var_5178,no
_r952241e5225ed8,var_518,no
_r60c3e1a2731271,var_5183,no
_r68e8410144fb20,var_5185,no
_r6592511cf2a8d1,var_5187,no
_r5fe7c54fd2753c,var_5188,no
_r4a5c826f1e6a48,var_5189,no
_r4be469945506ce,var_5194,no
_radbd0695ffeac8,var_5195,no
_r4e86524b976a87,var_5196,no
_r827d4d7b7213dd,var_5197,no
_r86a249ac144da2,var_5198,no
_r5a3a448eedfe24,var_5199,no
_rbc26435405a81e,var_52,no
_r6b413f9ad87bb1,var_5201,no
_r81d43dc5eccb6a,var_5206,no
_ra20d2e3962c3c4,var_5209,no
_r65bfab8837a876,var_521,no
_r76df0774e0e281,var_5215,no
_rfb6a53e282a9cc,var_5216,no
_ra0eebe73ddb6e5,var_5219,no
_r6a1fe873f2e2d3,var_5222,no
_rd47da11a4a07ce,var_5223,no
_rd4305383f6d2b1,var_5224,no
_rec95ec533c5e33,var_5226,no
_r8c81f6c0094032,var_5227,no
_r2d66aeb7b976cd,var_523,no
_r311fee85b656b3,var_5231,no
_rdbee1665e476aa,var_5232,no
_r0097e5d93a1e53,var_5234,no
_r0ce9ed5cebce4c,var_5235,no
_r3e6929dd8c428d,var_5237,no
_r97eddc32eb9882,var_5239,no
_r03a135a136d0e3,var_524,no
_rb499a73ba0d5ec,var_5241,no
_r23a0c787ee1a67,var_5245,no
_r773e94fcd5a9c7,var_5246,no
_rd86760162261d7,var_525,no
_rf913a7ad81d019,var_5250,no
_r77c1b5ccd44bc7,var_5251,no
_ra6ddb734302e1a,var_5253,no
_r1aa9991225eeea,var_5258,no
_r30059a05176a74,var_5259,no
_r2d3e93565a871c,var_526,no
_rdebc0bf7ecf78d,var_5260,no
_r8126fc2b5d2df8,var_5261,no
_rabb4de83146ecd,var_5265,no
_r7b0b920d28db19,var_5267,no
_r6f5707e0f1f1e3,var_5270,no
_r8816e236f7e332,var_5271,no
_r01e621cacc4fee,var_5273,no
_r85ea42ad7e9e80,var_5275,no
_r2c4cb9ca577e0c,var_5276,no
_r71848f17dd01b3,var_5278,no
_r62b05eadc27ac6,var_5279,no
_r59977bea902fb9,var_5282,no
_r6ad8924e948ba7,var_5283,no
_r554b02b79896c1,var_5284,no
_r71f0bc23dc82dc,var_5285,no
_rac74e315b3c4c8,var_5288,no
_ra74614b5201e79,var_5292,no
_rd2f16e2c416bd8,var_5294,no
_r4701148c4d9e78,var_5295,no
_rab56a35e6bdde5,var_5296,no
_r8e118ca56aced7,var_5297,no
_r612666d520aae7,var_5300,no
_r76daea16241ade,var_5305,no
_r76ac3140cfa477,var_5307,no
_r61fdc1b165ca8e,var_5309,no
_rcf03a855dfb323,var_5310,no
_r48676402e98280,var_5313,no
_re07ac08006b210,var_5314,no
_r61c99c78c81b45,var_5316,no
_ra0d901a865c154,var_5317,no
_r7e6b4fbfd493f5,var_532,no
_r9f62cfddbafa12,var_5323,no
_rda689843d88e61,var_5324,no
_rca67d246986340,var_533,no
_rda52a0ec10573a,var_5330,no
_rdb521ad0161296,var_5332,no
_r11849825a4ca05,var_5333,no
_r6ea5b47a8aea8e,var_5335,no
_r4597d3ba71b9b4,var_5338,no
_rc83d2f94f6fd57,var_5341,no
_r4719ab0a16c100,var_5343,no
_ree24d0e8d18aa7,var_5344,no
_r60e5aa29071c5a,var_5347,no
_re469796a92702b,var_5351,no
_r02af911bb8c197,var_5352,no
_rad81521b124570,var_5353,no
_r3681501c518af2,var_5354,no
_r0c944126d57022,var_5355,no
_r47075a3b46fc68,var_5358,no
_ra8773d81e124bc,var_5359,no
_r84867ce02ad1c5,var_536,no
_rd6ce3094007401,var_5366,no
_r3fe6bf1ba3900f,var_5367,no
_r0793297cc73201,var_5368,no
_r989eb18e58602e,var_537,no
_rb51f87b0d510ea,var_5370,no
_r4168b7d513b631,var_5372,no
_r8c8b65d5ec33d7,var_5376,no
_r341661d3d4a0ec,var_5378,no
_r0a1fb5ea9d82bc,var_538,no
_rb2183af03cd3f0,var_5383,no
_r7c9ad597123ce5,var_5388,no
_r31311c20af703d,var_539,no
_rc806fff124e582,var_5392,no
_rb0bab75514b173,var_5393,no
_r30705577fb78c7,var_5394,no
_rd3912e611167ec,var_5396,no
_r4f86247353df70,var_5397,no
_r94b9e912a4018d,var_5399,no
_r121e399db6bbea,var_540,no
_r9ce99709194b95,var_5400,no
_rd4461480e796a7,var_5402,no
_r6ee3799986a771,var_5405,no
_re8380e7389ab9b,var_5406,no
_r8582c24616baba,var_5408,no
_rc87b6576f3884f,var_541,no
_r983a3bb73a2262,var_5410,no
_r60da4fdba5c363,var_5412,no
_rf6021e3aa2e7b5,var_5414,no
_r55647f9ea8245c,var_5416,no
_r41a7571bb555dd,var_5417,no
_r43248c7afabedb,var_5418,no
_r8dfeb76a384e8d,var_5424,no
_r1b501148222ed0,var_5425,no
_r7e0ff5f557a1dc,var_5426,no
_r06cc0c0526551e,var_5431,no
_rcaca5dfb2189c3,var_5432,no
_r029eb1774bcef1,var_5439,no
_rbb20f4f600e9be,var_544,no
_rde568c9805be68,var_5445,no
_rc637b35ae905e6,var_5448,no
_rf638b07e4c0f8f,var_545,no
_rb5746541bd3416,var_5450,no
_rcda2d772e35181,var_5455,no
_ra19156e77bd1a9,var_5457,no
_r04a0a6ea21f591,var_5461,no
_r777dd9620a8c21,var_5463,no
_r257b9545c15326,var_5466,no
_r5a59aab9087be1,var_5467,no
_r77fae6e0094d19,var_5468,no
_r627b01e1f2e66d,var_547,no
_r2a121454845563,var_5470,no
_rb0956fc3176158,var_5472,no
_ra31ec809e90afd,var_5479,no
_r1234726474b4fe,var_548,no
_r966b6cb351c06e,var_5482,no
_rb3d96689577202,var_5483,no
_r4f5b14d739456a,var_5484,no
_rfb3a8ba250e0c0,var_5488,no
_r4227a7e2853e57,var_5489,no
_rdfb6d5392f4e0f,var_5490,no
_rabdc2a5e09f374,var_5493,no
_rbcd6d1af6b8afd,var_5494,no
_rf46fbe5613b804,var_5495,no
_r41e65e8ba0bee2,var_5499,no
_r2e0c0af49b67fb,var_55,no
_rebe306753b5dfa,var_5501,no
_rfd572577bf50c7,var_5502,no
_r046f09cc45aa70,var_5505,no
_r14c38124298785,var_5507,no
_r6a0469749879a0,var_5508,no
_rc44ef0868684e4,var_5509,no
_rb532f8fd591b34,var_551,no
_r1a020e39f451cb,var_5510,no
_r32d4f27dde7dac,var_5513,no
_r69802d40f8ae75,var_5516,no
_r719fe8572c3f2a,var_5518,no
_r7ee448f60280f5,var_552,no
_r2b46bef4a5af4f,var_5520,no
_r268930ce064f98,var_5521,no
_r574c2e50b2977c,var_5522,no
_r05eee36e532c4d,var_5526,no
_r23246bc430da6e,var_5528,no
_rce68a17c27ceae,var_5533,no
_r96178c2e4b26ef,var_5537,no
_r5b70a535d3bf6f,var_5541,no
_rf8c24c246b3349,var_5545,no
_r0f69e4cebe632e,var_5547,no
_reb2e3dd3245d59,var_555,no
_r26741474ac6469,var_5555,no
_r264b7db5df9585,var_5556,no
_rfc4c89da8dcc7c,var_556,no
_r883885d5e3ebb1,var_5562,no
_raea0b8ece16468,var_5563,no
_r5367da1059a9e2,var_5564,no
_r442aed35648224,var_5565,no
_r4bb9efc2d597d4,var_5567,no
_rad02cf258850dc,var_5568,no
_rdd1dc7cd6c9a49,var_5570,no
_rded7cdcd870896,var_5571,no
_rc203369249e555,var_5573,no
_r2d43e4c4c34e3e,var_5577,no
_ra4aa7f241da558,var_5580,no
_rdb44cfde28130d,var_5583,no
_ra1aa17025f140b,var_5587,no
_r8db19694119b7f,var_5588,no
_r9ef78cde16df70,var_5590,no
_rf4fe4b3b330c9a,var_5592,no
_r813cba41710903,var_5594,no
_rf5553f2fda2971,var_5596,no
_r68ce139bc56865,var_5597,no
_r930500fd5f89fc,var_5598,no
_rd33c62f08b96c1,var_5599,no
_rf716e5f28dccab,var_5600,no
_r7d9f8beb9f7216,var_5602,no
_r78e1430e9a732e,var_5606,no
_ra7bea6cf88cd2f,var_5609,no
_r9c1d9c4f12704d,var_5611,no
_r3cab27678e9a8c,var_5612,no
_r961d5b344fbbcd,var_5614,no
_reaa22f6ec7bbb3,var_5617,no
_rc900f36788dd57,var_5618,no
_rb2e7b5823e960c,var_5620,no
_rb5b72ebdbc2a04,var_5622,no
_ra6818502967fb0,var_5623,no
_r7aa05835649b24,var_5625,no
_r756e3b43dd9edc,var_5627,no
_r818f87501aefd6,var_5628,no
_r18b91ec1f80fe0,var_563,no
_r06d1f91c5a0e2a,var_5630,no
_r89087092216e7d,var_5633,no
_r386332d40244bd,var_5634,no
_r138870a7373996,var_5638,no
_rbf68e9e3f52df9,var_5639,no
_rbebeb0531eda23,var_5645,no
_rf17aa6ed4a5b9e,var_5647,no
_r67e79f6432b45d,var_5648,no
_r2ded293c2bf3e5,var_5649,no
_r73ed4f9ac89f4f,var_5653,no
_r67537ef6734e8b,var_5655,no
_r66645f8b7f80ae,var_5656,no
_rdabd412c5ee63b,var_566,no
_r5d4747b856462e,var_5660,no
_rf01339f640d088,var_5662,no
_r4f3bbd17523f49,var_5663,no
_rfad1c80811fe44,var_5666,no
_raed769e51783e4,var_5669,no
_r56e936db1aa7f7,var_5672,no
_r51654b11581844,var_5673,no
_r218164d73f3113,var_5676,no
_r8f2a12d48b7e0d,var_5677,no
_r0ed7f681175174,var_5678,no
_rb827ec957216c1,var_5679,no
_rd3643c3c0c758d,var_5680,no
_r85b1682eb92616,var_5683,no
_r4f7c242de781bd,var_5685,no
_r2ec15b80a15c99,var_5687,no
_r69a194dcc6d169,var_5688,no
_radd0647b18d777,var_5689,no
_r1004e39225a05b,var_569,no
_r6b7fdd240306b6,var_5690,no
_rad4a62b7cb0061,var_5691,no
_r3e451bb923c5ef,var_5693,no
_rd6ee6dc05346c6,var_5694,no
_r06457f647edf95,var_5697,no
_r3774529347b08a,var_5701,no
_r920cebbe26c9dd,var_5703,no
_rd1adc67ca562d7,var_5704,no
_re995db62ae20f3,var_5705,no
_r2d9a2fc8dacbf2,var_5706,no
_rbbdd61939515a6,var_5707,no
_r16748bb09d1e97,var_5708,no
_rd5bb4ba78640a6,var_5710,no
_r538bbe40a3d99c,var_5714,no
_r86500624428551,var_5715,no
_ra9d1de4030da97,var_5718,no
_r7fe8360dd3e9c2,var_5719,no
_r561e506a8d8a4a,var_5720,no
_r319b223ff1f0c8,var_5722,no
_rb136f1d949d66f,var_5723,no
_r3ea18cf2973a43,var_5725,no
_rc5a7c65a55bde3,var_5728,no
_rd2c79a9263e01e,var_573,no
_r0fab157feb6cfd,var_5730,no
_raa71ca4af0af40,var_5732,no
_r3ec9552278e77f,var_5737,no
_rdb82a8efea4499,var_5738,no
_r30e73c1ed4beaf,var_574,no
_r4acbc48b8d550f,var_5741,no
_rbf69a6db156fcf,var_5744,no
_r71cd70086a7cb9,var_5746,no
_r82539358975282,var_5747,no
_rae13304fd28d73,var_5748,no
_r350e37c9b3ba83,var_5749,no
_r6a427b3db4fb7f,var_5750,no
_r27c77638277219,var_5751,no
_rda9dfe7e116438,var_5752,no
_r233d36fed67a1c,var_5756,no
_rec4a1d353668be,var_5758,no
_r3a790b629ea991,var_5759,no
_r926276158bdccb,var_576,no
_r548121ab079100,var_5760,no
_rd878997fb5844b,var_5761,no
_r3268998d727c9b,var_5762,no
_r3d7d4177c8482b,var_5765,no
_r68a5b28d3759cb,var_5766,no
_ra5814d0f935bb4,var_5767,no
_r779f3db14481c5,var_5768,no
_r518128351a7871,var_577,no
_r0ac9d51e44f9f3,var_5771,no
_r4209a3dd7a1c83,var_5773,no
_r51b5e6b6c2bb5d,var_5774,no
_rb5bda594e157de,var_5775,no
_rf5cde1531a2dad,var_5778,no
_reebc1741972e04,var_5779,no
_raebcef3bb2acf2,var_5780,no
_r00348492aa4cf0,var_5784,no
_r795e6173e20d51,var_5789,no
_r17260c74d213fc,var_579,no
_rda20c4582fbb36,var_5790,no
_rb6054f7fd05b23,var_5792,no
_rf6670245205029,var_5793,no
_rcdba65098b8189,var_5794,no
_ra175a4b8ac95c7,var_5795,no
_rf5e24671db0afc,var_5797,no
_r253686e689fa40,var_5798,no
_r7dd1a96fa18023,var_5799,no
_r3c6fce5533eea5,var_58,no
_r253f4ed0f8c584,var_580,no
_r251377096a17b8,var_5802,no
_r5ac348ace8406c,var_5806,no
_r22e1ecf7ba161e,var_5807,no
_re863c5cb217bae,var_5808,no
_r964ad21a502e15,var_5809,no
_r6b6c0f1377be12,var_581,no
_r308a0b218695f3,var_5811,no
_r1ca474d492eb69,var_5812,no
_r24e9fb8c16a412,var_5814,no
_re1066a33eb81a1,var_5816,no
_rb8903aefc5170e,var_5818,no
_rb965afe70e6ce5,var_582,no
_r895935815b9979,var_5820,no
_r39a43cd83c1cfc,var_5822,no
_r2d9da59d9fc720,var_5823,no
_rd7fb979b6a3fd4,var_5824,no
_rcea37379741fd4,var_5825,no
_r04d2234eb12d70,var_5827,no
_r7bc65e2d4f5735,var_5828,no
_r18ef4850ffbae9,var_583,no
_r0b5dba41874f7e,var_5830,no
_rd6280ea8bcaf1d,var_5831,no
_red6d5c0e030f15,var_5839,no
_r824baf9a051541,var_584,no
_r28fde6421468e9,var_5842,no
_rf3aaf9c97fcefc,var_5844,no
_ra1cf837b059d7f,var_5845,no
_rd1e7391b829363,var_5849,no
_r80895648d6226e,var_585,no
_rc03fe5f83c01e5,var_5851,no
_r5a51295d0f9cfc,var_5852,no
_r2cf57c192b0e75,var_5853,no
_r8d594abfe49d0f,var_5856,no
_r441fa358b6fdec,var_5860,no
_r98abf579116873,var_5863,no
_r8b676ab1ab5320,var_5865,no
_r43b198e8f65ea6,var_5866,no
_r0da8fe65fd3587,var_5868,no
_r51bff649e70ada,var_5869,no
_rbea9a2874b874d,var_5870,no
_rac57d0e43a529a,var_5871,no
_re6fab8ba1a6036,var_5874,no
_r6cf93dd98c805a,var_5875,no
_r6102e72e84bfc2,var_5876,no
_r895257026a1b56,var_5877,no
_rece2b58af786a1,var_5880,no
_re4aab1481dcd86,var_5881,no
_r0e44dd15d83e8c,var_5882,no
_r16f20d6af81b99,var_5883,no
_r7f8f56372fce56,var_5884,no
_r90fbb57bd9bf34,var_5885,no
_rca4f02297a6ab8,var_5886,no
_r1dd7e63da273da,var_5887,no
_r4a8c7c01303ddc,var_5889,no
_r0e1e5cc44c36ad,var_589,no
_r90cd01463615f6,var_5890,no
_r1801a0ebd318e6,var_5891,no
_r32fad3791417bf,var_5892,no
_r018136589579eb,var_5893,no
_r1466603ae1b0b3,var_5894,no
_r6d31f90aa4e7e2,var_5897,no
_r04af1bcd37ac3f,var_5898,no
_r9b97d5dbf44769,var_5901,no
_re2a4f71d299162,var_5902,no
_re98512b5fc6e1b,var_5903,no
_r09f17a4a8be644,var_5904,no
_r34412344b68746,var_5905,no
_r403e6746cf7e61,var_5906,no
_r39da8dd0df8e4c,var_5907,no
_r535ede732e394b,var_5908,no
_rc9cbfede444b62,var_5909,no
_r51de9e1853f35b,var_591,no
_r0b94c3e79de106,var_5910,no
_rf8117820875d4a,var_5911,no
_rf084ed0a4b0fcb,var_5914,no
_rbcc534284d3833,var_5916,no
_r3dc6dcb903a3d2,var_5917,no
_ref77a50d0f8a00,var_5918,no
_rd3ad969e4e946c,var_5919,no
_r11052fcd54a58f,var_592,no
_r4fde681ad67b14,var_5920,no
_r4698c2060a6262,var_5921,no
_r2fb09be37d02aa,var_5922,no
_r3c75cca1cb6ea9,var_5924,no
_r15552f3932ff07,var_5925,no
_r258f03235c50b2,var_5926,no
_r4cf59fab02853f,var_5927,no
_r70093eeaf090eb,var_5928,no
_rede6e56d17ef13,var_5929,no
_ra71aad2071af5d,var_5930,no
_rdeeeb040187a8b,var_5931,no
_rd8b1d587a191ee,var_5933,no
_r8cd7beb35ae2f7,var_5934,no
_r6ae7351a5614dc,var_5935,no
_r40f5e6fada2de5,var_5936,no
_r8bea95b237e2a2,var_5937,no
_r32590469ae669f,var_5938,no
_r4f257797fb425f,var_5939,no
_r5f90734bcbd8a1,var_594,no
_r6073ac616ffabb,var_5940,no
_rf481b4e0380c8f,var_5941,no
_r2dd62a94637c5e,var_5942,no
_r796090e4adcb70,var_5943,no
_rcedb4f486e9130,var_5944,no
_r3f072d52c93486,var_5945,no
_r84b1f5564c82e6,var_5946,no
_r102bdb1152d1e9,var_5948,no
_r22c34008a3fe36,var_595,no
_r6c5033a4518ed3,var_5950,no
_re700c6e4b64deb,var_5952,no
_r91ad1ab7d740ea,var_5953,no
_r68b9d024985cf5,var_5955,no
_r49b87025c7145f,var_596,no
_r76d265a3c81c83,var_5960,no
_r5be0c6b50178c3,var_5963,no
_r9075ab57e5e188,var_5967,no
_r5815fc25f2ed60,var_5970,no
_r569fac56084649,var_5971,no
_reb4d6dab46071e,var_5972,no
_r1cb66de774ac0a,var_5973,no
_r8eea25a2d25417,var_5979,no
_rc14c2c158d944d,var_598,no
_r083d2e6ed96096,var_5981,no
_rcb0975587e0811,var_5986,no
_r97d5d85cdf9126,var_5987,no
_r16fef12be24bee,var_599,no
_r7f570f2945ec38,var_5993,no
_rfa8ab38765ba88,var_5994,no
_r2c18c8bb443fed,var_5996,no
_rb413805557c718,var_601,no
_r9d05a36b6613da,var_602,no
_rfe92ffd6183ca3,var_603,no
_r804a35712c18a4,var_605,no
_rc484f0b53c97cf,var_606,no
_r4cf4e003117129,var_61,no
_r2e5e2deb83b01d,var_610,no
_r4ac939f1c79ee8,var_611,no
_r09a1036e07448e,var_612,no
_rde1035a81493bf,var_613,no
_rbae05f947868e4,var_614,no
_rc7866cbfcc97bc,var_620,no
_rabcfd565f68825,var_621,no
_r8f90e79f69c298,var_622,no
_r66e9c5cf94d7a6,var_627,no
_r613d9c45af1014,var_629,no
_rd82f9ba4160cfa,var_63,no
_rf2765afb4f9c6b,var_630,no
_r988388c8e37eed,var_637,no
_rea0418bfc157cc,var_64,no
_r9b92ba0b68d758,var_641,no
_r2c86c6d429b339,var_642,no
_r8192431e44ca89,var_645,no
_rb8c6c1ba99fabd,var_652,no
_rce83ea7e2b872c,var_654,no
_rcbe9d4dcb34db1,var_659,no
_r5fb8a6653732c5,var_660,no
_re79c2dc3c24819,var_661,no
_r4d1341caedd643,var_662,no
_r528ee3c51f3b9c,var_663,no
_r0945126149b4ac,var_664,no
_r2d57a5fd3d2e3c,var_67,no
_r724a0a04511902,var_670,no
_r1e9a48f424d2d8,var_676,no
_r4b81c4083e5408,var_677,no
_r11b1930ecc586c,var_679,no
_r798d0fc99dcac8,var_68,no
_r87bd8ca453ce5e,var_680,no
_rc939bb245d8784,var_686,no
_r0af0bd2e0cd5ca,var_687,no
_rfa2d8f60759880,var_688,no
_rd81b82f58cc5e7,var_689,no
_rf83ca3327977f1,var_69,no
_r3fb555ededa63a,var_692,no
_r71d5102dd89c79,var_694,no
_r08597577b9c22f,var_700,no
_rba5142bef0c073,var_702,no
_r2ddce95b774f8f,var_703,no
_re32feb8616b598,var_704,no
_r297802879bf0bb,var_707,no
_rb9b2fce2a2ede3,var_71,no
_r4bf2f2252074d1,var_712,no
_r7a6d27a8c842ac,var_718,no
_rbc943e8a5d552b,var_720,no
_rc10782e5163fc3,var_722,no
_ra0825520512972,var_725,no
_r24c096ace991cb,var_726,no
_r9cb0861b32ead4,var_728,no
_ra0ffdba7ba1076,var_73,no
_rfc882afcdcdccc,var_734,no
_rca6fc7dd3df8bf,var_738,no
_ra60fa5cb55b483,var_741,no
_r517a2d1dd5485f,var_742,no
_r08e00d67c9a23d,var_744,no
_rdbfce69dd475d9,var_745,no
_r64be98eeb2412d,var_748,no
_rea86cd7da6a7ed,var_751,no
_r02de92f1fa0540,var_752,no
_re084979aa137fe,var_753,no
_r60cf72ba89cf1a,var_754,no
_rcf67a3a45cc348,var_755,no
_r0a9eb7357330ab,var_756,no
_re64c7e1a2d1bb5,var_76,no
_r759bfaa9b001fc,var_763,no
_rcc2f3d57bb3e82,var_764,no
_ra1ff2e21ee611e,var_769,no
_r265bdab0fdeb32,var_77,no
_r0596ee8c1f3bc7,var_770,no
_rca350b8be20963,var_775,no
_r42f8811827ccd2,var_776,no
_r25bd7fc1fa61d7,var_777,no
_r0d7c170fdaecbe,var_778,no
_r9c335cff079d65,var_780,no
_re5179ad21ddec7,var_781,no
_r26e6baddc574e6,var_783,no
_raf807b6e64b639,var_786,no
_r87441b706b1752,var_789,no
_r828957b27f8137,var_79,no
_r314d8075e12997,var_791,no
_rde8e52423e9160,var_792,no
_r257b0288d6a2e2,var_793,no
_r709ca1d0cf693a,var_794,no
_r4cf227d60d09cd,var_795,no
_r4d9606a5c4b6aa,var_798,no
_rd33399bb3a9523,var_799,no
_r2e3cfdb5022cc2,var_80,no
_rca6699feb2eb33,var_800,no
_r75b24c3bb10327,var_805,no
_rccc2ea88aff29b,var_81,no
_r62e546f5b283e5,var_810,no
_rc3fdbbfedf5047,var_811,no
_r13a1ac120bacd1,var_815,no
_r94134d38431652,var_817,no
_r3cee83617abb07,var_82,no
_r10521833177465,var_820,no
_r39ee05b8ecad02,var_821,no
_r53f26d3ea9b479,var_824,no
_ra7d702fbc87275,var_826,no
_rb37b7c3d544abe,var_827,no
_rc48cb5a072e71e,var_828,no
_r193d4f45d79a97,var_830,no
_r4df9895d28251c,var_832,no
_rf26b94265ef8ec,var_833,no
_rfaeec5883df2b2,var_837,no
_rdf1928a8cebbf8,var_838,no
_rc8df53e044068b,var_840,no
_rfdaeca7f321313,var_841,no
_rf49bbff0fb169a,var_842,no
_r528b628ee67fc2,var_845,no
_re4b567b51411d6,var_847,no
_r1c98824835b4fc,var_849,no
_r38e0b0c443f1fa,var_851,no
_re16dc58057dcda,var_852,no
_r1baecc1d481319,var_854,no
_r60412932e164ce,var_855,no
_r324b506c99efcd,var_857,no
_r838994892c5021,var_86,no
_r67da827dfb6d10,var_861,no
_r29e6ac988429a7,var_868,no
_r9a96c9a1509272,var_87,no
_r6df7f2569630c6,var_871,no
_r6df32d216963f0,var_872,no
_reab604b4594fbc,var_873,no
_r8766cf1e7da317,var_877,no
_r98f49805245c07,var_878,no
_r6279fe2c475afa,var_880,no
_r33beb0116c8af3,var_882,no
_r39a355ddb60b6e,var_884,no
_rf6977cd2eabc70,var_887,no
_r4dda5cdf975cfa,var_888,no
_r616bc0c14d062b,var_889,no
_r40cf886ce09747,var_891,no
_r845632a5004498,var_894,no
_r8dda0b5ef51c47,var_895,no
_r42b0b428821aa0,var_901,no
_rbb8d97e57dccba,var_905,no
_r870376d4b74acc,var_906,no
_r7d677256c95183,var_907,no
_rce71b6edebb27f,var_909,no
_r7fa3a0ea8a21e5,var_91,no
_r966d8c26490774,var_911,no
_r2b747bf8e4d52d,var_912,no
_r49da838793f9c9,var_914,no
_r73fe185617daf7,var_915,no
_r03f87c4c6237ad,var_918,no
_r370832ed2ac35d,var_92,no
_rec7628d591b864,var_920,no
_r2d7745e5b321b8,var_924,no
_rb0cf635d3ac654,var_927,no
_redc87b0e055fdd,var_928,no
_reca51482529bb9,var_93,no
_rfecdf913680900,var_930,no
_r2ae246f84e953f,var_931,no
_rfbf2be796a7d59,var_933,no
_reb42445118192b,var_935,no
_r5fefe31ee1f51e,var_938,no
_r296c8bb047d8dc,var_939,no
_rc82088e4620377,var_94,no
_r7959e913f876c6,var_940,no
_rac98c5da6567c8,var_941,no
_r3c5259577be9cf,var_942,no
_rd737cc9a3fb7cf,var_943,no
_rde59b61210d305,var_948,no
_r83062cc693c5d6,var_949,no
_r458563569c68dc,var_95,no
_r45cc58876a3408,var_953,no
_rdbcf3449769db2,var_954,no
_rbcd129de9e741c,var_958,no
_r66b03b163991cd,var_961,no
_r1234a8e48b2b87,var_962,no
_r2b2d5302b828ac,var_965,no
_r130958b735c459,var_966,no
_r96fbeb9a49db25,var_967,no
_rd3cd8b075063a7,var_969,no
_re509b62f24d061,var_97,no
_ra13581f43359c3,var_970,no
_r4767e6bc4820a1,var_971,no
_r5411476fd56b96,var_974,no
_r93f930483b7e29,var_977,no
_rf8d251303fe407,var_978,no
_r01d8106829a1ea,var_979,no
_ra2bc9a0be8a535,var_98,no
_ree60a9cdd25919,var_980,no
_r6fd2af29a5eae0,var_981,no
_rc14b22d2122cc6,var_982,no
_r39abb724c83606,var_983,no
_rd6884309384184,var_986,no
_rc6f9865b132119,var_988,no
_rfd1a0e3ceeac62,var_989,no
_r2880afcb1a152d,var_99,no
_r334a3ffb9fb176,var_990,no
_r1843b04658b658,var_991,no
_rdd51cd68daaa9b,var_993,no
_r45393eaa07db7a,var_994,no
_r8aaf055a1db65b,var_997,no
_re36c8e5892c8e5,var_998,no
_r282932ba1ca681,variableAudienceOptionText,si
_r4626838231d856,variableFilter,si
_r73a44593002ceb,variableListContainer,si
_r7317581c55b106,variableNameSection,si
_r678eb217e4e49a,variableNameValue,si
_r4093d38e8b444a,variableNode,si
_r7eca2c68bec849,variablePickerContainer,si
_r3efde0c2657c43,variableSelectionFilter,si
_re4793f0359c6e6,variableSelectionFilter1,si
_r2e09436be27607,variableSource,si
_r244bd942a7ccf0,variableValueWithString,si
_r94daf1f5193787,variableValuesTableContainer,si
_rb3120d6b022725,varyingDepth,si
_r716c6367d66ba7,vectorMultiplication,si
_r09a1290c37c74d,verifyRoomSessionStatus,si
_r6b50224ac52ca2,verifySelectedChatLines,si
_r931a48863202bf,verifyUserSelected,si
_r88d2a03dbf680c,view,si
_rd825399cc31ac1,viewInDetailButton,si
_ra7a95fb0975ea4,viewInMenuCallback,si
_r1698bad44f09aa,viewLogsButton,si
_r476a1d807c26ef,viewMode,si
_r3b3d50aedcedfe,viewProduct,si
_r4d5868d96666c0,viewer,si
_r5f6b406ec81029,vipDays,si
_rde5529626c8f77,visibleHeartCount,si
_r2655a0ef27d98d,visibleName,si
_r22c0838267dce8,visibleRegion,si
_r7f42dc4fcddc60,visualizationMode,si
_rf86bbcbf35c98a,waitPeriodSeconds,si
_rad1823f4dfd156,walkTileContainer,si
_reb78d87927dd04,wallItemCount,si
_r2f5e923e4be3f2,wallItemsEnabledCheckbox,si
_r6e920124481b98,wallX,si
_r7397cf5758c81f,walletSelection,si
_r0ff2c8e2ee5148,walletText,si
_r1ca6caeecbfada,warningDisplay,si
_r99e89380f8f3f4,warningInput,si
_rb370e722b83e90,warningInterval,si
_rdb2a963ea051a4,warningText,si
_r0dbbe21dcc3d03,web3tradeEnabled,si
_r636b37b1fd7028,webID,si
_r20704ab54f2b4b,webId,si
_r2eaada733361ad,wideRectOffset,si
_r1f0585599bccb6,widgetWindow,si
_r3f71bb1d888815,widthByRuntimeValue,si
_r5ff55c4ac74e14,widthModifier,si
_rf617504efd0e31,widthOptions,si
_r4c8ffdaa22e8a3,willRejoin,si
_rd20d21946f0d63,windowEventProc,si
_r03da290f663de5,windowEventProcessor,si
_re2f7f04626d643,windowManager,si
_r70f6145a49028b,windowMininizedEventProc,si
_r2612028a3bc6d6,windowPreferencesChanged,si
_r4521cb9df35c8e,windowProc,si
_ra58ba7f748f8e8,windowProcedure,si
_r2d2080e2b5b8ed,windowXML,si
_r969618547b6205,winnerId,si
_r588c69d2c43bd0,wiredCreditCountText,si
_rc749eb18498b99,wiredCtrl,si
_r6e9b7b854aa590,wiredInspectButton,si
_r3f9d777acd55f6,wiredItemCountText,si
_r28da3c93a7b049,wiredItemGrid,si
_r79fd14a1afecee,wiredOfferings,si
_rf504b14dbb3499,wiredPaymentPlaceholder,si
_reca035021ea8ea,wiredStyle,si
_r98606b1e1b5967,wiredStyleBorder,si
_rc213f1a6750157,wiredVariable,si
_rfb05b1c10feb45,withNameSpace,si
_r99c5f94f226ffd,withValue,si
_re4c8ba7fb3d17f,withdrawAllButton,si
_r3f5f2099accf86,withdrawButton,si
_r8a781758309eca,withdrawFurniCount,si
_re462a8c59611cc,withdrawInput,si
_r64e6180bf14120,withdrawItemsWithType,si
_rf6e9069bc11d78,withdrawalsContainer,si
_rd32c24b959a58e,withoutNameSpace,si
_r303a8749d4f149,wrappingPrice,si
_r06bdf4a0672790,writeCachedAssetData,si
_r70998ce56f80c8,writeStringParam,si
_r802e8c9283c4b1,x,si
_r3ffdf57829e25c,xmlAssetName,si
_r8e30336d3a1cf9,yellowColorHex,si
_r2108ae8402090e,youGetContainer,si
_r596f367317bb1a,youGiveContainer,si
_rd7958077aa2767,youGiveRule,si
_re3c2d4a580673b,yourCreditCountText,si
_r3fb0a1c4c9c824,yourItemCountText,si
_r671ba1e8c07b23,yourItemGrid,si
_r696180287075eb,yourSilver,si
_r8295da9dea1899,z_scale,si
_rae9f2a7d83a68e,zeroOffsetFor,si
_rad175076609d6a,zoomBitmapData,si
_ra5e20ac33fd9cd,zoomLevel,si
_r897bb28ee8abad,zoomString,si
