hash,name,real_name
_r2f241b75d44277,ABSOLUTE_MINIMUM_HEIGHT,yes
_rb3ec87544b68ef,ACCELERATION_PER_MS,yes
_r024075685d7ac5,ACCEPTED,yes
_rb34a3d40969718,ACCOUNT_ISSUE,yes
_r102c89bb1652cf,ACHIEVED_DIVIDER,yes
_re2b5e1f629b128,ACHIEVEMENTCOMPETITIONHALLOFFAME,yes
_r7163247f022a67,ACHIEVEMENTCOMPETITIONPRIZES,yes
_r71c06cf6bafd0b,ACHIEVEMENT_ARCHIVED,yes
_r54781ee1cbe534,ACHIEVEMENT_CATEGORY_ARCHIVED,yes
_rd1eebe8372c1e6,ACHIEVEMENT_CATEGORY_NEW,yes
_r852b1db73f169c,ACHIEVEMENT_CATEGORY_WIRED_GAMES,yes
_r020e0b9ace69cc,ACHIEVEMENT_CONTROL_BY_WIRED,yes
_r6e474d7be0fa5a,ACHIEVEMENT_ENABLER,yes
_raf11bdcc77391d,ACHIEVEMENT_LEVEL,yes
_rea6fed6986e5cc,ACHIEVEMENT_PREFIX,yes
_rcd31c0e1c9747f,ACHIEVEMENT_RECEIVED,yes
_rca8972f1f510b8,ACHIEVEMENT_RESOLUTION_ENGRAVING,yes
_r6235a0b888a6cf,ACHIEVEMENT_RESOLUTION_FAILED,yes
_r270b94c574b0d3,ACHIEVEMENT_RESOLUTION_OPEN,yes
_r2301a8a261d268,ACHIEVEMENT_ROWS_MAX,yes
_re0b4694048aed8,ACHIEVEMENT_ROWS_MIN,yes
_rbed4e83b08ca00,ACH_NOT_SET,yes
_rbb6227b67498b2,ACTION,yes
_r7362a4e092acce,ACTION_BLOW,yes
_r18b756569e7180,ACTION_DRINK,yes
_r7b207019edb9a7,ACTION_KICK,yes
_r20927f425d3071,ACTION_RESPECT,yes
_r7fdeb726ae477f,ACTION_SIGN,yes
_r81ed055e2f7cdb,ACTION_WAVE,yes
_rdaaa4c05086dfe,ACTIVATE,yes
_r9a6bbe49a4cd1c,ACTIVE,yes
_r67e0ef1db9ad7e,ACTIVE_CONVERSATION_COUNT_CHANGED,yes
_r48d8ab54effaae,ACTIVE_MESSENGER_CONVERSATION_EVENT,yes
_r055f692714af4a,ACTIVITY_POINT_BALANCE,yes
_reec0948789b63c,ACTIVITY_POINT_DISPLAY,yes
_r92591f0b7078c5,ACTIVITY_STATE_INVINCIBLE_AFTER_STUN,yes
_r53eca009456270,ACTIVITY_STATE_STUNNED,yes
_r5e3949a45ad2b3,ACTOR_HAS_HANDITEM,yes
_r77965468987889,ACTOR_IS_GROUP_MEMBER,yes
_r863ce1a2130af0,ACTOR_IS_IN_TEAM,yes
_redd09513d547d0,ACTOR_IS_WEARING_BADGE,yes
_r260e46e3ff5e61,ACTOR_IS_WEARING_EFFECT,yes
_rf0db26f3ae199c,ADDED,yes
_rd84da91765ccd2,ADDON_BADGE_VIEW,yes
_r9c7077c04e7a5d,ADD_FAVORITE,yes
_ra3e17c0c09678f,ADD_HOLE,yes
_rb58c836b332d3f,ADD_MASK,yes
_r4e84fc98b302bc,ADD_SONGS,yes
_r267729ee64a4a4,ADD_SONGS_BACKGROUND_LOADABLE_ASSET,yes
_rf44bf5febf28b1,ADD_TO_PLAYLIST,yes
_r673e0bc7804d8c,ADJUST_CLOCK,yes
_r4773fba65f439b,ADMINISTRATOR,yes
_r56479ba77e7566,ADS_VIEW_CODE_PREFIX,yes
_redbd8675c7c308,AD_DISPLAY_DELAY_MILLIS,yes
_rd19ccb617a78b7,ALERT_ALREADY_OPEN,yes
_r2fddb7bb8c6721,ALERT_OTHER_CANCELLED,yes
_r819bd020815ce9,ALERT_SCAM,yes
_r00d83543686bcd,ALIGN_BOTTOM,yes
_r0b68e74e24eaf1,ALIGN_OVERLAY,yes
_rd2c420970070a3,ALIGN_TOP,yes
_rcc6e60fda9638e,ALLOWED_ENVIRONMENT_IDS,yes
_r515c4c40835ceb,ALLOWED_PUNCTUATION,yes
_r47a00316196d0f,ALLOW_PETS,yes
_r1b83e777d4f2f2,ALLOW_SHIFT_SCROLL_HORIZONTAL,yes
_re306722d461d05,ALL_CATEGORIES,yes
_r424d3f1a2c38b7,ALL_DIRECTIONS,yes
_r3a0c14bb3fbe2d,ALL_SETS,yes
_r42692dd09a3e35,ALL_TAB_ID,yes
_r9255d869338a9b,ALWAYS_SHOW_SELECTION,yes
_r2cb13ba50e29d0,AMBASSADOR_ALERT_USER,yes
_r4e320ad9fcf503,AMBASSADOR_KICK_USER,yes
_rbd9af26918bdfa,AMBASSADOR_MUTE_USER_10MIN,yes
_r5fb4c2f58655e3,AMBASSADOR_MUTE_USER_15MIN,yes
_r3b06fbb6fb089d,AMBASSADOR_MUTE_USER_18HOUR,yes
_r79c7a4a22c4c52,AMBASSADOR_MUTE_USER_2MIN,yes
_r40997850dd7371,AMBASSADOR_MUTE_USER_36HOUR,yes
_rf1411f94232773,AMBASSADOR_MUTE_USER_60MIN,yes
_r872a7b9d6f6d9f,AMBASSADOR_MUTE_USER_72HOUR,yes
_r15f470399f56c6,AMBASSADOR_UNMUTE_USER,yes
_rbd28da088db559,ANCHOR_BOTTOM,yes
_red1b2c57c5ccc2,ANCHOR_CENTRE,yes
_r2387b90a63433c,ANCHOR_LEFT,yes
_r24092f13d59f4a,ANCHOR_MIDDLE,yes
_rd936ffcb528678,ANCHOR_RIGHT,yes
_ra331fac79674a5,ANCHOR_TOP,yes
_ra6bf456aa3d5fa,ANGLE_BUFFER,yes
_rdeaa86e2d7d19f,ANIMATION_DURATION_MS,yes
_r333328e3eaeb1b,ANIMATION_ID_NORMAL,yes
_rf9bb164a94f303,ANIMATION_ID_OFFSET_SLOW1,yes
_r7d376a7901ba02,ANIMATION_ID_OFFSET_SLOW2,yes
_rc0ef06be1010b6,ANIMATION_TIME,yes
_raf46d870c6cd55,ANIMATION_TRIGGER_INTERVAL,yes
_r313f32b726aa1e,ANSWER,yes
_r12f1030054910b,ANTIALIAS_TYPE,yes
_rb03f5839bc4e25,ANYTHING,yes
_r3c13974a9fb274,APPLICATION_ACTIVE,yes
_r43fd6a8227065f,APPLICATION_DEACTIVE,yes
_rce2acfa5257cbc,APPROVE_NAME_RESULT,yes
_r7cc3bba8aa3d97,AREA_DIAMETER_SMALL,yes
_r3d5f6cbf2af4e1,AREA_HIDE,yes
_r8ff68196c041e7,ARGUMENT_ENVIRONMENT,yes
_rcf84badf13d984,ARGUMENT_SSO_TOKEN,yes
_r549c878831c961,ARRAY,yes
_rb8203b9deca1e1,ARROW_ASSET_PREFIX,yes
_ra2c2d50ea959e3,ARROW_DOWN,yes
_r838ced18c93eae,ARROW_LEFT,yes
_r470db87e9fa40f,ARROW_LINK,yes
_r7baae6fa96a579,ARROW_PROGRESS,yes
_r703557820cae14,ARROW_PROGRESS_ID,yes
_r3e780923bacefb,ARROW_RIGHT,yes
_r48b4da8e3f6d53,ARROW_UP,yes
_rc5c5f7fa0ef1da,ARROW_WIDTH,yes
_r35e405fd4e858b,ASSETS_LOADED,yes
_rb6971f057316c2,ASSET_LIBRARY_LOADED,yes
_r47b1e945344c61,ASSET_LIBRARY_LOAD_ERROR,yes
_rdb97b90562d38a,ASSET_LIBRARY_NAME_PREFIX,yes
_r0e65da4c00e376,ASSET_LIBRARY_READY,yes
_rf1ab087d460a30,ASSET_LIBRARY_UNLOADED,yes
_rf54ab34dc74b20,ASSET_LOADER_EVENT_COMPLETE,yes
_r46cda6d8146330,ASSET_LOADER_EVENT_ERROR,yes
_ree352424303d6f,ASSET_LOADER_EVENT_OPEN,yes
_r23336cd908581f,ASSET_LOADER_EVENT_PROGRESS,yes
_re632652a207277,ASSET_LOADER_EVENT_STATUS,yes
_rdd61b7c1528e75,ASSET_LOADER_EVENT_UNLOAD,yes
_rec5dc2d4014aa1,ASSET_NAME,yes
_r683ca76bb57bb3,ASSET_NAME_DISLIKE,yes
_rc2ccd43e1586e9,ASSET_NAME_LIKE,yes
_r34af8cc880b7cb,ASSET_PREFIX,yes
_r09ad1f9f4a5ced,ASSET_SMALL_POSTFIX,yes
_ra7f8078beeba70,ASSET_URI,yes
_rf059d43b270cdb,AUTHENTICATED,yes
_rbc25c8a257472d,AUTHENTICATE_USER,yes
_r966987056ff8c4,AUTO_ARRANGE_ITEMS,yes
_r08b02a3a7d2576,AUTO_LOCK_KEY,yes
_rdc4c618f8a3fd7,AUTO_SCROLL_TO_LATEST_DURATION_MS,yes
_r641ab8c2876ef7,AUTO_SIZE,yes
_r2ad2f9c91eab77,AUTO_TOPIC_ID,yes
_r45fd1ee1db8bdf,AUTO_TRIGGERED_CATEGORY_ID,yes
_rf5e8af2083fdfe,AVAILABLE_COLORS,yes
_rb5866a44f02b8e,AVATARIMAGE,yes
_redd99ba321a40c,AVATAR_ALPHA_MULTIPLIER,yes
_r9a0cf5a97e91e6,AVATAR_CAUGHT,yes
_r82f08444328b9b,AVATAR_CLICKS_FURNI,yes
_rc438a27fc5715d,AVATAR_ENTERS_ROOM,yes
_r5e8e8e086d0b51,AVATAR_EXPERIENCE_TIMESTAMP,yes
_rd2bacb01911fe4,AVATAR_FACE_NAME,yes
_r1549d2a5c05820,AVATAR_FIGURE,yes
_r1328c7cfbda1d0,AVATAR_GENDER,yes
_ra0cbbe8f14aaa7,AVATAR_GESTURE,yes
_re0b1f632f739b2,AVATAR_GLOW_RADIUS,yes
_r3a88052da5df36,AVATAR_GUIDE_STATUS,yes
_raf798d95e1b858,AVATAR_HABBICON_SPIN_OFFSET,yes
_r5947e02db4805e,AVATAR_HIGHLIGHT_DURATION_MSEC,yes
_r97f3f9e4d90969,AVATAR_IMAGE_SPRITE_TAG,yes
_rb6567e47e66d83,AVATAR_INFO,yes
_r394de9fcd3c358,AVATAR_IS_PLAYING_GAME,yes
_ra4562fe3e442e2,AVATAR_IS_TYPING,yes
_r7235afb2df4e40,AVATAR_JUMPING_POWER,yes
_r2052eb07153e1b,AVATAR_LEAVES_ROOM,yes
_r4521fabab6b161,AVATAR_MOUSE_HIGHLIGHT,yes
_r55076a8d4018f6,AVATAR_OWN_USER,yes
_r1026145006ce12,AVATAR_PLACEHOLDER_FIGURE,yes
_r97e36b69ef9be3,AVATAR_POSTURE,yes
_rd444764f9fda8e,AVATAR_POSTURE_PARAMETER,yes
_re74cff3bb9a5d6,AVATAR_SAYS_SOMETHING,yes
_r5163ef7974ba5b,AVATAR_SIGN,yes
_rac0c2fba48bee0,AVATAR_TALK,yes
_rd944b3f9b57cef,AVATAR_WATER_EFFECT_MAGIC_Y_OFFSET,yes
_r863ecbaa537c0f,AVATAR_WIRED_VARIABLE_HOLDER_HIGHLIGHT,yes
_rc929739f52ef8d,AWAITING_MOUSE_DOWN,yes
_r697ad99d302d8b,ActiveActionData,yes
_rbed4f6a7c52679,AllVariablesInRoom,yes
_r354814547c4821,AnimationStateData,yes
_rcf5cb40f7b4528,AssetLibrary,yes
_r0b963104365791,AvatarImage,yes
_r9767130cb9b410,AvatarStructure,yes
_ra49dbbd8192b74,BABYBEAR,yes
_re50edd8b19208d,BABYTERRIER,yes
_r6f12fc6534f51a,BACKGROUND_ACTIVE,yes
_r1bf4cf647d063c,BACKGROUND_GREEN,yes
_r9ee462558e9a24,BACKGROUND_HOVER,yes
_r6600396c88a78b,BACKGROUND_IDLE,yes
_rda73e58127209e,BACKGROUND_LOAD_FUNCTION,yes
_re995c7aa00400a,BACKGROUND_ORANGE,yes
_r96226b55002cba,BACKGROUND_SHADOW_ALPHA,yes
_r542c99d3239167,BACKGROUND_SHADOW_BLUR,yes
_r0e019f7b8c40bd,BACKGROUND_SHADOW_OFFSET_X,yes
_r12d4617d30f462,BACKGROUND_SHADOW_PADDING,yes
_r6dd8c660150b0d,BACKGROUND_YELLOW,yes
_r5e0eb0d1e64a97,BACK_BUTTON,yes
_rf1f456b7d7950c,BADGES,yes
_r9cf8bec96ed3a5,BADGES_ACTIVE,yes
_r5b4984e6dce8a9,BADGES_ALL,yes
_r2366326c8411be,BADGES_BY_RARITY,yes
_r4e6a00763774e0,BADGES_INACTIVE,yes
_rdf4108c3d9e45e,BADGE_CHATSTYLE_WIDGET_NAME,yes
_ra975b061262a0a,BADGE_DISPLAY_ENGRAVING,yes
_rf7dd11e04e227a,BADGE_GRID_ITEM_NAME,yes
_r10ad68a02c1069,BADGE_LOADED,yes
_r390cc2fed1257c,BADGE_READY,yes
_r735cb12a287479,BADGE_RECEIVED,yes
_r1a99366d9eb330,BADGE_SPRITE_TAG,yes
_r72e8f6448918df,BADGE_X,yes
_rbc74b24318b4fc,BADGE_Y,yes
_rf8d9e16c60eb09,BAN_USER_DAY,yes
_r16115270d7681b,BAN_USER_HOUR,yes
_re8a9ea61708dab,BAN_USER_PERM,yes
_r9b5b08d440b2b5,BAR_CHUNK_WIDTH,yes
_r79098bcc17072b,BAR_END_MINIMUM_FILL_WIDTH,yes
_r76df907e26964d,BAR_END_WIDTH,yes
_rc35436badacb30,BAR_ICON_CONTENT_Y_OFFSET_PX,yes
_r3619fd159b8a28,BAR_ICON_OVERLAP_PX,yes
_r05d16f82117683,BAR_SPACING_X,yes
_rc8587caaabfdf6,BAR_Y,yes
_rfaaee95768349a,BASE_BIAS,yes
_r77dd3ff5e7c943,BASE_LAYER_INDEX,yes
_r115ead85e2c1ba,BASE_PART,yes
_r858774b0b2570e,BATCH_MAX_QUERY_AMOUNT,yes
_r8e78e5e6c50e24,BEAR,yes
_ra5cdeef8a90b78,BEGIN_PANE_PREFIX,yes
_r9163affa064cb7,BG_COLOR_DARK,yes
_r598f8bd7e95085,BG_COLOR_LIGHT,yes
_r82f499ccfb339a,BG_COLOR_NORMAL,yes
_re04976b1654c9a,BG_COLOR_SELECTED,yes
_r2629fc36aa587b,BG_COLOR_UNSELECTED,yes
_r5cdc72c41a78eb,BG_IMAGE_PREFIX,yes
_r3819889f424ea8,BG_NAME,yes
_r63ae41d4a1a07e,BG_STAR_ROTATE_SPEED,yes
_r58327d1be68c4c,BIG_MAHOOSIVE_CHONKY,yes
_r1ae27e47becffb,BINARY_SEARCH_ITERATIONS,yes
_r857f721cae1996,BITMAP_ASSET_NAME,yes
_r40d70778ab5924,BITMAP_FILL_MODE,yes
_rab0c15763a7998,BITMAP_ICON,yes
_r7206a038bd0d93,BITMAP_RESERVED_1,yes
_r3fd563eb961a02,BITMAP_RESERVED_2,yes
_r5a54f3f040fdc4,BITMAP_RESERVED_3,yes
_r3b50183e7203f6,BI_FP,yes
_rda6c3fdac9fcc7,BLANK,yes
_rc2052e38c8230c,BLEND_BUFFERING,yes
_r8d02a7579366f2,BLEND_STAGE_REFRESHING,yes
_rb8c5a7b5babcac,BLOCK_PROGRESS,yes
_r13a99c0824a9cb,BLOCK_PROGRESS_ID,yes
_r78fb9e6c581f11,BLOW,yes
_r601a9059d95fb3,BOBBA,yes
_r66e64fe064f323,BODY,yes
_rfe3fc039988150,BODYTEXT,yes
_r4be08c593a6e02,BONUSRARE,yes
_rfdde8765dd1e0c,BONUS_PROGRESS_ACTIVE_BOTTOM_COLOR,yes
_r7c3cd681b98a94,BONUS_PROGRESS_ACTIVE_TOP_COLOR,yes
_ra485bc9289a2e6,BONUS_PROGRESS_EXPIRED_BOTTOM_COLOR,yes
_r75cfa89f526bdd,BONUS_PROGRESS_EXPIRED_TOP_COLOR,yes
_r8d899ea5ec592f,BOOLEAN,yes
_r55423b6f02e29a,BORDER_ACTIVE,yes
_r088315ef5e0231,BORDER_COLOR,yes
_rfe4c190d915c05,BORDER_IDLE,yes
_rfb2d80b3d94515,BORDER_IMAGE_HORIZONTAL,yes
_rc5ea5e5c5488a8,BORDER_IMAGE_VERTICAL,yes
_r946af6f78e0064,BORDER_STYLE_ILLUMINA_DARK,yes
_raa080f534e0fbf,BORDER_STYLE_ILLUMINA_LIGHT,yes
_r8cabd995e2707f,BORDER_TOP_BOTTOM_OFFSET,yes
_r44335364d54a1f,BOSS_BAR_CATEGORY_ID,yes
_r7125a033584998,BOSS_HEALTH_BAR,yes
_r38aa07dcaec4bb,BOSS_HEALTH_BAR_ID,yes
_r574a1ce8073936,BOTS,yes
_r433d2f3315bbcc,BOTS_FORBIDDEN_IN_FLAT,yes
_r29cc0ab007c5a0,BOTS_FORBIDDEN_IN_HOTEL,yes
_r02731c2eb71a50,BOTTOM,yes
_rc12c34776fadfd,BOTTOM_CENTER,yes
_ra3a133b919815a,BOTTOM_LEFT,yes
_rfd787648ecf0bc,BOTTOM_MARGIN,yes
_r423cb0aa5a515b,BOTTOM_PADDING,yes
_rd2c45ba64babb5,BOTTOM_RIGHT,yes
_rf4bbce9d209cf0,BOT_AVATAR_REACHED,yes
_r8bf5a9bf8b7710,BOT_CHANGE_FIGURE,yes
_rf76fbaa329ef93,BOT_DESTINATION_REACHED,yes
_r00b6259e32d9c5,BOT_FOLLOW_AVATAR,yes
_r8d5f0f3e41ab7f,BOT_GIVE_HAND_ITEM,yes
_rc77cb65481ee9c,BOT_LIMIT_REACHED,yes
_rf7ace0ac95279f,BOT_MOVE,yes
_r82beba7192ea29,BOT_NAME_NOT_ACCEPTED,yes
_rf152cac7b4deff,BOT_TALK,yes
_r2490a8b93499f2,BOT_TALK_DIRECT_TO_AVTR,yes
_r8e67d5d1ce65db,BOT_TELEPORT,yes
_r26126f650268b7,BOT_VIEW,yes
_raf7fa73762c45a,BOUNDING_DATA,yes
_rbc60a3f1e18437,BOUNDING_DATA_PER_SNOWBALL,yes
_rfb45ec4454ff52,BOUNDING_DATA_TRIPLE_CIRCLE_LARGEST_DISTANCE,yes
_rd220df2b5d0af9,BOUNDS_MARGIN,yes
_r163e00ecc6f023,BRANDED_IMAGE_SPRITE_TAG,yes
_r88dff2d87cebc8,BREED,yes
_rb25f996a3fe16b,BREED_TRAIN_COMMAND_ID,yes
_r21b0498af3f8f8,BRIGHTNESS_AND_SHADOW_UNDER,yes
_r24e66fb127ff8d,BRIGHTNESS_AND_SHADOW_UNDER_GENTLE,yes
_r8d4b0fe2a1fa10,BUFFER_LENGTH,yes
_r603f855a692701,BUILT_IN_ANIMATION_ASSET_NAMES,yes
_rf4b2dcc7f68be0,BUNDLE_MY,yes
_r0206b42e241413,BUNDLE_PURCHASE_EXTRA_INFO,yes
_r89afb8e0802776,BUNNYEVIL,yes
_re868b0cdc80143,BUNNYLOVE,yes
_r8195ac7a9f973d,BUS_PARTNER,yes
_rd76e85b98965fe,BUTTONS_DISABLED_MS,yes
_r4ecea289b5cb6d,BUTTONS_MAX_WIDTH,yes
_r695c7fe0dcc279,BUTTON_ACCEPT,yes
_rdeef4c53cd5813,BUTTON_COLLAPSE_RIGHT,yes
_r4149f772cb22c6,BUTTON_COLOR_DEFAULT,yes
_r389b151be199de,BUTTON_COLOR_HOVER,yes
_r550e62606ee465,BUTTON_CUSTOM,yes
_r67c4b6ae7529f2,BUTTON_GREEN,yes
_rc77d5ab2e392b1,BUTTON_HEIGHT,yes
_r55999e57651854,BUTTON_LEFT_PAGE,yes
_rc54047972990fb,BUTTON_LIST,yes
_r5edbd79a83564e,BUTTON_MARGIN,yes
_rbe51ab8f090334,BUTTON_MODE_VARIABLE_MENU,yes
_r9423661d65302f,BUTTON_RED,yes
_r9d20835a1f4488,BUTTON_RIGHT_PAGE,yes
_r8ec1d9b6c03c26,BUTTON_STATE_DOWNLOAD,yes
_rba2bcb1f85ba90,BUTTON_YELLOW,yes
_r54253e81637c3c,BUY_MORE,yes
_r8ca34ce89c2e67,BadgeLayerOptions,yes
_r3e4e37c00f8b24,BadgeSelectPartCtrl,yes
_r49746c91edb5fa,Bitmap,yes
_r1bd32f0e42cd70,Boolean,yes
_r46a1e8066d0125,CALL_ANOTHER_STACK,yes
_r42cd22aa678ac2,CALL_FOR_HELP_NOTIFICATION_TYPE,yes
_r387a2d9364c3af,CAMERA_INIT_X,yes
_r88e1c4a1536eee,CAMERA_INIT_Y,yes
_r5a1c62d1cfd565,CAMERA_INIT_Z,yes
_r41f348cbae7756,CAMERA_LAUNCH_ORIGIN_CHAT,yes
_r3d31bbb26ab8c0,CAMERA_LAUNCH_ORIGIN_EIW_MAKE_OWN,yes
_rd592929ccbe86f,CAMERA_LAUNCH_ORIGIN_ROOM_TOOL,yes
_r6a12c57904f9fd,CAMERA_LAUNCH_ORIGIN_TOOLBAR,yes
_rfeacae48bd42e8,CAMERA_SHUTTER,yes
_r9be0121aea7b52,CAMERA_TOGGLE,yes
_r47ac0f36083ef5,CAMPAIGN_CLOSE_CALLBACK,yes
_r00cb7499a807d4,CAMPAIGN_COMPLETED_CALLBACK,yes
_r7bb0bed00f1ef3,CAMPAIGN_COMPLETE_CALLBACK,yes
_r1224255a9db7ce,CAMPAIGN_ICONS_ENABLED_KEY,yes
_r7c15e1aedac6fe,CAMPAIGN_MESSAGES,yes
_r98ed5aae654a1a,CAMPAIGN_MESSAGES_ALL,yes
_r5d7c1fdadbd703,CAMPAIGN_MESSAGES_SEEN,yes
_rf94d690936a0f7,CAMPAIGN_OPEN_CALLBACK,yes
_r72f9c539102542,CAMPAIGN_READY_CALLBACK,yes
_r2f6efe0257c4bb,CANCEL,yes
_r084caab18bbad8,CANCEL_TRANSACTION,yes
_r26a3e60260d5f2,CAN_PERFORM_MOVE,yes
_r5f04a5f6a8fe78,CAPACITY_KEY,yes
_r11547f2c1b9c0f,CAPACITY_LEVEL_KEY,yes
_r7e43a69d1b11eb,CAPTCHA_ENDPOINT,yes
_r9d0b6cfbf4bf10,CAPTION,yes
_r1387822f991a29,CAPTION_BLEND_CHANGE,yes
_r8bd900e93bfce6,CAP_OVERSHOOT,yes
_r91e17dd08b474b,CARRY_OBJECT,yes
_r0beaea4cb52ee1,CARRY_USERS,yes
_r04b9b5da3c2b90,CASCADE,yes
_rda401d3aba9d98,CAT,yes
_rcf3322691e5fa6,CATALOG,yes
_r9fdfb0d7d3764d,CATALOGBUTTON,yes
_rc535d7e92e0efc,CATALOGPROMO,yes
_r759e7b730041d3,CATALOGPROMOSMALL,yes
_r30a6e5e1a487e3,CATALOG_CLUB,yes
_rc02f05ad1dcc0f,CATALOG_PAGE_BUNDLES,yes
_r36c4983e8fb5b9,CATALOG_PAGE_CLUB,yes
_r18b8e18b7a44bd,CATALOG_PAGE_CLUB_GIFTS,yes
_re39732bad25d11,CATALOG_PAGE_CREDITS,yes
_r5fa1884f2e27e8,CATALOG_PAGE_DUCKETS_INFO,yes
_r2ce05c6829d06f,CATALOG_PAGE_ECOTRON,yes
_re0290b454fdb33,CATALOG_PAGE_GIFT_SHOP,yes
_rb56b959887a30d,CATALOG_PAGE_GROUP_FURNITURE,yes
_r92086362c3b9ed,CATALOG_PAGE_HORSE_SHOE,yes
_re19cf6dbd00fec,CATALOG_PAGE_HORSE_STYLES,yes
_r07fa2d321405fc,CATALOG_PAGE_LAYOUT_WIDGET_NAME,yes
_r399d86551bf938,CATALOG_PAGE_LOYALTY_POINTS_INFO,yes
_rfb772332ba3e92,CATALOG_PAGE_MOBILE_BUNDLES,yes
_r07aaab61018b5f,CATALOG_PAGE_MOBILE_SUBSCRIPTIONS,yes
_rc2b14a0c2d93a1,CATALOG_PAGE_NEW_ADDITIONS,yes
_rd7f5e7c90e7b70,CATALOG_PAGE_PETS_ACCESSORIES,yes
_rf56c8a6f87c5df,CATALOG_PAGE_SHELL_GIFTS,yes
_rbd4a526a3e8fc8,CATALOG_PAGE_SNOWFLAKE_GIFTS,yes
_ra3afd2032617ef,CATALOG_PAGE_SOLD_RARES,yes
_ra88cbc187d8b49,CATALOG_PAGE_SONG_DISK_SHOP,yes
_r829792ef3009b0,CATALOG_PAGE_SPECIAL_EFFECTS,yes
_r195a3669ee8e77,CATALOG_PAGE_SPEND_NUTS,yes
_r6fb479836b2a1d,CATALOG_PAGE_SUBSCRIPTIONS,yes
_rd1ee3aa5db9668,CATALOG_PAGE_VALENTINES_GIFTS,yes
_r575df81084ef95,CATEGORY_HOT_LOOKS,yes
_rc821655d564596,CATEGORY_MY_LOOKS,yes
_r9fd48bfb87fc06,CATEGORY_SPACING,yes
_rab84ab4eb46451,CATEGORY_SPACING_X,yes
_r2d3337929d81b2,CATEGORY_SPACING_Y,yes
_r7ab7b031d0d112,CENTER,yes
_r3a83d7ecf7f59f,CENTER_RIGHT,yes
_r55ae39174ddcaa,CHALLENGE_LEVEL_NEEDLE_BASE_FRAMES,yes
_r36b78fa5ccbeaa,CHANGE_EMAIL,yes
_r13cb3ffe3a7b4e,CHANGE_NAME,yes
_rcb4e55cde0aa8f,CHANGE_ORIGIN_OPTIONS,yes
_rd50ca6b6368604,CHANGE_PASSWORD,yes
_r2343303e45059a,CHANGE_PITCH,yes
_r7b8983c7831747,CHANGE_STATE,yes
_r086571cb6a3cda,CHANGE_TO_SPECTATOR_QUEUE,yes
_r247ecd70a7b8d1,CHANGE_TO_VISITOR_QUEUE,yes
_r0422073567ca4a,CHANGE_VARIABLE,yes
_rb44e456c9e015d,CHASE,yes
_rf939c261751758,CHAT,yes
_rd44b96e5c29475,CHATTER_MARKOV,yes
_ra2edd739de1202,CHAT_BAR_POPUP_OFFSET,yes
_rb9ab7758e506fe,CHAT_CONTAINER,yes
_r5296b21114b36d,CHAT_FONT_SIZE_MODE_MAX,yes
_rffad46268aede3,CHAT_HELP_INTERNAL_CLIENT_LINK,yes
_rbeb2a1bf15d5ed,CHAT_INPUT_CONTENT,yes
_r18140e667cdcf0,CHAT_INPUT_WIDGET,yes
_r684fbd92248bc2,CHAT_ITEM_RENDER_MAX_MESSAGES_SIZE,yes
_r8bea66ac982620,CHAT_LAG_WARNING_LIMIT,yes
_r6ad5adcabc7bef,CHAT_LINE_POOL,yes
_r23524dbf1a5fb9,CHAT_LINE_POOL_MAX_SIZE,yes
_r993efcc4f806ae,CHAT_REPORTED_USER_COLOUR,yes
_r17b69e16de2495,CHAT_REPORTEE_COLOUR,yes
_r4617c50cb81f1d,CHAT_STYLE,yes
_r295d4f4c2ff26a,CHAT_STYLE_SNOWWAR_BLUE,yes
_r21045f9efc5b3c,CHAT_STYLE_SNOWWAR_RED,yes
_r71937f2dd29784,CHAT_TYPE_HAND_ITEM_RECEIVED,yes
_rc58176f030976d,CHAT_TYPE_MUTE_REMAINING,yes
_redb20ff18aa0c1,CHAT_TYPE_PETRESPECT,yes
_rf6c0093d412bdf,CHAT_TYPE_PETREVIVE,yes
_r54e239feadd549,CHAT_TYPE_PETTREAT,yes
_r1ab017fab77294,CHAT_TYPE_PET_REBREED_FERTILIZE,yes
_r70258502893dff,CHAT_TYPE_PET_SPEED_FERTILIZE,yes
_r417a51bcff533a,CHAT_TYPE_PING,yes
_r8596c5976c548f,CHAT_TYPE_RESPECT,yes
_rda477390e0fefb,CHAT_TYPE_SHOUT,yes
_r1bd5892ab3956c,CHAT_TYPE_SPEAK,yes
_r79b4dd67483b26,CHAT_TYPE_SPECIAL_SYSTEM,yes
_r87f798ef3d7014,CHAT_TYPE_WHISPER,yes
_rc5c92f82895cc2,CHECK_FOR_HC_MEMBERSHIP_FUNCTION,yes
_r44fcb9b6af1800,CHEST,yes
_r6f150040bce8d5,CHEST_ACCESSORY,yes
_r5142ed5cfcfb7c,CHEST_DESC_KEY,yes
_ra63cf0b74a3364,CHEST_HAS_ITEMS,yes
_rfbe083a5412bd1,CHEST_HAS_ITEM_TYPES,yes
_re5476539d062e8,CHEST_ITEM_TYPE_SCANNER,yes
_rf87f48b776bd3e,CHEST_NAME_KEY,yes
_rb6ccfa742cef42,CHEST_PRINT,yes
_re2c81acc2808e1,CHEST_STATES,yes
_r762f399bce570a,CHICKEN,yes
_r3b2294490d3fb5,CHILDREN,yes
_r8f4ae1aaeb6d5c,CHOOSER_DISABLED,yes
_r471bef8477e593,CITIZENSHIP,yes
_r09acd8df44f727,CLAIM,yes
_rdc4452b308a6a1,CLAIMABLE,yes
_r5c46530df00a72,CLAIM_HEIGHT,yes
_r4c481d9341f564,CLAIM_STATE_BROWSING,yes
_r7f91267e439bbd,CLAIM_STATE_CLAIMABLE,yes
_r399010db279860,CLAIM_STATE_CLAIMED,yes
_rff2263f09ce501,CLAIM_STATE_FETCHING,yes
_ra8c438391dc169,CLAIM_STATE_NOT_APPLICABLE,yes
_r924a4dea0b005d,CLASSIC_MINI_PROGRESS,yes
_r458626b70e3652,CLASSIC_MINI_PROGRESS_ID,yes
_r6aee7529539a39,CLASSIC_PROGRESS,yes
_r2e092153c415e7,CLASSIC_PROGRESS_ID,yes
_r64befddf2b8c44,CLASSIFICATION_ROW_POOL,yes
_r14e147e5eaa671,CLASSIFICATION_ROW_POOL_MAX_SIZE,yes
_re6e1dff7ffa54d,CLEANUP_TIMER_DELAY,yes
_r9f19d16224ef31,CLEARTYPE_LOCALIZATION_KEY_POSTFIX,yes
_ra6c9a4ae7a2eb0,CLEAR_LOGS_TIMEOUT,yes
_rf713418fa10955,CLICK_AWAY,yes
_ra20af2d93364c0,CLICK_SETTINGS_NOTIFICATION_TOGGLE_ID,yes
_re978ecc7ba4451,CLICK_USER_PASS_THROUGH,yes
_r5c4dbab3e3fb9f,CLIENT_ORIGIN,yes
_rc28fee8aabe961,CLIENT_START,yes
_rb8dcb4be37f819,CLIENT_STARTING,yes
_r3123da0f32dbd5,CLIENT_STARTING_LOADING,yes
_r77547279d3dd63,CLIENT_URL,yes
_r71a0d981fcc77f,CLIPPING,yes
_r7d9e3cb0ca2ed9,CLOCK_REACH_TIME,yes
_rb807927b55b74f,CLOCK_TIME_MATCHES,yes
_r2a26b3d63401db,CLOSE_COLOR_NORMAL,yes
_rbc2e73f47ce58a,CLOSE_COLOR_OVER,yes
_r42ea129cc72b4b,CLOSE_DELAY_MS,yes
_rf3132c532bf5ca,CLOSE_FURNI_CONTEXT_MENU,yes
_r666bd86b0e00ab,CLOSE_PET_TRAINING,yes
_r93ea9b8f485ec5,CLOSE_WIDGET,yes
_r4bd9003744824a,CLOTHING,yes
_r2997bbe51b6083,CLOTHING_CHANGE,yes
_rd52f2541c6dedd,CLUB,yes
_r4688186c801c2a,CLUBGIFT,yes
_rb507c2c291d850,CLUB_BADGES,yes
_rba92b9a0156f2a,CLUB_BUY,yes
_r0a89b1c42ab29a,CLUB_GIFTS,yes
_r9dc54aad11b565,CLUB_ICON_GIGANTIC,yes
_r1920306cbc48e8,CLUB_ICON_SMALL,yes
_rc6f307cd6a1005,CLUB_ICON_SQUARE,yes
_r887585c933de4d,CLUB_ICON_SQUARE_BIG,yes
_r711155f425921f,CLUB_PROMO,yes
_r6b343d617a4b0f,CMT_CLOSE,yes
_r105caa2be00e79,CMT_OPEN,yes
_ra96ab0180b0df2,COAT_CHEST,yes
_rdc139921f20dc9,COIN,yes
_r92906ad98c9826,COINS_CHEST,yes
_r8d2a9b676865f0,COLLAPSED,yes
_r50082e50da3e66,COLLAPSED_MARGIN,yes
_ra3bcb95d20796b,COLLAPSE_ANIMATION_DURATION_MS,yes
_ref599c6de98b50,COLLAPSE_ANIMATION_FPS,yes
_rd3824823cface2,COLLECTIBLES,yes
_r0be2dc44052b5a,COLLECTIBLES_CLAIM_SUCCESS,yes
_r8fd25256c70e83,COLLECTIBLES_CLAIM_WAIT,yes
_r9f9d81b42f0c88,COLLECTION_ICONS_SPRITESHEET_FILE,yes
_r1bdec1297b8d1b,COLLECTION_ICON_OUTLINE_COLOR,yes
_r041ba08c0e9b3b,COLLECTION_ICON_OUTLINE_SIZE,yes
_r2dccea62f1db6f,COLON,yes
_ree977470d5d76a,COLORIZATION_ASSET,yes
_r860d11bc119e56,COLORIZE_METHOD_HSV_LAYER,yes
_r8188fa2a4d0fae,COLORS,yes
_rcaf18e93bd4f25,COLOR_BLUE_CLICKED,yes
_rd43334c9904b35,COLOR_BLUE_HOVERED,yes
_r48e13b13b2b0b9,COLOR_BROWN,yes
_r59814646af6258,COLOR_DEBUG,yes
_r0359b450ffe444,COLOR_ERROR,yes
_r3f9dff119ed9d0,COLOR_EVEN,yes
_r716c5bbe67e8d9,COLOR_GOLD,yes
_rbd095d86fe03b0,COLOR_GREEN,yes
_r88bb1fe1cb0cd7,COLOR_HIGHLIGHT,yes
_r8ad3c87691b695,COLOR_INACTIVE,yes
_r02b3162d29fe42,COLOR_INFO,yes
_rf298e911bc672b,COLOR_ITEM_NORMAL,yes
_r8330d60b46df45,COLOR_ITEM_SELECTED,yes
_r6ac4a58fc92158,COLOR_MATRIX_MIX_MAX,yes
_rb80922d1725511,COLOR_MATRIX_OFFSET_MAX,yes
_rf20e34e3772725,COLOR_ODD,yes
_r035c942b53f84b,COLOR_ORANGE,yes
_rbead0c3f3cd9a3,COLOR_RED,yes
_re1239b6c0cd32a,COLOR_SILVER,yes
_r7954de3ed0672e,COLOR_TAGS,yes
_r1f400aa57383c7,COLOR_TRANSFORM,yes
_r1220d239abed03,COLOR_WARN,yes
_radf6c3b5e5730e,COLOR_YELLOW_CLICKED,yes
_re56c9ad3b7acde,COLOR_YELLOW_HOVERED,yes
_re595846d1006f8,COLOUR_GRID,yes
_rd39d213284ec42,COLUMN_APPEAL_STATUS,yes
_r777896bea7aa6e,COLUMN_FURNI_NAME,yes
_reac8b31bb40ca9,COLUMN_FURNI_OWNER,yes
_r75cc445d475099,COLUMN_ID,yes
_r9cb04069290f18,COLUMN_REASON,yes
_r556d685c927c67,COLUMN_REPORTED_ACCOUNT,yes
_r16d20ab89c8909,COLUMN_REPORT_DATE,yes
_r4a6ce354729168,COLUMN_TYPE,yes
_r18ff79f4d0554c,COLUMN_USER_NAME,yes
_rc392624f7ec604,COL_FURNI_CODE,yes
_r63bb97a106fca3,COL_FURNI_NAME,yes
_r8a55d8dae5b38f,COL_FURNI_TYPE,yes
_raf78e777dccce8,COL_SPACING,yes
_r5f7aa78eeea2b7,COMMA,yes
_r140567f8212aeb,COMMON,yes
_r35e724366fd966,COMMON_FRIENDS,yes
_r7dc623c4faa6a7,COMMUNITY,yes
_r70464ca6ced8c1,COMMUNITYGOAL,yes
_rfd93de224de3ab,COMMUNITYGOALSCORE,yes
_r48a1542a9c0404,COMMUNITYGOALTIMER,yes
_rd92332d174aa04,COMMUNITYGOALVS,yes
_r58de886b8bf61d,COMMUNITYGOALVSVOTE,yes
_r56d2c3c505bfd4,COMPLETED,yes
_re521384682df74,COMPLETE_COLOR,yes
_r90d18a2d3b347e,COMPLETION_CLOSE_DELAY_IN_MSECS,yes
_r1d67bffabcf668,COMPLETION_TEXT_OFFSET_FROM_BOTTOM,yes
_r7dbbaa1cdb23ef,COMPONENT,yes
_r37aade7d4410fd,COMPONENT_FLAG_CONTEXT,yes
_r3cf928f377042c,COMPONENT_FLAG_DISPOSABLE,yes
_rc598802333b78a,COMPOST_PLANT,yes
_rfe26e6497ae8f2,CONCURRENTUSERSINFO,yes
_r86a1bd2acb1f49,CONCURRENTUSERSMETER,yes
_rf1bf3734298f73,CONDENSE_WHITE,yes
_r9c419627af0121,CONDITION_EVALUATION,yes
_re74d6ce4ef4547,CONFIGURATION_ERROR,yes
_r99f87dfc01cfe6,CONFIGURATION_LOADED,yes
_r16b2571bffe745,CONFIG_LOADED,yes
_r8f8cd22b6c13bd,CONFIRM_PET_BREEDING,yes
_rad5426d26d5bcb,CONFIRM_PET_BREEDING_RESULT,yes
_r4f48cef0393f15,CONFUSABLE_GROUPS,yes
_r88512c74f723d4,CONNECTION_ESTABLISHED,yes
_rce754ee4e58d8d,CONNECTION_INFO_HOST,yes
_r21f36bdb849230,CONNECTION_INFO_PORT,yes
_r3a0e8dd9d23def,CONNECTION_INIT,yes
_rc37521936fa6b8,CONTAINER,yes
_r6596622df981f2,CONTAINER_RESIZE_TO_COLUMNS,yes
_r42fb9b6793c727,CONTAINER_SPACING,yes
_r4b099f7b376fcb,CONTENT,yes
_rb956d77c5bcd5c,CONTENTS_COUNT_KEY,yes
_rac8c6fb155b2f5,CONTENT_AREA_START_X,yes
_ree53127acdae0f,CONTENT_LOADER_READY,yes
_r6fd9695e51b4aa,CONTENT_LOAD_CANCEL,yes
_rb259e140163278,CONTENT_LOAD_FAILURE,yes
_r4bbdf51edc4594,CONTENT_LOAD_SUCCESS,yes
_r0e8c7fa02c4251,CONTENT_NO_CLUB,yes
_r6a59484983d55c,CONTENT_PROCESSING_TIME_LIMIT_MILLISECONDS,yes
_r82f932da946608,CONTENT_TAG,yes
_r57105b8f83ef73,CONTENT_UPDATED,yes
_r3d84ba8017ad40,CONTENT_WRONG_GENDER,yes
_r8080bea662778e,CONTEXT_SOURCE,yes
_raaa167b28a89da,CONTEXT_VARIABLE,yes
_r2a0768bb669b5f,CONTINUE_BUTTON,yes
_r5be02d8f015049,CONTROL_CLOCK,yes
_rb2084324b0ea0c,CONVERSION_TRACKING,yes
_r65b757e4882714,CONVERTER_ECHO,yes
_r16961ef955af28,CONVERTER_PULSES,yes
_r6aaba40c6d8f92,CORE_ERROR,yes
_r06ed87275ebd3f,CORE_INIT,yes
_r8180f3b6665f92,CORE_RATIO,yes
_r46f08f4487db50,CORE_RUNNING,yes
_ra669d607b537f8,CORE_SETUP_FRAME_UPDATE_SIMPLE,yes
_rd9101464a89914,COSTUME,yes
_rdb766f4d269fde,COUNTER,yes
_rb9eca344f8c779,COUNTER_MARGIN,yes
_rd616336490b14c,COW,yes
_rbad4202c3bc160,CRACKABLE_FURNI_VIEW,yes
_r8e04b308193067,CRAFTING,yes
_re7cd0bdc9d765d,CRASH_ON_CRIT_ERROR,yes
_r9146a886bec524,CREATE_HEADER_BITMAP_OFFSET,yes
_r2c80a5a18e0719,CREDITFURNI,yes
_rf2b8a9d7bb46b0,CREDITHABBLETBUTTON,yes
_r88631007a8435c,CREDITS,yes
_rbd33984f9581c1,CREDITS_EXTENSION_ID,yes
_ra0f69ce64b5d51,CREDIT_BALANCE,yes
_r2cfc13884dd656,CREDIT_FURNI,yes
_r26ecd840be129c,CREDIT_IMAGE_COUNT,yes
_r0dc29fe26861b2,CRITICAL_COLOR,yes
_re5437f2c3135c4,CROCODILE,yes
_r316923f414c4a5,CRY,yes
_rab5f38b0d03493,CURRENCY,yes
_rebdbd560f5bc6e,CURRENT_USER_ID,yes
_r35e3db222fb353,CURSOR_REQUEST_ARROW,yes
_rf192c6732877b3,CURSOR_REQUEST_BUTTON,yes
_rcafed341c28be8,CURVE_X1,yes
_rcfd41afe24b6ab,CURVE_X2,yes
_r848a48316568d5,CURVE_Y2,yes
_rf8e0a84ecb2eb3,CUSTOMTIMER,yes
_r5468b3d6f6ea32,CUSTOM_CONTRACT,yes
_r43a44305e3354d,CUSTOM_STACK_HEIGHT,yes
_rdadb24847007be,CUSTOM_USER_NOTIFICATION,yes
_r6a1fe4edb6f92d,CUT_TYPE_COUNT,yes
_r740f99f32e52b7,CategoriesTabPageDecorator,yes
_rff5c1d60208f3d,ChatHistoryScrollBar,yes
_re6731b29335ec9,ChronoFieldRangeFilter,yes
_rbd9e9f4472112f,ComponentDependency,yes
_r523cb5c2571a85,DAILYQUEST,yes
_r73be5ab22db95b,DAILY_REFRESH_DELAY_MINUTES,yes
_rcb2b0f3f2ed1d8,DANCE_ACTION_CODE,yes
_re81d9196420d07,DARKENING_SLICE_WIDTH,yes
_r061a46b8c2d915,DATA_UPDATE_INTERVAL_MSEC,yes
_r4a7038e204064e,DATE_MATCHES,yes
_rfee655e8b78d77,DATE_RANGE_ACTIVE,yes
_rdcf99b6ca8afa2,DAYS_IN_MONTH,yes
_rcd8ea215a438e8,DEBUG_PROGRESSBAR_TESTING_MODE,yes
_re1bc0641f21d66,DECLINE,yes
_rf16bc29cb71646,DECLINED,yes
_r0c8277582c3510,DEFAULT,yes
_r926a406a9cc493,DEFAULT_ACTIVITY_POINTS_PRICE_COLOR,yes
_rdb25ea3e9e45c5,DEFAULT_BACKGROUND_TINT,yes
_rc06e043cb0b509,DEFAULT_BADGE,yes
_r345388e3e1b824,DEFAULT_BG_COLOR,yes
_rd98cf6a807d88e,DEFAULT_BOT_BADGE_ID,yes
_r84d4e83e59c501,DEFAULT_BOY_CLOTHES,yes
_rea9c1a288e7524,DEFAULT_BULK_OFFER_LIMIT,yes
_rd9c115abb720df,DEFAULT_CODES,yes
_r97f8e3fc593502,DEFAULT_COLLECTION_ICON_SIZE,yes
_r3abfd1b8089704,DEFAULT_COLOR,yes
_rb36c72169ef0a6,DEFAULT_COLOR_1,yes
_rd477070ecba01a,DEFAULT_COLOR_2,yes
_re26d7e6d85c3f5,DEFAULT_DIR,yes
_rcac242d266f56d,DEFAULT_DIRECTION,yes
_r8bf9dbc34f3dd1,DEFAULT_EFFECT_STRENGTH,yes
_r03c1667fb64833,DEFAULT_FADE_DELAY_MS,yes
_rbcd73b366c893b,DEFAULT_FEMALE_FIGURE,yes
_raa1a4d752f06a4,DEFAULT_FRAME,yes
_r19a746a646a9d1,DEFAULT_FRAME_NUMBER,yes
_rf166758cefbef9,DEFAULT_FRAME_SIZE,yes
_r4ad82813779759,DEFAULT_GIRL_CLOTHES,yes
_rf0a5470febd4ed,DEFAULT_IMAGE,yes
_r853fa89d16c080,DEFAULT_LAYOUT,yes
_rd8400d2af5022a,DEFAULT_LOCATION,yes
_ra118d9bfab3fe9,DEFAULT_MALE_FIGURE,yes
_r8bf9be1924e2e9,DEFAULT_MAX_CACHE_STORAGE_TIME_MS,yes
_ra14d8c2fdde867,DEFAULT_OFFSET,yes
_r0a79571ef283a6,DEFAULT_RANK_BORDER_COLOR,yes
_r6389c18b95a7f0,DEFAULT_RARITY,yes
_r8b1b3b9565fa3a,DEFAULT_RELATIVE_DEPTH,yes
_rf6e1f5ad42febc,DEFAULT_REPORT_MESSAGE_DESCRIPTION,yes
_r0f00658e91dd74,DEFAULT_REWARDS,yes
_r6ab3676a686bec,DEFAULT_SIZE,yes
_rc92397262b8f47,DEFAULT_STATE,yes
_rf71da79d014a46,DEFAULT_STYLE,yes
_r795101dfbe462b,DEFAULT_THROW_TO_LOB_CUTOFF_RANGE,yes
_r7fe756627f7384,DEFAULT_TYPE,yes
_r7cbd89cdf395b9,DEFAULT_VIEW,yes
_r950624b70961e0,DEFAULT_VIEW_LOCATION_BOTTOM,yes
_r15b72011b78871,DEFAULT_VISIBLE_DURATION_MS,yes
_r464379f610a5f2,DEFINITIONS,yes
_r8842f67966d7c4,DEF_SEPARATOR,yes
_r4b214e746f2a64,DELAY_BEFORE_ANIMATION,yes
_ra3f44ff5349af4,DELAY_BETWEEN_TWINKLE_STARTS,yes
_re3cb8fb68b64b5,DEMONMONKEY,yes
_r932e1d0198df43,DESELECTED,yes
_r69da997a361401,DESKTOP_MARGIN_LEFT,yes
_r7505a33b0d842e,DESKTOP_MARGIN_RIGHT,yes
_rc076875f070eac,DESKTOP_WINDOW_LAYER,yes
_r556d8ade94ca5e,DEVELOPMENT_MODE,yes
_rfe6270cff0f102,DEVICE_TYPE_DESKTOP,yes
_r26a2185a6aea65,DIGIT_WIDTH,yes
_r148811b2e28909,DIMMER,yes
_r4fb1488b5c1161,DIMMER_HIDE,yes
_r5e92c2cfc341fe,DIRECTION_DOWN_RIGHT,yes
_r50ee839508a513,DIRECTION_RIGHT,yes
_r2359357ba76511,DIRECTION_UP_RIGHT,yes
_rd13c55880f8195,DISABLE_CRYPTO,yes
_r2c878bfd80c8b9,DISMOUNT_PET,yes
_r96a92a794e2e7a,DISPLAY_LIMIT,yes
_r288a2d8dbc23eb,DISPLAY_RAW,yes
_r487da75dafca92,DISTANCE_FROM_BOTTOM,yes
_r085abcf9621fdf,DIVIDER_WINDOW_PREFIX,yes
_r0f3f85fd3277b7,DOG,yes
_r73e645e21beb77,DONATE_FURNITURE_TO_ALL,yes
_r61a41fcabc719b,DONATE_FURNITURE_TO_USER,yes
_r0534cf1e92a7d5,DONE_AVATAR_EDITOR_CLOSING,yes
_ra9b7e0d4849545,DONE_AVATAR_EDITOR_OPENING,yes
_r92a29bb75afd30,DOORBELL,yes
_ra6ae41af6231cd,DOUBLE_CLICK,yes
_r00a58dc5246b5f,DOWNLOAD_TIMEOUT,yes
_rd1cacf61b19a1b,DOWN_CENTER,yes
_r8193db32c15476,DOWN_LEFT,yes
_reafb1b69ff7497,DOWN_RIGHT,yes
_rc009465208ea1f,DROP_MENU_ITEM_MAX_LENGTH,yes
_rba9750a8a14a91,DUCKET,yes
_ra5fdc5ff6b43a0,DUMMY_PAGE_ID_FOR_OFFER_SEARCH,yes
_rd3af551dd5c3c4,DYNAMIC_COLOR_PREFIX_KEY,yes
_rb360485fb6fa51,DYNAMIC_DOWNLOAD_TEMPLATE,yes
_rcf28b83e2e90ae,DYNAMIC_DOWNLOAD_URL,yes
_r04c2435ff6a5db,DYNAMIC_LEVELLING_END_HUE,yes
_r1d29f878c8e920,DYNAMIC_LEVELLING_SATURATION,yes
_r98fcaf1900eaf0,DYNAMIC_LEVELLING_START_HUE,yes
_ra55b92c0c496c5,DYNAMIC_LEVELLING_VALUE,yes
_r20bf661db71c52,DYNAMIC_RED_TO_GREEN_BAND_RGBS,yes
_ra4ea692bf5967b,DYNAMIC_STYLE,yes
_r0ea62f0b422918,DYNAMIC_TAB_ID,yes
_rc9102d0872c02a,DropBounce,yes
_r294ce380b06d81,DynamicStyle,yes
_r86d5317118b64d,EARNING,yes
_r641fc2b7866457,EASE_IN,yes
_rc9743e48fb585f,EASE_IN_BACK,yes
_r9b3224fa212337,EASE_IN_OUT_BACK,yes
_r86f640e2873880,EASE_OUT_BACK,yes
_read1cd39456a98,EASE_OUT_IN,yes
_r25249d15c98788,EASE_OUT_IN_BACK,yes
_r43117643d97a63,ECHO_VARIABLE,yes
_rd436ec06dffc20,ECOTRONBOX,yes
_r55716cadbae200,ECOTRON_BOX,yes
_r5eec9b838f0033,EDIT_HEADER_TEXTS_OFFSET,yes
_r05c8337b332d35,EDIT_INFO,yes
_r8c8dd6de5c6133,EFFECT_BLUE_TEAM,yes
_ra4602f7813c01e,EFFECT_CLASSID_NINJA_DISAPPEAR,yes
_r10efc7bc18244f,EFFECT_CROSSHAIR,yes
_r0c418a290910c0,EFFECT_RED_TEAM,yes
_re082a213d8ddcd,EFFECT_ROOM_DISCO,yes
_rfaf612d588d1e3,EFFECT_ROOM_SHAKE,yes
_re5f23893c69b5c,EFFECT_TYPE_DEEP_WATER,yes
_rf1548ed94bc1d1,EFFECT_TYPE_RIDE,yes
_r762a04ea2cef7e,EFFECT_TYPE_SHALLOW_WATER,yes
_rd2cf38cbe384af,ELEMENT_AMOUNT_TEXT_RIGHT,yes
_ra0859606693c0d,ELEMENT_CURRENCY_INDICATOR_BITMAP_RIGHT,yes
_rd229b9035073b5,ELEMENT_PLUS,yes
_r88804f433bc12f,ELEMENT_SPLASH_STAR,yes
_ra9252532c87ade,ELEMENT_TAG_EXCLUDE,yes
_r8f024aa3ba8daf,ELEMENT_TAG_INCLUDE,yes
_rbe419197485a0e,ELEMENT_TOTAL_LEFT_CURRENCY_STRIKETHROUGH,yes
_r69705941620d88,ELEMENT_TOTAL_PRICE_CONTAINER,yes
_r40fde71f40db4e,ELEMENT_TOTAL_RIGHT,yes
_r2d3686d2629c55,ELEMENT_TOTAL_RIGHT_CURRENCY_STRIKETHROUGH,yes
_r06f120b7e205d4,ELEM_BUTTON_LIST,yes
_r2b84c464293d44,ELEM_DISABLED_INFO,yes
_rcd7b3dbb29644a,ELEM_INFO,yes
_rd28f8edd436100,ELEM_INFO_MUTATE1,yes
_r738896dc1eb294,ELEM_INFO_MUTATE2,yes
_rfdff3979dc2bb0,ELEM_LIST,yes
_rc2e8ef0ad19b08,ELEM_OUTFIT_NAME_SET,yes
_r4f165aeb13248c,ELEM_PET1_ITEMLIST,yes
_r52dd62b6c395ff,ELEM_PET2_ITEMLIST,yes
_r976d1df1f153c8,ELEM_PICK_BUTTON1,yes
_r62c080865a3505,ELEM_PICK_BUTTON2,yes
_r487e2d329dbdb1,ELEM_PLACE_BUTTON1,yes
_r0184d0a853b651,ELEM_PLACE_BUTTON2,yes
_ra29e05dd109daf,ELEM_PLANT1_ITEMLIST,yes
_rfa4f232526a3df,ELEM_PLANT2_ITEMLIST,yes
_r24070e36d2729e,ELEM_PREVIEW_IMAGE,yes
_re82b127bfaec5e,ELEM_PREVIEW_IMAGE2,yes
_ree1018e7ab8630,ELEM_PREVIEW_IMAGE_REGION2,yes
_r5d5af63e8dc86a,ELEM_REQUEST,yes
_r5a4b27fb30eb93,ELEM_SEED1_BUTTONLIST,yes
_r8c67a51d765e6c,ELEM_SEED1_ITEMLIST,yes
_rd55f325cfcc0d4,ELEM_SEED2_BUTTONLIST,yes
_re5daf0724843b1,ELEM_SEED2_ITEMLIST,yes
_rc93da7ba1ec95b,EMERALD_EGG_TYPE,yes
_r5c9736720d3f7c,EMERALD_HAND_TYPE,yes
_r3bf20b949b4e21,EMERGENCY_HELP_REQUEST_TITLE,yes
_r3d420244026374,EMPLOYEE,yes
_ra2239a9691706a,EMPTY_AMMO_FRAME_LENGTH,yes
_re58f8c63633d9e,ENTITIES_LEFT_MARGIN,yes
_r7e66cc895779c7,ENTITY_IMAGE_COMPLETED_POSTFIX,yes
_r1e2c5a1e4e4eec,ENTITY_IMAGE_PREFIX,yes
_rc9b490160f5a18,ENTITY_IMAGE_UNCOMPLETE_POSTFIX,yes
_rf17cf863f79de2,ENTITY_SPACING,yes
_r2552755b19e507,ERROR_CATEGORY_COMMMUNICATION_INIT,yes
_r90f5475bfde547,ERROR_CATEGORY_COMPONENT_RESOURCE_LOAD_ERROR,yes
_r8ddeea919d74f9,ERROR_CATEGORY_CONNECT_TO_PROXY,yes
_ra0a704ed07874c,ERROR_CATEGORY_DOWNLOAD_CRITICAL_ASSET,yes
_r86a3b1bbb3b01d,ERROR_CATEGORY_DOWNLOAD_EXTERNAL_VARIABLES,yes
_r569b43a1802285,ERROR_CATEGORY_DOWNLOAD_EXTERNAL_VARIABLES_OVERRIDE,yes
_r8636453ad7fcd1,ERROR_CATEGORY_DOWNLOAD_FONT,yes
_r8858e23991e6b5,ERROR_CATEGORY_DOWNLOAD_LOCALIZATION,yes
_r8207753ba577b0,ERROR_CATEGORY_FINALIZE_PRELOADING,yes
_r68a43e569d124b,ERROR_CATEGORY_FURNIDATA_DOWNLOAD,yes
_rb8e5749ca28f1a,ERROR_CATEGORY_INITIALIZE_CORE,yes
_r4b8c7807f02e5a,ERROR_CATEGORY_INTENTIONAL_DEBUG_CRASH,yes
_r56816ff332a391,ERROR_CATEGORY_INTERFACE_AVAILABILITY,yes
_rfa78e00b1e63db,ERROR_CATEGORY_PRODUCT_DATA,yes
_rdc4475c073a418,ERROR_CODE_MAINTENANCE,yes
_r200fdced00fdef,ERROR_DATA_FLAG_COUNT,yes
_r510f042e938fe4,ERROR_DURING_EVENT_HANDLING,yes
_r49ae7523684b8e,ERROR_PARAM_KEY_CATEGORY,yes
_r4551583548c836,ERROR_PARAM_KEY_DATA,yes
_radbc1a6dfb56fe,ERROR_PARAM_KEY_DESCRIPTION,yes
_rd45421cd0768cd,ERROR_TEXT_FIELD,yes
_rd6d6d217123411,ERROR_TYPE_IO_ERROR,yes
_rec23992cd5c57a,ERROR_UNCAUGHT_ERROR,yes
_rf0d58c652e97a1,ERROR_UNKNOWN_WINDOW_TYPE,yes
_rc101d36e4d8203,ERROR_VARIABLE_AVERAGE_UPDATE_INTERVAL,yes
_r5d932d383a3ad3,ERROR_VARIABLE_CAPABILITIES,yes
_r859cd687b77ebb,ERROR_VARIABLE_CATEGORY,yes
_rbd5f7c048efa50,ERROR_VARIABLE_CLIENT_CRASH_TIME,yes
_r769a7f8311e14a,ERROR_VARIABLE_CLIENT_START_TIME,yes
_r05b4cedb01caa9,ERROR_VARIABLE_CONTEXT,yes
_ra6ed4677ee89be,ERROR_VARIABLE_DATA,yes
_r740acb6be9a024,ERROR_VARIABLE_DEBUG,yes
_r9cf4424c46a16e,ERROR_VARIABLE_DESCRIPTION,yes
_r2f3a2c3079fe12,ERROR_VARIABLE_FLASH_VERSION,yes
_rbd8fc73e852b5f,ERROR_VARIABLE_HOST,yes
_r93702fbc9e8fd5,ERROR_VARIABLE_IS_FATAL,yes
_r66c7a8b376c4d0,ERROR_VARIABLE_IS_IN_ROOM,yes
_rb6df5b63ba2d1c,ERROR_VARIABLE_LAST_VISITED_ROOM,yes
_r687709bf3a458b,ERROR_VARIABLE_MOUSE_CLICK_TARGET,yes
_r34c4f9d88a8c29,ERROR_VARIABLE_MOUSE_CLICK_TIME,yes
_r1bab42a513150a,ERROR_VARIABLE_MOUSE_UP_TARGET,yes
_r529021cc3084c9,ERROR_VARIABLE_MOUSE_UP_TIME,yes
_rbfdb7cf3c43cdf,ERROR_VARIABLE_PORT,yes
_r4bfd1dee8f9ef1,ERROR_VARIABLE_RECEIVED_MESSAGE_DATA,yes
_rbb6206ba986c6b,ERROR_VARIABLE_RECEIVED_MESSAGE_TIME,yes
_re6c1db361cf094,ERROR_VARIABLE_SENT_MESSAGE_DATA,yes
_r7bdb6500280e73,ERROR_VARIABLE_SENT_MESSAGE_TIME,yes
_rdf94a5e9528511,ERROR_VARIABLE_USER_AGENT,yes
_r176def2e8f8623,ERROR_WINDOW_ALREADY_EXISTS,yes
_r75c93391886860,ERROR_WINDOW_NOT_FOUND,yes
_rdf679f4328c3eb,ESTABLISHED,yes
_r71747f06ebd48c,ETCHED,yes
_re200d1d76d9eee,ETCHINGCOLOR_CONFIGURATION_KEY,yes
_r9310e23b94fb7d,ETCHINGPOSITION_CONFIGURATION_KEY,yes
_rcbda78b3f937c5,ETCHING_COLOR,yes
_r989fdca4cc6a61,ETCHING_POSITION,yes
_r2579cbf77eb140,EVENT_INSIDE_STAGE,yes
_r7f2e8fa17da1d0,EXCLUDE_CRASHING_FOR_CATEGORIES,yes
_r061ff812c00282,EXCLUDE_WARNINGS_FOR_CATEGORIES,yes
_r68f8d70d402d63,EXECUTE_IN_ORDER,yes
_rceb402315fd02d,EXPERIENCE_BUBBLE_ASSET_NAME,yes
_r7ba48cb40ddeb0,EXPERIENCE_BUBBLE_VISIBLE_IN_MS,yes
_rc36e1334530b3f,EXPIRATION_TIME,yes
_r0846dcca8b6a25,EXPIRINGCATALOGPAGE,yes
_r8a432d7e5332ac,EXPRESSION_67,yes
_r5082faec659a03,EXPRESSION_67_ENABLED_KEY,yes
_r9d3ed62abf4959,EXPRESSION_BLOW_A_KISS,yes
_r6f97253bfc825b,EXPRESSION_LAUGH,yes
_rbdab340470a2d0,EXPRESSION_RIDE_JUMP,yes
_r0b4bb4f9452ee2,EXPRESSION_SNOWBOARD_OLLIE,yes
_rfaf9d47585cfc3,EXPRESSION_SNOWBORD_360,yes
_r820ec83f86808b,EXPRESSION_WAVE,yes
_r0232804efebab5,EXTERNAL_IMAGE,yes
_r321e5dc3c0d4f1,EXTERNAL_VARIABLES,yes
_r32c25dd39df665,EXTRA_ALLOWED_LETTERS,yes
_r60c8f160c40705,EXTRA_LARGE,yes
_r70655a56599b2e,EXTRA_PARAM_REQUIRED_FOR_BUY,yes
_r070160cbf41a18,EYES,yes
_rf327ab76cda846,Event,yes
_r29d967d3ba135c,EventProcessorState,yes
_r4344a94faed708,EventsTabPageDecorator,yes
_rfacb4859f0f0bf,Exception,yes
_r239ff98ad7713d,ExecuteUiLinks,yes
_r0970d0805fb153,FADEIN_MS,yes
_r06acc825992dda,FADEOUT_LENGTH,yes
_rfa4dc300d1c48e,FADE_IN_DURATION_MS,yes
_r58130854a983b0,FADE_LENGTH,yes
_r9b4787aded6947,FADE_OUT_DURATION_MS,yes
_r5669c59515e0e1,FAST_ALPHA_TWEEN_TIME,yes
_r7ddc04abb4dae3,FEATURED_ITEMS,yes
_r059398531fe210,FEATURE_TYPE_NORMAL,yes
_ra48c905e03ecbc,FEATURE_TYPE_PROMO,yes
_r8170c73c76ca1a,FIELD_DESCRIPTION,yes
_r2bbf395896d45f,FIELD_EXPIRE_HEADER,yes
_rc9fd22f32e6bc6,FIELD_EXPIRE_TIME,yes
_rb98769f087f39e,FIELD_HAND_ITEM,yes
_r112b21931f4203,FIELD_MAX_CHARS,yes
_re8232c2a62565c,FIELD_MAX_LINES,yes
_r95e1b2d9ece4ee,FIELD_NAME,yes
_r10be53c65cdcf7,FIELD_OWNER,yes
_r7fd97c0829197b,FIGURE_PURCHASABLE_SET,yes
_re5767b7d60440f,FIGURE_STRING,yes
_r293a9a1814c596,FILE_BAR_SPRITE,yes
_rb5f0f4bd79a600,FILE_LOADING_BAR,yes
_r6b07f13e608147,FILL_COLOR_TRANSITION_MS,yes
_rf08490276c7d0d,FILL_HEIGHT,yes
_r1dcd03c4c4c7be,FILL_MODE_CENTER,yes
_rb8fdddf66b4074,FILL_MODE_CONTAIN,yes
_r2fe9d74b6cd508,FILL_MODE_COVER,yes
_r13ca4a0babd9d9,FILL_MODE_STRETCH,yes
_r9911f7eb65fe96,FILL_MODE_TILE,yes
_r0c7479ee471b88,FILTERS,yes
_rba2a6f78a2921f,FILTER_ACHIEVEMENTS,yes
_reda964aadfd101,FILTER_INCLUDE_ACTIVE,yes
_r3c8df602d6d1c5,FILTER_INCLUDE_INACTIVE,yes
_r564d762aec711e,FILTER_NONE,yes
_raeb23e5460b5fc,FILTER_NORMAL_BADGES,yes
_r63d6b8e5b2c2ba,FILTER_PREFIX,yes
_r1da408d22851d2,FINAL_PAGE,yes
_r0257f40bc65b87,FIRST_BIAS,yes
_r368b57e493119f,FIRST_PLACE_RANK_BORDER_COLOR,yes
_ra824d61c685dba,FIRST_PRODUCT_AUTO_SELECTOR,yes
_r5d8de69414b0bc,FIT_SIZE_TO_CONTENTS,yes
_ra201d190e2019d,FLASH_MAX_BRIGHTNESS,yes
_r6f8b84e0b2a37e,FLASH_PULSE_LENGHT_IN_MS,yes
_r8f242aac075edb,FLAT,yes
_r82cf7f9d75a2d6,FLEE,yes
_r55fa082fe9beea,FLOATING_ICON_TAG_PREFIX,yes
_r2f01f75a8279f9,FLOATING_PIXELS,yes
_r9cb6d8b9b5f691,FLOOR_COLOR_RIGHT,yes
_rb0b8b03cf0996f,FLOOR_THICKNESS,yes
_r70a7451403047f,FOCUS_CAPTURER,yes
_r2244ef87985b11,FONT_FACE,yes
_ra7b3c5f5de1081,FONT_SIZE,yes
_rfdc454fb620392,FOOLS,yes
_re7477415cf9d5e,FORCE_EMAIL_CHANGE,yes
_r41514220b2fd28,FORCE_PASSWORD_CHANGE,yes
_re594b4b3320194,FORCE_TOS_ACCEPT,yes
_r2908eb7d1c86d4,FOREST_GREEN,yes
_r8c91ff11852c1a,FORGOT_PASSWORD,yes
_ra9c4292d7e20a7,FORMAT_KEY,yes
_rc48ecc6377867e,FORUMS_LIST_CODE_MY_FORUMS,yes
_r09de3a83b0cc93,FORUMS_LIST_CODE_POPULAR,yes
_r208a4dac0e0499,FRAMES,yes
_rff595777be4a47,FRAME_ASSET_NAMES,yes
_rf1a8d9a9aefdf6,FRAME_DURATION_IN_MSECS,yes
_r5bf028e0d12563,FRAME_FINISHED,yes
_rf5ff370344b211,FRAME_HEIGHT,yes
_r7dc238226e8921,FRAME_NOT_STARTED,yes
_r5292beb0403702,FRAME_STYLE_ACHIEVEMENT_LEVEL,yes
_r31f44991ca076a,FRAME_STYLE_LEGENDARY,yes
_r73449940c5377b,FRAME_STYLE_MYTHICAL,yes
_r2f80772b0797d5,FRAME_STYLE_RARE,yes
_r166e4bea88118d,FRAME_STYLE_TOTAL_BADGES,yes
_r2b255e7cda24c4,FRAME_STYLE_UNCOMMON,yes
_r0fddef11df780a,FRAME_STYLE_UNIQUE,yes
_r8cf0a4d8b67aa6,FRAME_STYLE_VERY_RARE,yes
_rff5e8b4b32e6f5,FRANK_NEUTRAL,yes
_r6daa3928a9b2ac,FREEZE_USER,yes
_r771f14054a7d9b,FREE_CLAIM_NOTIFICATION_ICON,yes
_r515f3e40969311,FREE_FURNI_MOVEMENTS_MODE,yes
_r50e5c9168abf89,FREE_TRADING,yes
_r2f56ad2b22ed59,FRIENDBAR_RESIZE_EVENT,yes
_r892eb11fc24c5e,FRIENDS_BAR,yes
_rd63719ad495c4d,FRIEND_FURNITURE_CONFIRM,yes
_rc33f1c40cbecd5,FRIEND_FURNITURE_ENGRAVING,yes
_rc738c02615f95b,FRIEND_FURNI_CONFIRM,yes
_r66cce9210e982f,FRIEND_FURNI_ENGRAVING,yes
_r6221f7c715d888,FRIEND_LIST_UPDATED,yes
_r6bf760c33ddb57,FRIEND_NOTIFICATION_EVENT,yes
_r0de4034b67f910,FRIEND_OFFLINE,yes
_rcb82f2ddcac227,FRIEND_ONLINE,yes
_rb29d50531444f9,FRIEND_REQUEST,yes
_r9fa72ac073b745,FRIEND_REQUESTS_RECEIVED,yes
_r5a23fec91a3c2b,FRIEND_REQUESTS_SENT,yes
_r4ce89f9948e270,FRIEND_REQUEST_UPDATE,yes
_rad3ea93f0e7344,FRIEND_SELECTED,yes
_rd05126ef7b180a,FROG,yes
_rd1cd4cafc68212,FURNI,yes
_r99f2f7ba2327ca,FURNIS_HAVE_AVATARS,yes
_rcb0f4d350d7c15,FURNITURE,yes
_rb8fc1bce49ff05,FURNITURE_ALPHA_MULTIPLIER,yes
_r5f6f4c43d3297c,FURNITURE_AREA_HIDE,yes
_rdce2e60868c302,FURNITURE_AREA_HIDE_INVERT,yes
_rd6fa950d0d3a93,FURNITURE_AREA_HIDE_LENGTH,yes
_r56c3fa3357ec05,FURNITURE_AREA_HIDE_WALL_ITEMS,yes
_reeb0caa826d93f,FURNITURE_AREA_HIDE_WIDTH,yes
_rdcb7b5411e34ab,FURNITURE_BADGE_ASSET_NAME,yes
_r40f9c0822d36a1,FURNITURE_BADGE_IMAGE_STATUS,yes
_r484e499c477d7c,FURNITURE_BRANDING_IMAGE_STATUS,yes
_r0960e9c1a833d0,FURNITURE_BUILDER_PLACEHOLDER,yes
_r64787d5d8d1f49,FURNITURE_CLOTHING_CHANGE,yes
_r896071b7f73769,FURNITURE_COINS_CHEST,yes
_r946689d9e10771,FURNITURE_CONTEXT_MENU,yes
_r2971c9ae0b097a,FURNITURE_COUNTER_CLOCK,yes
_rc99faf81ebf861,FURNITURE_CRAFTING_GIZMO,yes
_r53d5954c9f72ae,FURNITURE_CREDIT,yes
_red675d01d085f9,FURNITURE_CUCKOO_CLOCK,yes
_ra90d6d35c6a08e,FURNITURE_CUSTOM_STACK_HEIGHT,yes
_r3f7d3a06b369c0,FURNITURE_CUSTOM_VARIABLES,yes
_rc17cfc1339df42,FURNITURE_DATA,yes
_r689e699ca81391,FURNITURE_DATA_FORMAT,yes
_rf1a6f5b22943ac,FURNITURE_EXPIRY_TIME,yes
_r239262af1eaefa,FURNITURE_EXPIRY_TIMESTAMP,yes
_r19f746fd74da75,FURNITURE_EXTERNAL_IMAGE,yes
_r37635c22bdfcbd,FURNITURE_EXTRAS,yes
_rc7c74a6426f141,FURNITURE_FIREWORKS_DATA,yes
_r90d3d3b2bc6e02,FURNITURE_FRIENDFURNI_ENGRAVING_TYPE,yes
_r863569f413de70,FURNITURE_FURNI_CHEST,yes
_ra63f454e1665b6,FURNITURE_FURNI_CHEST_SHOWN_ASSET_NAMES,yes
_rebbfbba7a0f5c8,FURNITURE_GROUP_FORUM_TERMINAL,yes
_r3d8fb0cef31a2e,FURNITURE_GUILD_CUSTOMIZED_BADGE_ASSET_NAME,yes
_r123220b273cc11,FURNITURE_GUILD_CUSTOMIZED_COLOR_1,yes
_rc90b40671ef187,FURNITURE_GUILD_CUSTOMIZED_COLOR_2,yes
_red0d9fb8abf4ad,FURNITURE_GUILD_ISOMETRIC_BADGE,yes
_rfd8afeb198c5a2,FURNITURE_HABBOWEEN_ENGRAVING,yes
_rd0f469aadfd14e,FURNITURE_HIGHSCORE_CLEAR_TYPE,yes
_r35a66e90c0fd61,FURNITURE_HIGHSCORE_DATA_ENTRY_BASE_SCORE,yes
_re044273379470d,FURNITURE_HIGHSCORE_DATA_ENTRY_BASE_USERS,yes
_r66f09075c6adf2,FURNITURE_HIGHSCORE_SCORE_TYPE,yes
_rc4c81741f40080,FURNITURE_HIGH_SCORE,yes
_r9bde647849218d,FURNITURE_HOCKEY_SCORE,yes
_rc35cc746cb9cfc,FURNITURE_INVISIBLE_LAYER,yes
_r868fc3d6e0c4a6,FURNITURE_IS_STICKIE,yes
_r5edd219fb03d2a,FURNITURE_IS_VARIABLE_HEIGHT,yes
_ra69ac965fb9562,FURNITURE_ITEMDATA,yes
_re626c86ac7a0c5,FURNITURE_LOVELOCK_ENGRAVING,yes
_r57bb9e3e34618e,FURNITURE_MANNEQUIN,yes
_r14c1cfc02b7c76,FURNITURE_MANNEQUIN_FIGURE,yes
_r5884649f733a43,FURNITURE_MANNEQUIN_GENDER,yes
_r6d96d3387be0ca,FURNITURE_MANNEQUIN_NAME,yes
_rf241233f652084,FURNITURE_MULTIHEIGHT,yes
_r6a8603de84f73d,FURNITURE_NFT_CREDIT,yes
_r898b13b85b98c0,FURNITURE_OWNER_NAME,yes
_r59ee81f685d207,FURNITURE_PARTY_BEAMER,yes
_rdcafdc2bd42b36,FURNITURE_PLACEHOLDER,yes
_r01a450ebaef57d,FURNITURE_PLANETSYSTEM_DATA,yes
_rf35a2a4e0e8c59,FURNITURE_PLANE_MASK_TYPE,yes
_rb53be96e7e7850,FURNITURE_POSTER,yes
_r7510e7240488c3,FURNITURE_PURCHASABLE_CLOTHING,yes
_r8aa95c1f628b14,FURNITURE_PURCHASER_FIGURE,yes
_rb10af88b0c84a7,FURNITURE_PURCHASER_NAME,yes
_r1b8adaf5d7c8f5,FURNITURE_ROOMDIMMER,yes
_r0802c54f9c23fb,FURNITURE_ROOM_BACKGROUND_COLOR_LIGHTNESS,yes
_r4298b7479d21e9,FURNITURE_SONG_DISK,yes
_rd80bbeed080eaf,FURNITURE_SOUNDBLOCK,yes
_r655e548bf20f1f,FURNITURE_SOUND_CUCKOO_CLOCK,yes
_ref6d8a64464141,FURNITURE_STATE_UPDATE_TIME,yes
_r5a41785bd22ed6,FURNITURE_STICKIE,yes
_recd4ce682ed210,FURNITURE_TRUSTED_SENDER,yes
_r48ada27d502ff1,FURNITURE_UNIQUE_SERIAL_NUMBER,yes
_r9115edda51fd8d,FURNITURE_USAGE_POLICY,yes
_rcfdbe1d9e9a01d,FURNITURE_USES_PLANE_MASK,yes
_r3321ad941b875f,FURNITURE_VAL_RANDOMIZER,yes
_rb50c1d304e5a12,FURNITURE_VOTE_COUNTER,yes
_r13e0e465bfdf6c,FURNITURE_VOTE_MAJORITY_RESULT,yes
_re6730824e95dd1,FURNITURE_WILD_WEST_WANTED_ENGRAVING,yes
_rabf4bf6ea024e0,FURNITURE_YOUTUBE,yes
_r6336eb73d7ab0b,FURNI_ACHIEVEMENT_RESOLUTION_ENGRAVING,yes
_r8b8d4f8dcbf935,FURNI_BY_TYPE,yes
_r2a117b39a0bcb4,FURNI_CHEST,yes
_rf8003d7990dac9,FURNI_CHOOSER,yes
_r30d91e9dd82fb7,FURNI_CHOOSER_CONTENT,yes
_r0a2bb32f0ae99b,FURNI_CHOOSER_CONTENT_ADD,yes
_r693684c6682562,FURNI_CLICK,yes
_r01f11352b19935,FURNI_CREDIT_WIDGET,yes
_re26cdab3db2fea,FURNI_DOUBLE_CLICK,yes
_ra9bdea04082175,FURNI_ECOTRONBOX_WIDGET,yes
_r612dc55053ab22,FURNI_FROM_SIGNAL,yes
_r5be4ced7e0ca87,FURNI_HAS_ALTITUDE,yes
_r588d567450d5c6,FURNI_NAME_PLACEHOLDER,yes
_ra913c963ab7393,FURNI_ON_FURNI,yes
_rfc658e044e767f,FURNI_PET_PACKAGE_WIDGET,yes
_r815b6d9ab346bd,FURNI_PLACEHOLDER_WIDGET,yes
_r3619cb1edfd348,FURNI_PRESENT_WIDGET,yes
_rf7d3c6668b5e10,FURNI_SELECTOR_FILTER,yes
_r25a87f4b8272dc,FURNI_SOURCE_FURNI_PICKS_1,yes
_r187050086a3957,FURNI_SOURCE_FURNI_PICKS_2,yes
_r395e9fbd964fe1,FURNI_STICKIE_WIDGET,yes
_raabc04e12d2db2,FURNI_TROPHY_WIDGET,yes
_rb3c72b861ccbec,FURNI_VARIABLE_FILTER,yes
_rb2c921cfcc55ac,FURNI_WITH_ALTITUDE,yes
_r7c4fbec66da96d,FuseObjectData,yes
_rb0dee08830d41f,GAME,yes
_r624cb02316818c,GAMES_IG_COUNTDOWN,yes
_r17917adabaa387,GAMES_IG_LOSING,yes
_r9163edd4d9997e,GAMES_IG_WINNING,yes
_r4569b2b19d68f0,GAMES_SW_GET_SNOWBALL,yes
_rc17d84b9115a9f,GAMES_SW_HIT1,yes
_rb53f7ec6abe3a7,GAMES_SW_HIT2,yes
_r821607b95b3cf3,GAMES_SW_HIT3,yes
_re6df11c95a341a,GAMES_SW_MAKE_SNOWBALL,yes
_rb8848098ff0c41,GAMES_SW_MISS,yes
_r80022bbba5fa59,GAMES_SW_THROW,yes
_r72c9c81ec16c5f,GAMES_SW_WALK,yes
_r5487c2db3d4f77,GAME_CHAT,yes
_re32e03d229c602,GAME_ENDS,yes
_r7e1201a975913e,GAME_FURNI,yes
_r664fc948a8794d,GAME_ITEM,yes
_r573545d27f1749,GAME_MODE,yes
_r68609ec15412f6,GAME_NAME_BASEJUMP,yes
_rd4d073cc1d1801,GAME_NAME_SNOWWAR,yes
_r799fd7fce9cd03,GAME_ROOM_ID,yes
_r7805a179e027f1,GAME_STARTS,yes
_r0fdb5148daf4e7,GAME_TEAM,yes
_r456865e53b3029,GC_TYPE_BITMAP,yes
_r5cc3cc549e2362,GC_TYPE_CONTAINER,yes
_rc985e50e725149,GC_TYPE_MORPH_SHAPE,yes
_r37a0513d88189f,GC_TYPE_SHAPE,yes
_r232823a4b2e8c4,GENDER_FEMALE,yes
_r8319e996415e7a,GENDER_UNISEX,yes
_rf998783fd52a4f,GENERIC,yes
_r98ae49ffc4e2c1,GENERIC_RECEPTION_LAYOUT,yes
_r8e6a6b197a2921,GENERIC_SKILL,yes
_rfd543e79ffff57,GESTURE,yes
_rbfe9f65a821107,GESTURE_AGGRAVATED,yes
_r0da35d42888ffd,GESTURE_SAD,yes
_r847e4876f5cae7,GESTURE_SMILE,yes
_r77628c7200a6a3,GESTURE_SURPRISED,yes
_r3fabdbbc2c75cc,GET_AVATAR_LIST,yes
_r918a1eefcb0fb7,GET_BOT_INFO,yes
_rb5fd8f0fb8abd8,GET_HABBO_SHOP_OFFER_FAILED_CALLBACK,yes
_ra0c3896dacfcdc,GET_HABBO_SHOP_OFFER_FUNCTION,yes
_rf105d0cba12c58,GET_HABBO_SHOP_OFFER_RESULT_CALLBACK,yes
_rafeab474296f0f,GET_MORE_MUSIC_BACKGROUND_LOADABLE_ASSET,yes
_ree2a9fcdeca0e8,GET_OBJECT_INFO,yes
_r25f5ee77e7e60a,GET_OBJECT_NAME,yes
_r8df533e9e26089,GET_OWN_CHARACTER_INFO,yes
_r33b48562d308b5,GET_SETTINGS,yes
_r87f5f637613f25,GHOST,yes
_r599f118d90c971,GIVE_CARRY_ITEM_TO_PET,yes
_r18a327898711e8,GIVE_CURRENCY_FROM_CHEST,yes
_rbdf7e04ddac927,GIVE_EFFECT,yes
_rbd00d2efe666b8,GIVE_FURNI_FROM_CHEST,yes
_rdd17ec65de2cac,GIVE_LIGHT_TO_PET,yes
_rd7e87f1b4c3792,GIVE_REWARD,yes
_r2acba9f6ce7d1c,GIVE_RIGHTS,yes
_rc962d29486dc6a,GIVE_SCORE,yes
_r3e08946c12126f,GIVE_SCORE_TO_PREDEFINED_TEAM,yes
_r3c63920ba88c17,GIVE_VARIABLE,yes
_r175c866e70c305,GIVE_WATER_TO_PET,yes
_rbd1c4e1bc3462e,GLOBAL_PLACEHOLDER,yes
_r4770fc55365f9d,GLOBAL_SOURCE,yes
_r65e2dbca1d08bd,GLOBAL_VARIABLE,yes
_ra49138fa471268,GLYPH_ASSET_PREFIX,yes
_r0f7155ccc0a589,GLYPH_HEIGHT,yes
_r77999169a1029a,GLYPH_SPACING_X,yes
_r4867d3b17d8a18,GNOME,yes
_r16633c8bc899ad,GOTO_ROOM_FROM_WEB_CALLBACK,yes
_r11bb5aa1a7ed2c,GRADIENT_COLOR1,yes
_r6df4b07c6fd7e6,GRADIENT_COLOR2,yes
_re53bce222a4d68,GRADIENT_MODE,yes
_redc3d745f505b7,GRAVITY,yes
_r23b426622e6fcc,GREYSCALE_FILTER,yes
_r2cd0d2946f54e9,GRIDTYPE_EFFECTS,yes
_r2c67c9e4ccdcb5,GRID_COLUMNS,yes
_rf18ef6343beb9a,GRID_FIT_TYPE,yes
_r5bf8b3faf61453,GRID_ITEMS_PER_UPDATE,yes
_rd3248074e05e3c,GRID_ITEM_BORDER,yes
_re87094c944bbd3,GRID_OFFSET_SEARCH,yes
_r626a492e3d66b9,GRID_UPDATE_DELAY_MS,yes
_re4eaad9433072b,GROUP,yes
_r624b373e49d7b8,GROUPS,yes
_rf80a9e0e2e3bbe,GROUPS_TRACKING_CATEGORY,yes
_r72490972305aa1,GROUP_ROOM_INFO_CLICK,yes
_r838bee3d798d97,GUARDIAN_CHAT_REVIEW_ACCEPT,yes
_r0f1c03bd417106,GUARDIAN_CHAT_REVIEW_RESULTS,yes
_r9cc19ca0f943e4,GUARDIAN_CHAT_REVIEW_VOTE,yes
_r1419294f78a5a5,GUARDIAN_CHAT_REVIEW_WAIT_FOR_RESULTS,yes
_r91b9981136eeb1,GUARDIAN_CHAT_REVIEW_WAIT_FOR_VOTERS,yes
_r8bf4e06727476c,GUIDE_ACCEPT,yes
_r04641dd61dfbb5,GUIDE_CLOSED,yes
_r1d06fd01b0666e,GUIDE_ONGOING,yes
_rf415133fa12c3c,GUIDE_STATUS,yes
_r3e98d5eec47269,GUIDE_TOOL,yes
_r9d9f76da5c8216,GUILD_ADMIN,yes
_rf7778ac83bf883,GUILD_BADGE_VIEW,yes
_r29781eff8b6e73,GUILD_COLORS_BMP_BORDER_COLOR,yes
_re1150ae6db0fda,GUILD_COLORS_BMP_BORDER_WIDTH,yes
_r5309522ff607a5,GUILD_COLORS_BMP_HEIGHT,yes
_r794a9e427dc169,GUILD_COLORS_BMP_WIDTH,yes
_r54c977d2dea2e8,GUILD_FORUM_SELECTOR,yes
_r84b4fb56140d3a,GUILD_FURNI,yes
_r31131b9a24b731,GUILD_FURNI_CONTEXT_MENU,yes
_r470b276180e7ed,GUILD_INFO_NAME,yes
_r0b2f08e1b987aa,GUILD_MEMBER,yes
_r7ef4a64da210e6,GUILD_SELECTOR,yes
_r2c17825da54b8d,GUILD_VISUAL_SETTINGS_CHANGED,yes
_r8393c574b62805,GameLobbyWindowCtrl,yes
_r12d48f057f9d6a,HABBICONS_ANIMATION_PATH,yes
_r3330e1d213c575,HABBICONS_ASSET_HASH,yes
_rb8bdcc591e40b1,HABBICONS_EXTERNAL_HASH,yes
_r724d7083749be2,HABBICONS_RESOURCE_NAME,yes
_rbd50aa9d2a5856,HABBICON_DIRECTION_RIGHT,yes
_r320bb74e404049,HABBICON_POPUP_HORIZONTAL_MARGIN,yes
_rf11b5bc79ef4f2,HABBICON_POPUP_VERTICAL_OFFSET,yes
_r5704a52eb08554,HABBLET_AVATARS,yes
_r1d95441e46afa2,HABBLET_MINI_MAIL,yes
_rcf77d10e306a5f,HABBLET_NEWS,yes
_r2267722d458a57,HABBLET_PRIVACY,yes
_r0842081d69dc3c,HABBLET_ROOM_ENTER_AD,yes
_r9a5c5330e216fb,HABBOMODERATIONPROMO,yes
_re076e73554a3bc,HABBOTALENTSPROMO,yes
_r4e7d76d04108d0,HABBOWAYPROMO,yes
_rc2efbdebaa805f,HABBO_MAIN,yes
_r1d3b00cee39730,HABBO_WAY_QUIZ_CODE,yes
_rc4245c773279df,HAIR,yes
_ra3cf25f5d29866,HAIR_SPRITE_TAG,yes
_r9b8309f72a9e73,HALOOMPA,yes
_r63ae3899916393,HANDLE_BITMAP_DISPOSING,yes
_r4188958435df4c,HANDSHAKING,yes
_rec68966cfcf740,HARVEST_PET,yes
_r54bc431358eb7b,HAS_STACKED_FURNIS,yes
_r5dc340ec5e2579,HC_MAXIMUM_ROOM_VISITORS,yes
_rf9a4ac25729764,HEADER,yes
_r17faa3f5e26635,HEADER_IMAGE,yes
_r20b976594dfcfa,HEADER_TITLE,yes
_r085bad6f06f5a6,HEAD_SPRITE_TAG,yes
_rebb99e7593dc71,HEALTH_PROGRESS,yes
_rba9854f73729f4,HEIGHT_MIN,yes
_re21ad3501b570b,HELP_CONTAINER,yes
_r2f40b03151989f,HELP_MESSAGE,yes
_r2d1239e3461081,HELP_PAGE,yes
_rd3362e2fc88769,HIDDEN_BY_ADMIN,yes
_r99038b97fddae2,HIDE,yes
_r005ff14b9c1bb3,HIDE_COUNTER_SCORE,yes
_rb16149958245ba,HIDE_FRIEND_REQUEST,yes
_r0406b36d6dfcd5,HIDE_RESULTS_STATES,yes
_r7f829cd254b268,HIDE_ROOM_WIDGET,yes
_r1855fd875a5685,HIGHLIGHT_DARKEN,yes
_r1e1eef146cc40a,HINT_MARKER,yes
_rdb69188fa42678,HITCH_TEXT_BODY_COLOUR,yes
_r8e62d2c3839795,HITCH_TEXT_HIGHLIGHT_COLOUR,yes
_r7b6cc7fbb3f5b5,HORIZONTAL,yes
_rcc03e30b24bb29,HORIZONTAL_ITEM_SPACING,yes
_r8f9b860792eae3,HORIZONTAL_MARGIN,yes
_rec867b35beef67,HORIZONTAL_SPACING,yes
_rf45c14be64c37b,HOTELVIEW_LOAD_FAILED,yes
_rbcea14aa88b9a1,HOTELVIEW_LOAD_OK,yes
_rba7c02ceb4c1af,HOTELVIEW_LOAD_START,yes
_r9781d8f2a95591,HOTEL_VIEW,yes
_r2202734d1e7c1b,HOTEL_VIEW_CODE,yes
_rdef0a6a2f76f9e,HOTTEST_GROUPS_TAG,yes
_r22060341d899e3,HOT_ROOMS_SEARCH_CODE,yes
_r5de7571cf47a98,HOURS_CONTAINER_NAME,yes
_r670e63918d250d,HOVERING,yes
_rd5a7ae3e7c2ece,HOVER_BG,yes
_r2881b129e5c9fd,HTML_LINK_TARGET,yes
_re29453b44b0630,HTML_STYLESHEET_KEY,yes
_rec4020225673a9,HUNDREDS_SPRITE_TAG,yes
_r857821bf42ed73,HabbiconAlbumModel,yes
_r5059789065cbe3,HasClub,yes
_r0c78b12c03285b,HasVip,yes
_r905a92263980d1,IAP_VALIDATE_ITUNES_RECEIPT,yes
_r5a392b2be1a0d5,IAP_VALIDATE_PLAYSTORE_RECEIPT,yes
_ra09e0c6c0b4509,IBEAM,yes
_r8a52f6e472a9ff,ICON_ALIGNMENT_CONFIG_EXTRA_KEY,yes
_r1f358285d0e475,ICON_ALL_FRIENDS,yes
_re67848bf66ac9e,ICON_ANIMATION,yes
_r7264f6e2804e93,ICON_ARROW_LEFT,yes
_r67a8acaa27c766,ICON_ARROW_RIGHT,yes
_r6bf64f5f256cee,ICON_ASSET_PREFIX,yes
_r1d6cc0b615a5bd,ICON_COLOR_ENABLED,yes
_r5df52e67209aab,ICON_CONFIG_EXTRA_KEY,yes
_ra3275e9faf84e0,ICON_DUCKET,yes
_r74d218dbc28d83,ICON_FIND_FRIENDS,yes
_rd3d7a14a8788a5,ICON_LAYER_ID,yes
_r6d0afbf70e596c,ICON_LOCALIZATION_PREFIX,yes
_rc55a35d47bd642,ICON_LOCKED,yes
_rfc3d61698141ab,ICON_MARGIN,yes
_r0bc15669ffb926,ICON_PREFIX,yes
_r72c9acd9963003,ICON_REGION_WIDTH,yes
_r67acbd6b79e6fc,ICON_RESOURCE,yes
_r62818796202a77,ICON_STATE_NORMAL,yes
_r3a9822dd1c5c03,ICON_STATE_PLAYING,yes
_ree8bf49b723fec,ICON_STYLE_CLUB,yes
_r741a11171f773e,ICON_STYLE_VIP,yes
_rcc2aaa1bca5e0f,ICON_TAG,yes
_r9f579d94b8a858,ICON_VIP,yes
_rcd7b3769e8d6c2,IGNORE_USER,yes
_r3bbf030ae11e99,IIDHabboCatalog,yes
_r370053c0c4360d,IIDHabboConfigurationManager,yes
_rd9e51d277bc3b5,IIDHabboLocalizationManager,yes
_r71a4d5ade64182,ILLUMINA_DARK,yes
_r1a63953602d04d,ILLUMINA_LIGHT,yes
_rd9c1e40be095fe,IMAGE_ACTIVATED,yes
_rb72a47e466bf48,IMAGE_CLOSED,yes
_rc298a9a03100cb,IMAGE_COUNT,yes
_rd1e1ded1127dd7,IMAGE_DEFAULT_URL,yes
_r556b87475111b9,IMAGE_MAX_HEIGHT,yes
_refd25ba35f5cb7,IMAGE_MAX_WIDTH,yes
_r44aa01783274f1,IMAGE_QUERY_SCALE,yes
_r1959f6b3b0a0e0,IMAGE_UPDATE_DELAY_MS,yes
_rc58b7a820a7ef6,IMAGE_WIDTH_NARROW,yes
_ra5efe52761f5ad,IMAGE_WIDTH_WIDE,yes
_ra50ded520b5368,INACTIVE,yes
_rf8cf448e20ccd9,INCLIENT_LINK,yes
_rd5d5a6f4bc2655,INCOMPLETE_COLOR,yes
_r9965c546bd6d93,INDENT_LEFT,yes
_rc9824e84ec5934,INDENT_RIGHT,yes
_r177063c5333a1c,INDENT_TOP,yes
_r41c2cad89caa43,INDICATOR_COLOR,yes
_rdd52e916ca6531,INFINITE_HEIGHT,yes
_r03e3f9fec7bc4c,INFOSTAND_EXTRAPARAM,yes
_rbea80f8519ec6d,INFOSTAND_EXTRAPARAM_BRANDING_OPTIONS,yes
_rea6db8c6a7bb6d,INFOSTAND_EXTRAPARAM_CRACKABLE_FURNI,yes
_rb5527e2b350d62,INFOSTAND_EXTRAPARAM_JUKEBOX,yes
_r002888a3f38095,INFOSTAND_EXTRAPARAM_PRODUCT,yes
_r5573afa7090790,INFOSTAND_EXTRAPARAM_SONGDISK,yes
_r87fb393b08b584,INFOSTAND_EXTRAPARAM_USABLE,yes
_r6e5111a9ab0686,INFOSTAND_WIDGET,yes
_r591ace55c54486,INFO_STAND,yes
_rc685b76ad76891,INIT,yes
_r9417f88f30b91e,INITIAL_HEIGHT,yes
_r6f0182ad89a6ec,INITIATE_TRANSACTION,yes
_rf8daf022de202e,INK_ADD,yes
_rb046e472526ea9,INK_DARKEN,yes
_r9b799e40d73bef,INK_DIFFERENCE,yes
_rdedfbe439a8796,INK_INVERT,yes
_r826af65ed31e04,INK_MULTIPLY,yes
_rcae04bc63d9b29,INK_SCREEN,yes
_r0d5ed03a6e02e8,INK_SUBTRACT,yes
_r84ac6d9a3145f3,INNER_CUT,yes
_r61820dd5d85195,INNER_GLOW_MAX_ALPHA,yes
_r80be0e936725e7,INPUTS_TYPE_NONE,yes
_r8b6a1502f7d082,INPUTS_TYPE_UI_BUILDER,yes
_r5b331033df7194,INPUT_MAX_CHARS,yes
_r6f0e040da4516c,INPUT_PLACEHOLDER_TEXTCOLOR,yes
_rf5e553ddb920ff,INPUT_SOURCE_QUANTITY,yes
_re09500e98895eb,INPUT_TEXTCOLOR,yes
_rb99a56ba80811b,INSTANCE,yes
_r5cac8277f7ef7c,INSTRUCTION_FRAME_LENGTH,yes
_r4e9103c686725c,INTERACTIVE_CURSOR_DISABLED,yes
_rc65e5c405b404d,INTERNAL,yes
_r2d32dc8fec7bd4,INTERNAL_EVENT_UNLOCKED,yes
_r2389ba37f487b7,INTERNAL_HIT_KEY,yes
_r32c7e61ce74d8d,INTERNAL_LINK,yes
_r3a6d56a7d5219b,INTERNAL_LINK_BUTTON,yes
_r2da3372a621070,INTERNAL_LINK_KEY,yes
_r88ccb9c721b7b0,INTERNAL_RESULT_KEY,yes
_r902077da51595f,INTERNAL_STATE_KEY,yes
_r9b3818e5dd221a,INTERNAL_TAB_ID,yes
_r28fe9eb5381b29,INTERNAL_TARGET_KEY,yes
_rf08bcc656ad1fc,INTERPOLATION_DEPTH_LIMIT,yes
_rd9afa54616af06,INTERSTITIAL_COMPLETE,yes
_rb385f6312f3fb1,INTERSTITIAL_COMPLETE_CALLBACK,yes
_rfd0ffb9c5ccb84,INTERSTITIAL_NOT_SHOWN,yes
_rc964c6851dd727,INTERSTITIAL_SHOW,yes
_r0fd9d942ccf581,INTRO_DURATION_MS,yes
_r92c46d120cdc7b,INTRO_START_OFFSET_Y,yes
_r6cfe2eb90a39a7,INVALIDATE_REQUEST_OFFSET,yes
_rfd92170c7049d2,INVALID_CAPTCHA,yes
_rfb42a40ab0b4e9,INVALID_NAME,yes
_rbfe916e82a2bdc,INVENTORY_BADGES,yes
_r5857a6e5dff868,INVENTORY_CATEGORIES,yes
_r124241bf371049,INVENTORY_CLOTHES,yes
_r1d3c2e183993db,INVENTORY_EFFECTS,yes
_ra0cc990d7b914b,INVENTORY_FURNITURE,yes
_r8dafd2e4613397,INVENTORY_UPDATED,yes
_r814b7278cca64f,INVERSE_DELTA_MIN_DURATION_SCALE,yes
_r7f70c0c2312d42,INVERSE_DELTA_RAMP_END_PX,yes
_r5cf1fb0c72b61a,INVERSE_DELTA_RAMP_START_PX,yes
_r154d5b223ff055,INVERSE_RESIZE_ON_ITEM_UPDATE,yes
_rc00d7cc8057b61,INVINCIBLE_AFTER_STUN_TIME,yes
_rbd944116835c05,INVISIBLE,yes
_r565c6108e80507,INVISIBLE_FURNI,yes
_rc4106b43876a72,IN_LEVEL_PROGRESS_BAR_WIDTH,yes
_r9b8bc258409b00,IN_PROGRESS,yes
_r7130d94e810b43,IS_PLAYING_GAME,yes
_r69e67494276138,IS_WIRED_ENABLED,yes
_r90bbd74b8c4897,IS_WIRED_ENABLED_KEY,yes
_rc9293e2eb6e632,ITEMS_PER_ROW,yes
_r3437bb424a9804,ITEMS_TO_PURGE,yes
_r22790cd768d899,ITEM_BG_COLOR_OUT,yes
_r3b7e20518425f2,ITEM_BG_COLOR_OVER,yes
_rfc76794e290478,ITEM_CLICKED,yes
_r559b1d2ad12e35,ITEM_GRID,yes
_r7b603eccd27d7c,ITEM_LIST_NAME,yes
_r48ef6cd749e1ca,ITEM_NOT_IN_INVENTORY,yes
_r3c9126b3d0d08a,ITEM_POOL,yes
_rbdffbe38bb8222,ITEM_POOL_MAX_SIZE,yes
_r31a04ec7c45758,ITEM_SELECTION_COLOR,yes
_r219c263854fbf0,ITEM_SPACER,yes
_r3b0e44ee47cb67,ITEM_TYPE_FURNI,yes
_r1c00c9d7c16f6c,ITEM_TYPE_WALL,yes
_rf1a3d290e65cbb,IUnknown,yes
_r135da398512741,JOIN_TEAM,yes
_r263feb22c9b7fb,JUKEBOX_INIT,yes
_r6aef10d69b863f,JUMP_STRENGTH,yes
_racd08f4679d352,KEEP_OPEN_ON_DEACTIVATE,yes
_rfdaeb35673ed7e,KERNING,yes
_rf691f358080c6c,KEY_COLORS,yes
_r7ffe00fb97b294,KEY_FIGURE,yes
_r908f534c004da8,KEY_GENDER,yes
_r4c2a5a1ef154a7,KEY_OUTFIT_NAME,yes
_re3c9cbdd99ec20,KEY_SEPARATOR,yes
_r7fc80756b5271d,KEY_TOOLTIP_CAPTION,yes
_r9d3f1ecdf0b2d7,KEY_TOOLTIP_DELAY,yes
_r44aa5c72dd5a7d,KICK,yes
_rb3deb0167d2639,KICKED_BY_OWNER,yes
_r9f8d2dc8e2fc39,KICK_FROM_ROOM,yes
_re60f8087a47ec5,KICK_USER,yes
_rc9227b2dd5cde3,KITTENBABY,yes
_rb7e9de63a36af8,LABEL,yes
_r872b798f5cf479,LABEL_TAG,yes
_r915bedc8d82c49,LANDSCAPE,yes
_r17539db76ca4b4,LANGUAGE_CHANGED,yes
_r954567363e2eee,LARGE,yes
_r5875bc66b8c8bb,LARGE_TO_SMALL,yes
_rf3a77cb190ab67,LAUGH,yes
_r338ee7b4a40a21,LAYER_HABBICON,yes
_r72fd7edcbbe12b,LAYER_LIMIT,yes
_r5e9b78c6eb8a20,LAYER_PART,yes
_r0ac0c6fe7454eb,LAYER_VARIABLE_FX,yes
_r23c6c5ac48015b,LAYOUT,yes
_r665c6f774420db,LAYOUT_TYPES,yes
_r91c88be21c3ab6,LAY_BASE_ACTION,yes
_r1ad364c9621d49,LAZY_CHUNKING,yes
_r807fa723057958,LAZY_CHUNKING_MINIMAL,yes
_r00728b9e9fd377,LEADING,yes
_rd414b22b53d4c4,LEAVE_TEAM,yes
_r6ccf2905fc7d7a,LEFT_BOTTOM,yes
_r70718fa1069080,LEFT_BRACKET,yes
_rc51a197b6e2fd0,LEFT_COAT_SLEEVE,yes
_r75bb8fd3156905,LEFT_SLEEVE,yes
_rbd33d43d98a50f,LEGACY_BORDER,yes
_rc3c040ef1d3c38,LEGACY_TRACKING_EVENT_TYPE_FRIENDLIST,yes
_rd068f89884a179,LEGACY_TRACKING_EVENT_TYPE_MESSENGER,yes
_rcf1d851b93ba14,LET_USER_IN,yes
_rf04eab02d14a6c,LEVEL_PANE_PREFIX,yes
_r9563b85e27dc64,LEVEL_WITH_BAR_AND_NUMERICAL_PROGRESS,yes
_racc601d33ce807,LEVEL_WITH_PROGRESS,yes
_r6c55e42fb4f5fb,LIB_AVATAR_EDITOR,yes
_rce4e4e9d66ceca,LIB_BODY,yes
_r5984eddad6fdf1,LIB_ITEMS,yes
_rada67ff8013c7a,LIGHTING_SLICE_LEFT_WIDTH,yes
_r38fc24fe6cc6a6,LINEAR_INTERPOLATION_MS,yes
_r05e85a25896d44,LINK_COLOR_ACTIONS_DEFAULT,yes
_ra06d9a0b9d341b,LINK_COLOR_ACTIONS_HOVER,yes
_r60da771accf220,LINK_COLOR_DEFAULT,yes
_r0bf779f2e80fda,LINK_COLOR_HIGHLIGHT,yes
_r02b772d1d453bc,LINK_COLOR_HOVER,yes
_re2bcb9ae585d37,LINK_COLOR_MODERATE_DEFAULT,yes
_rc34e3079877bcf,LINK_COLOR_MODERATE_HOVER,yes
_r5d1346a6f4c74a,LINK_COLOR_NORMAL,yes
_re78ac171a34795,LINK_FRIEND_LIST,yes
_r21cee7d7972a72,LINK_ID,yes
_rb6e4edcb7ce2bf,LION,yes
_rb45fbd95ccae6c,LIST_BUTTONS,yes
_r58803a6a8a442d,LIST_COLUMN_NAME,yes
_r9bf74b40a217b2,LIST_HEIGHT_MAX,yes
_r6a968c18f6ef84,LIST_HEIGHT_MIN,yes
_r10217df76b8c49,LIST_ITEM_HEIGHT_MARGIN,yes
_rad7d9ab6a4f65c,LIVE_ENVIRONMENTS,yes
_r822e424e90b563,LOADED_CALLBACK,yes
_r0ef230ee8a41e4,LOADINGBAR,yes
_rab8f9f212c3c9f,LOADING_BAR_HEIGHT,yes
_rc4703d0ded3cec,LOADING_BAR_WIDTH,yes
_rbdcd362415feae,LOADING_ICON_PLACEHOLDER,yes
_rd060c91c2bd52c,LOAD_BADGE,yes
_rfb2d389035ddd4,LOCAL,yes
_r8c8bcffb5471e2,LOCATION_RIGHT,yes
_re369d1ab99b96c,LOCATION_WIDGET,yes
_rf1137fc99f7726,LOCKED_COMPONENT_LOG_INTERVAL_MS,yes
_rcdada6248f5118,LOCKED_COMPONENT_LOG_WARNING_DELAY_MS,yes
_ra6c29ac64dcd36,LOGIN,yes
_ra5462075795bb5,LOGIN_METHOD_HABBO,yes
_r1555a945fc66ae,LOGIN_NO_AVATARS,yes
_rbd792dcb4f8b2d,LOGO_AREA_HEIGHT,yes
_r529a52018e8aeb,LOG_COLUMN_CREATION_TIME,yes
_r4d0b19549482b2,LOG_COLUMN_DETAILS,yes
_rd023da583cd82e,LOG_COLUMN_LAST_UPDATE_TIME,yes
_rb681128748a704,LOG_COLUMN_LATEST,yes
_r259a625e2cc952,LOG_COLUMN_MANAGE,yes
_rc4c2558f381804,LOG_COLUMN_MESSAGE,yes
_r651125c4db976c,LOG_COLUMN_NAME,yes
_r2751c18d7559c1,LOG_COLUMN_TIMESTAMP,yes
_rfcffd26a16f090,LOG_COLUMN_TYPE,yes
_rf3a02133dbf884,LOG_COLUMN_USERNAME,yes
_r3f125f4ceb83d9,LOG_COLUMN_USERTYPE,yes
_r7c99c38159b46a,LOG_COLUMN_WITHDRAWS,yes
_rb7d41db5fda006,LOG_CRASH,yes
_r2239d2e924f078,LONG_LOB_MAX_RANGE,yes
_rd42f7751c194d9,LOYALTY_VIP_BUY,yes
_r024579d880f3c5,LTD,yes
_r394f941daa116c,MAD_MONEY,yes
_rc39f0a68697ebc,MAIN_ALL,yes
_r36fb02af5679fb,MAIN_AREA_MARGIN,yes
_r8eb4e6be3f4ff1,MAIN_FILTER_IDS,yes
_r321f076e8d1dd1,MAIN_FLOOR_ITEMS,yes
_ra5bd67a0e7a486,MAIN_ROOM_LAYOUT,yes
_r860c95532e2bd7,MAIN_VIEW,yes
_r7ff45f18c9e95c,MAIN_WALL_ITEMS,yes
_r0bd263d3282167,MAIN_WINDOW_RESOURCE,yes
_r5f1e9d4eaf3506,MALE,yes
_r9c63a52751818f,MANNEQUIN,yes
_rd1fe565afd3ffa,MANNEQUIN_BODY,yes
_r0eb4c409155fd4,MANNEQUIN_CLOTHING_PART_TYPES,yes
_rc4f9319edc7dc8,MANNEQUIN_MAGIC_X_OFFSET,yes
_r44dd7db3a338f0,MANNEQUIN_MAGIC_Y_OFFSET,yes
_reafc1b9caefe85,MAP,yes
_raeb627dc6c7c79,MAP_KEYS_PREFIX,yes
_r2b2cf1acb760ce,MAP_VALUES_PREFIX,yes
_r94e85aba8cebb4,MARGIN,yes
_r0f1bde9c0b27fe,MARGINS_KEY,yes
_reb493fb548eda6,MARGIN_BOTTOM,yes
_rc3f39c4e90f9c0,MARGIN_H,yes
_rf3ec2077b4128f,MARGIN_LAYOUT_CATEGORY_CONTAINER,yes
_r9f5eae6bfd8bc8,MARGIN_LEFT,yes
_rb802049853d74e,MARGIN_RIGHT,yes
_r39fbd804696494,MARGIN_TOP,yes
_r4a3b7e420319cd,MARKET_PLACE,yes
_r64a1efa5df17b1,MARKET_PLACE_OWN_ITEMS,yes
_r5da9c1bd223add,MASKED_HEART_FILL,yes
_rc01a86aacadab5,MASKED_HEART_FILL_ID,yes
_rdc3fc45752f025,MASK_16BIT,yes
_r5b993e565d6036,MASK_8BIT,yes
_r27f48d208d1cbf,MASK_CATEGORY_HOLE,yes
_rc9afacfe941e3b,MASK_CATEGORY_WINDOW,yes
_r0990ee301f8621,MASK_COLOR_SOLID,yes
_rf697866f140c6e,MASK_TYPE_DOOR,yes
_r23a62cba7cb410,MASS_DELETION_CHECKBOX_ID,yes
_r5b65ad5c026a88,MATCH_ALL_PIXELS,yes
_r74ee31c9a8284f,MATCH_NOTHING,yes
_r7141304065c198,MATCH_OPAQUE_PIXELS,yes
_rfeda7c0163f433,MATRIX,yes
_r52f8dbee4d11bb,MAXIMUM,yes
_r15dad7c6461872,MAXIMUM_HOT_LOOKS,yes
_r7d2b98fd240b9e,MAXIMUM_ROOM_VISITORS,yes
_r9672680197366d,MAXIMUM_SIZE,yes
_r08b5d8a8174ef2,MAX_ACTIVE_BADGE_COUNT,yes
_rb00c07a164b968,MAX_AMOUNT,yes
_re1ac592ba3e0cd,MAX_ANGLE,yes
_rd4023f5f6bd756,MAX_ANIMATION_DURATION_MS,yes
_r4792cc90822941,MAX_ANIM_Y_OFFSET,yes
_r3cf7807d89276b,MAX_AREA,yes
_rd39922b38bae5e,MAX_ARTICLES,yes
_rd5872221e559a3,MAX_AXIS_LENGTH,yes
_rdff4bb4afac0fe,MAX_CHARS,yes
_r77b8b6745bc204,MAX_CHAT_ITEMS,yes
_rbe7cf6d64cd9da,MAX_CLUB_FURNI_ID,yes
_r7cfc97481300c5,MAX_COINS,yes
_r473c496af95c64,MAX_COLLISION_SIDEWAYS_IMPULSE,yes
_r3370d44628101b,MAX_COLOR_LAYERS,yes
_rd12053fb06de60,MAX_COLS,yes
_r5687178a6cfd5e,MAX_DATA,yes
_r84a5974e72d149,MAX_DESCRIPTION_LENGTH,yes
_rce426d9d3196e5,MAX_DIRECTION,yes
_r73b8ef654aa720,MAX_DIRTY_REGIONS_PER_WINDOW,yes
_rb337b6dcbd706e,MAX_DISPOSABLE_BITMAPS,yes
_r994f8c1d76f64b,MAX_DISTANCE_BEFORE_COMBINE,yes
_r64e0e1e388e89f,MAX_DOWNLOAD_RETRIES,yes
_r0e6f61ceb29eb6,MAX_DYNAMIC_TEXTURE_DIMENSION_HD,yes
_r1a231602f85990,MAX_DYNAMIC_TEXTURE_DIMENSION_SD,yes
_r9621b89d19e878,MAX_EXTERNAL_IMAGE_COUNT,yes
_r39bff430a921c8,MAX_FURNI,yes
_ra19aa8b419bc77,MAX_GRID_COLUMNS,yes
_rb4cb027b24e008,MAX_HEIGHT,yes
_r7acf5713a48b16,MAX_HIGHLIGHTS,yes
_ra8a1bfec453e94,MAX_HIGHLIGHTS_WITH_VALUE,yes
_r341f09e71107ae,MAX_HISTORY,yes
_rc151089d9ac321,MAX_HISTORY_LENGTH,yes
_rc60256db568dc2,MAX_IDLE_FRAMES,yes
_r2c850f13205ade,MAX_IDLE_SLEEP_TIMEOUT_SECONDS,yes
_rc7f8ee44cbc907,MAX_ITEMS,yes
_r0208599c39711a,MAX_ITEMS_TO_STORE,yes
_r7539e8917267ac,MAX_ITEMS_TO_TRADE,yes
_rbc7145bdfe8b0d,MAX_ITERATIONS,yes
_r40c0c8c1f5647e,MAX_LEVEL,yes
_r6b5b79b825f0a9,MAX_LINES,yes
_r49e4cdfbef6d65,MAX_MESSAGES_TO_STORE,yes
_r3d6d73a9a5f79b,MAX_MOTTO_HEIGHT,yes
_rfa4b64e6c48153,MAX_NAME_LENGTH,yes
_r18ea9585d87122,MAX_NODES_IN_RULE,yes
_rf02c0f569acaf1,MAX_NORMAL_COORDINATE_VALUE,yes
_r2bc1df3233dc91,MAX_NUMBER_OF_OWN_PETS,yes
_r6ea2a9cc94dd0d,MAX_NUMBER_OF_PETS,yes
_ree50ef5ada42eb,MAX_OBJECTS,yes
_r0bd4ef56813dd0,MAX_OPEN_REWARD_NOTIFICATIONS,yes
_r2ea29cd0d8aad8,MAX_OTHER_FRAMES,yes
_rf9136e2f57e5aa,MAX_PACKET_TYPE_VALUE,yes
_r2d463b9bb63492,MAX_PALETTES,yes
_r71ea5a8c24fb02,MAX_PIXELS,yes
_r60692845324bc0,MAX_PRICE_STRING_LENGTH,yes
_r19acb65225bd8e,MAX_REWARDS,yes
_r80f0ffe384543b,MAX_RIBBON_TYPE_VALUE,yes
_r3878735a5c5db1,MAX_ROWS,yes
_r9a31b454658666,MAX_RULES,yes
_r26d5153a3fcb4d,MAX_SEARCH_RESULTS_LENGTH,yes
_r93880f92922bf5,MAX_SEARCH_STRING_LENGTH,yes
_rb9a7105bde4a98,MAX_SEGMENTS,yes
_r13e33d1423c303,MAX_SIMULTANEOUS_DOWNLOADS,yes
_rdf3a9e1c5d3571,MAX_SIZE_FOR_AVG_COLOR,yes
_rcf5f1debbd7365,MAX_SLOPE,yes
_rbfd8f773fcf88f,MAX_SPEED_PER_MS,yes
_r61c88f587a0c56,MAX_STYLE_COUNT,yes
_r0b66f54073cb1a,MAX_SUGGESTIONS,yes
_r33330479eed7c3,MAX_UPDATE_TIME,yes
_r732de84b189447,MAX_USERS_ON_DOORBELL_LIST,yes
_r7afd8dc4db7a8c,MAX_USERS_TO_STORE,yes
_rbd436d46de011f,MAX_VERTICAL_LEAD_RATIO,yes
_r22ecc478cbf506,MAX_WALL_ADDITIONAL_HEIGHT,yes
_r3469ddba949b5b,MAX_WIDTH_DEFAULT,yes
_r5b5eeed52e9768,MAX_WINDOW_WIDTH,yes
_radca00e809c3d5,MEMBERS,yes
_r85222f0919bbf7,MEMBER_SPACING,yes
_r304e587fb70380,MENU_CLEAR_PICKS,yes
_r250333685145a3,MENU_CLOSE,yes
_r5079b3259536f7,MENU_COPY_INTO,yes
_r82569504a090ff,MENU_HELP,yes
_r5fef4ee0de5ffc,MENU_ITEM_ARRAY,yes
_r26945f4cc04772,MENU_MAX_HEIGHT,yes
_r495523ace02713,MENU_MIN_HEIGHT,yes
_r44c3f13a892dae,MENU_OPEN_CREATOR_TOOLS,yes
_ra27ba6236bf686,MENU_RESET,yes
_r8e677a1511bfb8,MENU_SAVE,yes
_rf0e4d22fcdcfa4,MERGED_SOURCE,yes
_rbdf15b2d9f0cee,MESSAGE_CONTAINER,yes
_rdf5b4ecabe799c,MESSAGE_CONTAINER_DESCRIPTION,yes
_r443e817f31ab1e,MESSAGE_EMAIL_INPUT,yes
_rc3399a920e26fe,MESSAGE_MAX_LENGTH,yes
_re8caa7cd4a9b52,MESSAGE_NAME_INPUT,yes
_r404d527f9cc8e1,MESSAGE_TYPE_SHOUT,yes
_r8951fffb39f00d,MESSAGE_TYPE_WHISPER,yes
_r21290b581aa64b,MESSENGER_STICKER_SET,yes
_r42da64296ba501,METADATA_ASSET_NAME,yes
_rd5421853381a87,METALLIC_COLOR_PREFIX_KEY,yes
_ra5853a433fab72,METER_BUILDUP_TIME_MS,yes
_r2141de0f4a941e,METER_INITIAL_DELAY_MS,yes
_r094e55ac2d9a1e,ME_MENU_ICON_NAME,yes
_r5d59e12ee8d709,ME_MENU_WIDGET,yes
_rd70887315a96b0,MIDDLE_CLICK,yes
_r795168c4d6fcc4,MINIMALIZED_BORDER_WIDTH,yes
_r31681e05bc15f7,MINUTES_CONTAINER_NAME,yes
_r722a922807d400,MINUTES_SPRITE_TAG,yes
_r2019f852af718a,MIN_BORDER_HEIGHT,yes
_r74f48a43a960c6,MIN_DESC_HEIGHT,yes
_r13db69531e8df7,MIN_HEART_FADE_DURATION_MS,yes
_ra15235987de931,MIN_IDLE_AUTOKICK_TIMEOUT_SECONDS,yes
_rc86171d9e33290,MIN_LEFT_MARGIN,yes
_r8f54d3cccd8c9d,MIN_MOTTO_HEIGHT,yes
_rb7debee04c0ebc,MIN_PASTE_INTERVAL_MS,yes
_reaa5ffc54421ba,MIN_PRIZE_SPACING,yes
_rdea71f3ac68dd4,MIN_TIME_ACTIVE,yes
_re6999e21ed306e,MISC_RIGHT,yes
_r11fa5f39f0daae,MODAL_DIALOG_LAYER,yes
_r18eb98b1fa14f1,MODE1_BG,yes
_r418a08ea59c54f,MODE2_BG,yes
_rc03eed4af529d6,MODERATION_BADGE_ID,yes
_r15ad96825ef459,MODERATION_DISCLAIMER_DELAY_MS,yes
_r950f72471b3567,MODERATOR,yes
_r5804f217a4694a,MODE_ALL,yes
_r0d2cfb75f6d923,MODE_AMBASSADOR,yes
_r053631e3c96aa9,MODE_AMOUNT,yes
_r9d75f7c83b74c7,MODE_BAN,yes
_rb3da2f0ae8dd2f,MODE_CATALOGUE,yes
_r3196803eb8b473,MODE_CHANGE_LOOKS,yes
_rff2ad07699d012,MODE_CLUB_DANCES,yes
_r000e4893aff2c7,MODE_CUSTOM_PART,yes
_rd91efa6233b04a,MODE_CUSTOM_PART_SHAMPOO,yes
_r0c0df14f9a1cbb,MODE_EXACT,yes
_rbc433877a3d233,MODE_EXPONENTIAL,yes
_r33b3a4981910d0,MODE_EXPRESSIONS,yes
_r9f7dafadc35a06,MODE_FERTILIZE,yes
_r94c94d34dcbc9c,MODE_HABBICON,yes
_r710d7fd50db00e,MODE_INFOSTAND,yes
_rb93525e3472754,MODE_INVENTORY,yes
_r0f08a70c029380,MODE_LINEAR,yes
_rccf5b41d15824f,MODE_MANUAL,yes
_rcd44dde51eeee7,MODE_MODERATE,yes
_rd693d40986f258,MODE_MONSTERPLANT,yes
_r9f0cdeaa270b24,MODE_MONSTER_PLANT,yes
_r5994554b1d7522,MODE_MULTILINE,yes
_ra7c7d36f633c51,MODE_MUTE,yes
_r39f2411f0e1b36,MODE_NAME_CHANGE,yes
_rcdbf36e607028a,MODE_NONE,yes
_rc4d1fb942a56e7,MODE_NORMAL,yes
_r4282ed1eebe9c1,MODE_OVERFLOW,yes
_re2e2ed9dcf7907,MODE_PUBLIC_RECIPE,yes
_r66123f6372466f,MODE_RADIAL,yes
_r96bffc9095eb1a,MODE_RANGE,yes
_r9f1bed5bd34721,MODE_REBREED,yes
_r8cccc8db8a504c,MODE_RELATIONSHIP,yes
_r6f51c58fa5617b,MODE_REVIVE,yes
_r0ed64a1993d9b8,MODE_RIDING,yes
_rba35974d70b034,MODE_SADDLE,yes
_rf68743940cbabb,MODE_SADDLED_UP,yes
_r0e67169eeb2ba2,MODE_SCALE,yes
_r8e5935080d89fa,MODE_SECRET_RECIPE,yes
_r1e653703c828e2,MODE_SET,yes
_ra3ec068fc0ac7c,MODE_SHAMPOO,yes
_r676c8b97047100,MODE_SIGNS,yes
_rf6c7ce0e7d6e0c,MODE_SKIP,yes
_r5b0b8b1fe46b19,MODE_STRETCH,yes
_r37ede4a1684b7d,MODIFY_PERMISSION_OPTIONS,yes
_r932c869de5f269,MONKEY,yes
_r6b10f0d622edf9,MONSTER,yes
_re89145ccf6c1cb,MONSTERPLANT,yes
_rdcd5dfeaea2ff4,MONSTERPLANT_FERTILIZE,yes
_r6f849396e15742,MONSTERPLANT_REBREED,yes
_re07c2ff9b6d627,MONSTERPLANT_REVIVAL,yes
_reece6d0327e217,MONSTERPLANT_SEED_PLANT_CONFIRMATION_DIALOG,yes
_r530e42e022fce0,MOST_RECENT_HISTORY_BOTTOM_PADDING_THRESHOLD,yes
_r7f3a70cbff71f2,MOTTO_EDITED_COLOR,yes
_r1866f919af8c90,MOTTO_TEXT_OFFSET,yes
_r7235aad93879cc,MOUNT_PET,yes
_r1ec4f1868ee8cd,MOUSE_ENTER,yes
_r7591a5e737cf6c,MOUSE_LEAVE,yes
_rf1b2d77301269f,MOUSE_WHEEL_ENABLED,yes
_r9e480047fed326,MOVE_AS_GROUP,yes
_r74fa2031d64abd,MOVE_DURATION_MS,yes
_r702ff666fc7dc4,MOVE_FURNI,yes
_rc6f3cd6acff675,MOVE_FURNI_TO,yes
_r1287df9e965283,MOVE_FURNI_TO_FURNI,yes
_rd9bf9a2e847959,MOVE_FURNI_TO_USER,yes
_rf307e4de2fa6a0,MOVE_NEGATIVE_FEEDBACK,yes
_r4b243aa5389059,MOVE_SPEED_DENOMINATOR,yes
_r9639e5471787cb,MOVE_TO,yes
_rd6a2b5e8b48876,MOVE_TO_DIRECTION,yes
_r634098998d768b,MOVE_UP_AMOUNT_PIXELS,yes
_ra8cf5a05260f13,MOVE_UP_IMPULSE_LIMIT,yes
_r7969cc15bdffd9,MOVE_UP_TIMER_DEFAULT,yes
_r493b81201bfef0,MOVE_USER,yes
_r0e70b644352571,MOVE_USER_TO_FURNI,yes
_r2da17123c754c9,MOVING_OBJECT_PATH_RESET,yes
_r2a08c274520162,MULTILINE,yes
_rf1545e13b2aff6,MULTI_DIGIT_NUMBER_X,yes
_rca8f086917e2de,MUTED,yes
_r0216a08b1d55b6,MUTE_USER,yes
_rd73e4940e3f577,MUTE_USER_10MIN,yes
_rb2c18d28b18e25,MUTE_USER_2MIN,yes
_r6768e3c639606e,MUTE_USER_5MIN,yes
_r159bcef038c4c7,MYSTERYBOX_OPEN_DIALOG,yes
_r9d9fe063b02f98,MYSTERYTROPHY_OPEN_DIALOG,yes
_r8012b317059c7f,MYSTERY_BOX_KEYS_UPDATE,yes
_r6d00178c1ec166,MYTHICAL,yes
_r21bf765097f500,MYWORLD_VIEW_CODE,yes
_rdffb861410cf38,MY_CLOTHES_VIEW,yes
_rb6226785994e7e,MY_ISSUES,yes
_re950b9d7437433,MY_MUSIC_SHOW_SCROLLBAR_ITEM_COUNT_LIMIT,yes
_re76e8622b9039a,MY_MUSIC_TITLE_LOADABLE_ASSET,yes
_r27b0f8488a863f,MY_WORLD_VIEW,yes
_r43547b9bfa5e32,ModerationMessageHandler,yes
_r787916c3d61754,MyRoomsTabPageDecorator,yes
_r824a00c2e20eec,NAME_CHANGE,yes
_r97f9948866ecf4,NAME_CHECK,yes
_rdc7c2716a7d008,NAME_SUGGESTION_BG_COLOR,yes
_r395e8321ef49f3,NAME_SUGGESTION_BG_COLOR_OVER,yes
_r87ae4dad56191c,NAME_TEXT_COLOR_HINT,yes
_rab606495090c1c,NAME_TEXT_COLOR_WRITING,yes
_r2fd6f15e9e401e,NAME_UPDATE,yes
_r9a5ca52f35f973,NAME_UPDATE_FUNCTION,yes
_r2e2cbad27de0bc,NAN,yes
_r3870124bdadffb,NAVIGATOR_SEARCH,yes
_r0575fa88dd98f0,NEG_CALL_ANOTHER_STACK,yes
_r86b59af4b00eb6,NEG_SEND_SIGNAL,yes
_rfde534689d333c,NEST_BREEDING_SUCCESS,yes
_rfae898f81ed069,NEVER_AGAIN,yes
_rb6241f1b3a3182,NEWTON_ITERATIONS,yes
_r59d2f12ce08afa,NEW_ADS_VIEW_CODE,yes
_r107a19e46f40ac,NEW_AD_VIEW,yes
_r366670ed976f82,NEW_BAR_RIGHT_MARGIN,yes
_r68155ed081da05,NEW_FEATURE,yes
_r926291da535dd1,NEW_FEATURE_CONDITION_MAX_RETRIES,yes
_r59c19ddd844a2d,NEW_FEATURE_CONDITION_RETRY_DELAY_MS,yes
_r450d40c4ca6f6d,NEW_FEATURE_CONDITION_REWARD_TRACK_INCOMPLETE,yes
_r0c792cd69e3af0,NEW_FEATURE_CONDITION_STATE_HIDDEN,yes
_r427cbdd345e0a1,NEW_FEATURE_CONDITION_STATE_UNAVAILABLE,yes
_raa749a7463141c,NEW_FEATURE_CONDITION_STATE_VISIBLE,yes
_rc63e55ccb1cadd,NEW_INSTANT_MESSAGE,yes
_rf82f33954f8ab2,NEW_MESSAGE_NOTIFICATION,yes
_r9dfa7b583dde2e,NEW_PETS,yes
_r92abe4c3d49666,NEW_USER_FLOW_ENABLED,yes
_r3e16309412f9f0,NEW_USER_ONBOARDING_HC_FLOW_ENABLED,yes
_r02f4070674df6a,NEW_USER_ONBOARDING_PAGE_TO_SHOW,yes
_r047f6c3e9f48e3,NEW_USER_ONBOARDING_SHOW_HC_ITEMS,yes
_rcc743ef3be92a4,NFT_FIGURES,yes
_re3574f4a09eb14,NFT_OPENING,yes
_re64a219dd212c2,NFT_REWARD_BOX,yes
_r5100e154c0726e,NOBODY,yes
_r53e310ae641871,NODE_VIEW_POOL,yes
_rb0bd2b635c194a,NODE_VIEW_POOL_MAX_SIZE,yes
_rff38163410c68a,NONE_BG,yes
_rd40593402ce5cf,NONE_SHADOW,yes
_rc68ccfc3d0c841,NON_EXISTING,yes
_r81affe1f53d40e,NON_VERIFIED,yes
_r25a3cb61d3eafb,NORMAL_BORDER_WIDTH,yes
_re0342c5f7cec0d,NORMAL_MODE,yes
_r19ecd3fca26c61,NORMAL_SIZE_PETS,yes
_rc348125f298e9e,NOTHING,yes
_r85d5c4e216c0b8,NOTIFICATION_ICON_WIDTH,yes
_r9382b4491ba3dc,NOTIFICATION_RANGE_START,yes
_r71354b68701fe9,NOTIFICATION_STYLES,yes
_r802c0e36286c96,NOTIFICATION_STYLE_END,yes
_r6cbe1f51097431,NOTIFICATION_STYLE_ID,yes
_r43b50b494d018f,NOTIFY_MODE,yes
_r51ee6a766528bb,NOT_ACTIVE,yes
_r77b8d7728ca1a8,NOT_ACTOR_IS_GROUP_MEMBER,yes
_ra24ee45e5dd8c2,NOT_ACTOR_IS_IN_TEAM,yes
_r746e49084179f9,NOT_ACTOR_IS_WEARING_BADGE,yes
_r049cbd8a3d0e14,NOT_ACTOR_IS_WEARING_EFFECT,yes
_r8cfc9b932f2c86,NOT_CONTROLLER,yes
_r5eb50446d16a53,NOT_FOUND,yes
_r7a22d68c4a7ab9,NOT_FURNIS_HAVE_AVATARS,yes
_r2021ba0d255ae9,NOT_HAS_HANDITEM,yes
_r7122af64b26689,NOT_HAS_STACKED_FURNIS,yes
_rc74e35fa9be169,NOT_HAS_VARIABLE,yes
_r551968e0c0bde0,NOT_HOVERED_COLOR,yes
_r443f96879eadf0,NOT_OWNED_BASE_ACTIVE,yes
_rff2318521b60cb,NOT_OWNED_BASE_HOVER,yes
_rb2c54fb47847e4,NOT_OWNED_BASE_IDLE,yes
_rd8da53e5264cd7,NOT_OWNED_OUTLINE_ACTIVE,yes
_r633322a8ff031e,NOT_OWNED_OUTLINE_HOVER,yes
_re3af2b79432cb0,NOT_OWNED_OUTLINE_IDLE,yes
_r02570532f553b6,NOT_PERFORMING_ACTION,yes
_rb0251f91beb527,NOT_SELECTED_TEXT_COLOR,yes
_r905f1fdeaa8ab6,NOT_SELECTING_AREA,yes
_r758495aa1362e1,NOT_STATES_MATCH,yes
_ref98bc5d0e0f3f,NOT_STUFF_TYPE_MATCHES,yes
_r6be8d2ce04b7f2,NOT_TRIGGERER_IS_ON_FURNI,yes
_r36afd14f57e2a4,NOT_TRIGGERER_MATCHES,yes
_rd0f7be51e5d3ee,NOT_USER_COUNT_IN,yes
_r811cfae066d945,NOW_PLAYING,yes
_r7beacaf6ffbee7,NOW_PLAYING_SONG_CHANGED,yes
_rdde0aa4c1e9903,NO_CITIZENSHIP_SUFFIX,yes
_r2495c956a3b095,NO_CLUB,yes
_r401b11416ac27f,NO_CRYPTO_MODE,yes
_re9702ba6c0bb97,NO_DISPLAY,yes
_rb8cca6bdb57f13,NO_FRAMES_KEY,yes
_rb4ff1d8a110295,NO_FREE_TILES_FOR_PET,yes
_rd6e64e3e4ad53b,NO_MATCHES,yes
_r6f7c7bd54496d3,NO_MOVE_ANIMATION,yes
_r76fa48e78f4738,NO_NEST_FOUND,yes
_r80f03bb9f28460,NO_OFFERS_CALLBACK,yes
_rdd85614a2698ea,NO_OP_1,yes
_re855272312f509,NO_OP_2,yes
_rb9846c93b85b2e,NO_OP_4,yes
_rd10647fd88e4ba,NO_PICK_UP,yes
_r023e9d32ca9c3b,NO_TRADING,yes
_r88dc5dd381e936,NUDGE_OFFSETS,yes
_r4cab8e95eeeda5,NUMBER_ALREADY_VERIFIED,yes
_r16a5f44b07fafb,NUMBER_BAKED_COLORS,yes
_r9440230ee32a65,NUMBER_BAKED_COLORS_ID,yes
_r1378511ab1ac1c,NUMBER_DISPLAY_CATEGORY_ID,yes
_rf42401f724ad58,NUMBER_MISTYPED,yes
_reaedc6f2d10757,NUMBER_OF_SLOTS,yes
_r093136457dd4b9,NUMBER_RECOLORABLE,yes
_ra98b79019fb4ff,NUMBER_RECOLORABLE_ID,yes
_r2985de7758c877,NUMBER_Y,yes
_r976f5af8978b55,NUMERICAL_PROGRESS,yes
_r5c3baf439bea4e,NUMERICAL_PROGRESS_ID,yes
_r722a1624e95278,NUM_UPDATE_RECEIVER_LEVELS,yes
_r4d1b7d3453b605,NUX_PROCEED,yes
_r2d1bae575c8bf6,NUX_TAKE_TOUR,yes
_r601243aca187d7,NftWardrobeParamView,yes
_r7d45374b1438a4,Number,yes
_rd6db5255c88808,OBJECT_CATEGORY_FURNITURE,yes
_r7e848ba60c1908,OBJECT_CATEGORY_ROOM,yes
_r2b2c03a9fd77a9,OBJECT_CATEGORY_USER,yes
_rae0ed8018da302,OBJECT_NAME,yes
_r7e31bfbcf2910c,OBJECT_ROLL_OVER,yes
_r45507620b81d78,OBJECT_STATE_FLIPH,yes
_rbd00e0dfdaa579,OBJECT_TYPE_PET,yes
_re844060611cf79,OBJECT_TYPE_USER,yes
_r8528c87481479a,OFFER,yes
_r6a77d83ed334d1,OFFICIAL_VIEW_CODE,yes
_r6cc95ad1f4f93a,OFFSET_16BIT,yes
_r6404639457149f,OFFSET_8BIT,yes
_r43f65d4fef266d,OFFSET_MIN,yes
_rc7904326673d18,ONES_SPRITE_TAG,yes
_ra5f82af6f17f32,ONLY_USER,yes
_r43ca17ae45cb8a,ON_CLOSE_CALLBACK,yes
_rb139768033d25f,ON_CONVERSION_CALLBACK,yes
_re2d5b91ec8b8cc,ON_START_CALLBACK,yes
_r50c2b614e0a06a,OPEN_DELAY_MS,yes
_r425b7979cfa348,OPEN_FURNI_CONTEXT_MENU,yes
_r844e09b1e6aef3,OPEN_HOME_PAGE,yes
_rebfc48bd9580d3,OPEN_INTERNAL_LINK_FROM_WEB_CALLBACK,yes
_r059935f35d768f,OPEN_ISSUES,yes
_r8af11d16859d38,OPEN_PET_PACKAGE_RESULT,yes
_r29068f6a990e1d,OPEN_PET_PACKAGE_UPDATE_PET_IMAGE,yes
_r8618558e58a168,OPEN_PET_TRAINING,yes
_r86091b82be4472,OPEN_WIDGET,yes
_rb9b9297b4bf8ab,OPTION_PREFIX,yes
_r0faf00af001c52,OVERLAY_SPRITE_NAME,yes
_r0d01044b2616c0,OVERRIDE_HEIGHT,yes
_rc9ea0f0792efba,OWNED_BASE_ACTIVE,yes
_rff418d3a792844,OWNED_BASE_HOVER,yes
_r23cc8e5b7ee272,OWNED_FURNI,yes
_re77854d9d06de3,OWNED_OUTLINE_ACTIVE,yes
_r07f39a85c77b4f,OWNED_OUTLINE_HOVER,yes
_re4acb6fdff1b90,OWNER,yes
_rf71f3dffbbe789,OWN_USER,yes
_r6c5a2673afb8e5,OfficialTabPageDecorator,yes
_r9edd5141ef2556,PADDING_HORIZONTAL,yes
_r858b93df5a211d,PADDING_VERTICAL,yes
_r6ec1fccbaa2a53,PAGE_ANALYSIS,yes
_r624a5c296d61a4,PAGE_BOUNDARY_EPSILON,yes
_rc1a7a2f9f42b8d,PAGE_FAILURE,yes
_r86f9cfde37d33b,PAGE_QUESTION,yes
_rc578e5a529e5d0,PAGE_SIZE,yes
_r78bf8638889a1f,PAGE_SUCCESS,yes
_rf16645b681e99b,PALETTE_ASSET_DISPOSE_THRESHOLD,yes
_r20d435d6b3eca1,PALETTE_ID,yes
_r637f23ffeee168,PANIC_BUTTON_HEIGHT,yes
_rae96acbfaef95b,PARAMETER_HUE,yes
_r778ecd418d35ec,PARAMETER_LIGHTNESS,yes
_rf6551c518c846c,PARAMETER_SATURATION,yes
_r7be49d5880ce18,PARAMS,yes
_r61bd6aa808e4cf,PARENT,yes
_rabca761f0adf1f,PARENT_CONTAINER_NAME,yes
_r0729e0256c7200,PARTNER,yes
_r73303e810d52ac,PART_EYES,yes
_ra6e1f090a97de0,PART_FACE,yes
_rd87e0341280ea5,PART_ID,yes
_r12c2627daae14d,PART_RIGHT_ITEM,yes
_r7d386d7b2e4cf3,PASS_CARRY_ITEM,yes
_r9c25166b461d89,PATH_EPSILON,yes
_rdf85b9b929bd62,PEER,yes
_r3c3df8a2841611,PENDING_GLOW_MAX_WAIT_MS,yes
_r7028e121470e76,PENDING_MESSAGE_BLEND,yes
_r57dde4b80b9b6d,PERFORMING_ACTION,yes
_r01e1cbdcd8025e,PERIODIC_LONG,yes
_rb47b867415a4c6,PERIODIC_SHORT,yes
_r025bb6758201e8,PERK,yes
_r0648b67bca5824,PERKS_UPDATED,yes
_r49395d03a9201a,PERMANENTLY_HIDDEN_BY_MOD,yes
_rdbf92abf6e00b1,PET,yes
_r6b18bad7ae374e,PETLEVEL,yes
_r1b305b6c72f426,PETS,yes
_rad0d29e152be16,PETS_FORBIDDEN_IN_FLAT,yes
_r0b3f82a08f6d2b,PETS_FORBIDDEN_IN_HOTEL,yes
_re0394ed3279ba3,PETS_MISSING,yes
_r8254c2960ffe72,PET_ALLOWED_DIRECTIONS,yes
_r99df6726894a2b,PET_ANIMATED,yes
_r99d2cecdfe37fb,PET_BREEDING,yes
_rb89ef0ac530e11,PET_BREEDING_RESULT,yes
_r5615be45d393f9,PET_COLOR,yes
_rb4655a96b54deb,PET_COMMAND,yes
_r520d6ec435d1c8,PET_COMMANDS,yes
_rafb962cf0c12d0,PET_CUSTOM_LAYER_IDS,yes
_rdf39e06d96d8ba,PET_CUSTOM_PALETTE_IDS,yes
_r58b7f9b561a8ef,PET_CUSTOM_PART,yes
_r4923f887fdf776,PET_CUSTOM_PART_IDS,yes
_r7faf17010433da,PET_CUSTOM_PART_SHAMPOO,yes
_rbe77f686fda272,PET_FIGURE_UPDATE,yes
_rb0271db09009f3,PET_GESTURE_BLINK,yes
_rc2715b66f427ae,PET_GESTURE_CRAZY,yes
_r2a87d1e3ea5d7c,PET_GESTURE_JOY,yes
_r8d3d92b5a11e83,PET_GESTURE_MISERABLE,yes
_rd186956d87827b,PET_GESTURE_PUZZLED,yes
_r7d679e59b19d84,PET_GESTURE_TONGUE,yes
_r74b784b43121d4,PET_HEAD_ONLY,yes
_red157c3badf6b5,PET_INFO,yes
_r528f563b8217ca,PET_IS_RIDING,yes
_rdb6de3abca7550,PET_LEFT,yes
_r6c7ee0ca0fc420,PET_LEVEL_UPDATE,yes
_r852115d3c36a1d,PET_PALETTE_INDEX,yes
_rd5e0451577a269,PET_PREVIEW,yes
_rc74a3535445388,PET_PRODUCT,yes
_r0a499194e707ec,PET_PRODUCT_MENU,yes
_rfed5a23e8e8de1,PET_RIGHT,yes
_rdb6ade7c521285,PET_SADDLE,yes
_r05353dfc662977,PET_SHAMPOO,yes
_rbaa6ddac356d9b,PET_STATUS_UPDATE,yes
_rc2c4766d1eb284,PET_TYPE,yes
_r5072081e1f1d39,PET_TYPE_HORSE,yes
_r61abaf3bbd2978,PET_TYPE_ID,yes
_rf17b2d704e92da,PET_VIEW,yes
_rd86dc30e0c6dc1,PHONE_NUMBER,yes
_rd6bea16dc68cd8,PHONE_SCALE_FACTOR,yes
_r8bd321b711851c,PHOTO_SPLASH_SCREEN,yes
_r3f398d26da522c,PICKED_ISSUES,yes
_r0260223f7f181a,PICK_UP_PET,yes
_r48bbe9686d4b15,PIECES,yes
_r3522c185cb5ffe,PIGEONEVIL,yes
_r04092f98fa00b0,PIGLETNBABY,yes
_r8eb4db67c50d08,PING,yes
_r4d70a242870dbf,PIVOT_NAMES,yes
_rf075bc8efbc3a9,PIXELS,yes
_ra9fff1773b8a5b,PLACED,yes
_r7daecc8366ddd5,PLACED_ON_USER,yes
_rc580835d15a5c8,PLACEHOLDER,yes
_r460d5b3632710b,PLACEHOLDER_NAME,yes
_r207fae4f083d0b,PLACEMENT_PAGE_ID,yes
_r3b9cd41e207416,PLACE_FURNI,yes
_rf0af1a6d9dbf3b,PLACE_HOLDER_PET,yes
_r4f11c2aa6c3edf,PLACE_HOLDER_TYPES,yes
_ra5d9fbdfb7853b,PLACE_HOLDER_WALL_ITEM,yes
_r8c65f1e69b640e,PLANE_BILLBOARD,yes
_r21c4e3cd68220a,PLANE_FLOOR,yes
_r28223725deec92,PLANE_LANDSCAPE,yes
_ra409813d226414,PLANE_UNDEFINED,yes
_r5f745eff9a1885,PLANE_WALL,yes
_ra9822010c6536b,PLAYER_HEIGHT,yes
_r64613664999880,PLAYER_SUPPORT,yes
_rf1519e0e546b1a,PLAYING_GAME,yes
_r830dfeea096948,PLAYLIST_EDITOR_WIDGET,yes
_r8571ec81b6424d,PLAYLIST_SHOW_SCROLLBAR_ITEM_COUNT_LIMIT,yes
_r6a99b81c7aa1c8,PLAYLIST_TITLE_LOADABLE_ASSET,yes
_r7feab61e618c63,PLAY_LIST_FULL,yes
_rda0d6419c5b4c8,PLAY_LIST_UPDATED,yes
_re33f1be5614d2f,PLAY_SAMPLE,yes
_r701e98a4a55382,PLAY_SOUND,yes
_rbb40574475d7a0,PLAY_SOUND_AT_PITCH,yes
_rcc089ba3244188,PLAY_SOUND_DELAY,yes
_rb6dc1f1a2923b7,POINTER_DEFAULT_MARGIN_RIGHT,yes
_r07ffd44e262239,POINTER_OFFSET,yes
_r4e14cd636f2eed,POINT_ZERO,yes
_r9935cfb45cc259,POLL_MONITOR_MS,yes
_r3dd440b0ce4bb8,POLL_MS,yes
_re561da8bbe07f8,POLL_PREVIEW_MS,yes
_rb9c5ee64dd11bc,POLL_VARIABLES_MS,yes
_read7a07148303a,POOL_SIZE_LIMIT,yes
_r010e55e441c26c,POPULAR_ROOMS,yes
_rb74746b4847ba9,POPULAR_ROOMS_SEARCH_CODE,yes
_r0f094ad8837852,POSTER,yes
_r6253e0723619eb,POSTER_IDS,yes
_r3f02e1fbc850b3,POSTURE,yes
_r710559eba1db95,POSTURE_FLOAT,yes
_r80d810e2219326,POSTURE_LAY,yes
_r452051b6eec587,POSTURE_SIT,yes
_r136cb0fb4edee4,POSTURE_SNOWWAR_DIE_BACK,yes
_r1fd704634b4337,POSTURE_SNOWWAR_DIE_FRONT,yes
_r0394c0160ea55f,POSTURE_SNOWWAR_PICK,yes
_rc3ea46801f4726,POSTURE_SNOWWAR_RUN,yes
_rc97042cf47c928,POSTURE_SNOWWAR_THROW,yes
_r52fb0184b0f6cc,POSTURE_STAND,yes
_r2d3170ecae9904,POSTURE_SWIM,yes
_ree395d3eace561,POSTURE_WALK,yes
_rffea75904b91ce,POST_IT,yes
_rc212d39a9cf756,PREFERENCES,yes
_rb94c4280817c5b,PREFETCH_BOUNDARY_DISTANCE,yes
_r268905e0ba582f,PREMIUM_CLAIM_NOTIFICATION_ICON,yes
_r846bcec63204e1,PRESENT,yes
_r557526ad2ec8a7,PRESENT_DEFAULT_STATE,yes
_r8c4369a93fad39,PREVIEW,yes
_r3d2008e8957c79,PREVIEW_ACTION_COUNT,yes
_r8e8238ecd097b9,PREVIEW_ACTION_WAVE,yes
_r9f2dc4f463fc54,PREVIEW_AMOUNT_KEY,yes
_r6dfe17114ae3c9,PREVIEW_ANIMATION_INTERVAL_MS,yes
_rfb32033753af16,PREVIEW_AVATAR_DIRECTION,yes
_ra0452e77d2258e,PREVIEW_BACKGROUND_LOADABLE_ASSET,yes
_r8a0674315504d5,PREVIEW_BUTTONLIST,yes
_r7520dc0db0c859,PREVIEW_HEIGHT,yes
_r885dda584566de,PREVIEW_LIST,yes
_r2338996bfe95d4,PREVIEW_MODE_KEY,yes
_r92f2786184ba18,PREVIEW_PLAYING,yes
_r0a782e46d9992e,PREVIEW_ROOM_ID_BASE,yes
_r935fff12fff112,PREVIEW_SOUND_SETTING,yes
_r7a8708ac8f81e2,PREVIEW_STATUS_BONUS,yes
_rd1f0043634a3bb,PREVIEW_STATUS_COLLECTION,yes
_r81c2a5ab435ac8,PREVIEW_STATUS_ITEM,yes
_rd5fece3b37e313,PREVIEW_STATUS_NONE,yes
_r861a068a12349b,PREVIEW_STATUS_REWARD,yes
_r6320edc1e9953b,PREVIEW_UPDATE_MS,yes
_r9548d3f5dfb974,PREVIEW_WIDTH,yes
_r5d36009dd1e512,PREVIEW_ZOOM,yes
_rc202a2bc5a68d9,PREVIEW_ZOOM_IN_CAMERA_OFFSET_Y,yes
_rd035d5ff68dd16,PREVIEW_ZOOM_MOVE_SPEED_DENOMINATOR,yes
_r8b937ee899e1cc,PREVIEW_ZOOM_SPEED_SLOW,yes
_rfa0be6783e0e78,PRICE_ACTIVITY_POINT,yes
_r68a2c6e689b3cc,PRICE_CREDIT,yes
_ra46fe91adee1f7,PRICE_SILVER,yes
_r4049b721ecf4b5,PRICE_TYPE_ACTIVITYPOINTS,yes
_r2180d7631d8a0c,PRICE_TYPE_CREDITS,yes
_ra378df08eb4b8b,PRICE_TYPE_CREDITS_AND_ACTIVITYPOINTS,yes
_rab195edb5e883d,PRICE_TYPE_NONE,yes
_r9cc7f15e590ea1,PRICE_TYPE_SILVER,yes
_rf044a11a4ad154,PRICING_MODEL_BUNDLE,yes
_r22d435504a7e01,PRICING_MODEL_FURNI,yes
_rcdce6adf1a6235,PRICING_MODEL_MULTI,yes
_rfae3dbcb4665e0,PRICING_MODEL_SINGLE,yes
_rfbd5e415b7eb7c,PRICING_MODEL_UNKNOWN,yes
_rff6db5692b9ad0,PRIMARY_COLOUR_SPRITE_TAG,yes
_r469d9239e20a4c,PRIORITY_UPDATE_INTERVAL_MS,yes
_r6e40f2fae26c90,PROCESSLOG_ENABLED_KEY,yes
_r8019775fd57fc1,PRODUCT,yes
_r8f28371b75179b,PRODUCT_IMAGES,yes
_rd08943492d3475,PRODUCT_PAGE_CLOTHING,yes
_reedd3b5eb1f41d,PRODUCT_PAGE_CUSTOM_PART,yes
_rf913295df7d6e4,PRODUCT_PAGE_CUSTOM_PART_SHAMPOO,yes
_r41961b96919140,PRODUCT_PAGE_FERTILIZE,yes
_rb76b04eaf26b50,PRODUCT_PAGE_REBREED,yes
_r9029e8fbd9c649,PRODUCT_PAGE_REVIVE,yes
_r339841cde33841,PRODUCT_PAGE_SADDLE,yes
_r04cc9473ab357f,PRODUCT_PAGE_UKNOWN,yes
_r536387e6ed58f4,PRODUCT_TYPE_BADGE,yes
_rff7ecd1189fbcc,PRODUCT_TYPE_CHAT_STYLE,yes
_rd47b6185f277d5,PRODUCT_TYPE_CLUB,yes
_r6d60dec68def35,PRODUCT_TYPE_EFFECT,yes
_re12ea680591a93,PRODUCT_TYPE_GAME_TOKEN,yes
_r964106a4a9f0f8,PRODUCT_TYPE_HABBICON,yes
_r5b5566c23fad12,PRODUCT_TYPE_ITEM,yes
_r60faf10cd367e3,PRODUCT_TYPE_MINT_TOKEN,yes
_rea5dbd8274f6b5,PRODUCT_TYPE_NFT,yes
_r4f278fa22575bd,PRODUCT_TYPE_PET,yes
_rcd38c07b53ac09,PRODUCT_TYPE_RENTABLE_BOT,yes
_r7eccb5c7e8bbab,PRODUCT_TYPE_STUFF,yes
_r6549cde8d07d1c,PRODUCT_VIEW,yes
_r9fdb20ee2c35ae,PROFILE,yes
_r28da10e3a717e1,PROGRESS,yes
_r89ac5939711561,PROGRESSBAR_LEFT,yes
_rbc648518491a79,PROGRESSBAR_MID,yes
_r202c8449597ddd,PROGRESSBAR_RIGHT,yes
_rbc2189f044b75f,PROGRESS_ACHIEVEMENT,yes
_r82b6290d4fe29b,PROGRESS_BAR_CATEGORY_ID,yes
_r9552218a3f380c,PROGRESS_BAR_MARGIN,yes
_r2ba6fd6a735778,PROGRESS_BAR_OVERLAP_WIDTH,yes
_r6eb5cbb355bd8b,PROGRESS_BAR_UPDATE_THRESHOLD,yes
_r4381d8495035f7,PROGRESS_BAR_WIDTH,yes
_r831e58e52edb1c,PROGRESS_REWARD_TRACK,yes
_rf260d37bce1e1c,PROGRESS_TEXT_X_OFFSET,yes
_r9ea58465253b1f,PROJECTILE,yes
_rde3f65767508e8,PROMOARTICLE,yes
_re61e1cdf6ddd96,PROMOTEDROOMBUTTON,yes
_rfe2cef80332a71,PROMPT_DELAY_IN_MSECS,yes
_r22edf24048f42d,PROMPT_FRAME_LENGTH_IN_MSECS,yes
_r504d7f2040b1bf,PROPERTIES_COLUMN_PROPERTY,yes
_r0788e991005624,PROPERTIES_COLUMN_VALUE,yes
_r6b606d96026451,PROPERTY_CHEST_IDS,yes
_raf2dafc08278ff,PROPERTY_EXTRA,yes
_r37ecd13081b605,PROPERTY_ROOM_ID,yes
_r02ed685e83993e,PROPERTY_TIMESTAMP,yes
_r5ddd0860645978,PROPERTY_TRANSACTION_TYPE,yes
_r9aa08e7ea9f2f6,PROPERTY_USERNAME,yes
_r3ba6e67fae6d6d,PROVIDER_POLLING_FREQUENCY,yes
_rcafe25d9b8e411,PTEROSAUR,yes
_r65dbbd9e08a28e,PUPPYBABY,yes
_r440da148fac80f,PURCHASE_CONFIRM_TYPE_HIGHER,yes
_re418e4442fc087,PetCustomPart,yes
_r67d02a449e4c67,PetFigureData,yes
_r49aa82e09c7de0,PlaneDrawingData,yes
_r4aa1ccffd6c4cf,Point,yes
_r63597079300451,QUEST,yes
_r00ed9aa74b1710,QUESTS_SEASONAL,yes
_r4337f73d6846dd,QUEST_SEASONAL,yes
_ra45646a5504148,QUEUE_STATUS,yes
_rce9f016fa04a82,QUEUE_TYPE_NORMAL,yes
_rf82375a8e3da0c,QUICK_THROW_MAX_RANGE,yes
_rfee72ae9baa82e,QUOTE_BG_COLOR,yes
_r99a6e8f4a7f61d,RADIUS,yes
_r236443091ca618,RANDOM_WALK,yes
_r2c8747da775847,RARE,yes
_r57e4bf81d6f6ce,RATE_LIMIT,yes
_rfedbabf7fc91bf,RATING,yes
_r928781b8d07290,READY,yes
_r886c5772a5da24,REALLY_SLOW_ALPHA_TWEEN_TIME,yes
_r5b1e373e0b3367,REASON_CONTAINER,yes
_r16adf1faa1e94e,RECEIVE_SIGNAL,yes
_ra53a850b798d11,RECENT_HABBICONS_UPDATED,yes
_re6eaa6b2a33128,RECENT_HABBICON_LIMIT,yes
_r997f31098d86c9,RECENT_LIMIT,yes
_r9d063eab5fcea2,RECENT_TAB_ID,yes
_r30d06192527b98,RECIPE_COMPLETE,yes
_ra12d5cd0715682,RECIPE_EMPTY,yes
_rd5ea8edde1440b,RECIPE_INCOMPLETE,yes
_r02203181ea5998,RECTANGLE,yes
_rac04dc15cd47d8,RECYCLER,yes
_r85a783b1d83033,RECYCLER_FINISHED,yes
_r810cf40ec631cc,RECYCLER_PRIZES,yes
_r6819b3e11fee76,REDEEM_ITEM_CODE,yes
_re0e8a93b6cc17a,REDRAW,yes
_redc5d324d49af8,REFERENCE_VARIABLE,yes
_rebcb3d452039b8,REFRESH_PERIOD_IN_MILLIS,yes
_rb03a477ff3e398,REFRESH_PERIOD_IN_MSECS,yes
_r01701d8c786b7f,REFRESH_TIME,yes
_r4db0b86d28a432,REGION_NAME,yes
_rd37a1701827b9a,REGION_PROFILE,yes
_ra8fcb74967d9e1,REGION_PROFILE_NAME,yes
_re3bc0df460f0b9,REGION_REJECT_COLOR_EXPOSED,yes
_r452ada0c001d22,REGION_REJECT_COLOR_NORMAL,yes
_rcf57236c6fc509,REGISTER,yes
_r2b89a977d134c7,REGISTRATION_AGE_LIMIT,yes
_rb15eadc9c0470d,REGISTRATION_BIRTHDAY_FORMAT,yes
_r84961fdd081173,REGISTRATION_CAPTCHA_EMPTY,yes
_r4e7af4a1d04fee,REGISTRATION_CAPTCHA_INVALID,yes
_ra9c5e1391adff3,REGISTRATION_DISABLED,yes
_rf0650405a9107a,REGISTRATION_EMAIL,yes
_r1e4e076d3d5206,REGISTRATION_EMAIL_IN_USE,yes
_r050dd21e79996b,REGISTRATION_EMAIL_UNAUTHORIZED,yes
_rd1ba4d4e84dddc,REGISTRATION_ERROR_AGE_BAN,yes
_r1291b0a9b6a75a,REGISTRATION_ERROR_IDENTITY_CREATION_FAILED,yes
_r958e8725a0e79e,REGISTRATION_ERROR_SPAM,yes
_r9bd697cc8a8d40,REGISTRATION_INVALID_BIRTHDAY,yes
_r5b0502fa562418,REGISTRATION_INVALID_EMAIL,yes
_r850eb254e44572,REGISTRATION_INVALID_PASSWORD,yes
_r051d46deb7fade,REGISTRATION_PARENT_EMAIL,yes
_rc8a83ce1b09116,REGISTRATION_PASSWORD,yes
_rb6382e5270b98e,REJECT,yes
_rd7f91659e2a05e,RELATIONSHIP_STATUS,yes
_rba16428396b41d,RELATIVE_FURNI_MOVE,yes
_re5963ea97bb7cf,RELATIVE_OFFSET_X,yes
_recc4ba062b0ed3,RELATIVE_OFFSET_Y,yes
_r83f50d935bb748,RELOCATE,yes
_r49646a2cce0812,REMOTE_SELECTOR,yes
_r2b0d9aa9fcaed2,REMOVED,yes
_r2fdd1be94c200c,REMOVE_DIMMER,yes
_r1e48c91f344014,REMOVE_FAVORITE,yes
_r8c12d57b0caea9,REMOVE_FURNI,yes
_r42414491b385a8,REMOVE_HOLE,yes
_r844dba6fb4f818,REMOVE_MASK,yes
_re69bc7b04bbaba,REMOVE_VARIABLE,yes
_r6c32ad8ad26d8a,RENDERER_TYPE_BITMAP,yes
_r0862e9571025fc,RENDERER_TYPE_BITMAP_FILL,yes
_rbd068b68d09794,RENDERER_TYPE_FILL,yes
_r137f96706951d9,RENDERER_TYPE_GRADIENT,yes
_r88018732774141,RENDERER_TYPE_LABEL,yes
_re86da0d46488fd,RENDERER_TYPE_NULL,yes
_rd47a5a2100d46e,RENDERER_TYPE_SHAPE,yes
_r2949826128d415,RENDERER_TYPE_SKIN,yes
_r0ab8faba4f224d,RENDERER_TYPE_STROKE,yes
_r0b0bb23fa43d6c,RENDERER_TYPE_TEXT,yes
_r67e8660e629356,RENDERER_TYPE_UNKNOWN,yes
_r022ebc84c152fc,RENDER_TYPE_SKIN,yes
_r26cd417537b02f,RENTABLES,yes
_rde81e37ffbeb51,RENTABLESPACE,yes
_re98beed23868ba,RENTABLE_BOT_VIEW,yes
_r5d5b6fd27c4eee,RENTED_FURNI,yes
_r9b3a9f5dca1e16,REPEAT_MODE_BORDERS,yes
_r5363fd56063fd0,REPEAT_MODE_CENTER,yes
_re2a95be1928cb2,REPEAT_MODE_FIRST,yes
_r31960fa1ba45f1,REPEAT_MODE_LAST,yes
_rc1963d3312d163,REPEAT_MODE_RANDOM,yes
_r5b2c0c55fa1885,REPLACE_CHAR,yes
_racccaa417db24d,REPLENISH_RESPECT,yes
_refae120b0e82a0,REPORT,yes
_r0c3e543efab594,REPORT_CFH_OTHER,yes
_rbe6ae8c2f3d999,REPORT_TYPE_BULLY,yes
_rca254d9b11de8d,REPORT_TYPE_EMERGENCY,yes
_r0c8f7666689f1e,REPORT_TYPE_GUIDE,yes
_r33dab569c9ff32,REPORT_TYPE_IM,yes
_rd25cb782d3a705,REPORT_TYPE_MESSAGE,yes
_r1b7f33473fd6df,REPORT_TYPE_PHOTO,yes
_r5dfcb4691b8867,REPORT_TYPE_ROOM,yes
_rc6425e87fd73d1,REPORT_TYPE_THREAD,yes
_r71dbc3408fabd4,REQUESTBADGEBUTTON,yes
_r3aa479a05f1405,REQUESTBADGEBUTTONFIFTH,yes
_r72b8e985b99c0f,REQUESTBADGEBUTTONFOURTH,yes
_rbe2676a15d4ece,REQUESTBADGEBUTTONSECOND,yes
_r5e8b6569a144fa,REQUESTBADGEBUTTONTHIRD,yes
_r60465ff8df202d,REQUESTS_WINDOW_RESOURCE,yes
_re344bc994ba0e1,REQUEST_ACHIEVEMENT_RESOLUTION_ENGRAVING,yes
_r8113914672e9ee,REQUEST_ACHIEVEMENT_RESOLUTION_FAILED,yes
_r6240e13ed37fc8,REQUEST_AREA_HIDE,yes
_r24227404b4d670,REQUEST_BACKGROUND_COLOR,yes
_r91366b988b4330,REQUEST_BADGE_DISPLAY_ENGRAVING,yes
_rb7f09ca2e19590,REQUEST_BREED_PET,yes
_r75c9805f7b865b,REQUEST_CLOSE_FURNI_CONTEXT_MENU,yes
_r15d7999d1daebb,REQUEST_CLOSE_WIDGET,yes
_rb598bc91eaafcd,REQUEST_CLOTHING_CHANGE,yes
_r8ca1d1b5b18055,REQUEST_COMMANDS,yes
_r884f1df617aeac,REQUEST_CREDITFURNI,yes
_rf4709de9cd5881,REQUEST_DIMMER,yes
_r85df3b49ae9626,REQUEST_ECOTRONBOX,yes
_rf95ac3e3a59bd7,REQUEST_EDITOR,yes
_r78f109ceaa4cb3,REQUEST_EFFECTBOX_OPEN_DIALOG,yes
_r47bdba0104184c,REQUEST_EFFECTS,yes
_r70c61acb027fbc,REQUEST_FRIEND_FURNITURE_CONFIRM,yes
_r8bcdb3ba5bc987,REQUEST_FRIEND_FURNITURE_ENGRAVING,yes
_r1bab6959086569,REQUEST_FURNI_CHOOSER,yes
_r157d3124f22eaa,REQUEST_FURNI_CHOOSER_ADD,yes
_r98b3187e2e55e8,REQUEST_HIDE_HIGH_SCORE_DISPLAY,yes
_rb50099523502f3,REQUEST_HIGH_SCORE_DISPLAY,yes
_r52ee2aaf0bda88,REQUEST_INTERNAL_LINK,yes
_r4b6f8212844e0f,REQUEST_LIST,yes
_r40a5264b6969d9,REQUEST_MANNEQUIN,yes
_r63f749abb206fc,REQUEST_ME_MENU,yes
_r6df17e80d9727f,REQUEST_ME_MENU_TOOLBAR_CLICKED_EVENT,yes
_r4b18a5927a9006,REQUEST_MONSTERPLANT_SEED_PLANT_CONFIRMATION_DIALOG,yes
_reef550d161929a,REQUEST_MOVE,yes
_r2a7749c656030f,REQUEST_MYSTERYBOX_OPEN_DIALOG,yes
_rd8b4eaf8f2a4a0,REQUEST_MYSTERYTROPHY_OPEN_DIALOG,yes
_rce416194f89538,REQUEST_OFFSET,yes
_rf34cf7c3e730e6,REQUEST_OPEN_FURNI_CONTEXT_MENU,yes
_rd2ead1f458dbff,REQUEST_OPEN_WIDGET,yes
_rab8060979fd55a,REQUEST_PAGE_RATELIMIT,yes
_rc181aa23ef0127,REQUEST_PET_UPDATE,yes
_r4020ecdb79d4ca,REQUEST_PICKUP,yes
_rb107ce9e3c52e4,REQUEST_PLACEHOLDER,yes
_r8049ee7b01528c,REQUEST_PLAYLIST_EDITOR,yes
_ra11e9bc0ae08e1,REQUEST_PRESENT,yes
_ra839924c1c0ff4,REQUEST_PURCHASABLE_CLOTHING_CONFIRMATION_DIALOG,yes
_r5b4e85cff93976,REQUEST_ROOM_LINK,yes
_r4a9ae711a8d59f,REQUEST_ROTATE,yes
_r783499fab76afc,REQUEST_SAME_PAGE_TIMEOUT,yes
_ra922af7dfd0225,REQUEST_STICKIE,yes
_ra931948c182fbf,REQUEST_TASKS_TIMEOUT_MS,yes
_r89d188c3515c41,REQUEST_TEASER,yes
_rb43ec3b9cb73bf,REQUEST_TIMEOUT,yes
_r15364ed3d65982,REQUEST_TROPHY,yes
_rc837ad805f8cac,REQUEST_TYPE_ID,yes
_rc3157331681dea,REQUEST_TYPE_NAME,yes
_rccf2a273bd6897,REQUEST_TYPE_NONE,yes
_r30269df39229f8,REQUEST_USER_CHOOSER,yes
_r8704104ad4995f,RESET,yes
_r5b76fb648c67ab,RESET_REWARD_TRACK,yes
_rc0dbb3e8399299,RESET_TIME,yes
_rf577844304e416,RESET_TRUSTED_LOGINS,yes
_rcc52475a5109d1,RESIZE,yes
_r2e736f2d2bce91,RESIZED,yes
_rdfce475cfc362e,RESIZE_DIAGONAL,yes
_r9340d25faa4962,RESIZE_ON_ITEM_UPDATE,yes
_r267a10ffa5a998,RESIZING_OFFSETS,yes
_rf3fb91670eba55,RESOLUTION_RESOLVED,yes
_r7c49a44f727cee,RESOLUTION_USELESS,yes
_r60e66989070e58,RESPECT,yes
_r27626fd722abdc,RESPECT_PET,yes
_r28de76db2fac49,RESPECT_USER,yes
_reb1e908ea7d35d,RESTORED_BY_ADMIN,yes
_r55f700ff2159cf,RESTRICT,yes
_r934ba615fb4873,RESULT_ACTIVATE,yes
_rb5a0e19fbce433,RESULT_HIDE,yes
_ref81b388bc74fb,RESULT_SHOW,yes
_r213a34b60fbb92,RETRY_ENABLE_DELAY_MS,yes
_r9722347e267afe,RETURN_GIFT,yes
_rf5d2961a978e94,REVIVE_PET,yes
_re4ffd73ea6aac4,REWARD,yes
_ra8b77a4d5f6318,REWARDBADGE,yes
_rd727b8952370e1,REWARD_GREEN,yes
_r2e220b4f904ffd,REWARD_ORANGE,yes
_r78b7c763e87ab7,REWARD_TRACK_ITEM,yes
_rd3bfa950ffc956,REWARD_YELLOW,yes
_ra60d5ed6fb9803,RGBToHex,yes
_r87e2a16a23c7de,RHINO,yes
_rf18d31bfc8f620,RIGHT,yes
_r07702f06e20798,RIGHT_BOTTOM,yes
_re0c052eaaf5e6f,RIGHT_BRACKET,yes
_r1cfecf413d3421,RIGHT_CLICK,yes
_raa41f688145698,RIGHT_COAT_SLEEVE,yes
_r751865b78511ec,RIGHT_MARGIN,yes
_r40668cedb6e13e,RIGHT_SLEEVE,yes
_r929d782d832eb3,RINGING,yes
_r74276d446b037e,ROLLING_LOG_EVENT_ID,yes
_r9c090c7edba343,ROLL_OUT,yes
_r40e3f4960b0895,ROLL_OVER,yes
_r06ae361fcfa1a0,ROOMADS,yes
_rac1399a538aac0,ROOMHOPPERNETWORK,yes
_reb4b523357aa1a,ROOMNAME,yes
_r073e8b0cb921ae,ROOM_ADS_VIEW_CODE,yes
_r6baf566aa1f585,ROOM_AD_ACTIVATE,yes
_r14a9cdfc928f2f,ROOM_AD_CLICK_URL,yes
_r77331fc7191f74,ROOM_AD_FURNI_CLICK,yes
_rc8528277ed3b78,ROOM_AD_FURNI_DOUBLE_CLICK,yes
_rac76c005fc5625,ROOM_AD_IMAGE_ASSET,yes
_r5fb17eab5b6d4d,ROOM_AD_IMAGE_LOADED,yes
_rfc0d99e899f451,ROOM_AD_IMAGE_LOADING_FAILED,yes
_r26070771ffccf5,ROOM_AD_LOAD_IMAGE,yes
_r2c3670a30215a8,ROOM_AD_SHOW,yes
_reaf008a247f0eb,ROOM_AD_SPRITE_TAG,yes
_r87965d51b96fda,ROOM_AD_TOOLTIP_HIDE,yes
_r1f474d12f2cbd7,ROOM_AD_TOOLTIP_SHOW,yes
_reb438424e44395,ROOM_AD_VIEW,yes
_r2f5647bdb28643,ROOM_AD_WAITING,yes
_ra8c2f6f691f2b5,ROOM_AD_WARNING_IMAGE_LEFT,yes
_rc6ce8fabdf8754,ROOM_AD_WARNING_IMAGE_RIGHT,yes
_r2b20e1565f1e4e,ROOM_BACKGROUND_COLOR,yes
_r5127254c5dad86,ROOM_BILLBOARD_IMAGE_LOADED,yes
_rffd2fffc908e51,ROOM_BILLBOARD_LOADING_FAILED,yes
_rcdfae218c1c394,ROOM_CHANGED,yes
_r22d5971bff1913,ROOM_COLOR,yes
_re9e07a55b2f582,ROOM_COLORIZE_BG_ONLY,yes
_r68742525bf8929,ROOM_CONTENT,yes
_r36953651f4beaa,ROOM_CONTROLLER,yes
_ra7ea9658322917,ROOM_CONTROLLER_REQUIRED,yes
_rf812899c930c98,ROOM_DEPTH_OFFSET,yes
_r3a928652dd2441,ROOM_DIMMER_PRESETS,yes
_rb6d51c21510c23,ROOM_DISPOSED,yes
_rf1dcfd5aa4e387,ROOM_DOOR_DIR,yes
_r94918fdebbbecb,ROOM_DOOR_X,yes
_r1fd404aa5d5baf,ROOM_DOOR_Y,yes
_r75d2ddf6c1ed39,ROOM_DOOR_Z,yes
_rac4a6fd6405c4e,ROOM_ENGINE_GAME_MODE,yes
_r7d802f6e9f2763,ROOM_ENGINE_INITIALIZED,yes
_r56830a29b3dadb,ROOM_ENGINE_NORMAL_MODE,yes
_r13b6d7f68aaf43,ROOM_ENGINE_READY,yes
_r6ed77398b8a59d,ROOM_ENTER,yes
_rf8439b6d42b502,ROOM_ENTER_INFO_ENABLED_KEY,yes
_rcca92f41ab03df,ROOM_ENTRANCE_AFTER_SPECTATE,yes
_rbacc8f4758ca2a,ROOM_ENTRY_1,yes
_rf13f88e189fb06,ROOM_ENTRY_2,yes
_rbe821134db3552,ROOM_FLOOR_HOLE_UPDATE_TIME,yes
_r6e3bbba368b9fb,ROOM_FLOOR_THICKNESS_MULTIPLIER,yes
_r47508ec4500202,ROOM_FLOOR_TYPE,yes
_rab9b24095abe27,ROOM_FLOOR_UPDATE,yes
_r1512c2e8e495c7,ROOM_FLOOR_VISIBILITY,yes
_r50930a0671922f,ROOM_ID_COUNTER,yes
_r47705f8860f05a,ROOM_INITIALIZED,yes
_rff95a665d0a1ae,ROOM_INVITATION_DELAY,yes
_rd8b4b6c2571b67,ROOM_IS_PUBLIC,yes
_r2abe3c4e137516,ROOM_LANDSCAPE_TYPE,yes
_recc089f47e393c,ROOM_LANDSCAPE_UPDATE,yes
_r947fd1e550de3e,ROOM_LANDSCAPE_VISIBILITY,yes
_r6c2b3a8f6d0217,ROOM_LARGE_OFFSET_X,yes
_r7a929325dd7590,ROOM_LARGE_OFFSET_Y,yes
_r7ffbd1e34aa1e4,ROOM_LARGE_STACK_BOTTOM_Y,yes
_r50e4fc020581e2,ROOM_LIMIT_HC,yes
_r323d1829456f1b,ROOM_LIMIT_NON_SUBSCRIBER,yes
_r232e7838c59d8b,ROOM_LINK,yes
_r280cdf512110fe,ROOM_MANAGER_INITIALIZED,yes
_r6370538b750aff,ROOM_MANAGER_INITIALIZING,yes
_r6cede877a79d73,ROOM_MANAGER_LOADED,yes
_r3bba947019c852,ROOM_MAX_X,yes
_r81e31f6bd7ae98,ROOM_MAX_Y,yes
_r97a7d11cdd8251,ROOM_MESSAGES_POSTED,yes
_r0891a2b648d0f0,ROOM_MIN_X,yes
_r2cc4d6aded3d4e,ROOM_MIN_Y,yes
_r21769d26daabb8,ROOM_MOUSE_BLOCK_HANDLE_ID,yes
_r90c2851e7c7135,ROOM_NEW_CHAT,yes
_r76a1adea830156,ROOM_OBJECTS_INITIALIZED,yes
_r4b522452ce420b,ROOM_OBJECT_DISPOSED,yes
_rbee34f6d15d502,ROOM_OBJECT_INITIALIZED,yes
_r0dd06a418d83fa,ROOM_OBJECT_MOUSE_CLICK,yes
_rb57b222564a709,ROOM_OBJECT_MOUSE_DOUBLE_CLICK,yes
_r7c6f01bc689afa,ROOM_OBJECT_MOUSE_DOWN,yes
_r676666f0ae90ce,ROOM_OBJECT_MOUSE_ENTER,yes
_r335a07e5abf0e5,ROOM_OBJECT_MOUSE_LEAVE,yes
_rfc94caecd5c0d8,ROOM_OBJECT_MOUSE_MOVE,yes
_re27b640e279e35,ROOM_OBJECT_STATE_CHANGE,yes
_r685484583bbac0,ROOM_OBJECT_STATE_RANDOM,yes
_r9bba1d48f24471,ROOM_OWNER,yes
_r0daec42d723d80,ROOM_PLANE,yes
_rbf57822d367fde,ROOM_PLANE_MASK_XML,yes
_r715928058d994e,ROOM_PLANE_XML,yes
_rbc464fd38c6537,ROOM_PREVIEW,yes
_r317fe9e4f248fe,ROOM_QUEUE,yes
_r4eaa5c30e5beaa,ROOM_RANDOM_SEED,yes
_r1520c8aa99eea2,ROOM_ROW_POOL,yes
_rb8c99b6b5fb850,ROOM_ROW_POOL_MAX_SIZE,yes
_r01a1e6888c05b8,ROOM_SELECTED_PLANE,yes
_r36a1a6a6484f84,ROOM_SELECTED_X,yes
_r6a5fdf35260e00,ROOM_SELECTED_Y,yes
_r1922262e065b0e,ROOM_SELECTED_Z,yes
_r41e4b71c98dff9,ROOM_SESSION_CHAT_EVENT,yes
_re9033fd02624fd,ROOM_SESSION_FLOODCONTROL_EVENT,yes
_rcc8925f6048303,ROOM_SESSION_OPEN_PET_PACKAGE_REQUESTED,yes
_r05300bbfa47b8e,ROOM_SESSION_OPEN_PET_PACKAGE_RESULT,yes
_rbbe8ee1fd5e844,ROOM_SESSION_PRESENT_OPENED,yes
_r1b5a1822ff9cd3,ROOM_SMALL_OFFSET_X,yes
_re581f0a24c455a,ROOM_SMALL_OFFSET_Y,yes
_rdba371ee97e171,ROOM_SMALL_STACK_BOTTOM_Y,yes
_r717f6358bb322a,ROOM_TAG_SEARCH,yes
_r6ad1b4a945622a,ROOM_THUMBNAIL_CAMERA,yes
_r27b2ca02b3da70,ROOM_TILE_CURSOR,yes
_r8232f5561b4878,ROOM_TOOLS,yes
_r1f4c084cc9adef,ROOM_TOOLS_EXTENSION_ID,yes
_r2762ead11eff29,ROOM_USE_HABBICON,yes
_r9a77daf1b72102,ROOM_VIEW,yes
_r5af368e255d8b2,ROOM_VIEWER_MODE,yes
_r414ceb21278506,ROOM_VIEW_POSITION_CHANGED,yes
_r8b097d671c3d45,ROOM_VIEW_SCALE_CHANGED,yes
_rbdb393eefbd448,ROOM_VIEW_SIZE_CHANGED,yes
_rede8d85392ea18,ROOM_VISIT_HISTORY,yes
_rcbe48e57f7f513,ROOM_WALL_THICKNESS_MULTIPLIER,yes
_r1d8e3883b74446,ROOM_WALL_TYPE,yes
_r1609845c99c7cd,ROOM_WALL_UPDATE,yes
_rf44592323b8ec3,ROOM_WALL_VISIBILITY,yes
_r8a12156d591fb8,ROOM_WIDGET,yes
_r8901d1ae6521a1,ROOM_WORLD_TYPE,yes
_rf22efa3b7c6e97,ROOM_ZOOM,yes
_r9945c82c7ceb1c,ROOM_ZOOMED,yes
_rd951d69c922bba,ROOM_Z_SCALE,yes
_r5872a014f8d070,ROTATE,yes
_raf6c53605d8495,ROTATION,yes
_r159ed81543e909,ROUND_UP_THRESHOLD_BIAS,yes
_r345b70dd671cd7,RoomObjectStateChangeEvent,yes
_r57e5032f1ee011,RoomPlaneParser,yes
_r5ce8936bb83250,RoomPreviewer,yes
_r164b76d2559cca,RoomWidgetLetUserInMessage,yes
_rdc812ac70fe5e8,S,yes
_r6c1b8c6db55d50,S2_ENVIRONMENT_ID,yes
_rb44523925d5ff9,SADDLE_OFF,yes
_rf4b68534cf4f56,SADDLE_SPRITE_TAG,yes
_r684e9f49286547,SAFETYQUIZPROMO,yes
_rb54a714dcddf64,SAFETY_LOCK_DISABLE,yes
_r04907e81e402f4,SAFETY_LOCK_QUESTIONS,yes
_r3952d61464fbde,SAFETY_LOCK_SAVE,yes
_r146922cc13d59c,SAFETY_LOCK_STATUS,yes
_rfebf1b0c0dcbe5,SAFETY_LOCK_UNLOCK,yes
_rf12e0cf616405e,SAFETY_QUIZ_CODE,yes
_r6de004989d0eca,SAMPLES_PER_BAR,yes
_r1a8ad91d3d4f1a,SAMPLES_PER_SECOND,yes
_racc184efce4367,SAMPLE_FREQUENCY_11KHZ,yes
_rbe6063dcb32cfd,SAMPLE_FREQUENCY_22KHZ,yes
_raba098e6d5b4df,SAMPLE_FREQUENCY_44KHZ,yes
_rd189ff8988c0e9,SAMPLE_LENGTH_MEMORY_LIMIT,yes
_r5ca46ea3fd93af,SAMPLE_LENGTH_PURGE_TO,yes
_rf8b4de568a9405,SAMPLE_PROCESS_LIMIT_MS,yes
_r68e61b6c50cf25,SAMPLE_SCALE_16BIT,yes
_rd4c78ca2812377,SAMPLE_SCALE_8BIT,yes
_r42e1ea2817f451,SAMPLE_VALUE_MULTIPLIER,yes
_r891c1c217076ce,SANDBOX_CRASH_URL,yes
_r931e58c68f4541,SAVE_LOOKS,yes
_rbc8fb01538327b,SAVE_STUFF_DATA,yes
_r7d5dc982e93a03,SAVE_TIMEOUT_MS,yes
_r2a1296a9f56e43,SAVE_USER,yes
_r90979106f77008,SAVE_VISIBILITY,yes
_r36324caf0fe447,SCALE,yes
_r35d4dbe8bd0876,SCALE_TO_FIT_ITEMS,yes
_r7a022ed8d224fa,SCALE_TYPE_CENTER,yes
_r0be4867c641392,SCALE_TYPE_STRECH,yes
_r2213dcbbf477fa,SCALE_TYPE_TILED,yes
_r3706e7a15baf3c,SCALE_ZOOMED_IN,yes
_re039134f71c898,SCALE_ZOOMED_OUT,yes
_r65f765c31bc708,SCORETYPE_LOCALIZATION_KEY_POSTFIX,yes
_r4af1f74e4267ee,SCORE_ACHIEVED,yes
_re573c134e8e293,SCORE_FRAME_LENGTH,yes
_reff183ba83d420,SCREEN_AVATARS,yes
_rc7435cd9f935c3,SCREEN_ENVIRONMENT,yes
_r63d397a7477cb0,SCREEN_LEFT_BORDER,yes
_ra0bf3c9d14bfea,SCREEN_LOGIN,yes
_ra37fe14f2e5cf1,SCREEN_SSO_TOKEN,yes
_ra67c5731a4f3b5,SCROLLABLE,yes
_rbdb87aed887712,SCROLLBAR_MARGIN,yes
_r0b122ea391effa,SCROLLBAR_OFFSET,yes
_r9d355d4a5482db,SCROLLBAR_WIDTH,yes
_r33cd51faaafecb,SCROLL_BUFFER,yes
_r3c7d2bdb9c6144,SCROLL_BUFFER_MINIMAL,yes
_red2cbfd7a85227,SCROLL_BUTTON_DECREMENT,yes
_r03f04d318b024d,SCROLL_BUTTON_INCREMENT,yes
_r155ac9c9884bac,SCROLL_DOWN,yes
_r42fe2ffb8d7660,SCROLL_SLIDER_BAR,yes
_r7836dd1716274c,SCROLL_SLIDER_TRACK,yes
_rba71e66fe37652,SCROLL_STEP_SIZE,yes
_rb0e99140ba21b8,SCROLL_TRIGGER_HEIGHT,yes
_r725b0c5ad45aca,SCROLL_UP,yes
_r3e4dcf874aa4e8,SEARCHTYPE_BY_OWNER,yes
_r66b7b356a475cd,SEARCHTYPE_CATEGORIES,yes
_r566d0238628c92,SEARCHTYPE_COMPETITION_ROOMS,yes
_r7ec7c66180e1cd,SEARCHTYPE_GROUP_NAME_SEARCH,yes
_r0b7e046af9216c,SEARCHTYPE_GUILD_BASES,yes
_r4e85eccd8869ac,SEARCHTYPE_MY_GUILD_BASES,yes
_rb55ba19dc857a9,SEARCHTYPE_OFFICIALROOMS,yes
_r47258de61e8791,SEARCHTYPE_RECOMMENDED_ROOMS,yes
_rf602da05fa69f6,SEARCHTYPE_ROOM_NAME_SEARCH,yes
_rde153f1d2b61a6,SEARCHTYPE_TAG_SEARCH,yes
_r1d6b1f502b1f96,SEARCHTYPE_TEXT_SEARCH,yes
_re6baf8dbd46df1,SEARCH_PRODUCT_CODE_OVERRIDES_BY_FURNI_CLASS_NAME,yes
_re14434d92fada5,SEASONAL_1,yes
_r6d31ca35c22638,SEASONAL_2,yes
_r8f72cec92c8000,SEASONAL_3,yes
_r6a610e5e1dccf6,SEASONAL_4,yes
_rf55ebb08bf0888,SEASONAL_5,yes
_r5ad14484ec6d04,SECONDARY_COLOUR_SPRITE_TAG,yes
_r55f76baab9ab61,SECONDS_CONTAINER_NAME,yes
_r9507a3ca307f16,SECONDS_SPRITE_TAG,yes
_ra725269bd9024b,SECTION_FAVORITES,yes
_rf6bd5c61317edc,SECTION_SEARCH,yes
_r1469dc614cc80f,SELECTED_ASSET,yes
_r5445eeb5d44f80,SELECTED_BG,yes
_rafd6d0a4692b6f,SELECTED_TILE_NOT_FREE_FOR_PET,yes
_r63e7682c9e7d46,SELECTING,yes
_r29f284ff4202fd,SELECTION_TYPES,yes
_r137f356cc4bf7b,SELECT_AVATAR,yes
_r53d9ccda7e365b,SELECT_OUTFIT,yes
_r8558bf7b4ee32f,SELECT_ROOM,yes
_r9814da25d1f50f,SELECT_USER,yes
_r1ee0a3a33d5556,SEND_FRIEND_REQUEST,yes
_r7e587311bce8ca,SEND_POSTIT_DATA,yes
_r60e5c8e98e830b,SEND_SIGNAL,yes
_rdb0c5b5273c679,SENSITIVITY_HIGH,yes
_rc28397e7de4b15,SERVE_BEVERAGE,yes
_r64d9fcdd267c81,SESSION_ROOM_DATA,yes
_r048a44db18e294,SESSION_URL_PREFIX,yes
_r864b023a4da945,SET_EXTRA_PARAMETER,yes
_rd592d8b036e671,SET_FURNI_ALTITUDE,yes
_r3afd3a49b529d1,SET_MIN,yes
_r82a3ad9222ef2e,SET_PREVIEWER_STUFFDATA,yes
_r35a3b6aa02f04e,SHAKE_PIXELS,yes
_r7426e37167f20e,SHAKE_PIXELS_E,yes
_rd6fa0c83b26236,SHAKE_TIMEOUT,yes
_r8bc69851e09a73,SHAPE,yes
_ra97ca23d74b1ad,SHAPE_CONE,yes
_rab0b92a8c51e71,SHAPE_ELLIPSE,yes
_rdcf6102454df14,SHAPE_PLANE,yes
_r8c04f5f5d69b6b,SHAPE_RHOMBUS,yes
_r82998018552618,SHAPE_ROUND_RECTANGLE,yes
_rea3d963a812648,SHAPE_SPHERE,yes
_r4238c5a953379e,SHARPNESS,yes
_r7e4dad7ae301d8,SHELLS,yes
_r6c0408a4bba100,SHELL_BALANCE,yes
_r78af3b0da9bcfd,SHINE_INTERVAL_MS,yes
_r1e36d9e6b28c9a,SHINE_LENGTH_MS,yes
_rc295289eb0c751,SHINY,yes
_r3be1378e4cc397,SHOES,yes
_raee1871ea69551,SHOP_DATA_UPDATED,yes
_r45d5dbd527f929,SHORE_SPRITE_TAG,yes
_rbaf390b02e7215,SHORT_LOB_HEIGHT_SCALING_FACTOR,yes
_r0aef07edffd4e8,SHORT_LOB_MAX_RANGE,yes
_rf9a9339ea0dc99,SHOW,yes
_r9d3debaf38f0ee,SHOW_BUY_MORE_MUSIC_DISK_COUNT,yes
_r6da95ab9fe329d,SHOW_CLOTHING_EDITOR,yes
_r3a1a279daaa96c,SHOW_ERROR_STACKTRACE,yes
_r350a8b95196dcc,SHOW_ERROR_WARNING,yes
_rc0724a30e67e4e,SHOW_ERROR_WARNING_INCLUDE_NONCRITICAL,yes
_r4c96dd604c4a5b,SHOW_FRIEND_REQUEST,yes
_r76c68151f6316b,SHOW_FUTURE_INACTIVE_ENTITIES_COUNT,yes
_r069deb8ab720d4,SHOW_GENDER_SELECTION,yes
_rc84dd343f902be,SHOW_NOTIFICATION_FOR_ERROR,yes
_ra9a3217cf6a04a,SHOW_OWN_ROOMS,yes
_r38407db64e946a,SHOW_PLACEHOLDER,yes
_raba6508cee42b6,SHOW_PLAYLIST_EDITOR,yes
_rfa21656170f270,SHOW_VIDEO_FUNCTION,yes
_r0833794d32be52,SHOW_WARNING_TEXT,yes
_rc3fa3ab1c5cef1,SHOW_WIDGET_IN_STATE,yes
_r5443836e5e635c,SIDES,yes
_r9523c7923dfd68,SIDE_BOTTOM,yes
_rb98a7831b819d7,SIDE_LEFT,yes
_r9cde81643c305c,SIDE_MARGIN,yes
_r01f5d5e7287fb0,SIDE_NAMES,yes
_r97efb672578619,SIDE_RIGHT,yes
_rf6bc0c53aed4b9,SIDE_TOP,yes
_rebc96b819f6524,SIGN,yes
_rf990055ba1aa42,SIGN_ACTION_CODE,yes
_r9ee377f5fde0ac,SILENCE_MS,yes
_r35218edaa570ee,SILVER_BALANCE,yes
_r35a87168624859,SIMPLE_ITEM_TAG,yes
_rf44e038c852131,SIMPLE_PRICE,yes
_r37a5890ff2b0fc,SINGLE_DIGIT_FRAME_WIDTH,yes
_r8b398612d99bfe,SINGLE_DIGIT_NUMBER_X,yes
_rd122e4a2b27443,SINGLE_HEART_ANIMATION_MS,yes
_rab9b4809b336cb,SINGLE_LINE_HEIGHT,yes
_r927a3d3e8ed825,SINGLE_VIEW,yes
_r21e66c94729dbe,SITE_URL,yes
_r2ae9131dc742fa,SITTING,yes
_rf50c685119d39b,SKILL_LIST,yes
_r93013de8e1495e,SKIP_EXTERNAL_LOCALIZATIONS,yes
_r8d7b539b658672,SKIP_EXTERNAL_VARIABLES,yes
_r2d04bdb54466de,SKIP_LOCALIZATIONS,yes
_r0e0e91b815ee02,SKIP_SCROLL_RESIZE,yes
_r8857d249ad4ff9,SLEEP,yes
_r1748e7635c8a11,SLIDER_BUTTON_WIDTH,yes
_r6769e69ad4a62d,SLIDER_LIVE_UPDATE_INTERVAL_MS,yes
_rdfef5a2c179fac,SLIDER_RANGE,yes
_r17bb612917eb7a,SLIDE_ANIMATION,yes
_rf817b85836772a,SLIDE_ANIMATION_LENGTH,yes
_r6b6b187d7e2be5,SLOTS_PER_COL,yes
_r6567106dd57556,SLOT_BUILDER,yes
_r5fdb8baa7c7b6e,SLOT_CAMERA,yes
_rd8a6661628d32b,SLOT_CITIZENSHIP_PROMO,yes
_r798a9dfef7e9a9,SLOT_CLUB,yes
_rfdce8dac590415,SLOT_CLUB_PROMO,yes
_rf73dc3904515b9,SLOT_CREDITS,yes
_rf24fa2979fb730,SLOT_EMPTY_COLOR,yes
_r1ffc87ca978c8e,SLOT_ENGAGEMENT_CURRENCY,yes
_rad4e7e63912b1d,SLOT_FILLED_COLOR,yes
_ra91cce4a253ec7,SLOT_FILLED_HOVER_COLOR,yes
_ra5375bffbd2eff,SLOT_OFFERS,yes
_r4d5f86e6746021,SLOT_PHONE_NUMBER,yes
_rfdcaf9fe27e45e,SLOT_ROOMTOOLS,yes
_r93f2088aee71df,SLOT_SEASONAL_CURRENCY,yes
_ra23a9e1815c81c,SLOT_SETTINGS,yes
_redcc3407aeafad,SLOT_SIZE,yes
_r8c7cc9448e4d45,SLOT_SPACING,yes
_r2ce2081eb24f87,SLOT_TARGETED_OFFER,yes
_r8fedcf7056aa59,SLOW_ALPHA_TWEEN_TIME_DOUBLE,yes
_r29555c657999f2,SMALL,yes
_r390d8aad55dcde,SMALL_PUNCTUATION,yes
_rce1b26e4ff01e5,SMALL_RADIUS,yes
_r0416fcf316bea9,SMILE,yes
_rb3fbd482da5171,SNOWBALL,yes
_re556994d80cf38,SNOWBALL_ASSET_NAME,yes
_re9feb16919c13e,SNOWBALL_CREATE_TIME,yes
_r7590577062a83a,SNOWBALL_SHADOW_ASSET_NAME,yes
_r2d99e7fb5239ae,SNOWSTORMHORIZONTAL,yes
_rafeb189b9c2941,SNOWWAR,yes
_r960021fa388271,SNOW_SPLASH,yes
_r6066075aafde69,SOCIAL,yes
_r89de8ca63c131f,SOLD_LIMITED_ITEMS,yes
_r96a750b7e879a1,SOL_ID,yes
_r49e066785b92f6,SOL_PROPERTY_APP_RATER_STATUS,yes
_rc97275c238a04a,SOL_PROPERTY_APP_RATER_TIMESTAMP,yes
_r1bd97377d1f87b,SOL_PROPERTY_CHARACTER_ID,yes
_r64dfeee152b768,SOL_PROPERTY_CHARACTER_UNIQUE_ID,yes
_r926a23eea2b85c,SOL_PROPERTY_ENVIRONMENT,yes
_r580c14f65b834c,SOL_PROPERTY_LOGIN_METHOD,yes
_r070184372d5cf0,SOL_PROPERTY_LOGIN_NAME,yes
_r7d7a91e6772cef,SOL_PROPERTY_MACHINE_ID,yes
_r53cd3c5c37ed70,SOL_PROPERTY_PASSWORD,yes
_rb8733403a7ca11,SOL_PROPERTY_REMEMBER_LOGIN,yes
_r2d42aae8c888a0,SONGDISK_VIEW,yes
_r4bb9e80c4b3907,SONG_DATA_RECEIVED,yes
_r7e51cc4db0f477,SONG_DISK_INVENTORY_RECEIVED,yes
_r566d4d0578cfa8,SONG_DISK_INVENTORY_UPDATED,yes
_r77f9e3181e23f3,SONG_DISK_PRODUCT_VIEW,yes
_rd3372f9921506e,SONG_PLAYING_CHANGED,yes
_r0e3956d8396180,SOUND_CALL_FOR_HELP,yes
_r7ff02d2352c5f2,SOUND_CREDIT_BALANCE,yes
_r1fd343dda0a023,SOUND_DUCKET_BALANCE,yes
_r79a13fd320ac0c,SOUND_GUIDE_INVITATION,yes
_rfbb7bb019dcddb,SOUND_GUIDE_REQUEST,yes
_r0898edf405d078,SOUND_MACHINE,yes
_r3bdc20c0809aac,SOUND_MACHINE_DISPOSE,yes
_r5d1cfd32e596de,SOUND_MACHINE_INIT,yes
_rabccbed24b599d,SOUND_MACHINE_START,yes
_r98f992da034e51,SOUND_MACHINE_STOP,yes
_r442604bb628104,SOUND_MACHINE_SWITCHED_OFF,yes
_r03fff36fc11a3a,SOUND_MACHINE_SWITCHED_ON,yes
_r41c60267ea21e6,SOUND_MESSAGE_RECEIVED,yes
_r4f3ad33d783d19,SOUND_MESSAGE_SENT,yes
_r4024b6a7fe2b69,SOUND_RESPECT,yes
_r20c0b0a67e502c,SOUND_SET,yes
_r818ef3504afae3,SOUND_SETTINGS_VIEW,yes
_r0a2ce7fbfe0dc3,SPACER,yes
_r485774512d44b9,SPACES_NEW,yes
_rc52558644b15e1,SPACING,yes
_r5f937b46c64bfe,SPAMWALL_POSTIT_WIDGET,yes
_rd06aca36a112af,SPECIAL_INFO,yes
_r8a65dfbd896cc3,SPECIAL_SYSTEM_TYPE_EXPRESSION_67,yes
_r861cd406a2c477,SPECTATOR_QUEUE_STATUS,yes
_r66ee56de841028,SPIDER,yes
_r7ccf0259ebcbb9,SPINNER,yes
_ra1226ae613ebfb,SPIN_BUTTONDOWN_HOLD_VALUE_STEP_DELAY_MS,yes
_red77cdb3d872f5,SPIRAL,yes
_racfdca04b0c5df,SPLASH_LIFE_SPAN_TIME,yes
_recd01c102fcbc1,SPLITTER_WIDTH,yes
_rdc689c202f0f7f,SPRINGBACK_DURATION_MS,yes
_r7d090662c1ea68,SSO_TOKEN,yes
_r3b9c61a2c5310d,STACKED_HEALTH_POINTS,yes
_raa05b999ab136a,STACKED_HEALTH_POINTS_ID,yes
_r88bb9315e5da3e,STACK_SPACING,yes
_r7e517de64632f6,STARDUST_WALLET_DISPLAY_NAME,yes
_r98e02287e7d000,STARTING_TAB_POSITION,yes
_reb147b9447024e,START_LOAD,yes
_rfdf34e51adb302,START_NAME_CHANGE,yes
_r3dcf23399abbd8,START_PLAYBACK,yes
_r7b06486b72114f,START_TRADING,yes
_r06fadc02d3c2bb,STAR_LEVELS,yes
_r2a20c9d481888e,STATE,yes
_rdec0c16a6f0f5e,STATES_MATCH,yes
_r2abb5f29054e85,STATE_ACCEPTED,yes
_r9b4b0c01b0bd28,STATE_ACTIVE,yes
_r580a50ef965539,STATE_ADDING_ITEMS,yes
_r20a81d9f3f223b,STATE_AFTER_SKI,yes
_r96e78e22f791da,STATE_ALLTIME,yes
_r8d021772996933,STATE_AWAITING_VARIABLES,yes
_r1056058a6dba65,STATE_AWAIT_TARGET_RECT,yes
_r75bb6b2c94837f,STATE_CHANGE,yes
_r103e943c255e70,STATE_CHANGED,yes
_r9ab2fb4648f748,STATE_COMPLETE,yes
_r4ab7f4110c27bb,STATE_CONFIRMED,yes
_rf4790f3e972b2b,STATE_CONFIRMING,yes
_rf81a4a1db1a688,STATE_CONTENT,yes
_r2475659b86cb8f,STATE_CONTROL_MODE,yes
_ra7836d47986b40,STATE_COUNTDOWN,yes
_rb93b7075a82c79,STATE_CRAFTING_RESULT_OK,yes
_rf75dbf938f08e2,STATE_DECLINED,yes
_rd296f47ab122e4,STATE_DEFAULT_KEY,yes
_rc9e45ef4f7f6f6,STATE_DELAY,yes
_r20e75705529676,STATE_DISABLED,yes
_r6f7b5b4b16d2f5,STATE_DISPLAY,yes
_rc614bdc1631010,STATE_DISPLAYING,yes
_re6d5a8d4742144,STATE_DOWNLOADING,yes
_r0e5351009b810d,STATE_EMPTY,yes
_r6e0ea516ef5ae5,STATE_ENABLED,yes
_rb018dda429198a,STATE_ENERGY,yes
_r252e335a790393,STATE_EXPERIENCE,yes
_rf9811f40c39711,STATE_FADE_IN,yes
_r7d976150b2f9fc,STATE_FADE_OUT,yes
_rdeb17682773542,STATE_FAILED,yes
_ra40c0f888ee4c8,STATE_FETCHING_HOLDING_VARIABLES,yes
_ra5650ccbce4fbc,STATE_FLOAT,yes
_rde86144ee66280,STATE_FRAME_A,yes
_ra94244c9050c5b,STATE_FRAME_B,yes
_r4473bc309b0274,STATE_FRIENDS_ALLTIME,yes
_rf1143d3aea2a82,STATE_FRIENDS_WEEKLY,yes
_r29666871eafae2,STATE_GAME_OVER,yes
_r78898e15819e6d,STATE_GAME_STARTING,yes
_r5edac2230befcb,STATE_GROUP_ALLTIME,yes
_r52013c4741c49f,STATE_GROUP_WEEKLY,yes
_ra8d7318545a9b1,STATE_GROWTH,yes
_r1fdcb208a385b4,STATE_HAPPINESS,yes
_rc4b09d5d2b6311,STATE_HILITE,yes
_r2f925e3fcaa03d,STATE_HOLE,yes
_r440e2f0ffd243b,STATE_IDLE,yes
_r40cbd5d4d3010e,STATE_IMAGE_LOADED,yes
_r6eadb94a7f116e,STATE_INITIALIZING,yes
_rf30c2de2f06d26,STATE_LOADING,yes
_r02a157310d2c0d,STATE_LOADING_IMAGE,yes
_rb2e108dd2a024f,STATE_LOBBY,yes
_ra8a3cf4271b555,STATE_LOCKED,yes
_rc9c61b6e47178b,STATE_LOCKED_AVAILABLE,yes
_r379e33dd4beeba,STATE_LOCKED_EXPIRED,yes
_r4f44351c5b4f02,STATE_LOCKED_FUTURE,yes
_rdab40ed0c3960d,STATE_NORMAL,yes
_r63f2cc4f375b2c,STATE_NOTHING,yes
_r4fc700139a496b,STATE_OPEN,yes
_r5d710a10676dd8,STATE_OVER,yes
_rf2c038789187c8,STATE_READY,yes
_r4692d7267baa71,STATE_REDEEM,yes
_r1da9346d394c6e,STATE_REJOIN_GAME,yes
_r8e79a2b2bce7f9,STATE_RENDERING_FAILED,yes
_r52c0db84fe5f9d,STATE_REQUESTED,yes
_r3b569a3e4bfb54,STATE_RESOLUTION_FAILED,yes
_r480c8d3142ee78,STATE_RESOLUTION_IN_PROGRESS,yes
_ra93b5fccff7064,STATE_RESOLUTION_NOT_STARTED,yes
_rc6fc03e0375e42,STATE_RESULT,yes
_r3c3a4248665053,STATE_REWARDED,yes
_r25efdebed80c24,STATE_RUNNING,yes
_re6f7c5873c9f5e,STATE_SHOW_TILE_HEIGHT,yes
_r66b78a49449fd4,STATE_SKILL,yes
_r781a929909ebbc,STATE_STAGE_ENDING,yes
_raeb5ef0641c978,STATE_STAGE_LOADING,yes
_r9ff05aa99c6f75,STATE_STAGE_RUNNING,yes
_ra80cd0545af218,STATE_START_DELAY,yes
_rbad5ea0c2da2b9,STATE_UNINITIALIZED,yes
_r52e094bfefd5ee,STATE_UNLOCKED,yes
_r103b347dd9280f,STATE_WAITING_COMPETITION_SUBMIT_TO_COMPLETE,yes
_rd1a5043e85f662,STATE_WAITING_PUBLISH_TO_COMPLETE,yes
_rfa0a2af0f82c1a,STATE_WAITING_PURCHASE_TO_COMPLETE,yes
_r58d71c088eda2b,STATE_WEEKLY,yes
_r68e0ab206b78e3,STATE_WELLBEING,yes
_r5ed6ddabdef338,STATE_WORKING,yes
_r8ef81194e88327,STATIC_ANIMATED,yes
_rd13643ee6eea79,STATUS_AWAIT_DIFFS,yes
_rc8dbb2f606d4f2,STATUS_AWAIT_HASH,yes
_r593c62794c6946,STATUS_BAR_BG_COLOR,yes
_re19f68d16a2742,STATUS_BAR_BORDER_COLOR,yes
_r8913969efe49e8,STATUS_BAR_CATEGORY_ID,yes
_rf0c9a72e7ff1e0,STATUS_BAR_EXPERIENCE_CONTENT_COLOR,yes
_r20105ebe9e33f2,STATUS_BAR_EXPERIENCE_HIGHLIGHT_COLOR,yes
_r3b3096e00cc94e,STATUS_BAR_HAPPINESS_CONTENT_COLOR,yes
_r04b66b3db8f51c,STATUS_BAR_HAPPINESS_HIGHLIGHT_COLOR,yes
_r120cd7c682f60a,STATUS_BAR_HIGHLIGHT_HEIGHT,yes
_r60af17ebb393cc,STATUS_BAR_SKILL_CONTENT_COLOR,yes
_r12df3770902db8,STATUS_BAR_SKILL_HIGHLIGHT_COLOR,yes
_rf9eaca4cbdedab,STATUS_BAR_WIDTH,yes
_r00ba70de362125,STATUS_CLOSED,yes
_r7e4cd0477006ce,STATUS_ICON_PREFIX,yes
_r56218a24ca8294,STATUS_IDLE,yes
_rfa15f8eca2f391,STATUS_KEY_PREFIX,yes
_r0a8afc1ebf746e,STATUS_LIST_AVAILABLE,yes
_rc901f558a12740,STATUS_OFF,yes
_rb702a16edad113,STATUS_OPEN,yes
_r7a6fb1f706152b,STATUS_OPENING,yes
_r698724a2a61e87,STATUS_READY,yes
_r64da53e84900b7,STATUS_REJECTED,yes
_re6d30846e1e157,STATUS_SEARCHING,yes
_r031b074022eb57,STATUS_WAITING_FOR_SERVER,yes
_rd6a171dcd9ad94,STAY,yes
_red11cae9196ed4,STEP_DURATION_MAX,yes
_r4ee81eecfca15b,STEP_DURATION_MIN,yes
_r1f0e4909f754ee,STEP_SIZE_E,yes
_r4a44f44ba11d07,STEP_SIZE_MAX,yes
_r4c5f3d88efc47e,STEP_TITLE_CREDIT_Y_OFFSET_ACTIVE,yes
_rdf44a1528e3180,STEP_TITLE_CREDIT_Y_OFFSET_INACTIVE,yes
_r488ada064d31d3,STEP_TITLE_Y_OFFSET_INACTIVE,yes
_r5d78bdd17443fe,STICKIE,yes
_r1d9ef0f9cd86fd,STOP_SORTING_FRIENDLIST,yes
_r6cbd3f3165932e,STORE_ALL_SETTINGS,yes
_r4e2c671dc31f6c,STORE_SOUND_SETTING,yes
_r35df7037dfc645,STRAIGHT_CUT,yes
_rb3920f61c7d77e,STRETCHED_X,yes
_r9903dc6832dffa,STRETCHED_Y,yes
_rc21dc1f8bf202b,STRIKETHROUGH_LEFT_MARGIN,yes
_r3dce15340be71d,STRIKETHROUGH_RIGHT_MARGIN,yes
_r24b0dd0146caab,STRING_PARAM_DELIMITER,yes
_r3012e1fc02d4c2,STRING_PARAM_SPLITTER,yes
_r3237db8d6f064f,STRIPED_PROGRESS,yes
_r5168534e126c61,STRIPED_PROGRESS_ID,yes
_r687be1397b6e5d,STRIPE_PERIOD_PX,yes
_r9632d1264809d5,STRIPE_STEP_MS,yes
_r6302b5619277c7,STRIPE_VALUE_SCALE,yes
_r8fa60824eaa6da,STRIP_LOCKED_FOR_TRADING,yes
_rda0c134356d38e,STROKE_COLOR,yes
_rcb13050713b971,STROKE_HSV_SHADE,yes
_rf952c228f0b9d8,STROKE_THICKNESS,yes
_re36d8767121fbe,STRUCTURE_DONE,yes
_rd62d2ff1607bc2,STUFF_DATA_KEY_CLICKURL,yes
_r4973ce89f32076,STUFF_DATA_KEY_IMAGEURL,yes
_rd09601e1184dad,STUFF_DATA_KEY_OFFSET_X,yes
_rf274cab6ac6dc5,STUFF_DATA_KEY_OFFSET_Y,yes
_r133e37085d6170,STUFF_DATA_KEY_OFFSET_Z,yes
_rb7a2045cdb7c47,STUFF_DATA_KEY_STATE,yes
_r8808f87545651c,STUFF_TYPE_MATCHES,yes
_r96f9e877494ca6,STUN_TIME,yes
_rc279d3d60ff415,STYLE_HITCH,yes
_r87e2b1409495cb,STYLE_ILLUMINA,yes
_r7063e31ddf1f93,STYLE_LIFTED_HOVER,yes
_r58e7ab29f3b41c,SUBJECT_MAX_LENGTH,yes
_r6d9e322f358266,SUBMITCOMPETITIONROOM,yes
_r20475728dba12b,SUB_WINDOW_MAX_DESKTOP_PADDING,yes
_r95b007fca62aaa,SUMMARY_CONTAINER,yes
_r8f14a8ba75c113,SUPER_USER,yes
_r12cde09bf7c90a,SUPPLY_REFRESH_PERIOD_MS,yes
_re7487faaec3b30,SWIM,yes
_ree0c22a55559b6,SYMBOL_ACCEPT,yes
_rd3e3d1484c194c,SYMBOL_DECLINE,yes
_r7b1fc9115c9d22,SYSTEM_TEMPO,yes
_re7849dcf2b74be,ScrollBarLiftController,yes
_r550b0c93cc83ec,SearchContext,yes
_r90fec0879a08c6,SearchView,yes
_ra406c9f3e88c47,SharedGlobalPlaceholderList,yes
_r77f0d2e2f5ccd7,SharedVariableList,yes
_r7028e5299846d4,SimpleAlertView,yes
_rdad6c2906e7625,SoundTransform,yes
_rf315ccdf43a5c1,Sprite,yes
_rf325806e397d82,TAB_ACCESS_RIGHTS,yes
_r0b22037627047c,TAB_BACKGROUND_COLOUR,yes
_r8fbebe6c9c1138,TAB_BOY_ID,yes
_r205c69156b84a6,TAB_CHESTS_ID,yes
_r3620f3ed748620,TAB_CLUB_AND_CHAT,yes
_r7acdd0719a8f9e,TAB_COLLECTIONS,yes
_r6ec8f6f002613e,TAB_COLLECTOR_PROFILE,yes
_r6f7650b3004a99,TAB_GIRL_ID,yes
_r6c070d27093fce,TAB_INFO,yes
_rf5efce34cb2d7e,TAB_INFO_ID,yes
_r6bec8b91bea8d0,TAB_INSPECTION_ID,yes
_r5c52dc66597d47,TAB_LEVELS,yes
_r29896d35949e8f,TAB_MINT,yes
_rf0935baffaf697,TAB_MODERATION,yes
_rd702297e1d49ea,TAB_MONITOR_ID,yes
_r523a55c7738d62,TAB_OVERVIEW_ID,yes
_r2a3eaca5526d31,TAB_ROOM_RIGHTS,yes
_r9deb2015ef5942,TAB_SETTINGS_ID,yes
_r3865032f4b4f47,TAB_SHOP,yes
_rf585b218b50c53,TAB_TRANSFER,yes
_r3aeddcab53f00d,TAB_WIDTH,yes
_rd6f606af754e49,TAGS,yes
_rfed12fec9a8bcb,TAG_CLOSE,yes
_rf17ab263044dad,TAG_COLOR,yes
_rb6327dc67d56a0,TAG_COLORIZE,yes
_r3b3c2ac0519282,TAG_COLOR_HOVER,yes
_r402ba2b54c4964,TAG_CONTENT_ELEMENT,yes
_r44ad6bf7cc1d7a,TAG_CONTROLS_ELEMENT,yes
_r3125df5db6b8bb,TAG_EXCLUDE,yes
_r08e597934dec21,TAG_HEADER_ELEMENT,yes
_r8568969af3ebd8,TAG_IGNORE_INHERITED_STYLE,yes
_rbec042daa3774c,TAG_INTERNAL,yes
_r787fffe8777bff,TAG_OPEN,yes
_rc8a360d2fc4fa6,TAG_POINTER_DOWN_ELEMENT,yes
_r0da774f8c0b4c9,TAG_POINTER_LEFT_ELEMENT,yes
_rcb754d46850c24,TAG_POINTER_RIGHT_ELEMENT,yes
_r8613faa83c30eb,TAG_POINTER_UP_ELEMENT,yes
_r24df71b51bcd0d,TAG_SCALER_ELEMENT,yes
_r0801962e38a19a,TAG_TAB_CONTEXT_CONTENT,yes
_r4b575fb0b31f9b,TAG_TAB_CONTEXT_SELECTOR,yes
_rb553469cac9184,TAG_TITLE_ELEMENT,yes
_r5f466d33a3d6d6,TAKE_RIGHTS,yes
_r18f83a5edbf23c,TALENT_PROMO_EXTENSION_ID,yes
_r1d7f314066a123,TALK,yes
_r7e1a0fff14858d,TARGETED_OFFER,yes
_rd321010fa51a12,TARGETED_OFFER_OPEN_CREDITS_PAGE_CLICKED,yes
_rfceed097a18d78,TARGETED_OFFER_WEB_SHOP_INCLIENT_OFFER_CLICKED,yes
_rb19b8835267e08,TARGETED_OFFER_WEB_SHOP_INCLIENT_OFFER_REJECTED,yes
_rbafba878358a71,TARGET_ALTITUDE_CUSTOM,yes
_re8e2b344b9b4e3,TEAM_COLORS,yes
_r6488c7323a0a0b,TEAM_HAS_SCORE,yes
_r4eb4db82c7ef35,TEAM_IS_WINNING,yes
_r3ae85fa2a70adc,TEASER,yes
_r492cd7ea1151d6,TEASER_IMAGE_MIME_TYPE,yes
_r8fab440a01e54b,TELEPORT_TO_ROOM,yes
_r05c2747089dfe1,TENS_SPRITE_TAG,yes
_r1a65c75eeed050,TEN_MINUTES_SPRITE_TAG,yes
_r1a674d490076f3,TEN_SECONDS_SPRITE_TAG,yes
_rfa14799c46933a,TERRIER,yes
_r42f914fa57d2a4,TEXT_FIELD_NAME,yes
_race25ecb7f0a93,TEXT_FORMAT,yes
_r8d73cd765b8f1a,TEXT_FORMAT_TIMESTAMP,yes
_rb03177448ebbd3,TEXT_HEIGHT_SPACING,yes
_r1a3928fec751da,TEXT_HTML,yes
_r451f18cb6a1039,TEXT_TITLE,yes
_r52cc5275d8953e,TEXT_WIDTH_MARGIN,yes
_rb0d275cfd9a806,THERMOMETER_HEALTH_POINTS,yes
_rd4e31ac5d5fae8,THERMOMETER_HEALTH_POINTS_ID,yes
_rcab9234ec3efdc,THICKNESS,yes
_rbef560f81286cb,THIRDPARTY_FRIEND_OFFLINE,yes
_rfe50a230a1753f,THIRDPARTY_FRIEND_ONLINE,yes
_ra74c4db80da6c6,THIRD_PLACE_RANK_BORDER_COLOR,yes
_r27574b4b2bb6d6,THOUSANDS_SPRITE_TAG,yes
_r9f0793b6ec5fac,THRESHOLD,yes
_rfb1968ea113c12,THRESHOLD_FURNI_1,yes
_ra99879e377315c,THRESHOLD_FURNI_2,yes
_r289baf3dd5ab0a,THRESHOLD_USAGE_1,yes
_rf0f3159c7d50bf,THRESHOLD_USAGE_2,yes
_r9c1087792dcc46,THRESHOLD_VARS_1,yes
_rb49b9e8783e5e9,THRESHOLD_VARS_2,yes
_r3b38f601443543,THROW_VELOCITY,yes
_r2361ce8007d163,THUMBNAIL_SPRITE_TAG,yes
_r34c896e0bb31ac,THUMBNAIL_URL_KEY,yes
_r682dc407bd91f8,THUMB_BLEND_ITEMS_AVAILABLE,yes
_rf4aeb8c5c2eeee,THUMB_BLEND_ITEMS_NOT_AVAILABLE,yes
_rc59d611b389e17,THUMB_COLOR_NORMAL,yes
_r0a58722b706897,THUMB_COLOR_UNSEEN,yes
_r5e9b6f16eef6bd,THUMB_SCALE,yes
_r07236a297972ea,THUMB_SIZE,yes
_re8e3ee6480f496,THUMB_WINDOW_LAYOUT,yes
_r05aee1e91147c4,TILES_PER_CONTAINER,yes
_rb60344c5aa54c7,TILE_CURSOR_HEIGHT,yes
_r4abf016b9bc6fb,TILE_CURSOR_STATE_TEAM_1,yes
_racd4a0e1e8e145,TILE_CURSOR_STATE_TEAM_2,yes
_re958df57ebac5b,TILE_CURSOR_STATE_TEAM_3,yes
_r1a4537a07b9363,TILE_CURSOR_STATE_TEAM_4,yes
_r001debaabf3917,TILE_WIDTH,yes
_rca9a01ac692e1e,TIMER_INTERVAL,yes
_rd4b38283e3d56e,TIMESTAMP_FIXED_WIDTH,yes
_r52d3738b2c4a7a,TIME_ELAPSED_LESS,yes
_r1529dcacc38eeb,TIME_ELAPSED_MORE,yes
_r1f9459f3d7cd0f,TIME_MATCHES,yes
_r92a3b10a7fcf96,TITLE_ORANGE,yes
_rf9619baed843e8,TOGGLE_BUTTON_CALLBACK,yes
_r18cc6d89deb8a3,TOGGLE_FURNI_STATE,yes
_r4394b93b3b6674,TOGGLE_PET_BREEDING_PERMISSION,yes
_ra32d401c96531b,TOGGLE_PET_RIDING_PERMISSION,yes
_r98146925e56dbe,TOGGLE_PLAY_PAUSE,yes
_ra248aeb808c2c8,TOGGLE_TO_RANDOM_STATE,yes
_r95200e1c424f24,TOGGLE_WINDOW_RESOURCE,yes
_r16bb0fbf0ee5a3,TOKEN_INPUT,yes
_r18f932eeaa1801,TOKEN_KEY,yes
_ra1ef35d15322e1,TOKEN_MISMATCH,yes
_ra3238f8c2d58a2,TOKEN_SENT,yes
_r2b45fcf695d495,TOOL,yes
_r1e9461c5280c2e,TOOLBAR_CLICK,yes
_r680e7a1284e65e,TOOLBAR_EXPAND_TARGET_X,yes
_r99d229c617bc85,TOOLBAR_EXTENSION_EXTRA_MARGIN_CHAT_HISTORY,yes
_r5b5df493404567,TOOLBAR_EXTENSION_EXTRA_MARGIN_LANDING_VIEW,yes
_r1b00cb2f98e307,TOOLBAR_EXTENSION_ID,yes
_rbc4aaebb55f602,TOOLBAR_EXTENSION_ID_PREFIX,yes
_r76a7005788cc2c,TOOLBAR_EXTRA_H,yes
_racdc4f1943c97a,TOOLBAR_MARGIN,yes
_rf427dee9408f99,TOOLBAR_STATE_COLLAPSED,yes
_r5104259dc73c3e,TOOLBAR_STATE_GAME_CENTER_VIEW,yes
_r1e160828720e9f,TOOLBAR_STATE_HIDDEN,yes
_rc163d6d95c6f63,TOOLBAR_STATE_HOTEL_VIEW,yes
_ra7dd7b3cb05319,TOOLBAR_STATE_NOOB_HOME,yes
_rc1f9f54c8cd596,TOOLBAR_STATE_NOOB_NOT_HOME,yes
_rfd75f4c891ec33,TOOLBAR_STATE_ROOM_VIEW,yes
_r88658304e14a29,TOOLBAR_X,yes
_r3588b7a8e5e99e,TOOLS,yes
_rbe83d8c894b5dc,TOOLTIP_HIDE,yes
_re4f2d582c05d6a,TOOLTIP_SHOW,yes
_rd1b59bb35856c1,TOOL_TIP_CAPTION,yes
_re3eaacdc894fb5,TOOL_TIP_DELAY,yes
_rbf0ff8ee4151cd,TOOL_TIP_IS_DYNAMIC,yes
_r6be74a4288c867,TOP,yes
_r7f433bfada576d,TOPICS_WITHOUT_IGNORE_AND_UNFRIEND,yes
_re0263a94142390,TOPIC_CONTAINER,yes
_r8e768d59714a8a,TOPIC_ID_NOT_SELECTED,yes
_r9a74c4821dfbe6,TOPIC_NAME_BAD_USER_NAME,yes
_ra78355e9694149,TOPIC_NAME_BULLYING,yes
_rfd80c3653005d9,TOP_BAR_HEIGHT,yes
_r9b259f30b4b222,TOP_CENTER,yes
_rf6aacb2f7bbd1c,TOP_LEFT,yes
_rc41810781f9740,TOP_MARGIN_HEIGHT,yes
_rd58a6677b57e9d,TOP_RIGHT,yes
_r3ad05012be292b,TORSO,yes
_rb2a093873d80aa,TOTAL_BADGES,yes
_rfef10e4c8b25b2,TOTAL_DURATION_E,yes
_r35afd785c59c25,TOTAL_PRICE,yes
_ra3e0e6ec9d6fe4,TOTAL_PROGRESS_BAR_WIDTH,yes
_rb3c1b740fb0f48,TRACKER_ANIMATION_STATUS_CLOSE_WAIT,yes
_rd06fdabb154df7,TRACKER_ANIMATION_STATUS_COMPLETED_ANIMATION,yes
_ref41ee6adc4765,TRACKER_ANIMATION_STATUS_SLIDE_IN,yes
_r0cdfb7b70dd6a7,TRACKER_SLIDE_IN_SPEED,yes
_r1ced7b95a17e9c,TRACKER_SLIDE_OUT_SPEED,yes
_rb82d786ac23bbb,TRACKING_EVENT_ACTION_CHAT,yes
_rc6e2efc9b8d0fa,TRACKING_EVENT_ACTION_FIND_FRIENDS,yes
_r782127e675c796,TRACKING_EVENT_ACTION_PLAY_SNOWSTORM_BUTTON,yes
_re764379e13ef63,TRACKING_EVENT_ACTION_PLAY_SNOWSTORM_TAB,yes
_r001da370cd181f,TRACKING_EVENT_ACTION_VISIT,yes
_rd8b2686d030e0b,TRACKING_EVENT_CATEGORY,yes
_rca3c7c18e0c926,TRACKING_EVENT_TYPE,yes
_r07bc899f54051b,TRADE_REASON_NO_TRADINGROOM,yes
_r18e6a1c5cf51a0,TRADE_REASON_OK,yes
_r5eeaea20878f3a,TRADE_REASON_SHUTDOWN,yes
_r42441cbaaed663,TRADE_UI_SPACING,yes
_r99c9b59b04e6ef,TRADING_LOCK,yes
_raa0f3cbfa2f889,TRADING_STATE_CANCELLED,yes
_r28497d8cc5f21c,TRADING_STATE_COMPLETED,yes
_r57d7132a1a2118,TRADING_STATE_CONFIRMED,yes
_r1d9c787e8edaf9,TRADING_STATE_CONFIRMING,yes
_rc185c6c52eba34,TRADING_STATE_COUNTDOWN,yes
_r3720b33d5a173f,TRADING_STATE_RUNNING,yes
_rf59bf352f4fd29,TRAIN_PET,yes
_r6162fc842f2bbe,TRAJECTORY_LONG_LOB,yes
_r2c58ad7e745f39,TRAJECTORY_QUICK_THROW,yes
_r5746c6c0616077,TRAJECTORY_SHORT_LOB,yes
_r6cdef20394107f,TRANSACTIONS_FIRST_PAGE,yes
_rc521c253984156,TRANSACTIONS_PREVIEW_AMOUNT,yes
_r7ab68a12358b1e,TRANSACTION_COMPLETED,yes
_r0dca6eed1467be,TRANSACTION_FAILED,yes
_ra32d77d46391c9,TRANSITION_FROM_ANIMATION_OFFSET,yes
_r613ede25e11256,TRANSITION_TO_ANIMATION_OFFSET,yes
_rf6d7ad8b401677,TRAX_LOAD_COMPLETE,yes
_r731e55df15315a,TRAX_LOAD_FAILED,yes
_r132c6c71f2ac01,TRAX_PREVIEW,yes
_r51f710cc8a6017,TRAX_SONG,yes
_r03c1fbd77a8304,TRAX_SONG_COMPLETE,yes
_r30a5f60c8dacee,TRAX_SONG_INFO_RECEIVED,yes
_r2fff668f7e3aae,TRAY_HANDLE_INLET_LEFT,yes
_re4dd92501f4d5e,TRAY_HANDLE_OFFSET_FROM_BOTTOM,yes
_r06b41c40e2bcea,TRAY_TOOLBAR_BOTTOM_MARGIN,yes
_r1bb40ea2cc9ca0,TREASURE_HUNT,yes
_rb395db87e396e3,TREAT_PET,yes
_r6d66d3aa565782,TRIANGLE_DOWN,yes
_r697b4157e17c05,TRIANGLE_LEFT,yes
_ra4df6d1caca690,TRIANGLE_RIGHT,yes
_r7e7d6055094343,TRIANGLE_UP,yes
_r03d0c414657507,TRIGGERER_IS_ON_FURNI,yes
_rb1e96e2021d4b9,TRIGGERER_MATCHES,yes
_ra4bc39cc635b47,TRIGGER_ONCE,yes
_rb43c93d3c16704,TRIGGER_PERIODICALLY,yes
_r4a365ae4b82a2e,TROPHY,yes
_r09f1fbe36980b4,TROPHY_VIEW_TYPE,yes
_r518fa9871ace4b,TRUE,yes
_r6f139628adb824,TWINKLE_ANIMATION_OBJECT_COUNT,yes
_rdd301d6f9ff983,TWINKLE_ANIMATION_START_TIME,yes
_r1ff0bf2a7b2185,TYPE_ACCEPT,yes
_red21be47f51d62,TYPE_BONUS_BADGE,yes
_r72408aabe612ca,TYPE_BUNDLES_INFO_SCREEN,yes
_r1a16fa91878aa9,TYPE_CLOTHES,yes
_rf232812d34f84d,TYPE_COIN,yes
_reff6fcfb55a79e,TYPE_COLLECTIBLES,yes
_r50f22204f378d9,TYPE_COLORMATRIX,yes
_r0fe1a02bec770a,TYPE_COSTUMEHOPPER,yes
_r26d09ea5b6da9e,TYPE_CREATION_TIME,yes
_r48ffb3d77a470a,TYPE_CREDIT_FURNI,yes
_rcb71a352d16239,TYPE_DIMMERS,yes
_rf6e6cf9e1c27f3,TYPE_FINISHED_GAME,yes
_raa18d74fd0f817,TYPE_FLOORS,yes
_r155a9788b56edd,TYPE_FRAME,yes
_r0e06c21f9ac3b8,TYPE_FURNI,yes
_r0e44b3416e33a1,TYPE_FURNI_VOLUME,yes
_r1f739aca1d831b,TYPE_GIVE,yes
_rc203422310443e,TYPE_INCOMPLETE_DATA,yes
_r8b40c6db0e7240,TYPE_ISSUEHANDLER,yes
_r63ce4a7d8af7ab,TYPE_LANDSCAPE,yes
_r41de18b00193d2,TYPE_LARGE,yes
_rdf3346f4043b03,TYPE_LAST_UPDATE_TIME,yes
_rced94fba61fdf1,TYPE_LEGACY,yes
_r748bbf37d8720b,TYPE_LTD,yes
_re4380b71ed2038,TYPE_MESSENGER,yes
_r13a9cdc50f7689,TYPE_NORMAL,yes
_r0edee00b4e65e6,TYPE_PHOTO_POSTER,yes
_r7d454ad0a14647,TYPE_PLAYING_GAME,yes
_r331c35c0ebd8a5,TYPE_POSTER,yes
_r3348bc639eab3b,TYPE_PROMO,yes
_rb52c439ff1584c,TYPE_QUEST,yes
_r34d34d03511c85,TYPE_RECEIVE,yes
_r7e4e3c6ccf631f,TYPE_REQUEST,yes
_r21c31b8d91ec5e,TYPE_RESET_MESSAGE,yes
_r2a63fb66cfe18c,TYPE_RESPECT_VOTE_FAILED_NO_STAGE,yes
_r7436a8c940f072,TYPE_ROOMINFO,yes
_r9969727f1cfe35,TYPE_SELFIE,yes
_r8542864353de02,TYPE_STICKIES,yes
_r62aa89dc3819dd,TYPE_TRAX_VOLUME,yes
_r992a10951c0cf4,TYPE_UI_VOLUME,yes
_r9dc7798128cc42,TYPE_USERINFO,yes
_r6e71b3d50844c6,TYPE_VIPHOPPER,yes
_re96300bb472a2d,TYPE_WALLPAPER,yes
_r50320cd9bff7f4,TYPE_WALLPAPERS,yes
_rb6c404eb91ad05,TYPE_WINDOWS,yes
_rfc6a1cf81fe667,TYPING,yes
_r99c64acffe31f5,TYPING_STATUS,yes
_r9e77b40bf6d299,TextFormat,yes
_r764bd061001411,TimerEvent,yes
_r90c9b27d35044a,UNACHIEVED_DIVIDER,yes
_r63958006e78ed4,UNFREEZE_USER,yes
_r10ed7afcc381a8,UNIGNORE_USER,yes
_r91adebb335ffcf,UNIQUE_ID_COUNTER,yes
_r0b8c805fdb831d,UNIQUE_SERIAL_NUMBER,yes
_rb642e49f13d839,UNIT_KEY_PREFIX,yes
_rc2efdd87b44ff3,UNLAWFUL_MESSAGE_CONTENT,yes
_re1796705975ced,UNLAWFUL_REPORT_MESSAGE_TITLE,yes
_r7a6e57404d2c38,UNREAD_MESSAGE_STATUS,yes
_r5618ad87f723e4,UNSELECTED_ASSET,yes
_rcf2c404d7e5ba8,UNSPECIFIED_TYPE,yes
_rd9372c99bb9110,UPDATE_CONTENTS_IMAGE,yes
_r8896c4a073d1f0,UPDATE_CONTENTS_LANDSCAPE,yes
_rac26e14fa85096,UPDATE_CONTENTS_WALLPAPER,yes
_r92436c64a9fe46,UPDATE_CREDIT_FURNI,yes
_r67c7c7fbe104da,UPDATE_FREQUENCY,yes
_r808056949c4932,UPDATE_INTERVAL,yes
_rfc03e6595b2917,UPDATE_INTERVAL_MS,yes
_rdd14e21d1bf3cf,UPDATE_MODE_SAVE_INTO_OTHER,yes
_re8b9586c60be4b,UPDATE_PACKAGEINFO,yes
_r0ba2b920fd1d63,UPDATE_STATE_AREA_HIDE,yes
_rffba4378c7f909,UPDATE_STICKIE_DATA,yes
_r99a03cd06f4f5a,UPDATE_TIMER,yes
_rf583eacb021342,UPDATE_TIMER_MS,yes
_r17b7f329db95c0,UPDATE_TROPHY_DATA,yes
_r76c66007672286,UP_CENTER,yes
_r5e3f0cf530a9c4,UP_OUTSIDE,yes
_r2a891ed62eee7b,UP_RIGHT,yes
_rf621f6d5d2d39b,URLLoader,yes
_r7af7277eb27800,URLRequest,yes
_r5f1ec69e0bddfe,URL_PREFIX,yes
_r3d19383b896fe1,USABLE_UNUSED_TEXT_COLOR,yes
_r4816824b14559a,USABLE_USED_TEXT_COLOR,yes
_rb6695429b9e189,USELESS_REPORTS_TOPIC_ID,yes
_r38d1e410c6dca1,USERCOUNT_ELEMENT_NAME,yes
_r261a86c444a77f,USERNAME_PLACEHOLDER,yes
_r8a526912072c00,USERS_BY_NAME,yes
_r84a079da247fb0,USERS_BY_TYPE,yes
_ra448ebef73cd3a,USERS_CONTAINER,yes
_r07465806942461,USERS_FROM_SIGNAL,yes
_r30b12677003c47,USERS_IN_AREA,yes
_rc17f51719e1029,USERS_IN_GROUP,yes
_r4cd5ea72525e98,USERS_IN_NEIGHBORHOOD,yes
_r3b97a6d84fb24b,USERS_IN_TEAM,yes
_rfdb3d683fa691d,USERS_ON_FURNI,yes
_redb4d0cdb9c6b1,USERS_PERFORMING_ACTION,yes
_re1cddcfbb06808,USERS_WITH_HANDITEM,yes
_re87f340891f16e,USERS_WITH_VARIABLE,yes
_r436fe0b68899ae,USER_ADDED,yes
_rcd0e9a2c7fc07d,USER_BADGES,yes
_rd634f7e554a27a,USER_BADGE_SELECTOR,yes
_r452aab739e509f,USER_CHOOSER,yes
_rd4a543a16783d8,USER_CHOOSER_CONTENT,yes
_rf4b1d788c6f76b,USER_CLICKS_USER,yes
_r1070fdabbd3847,USER_CONTAINER,yes
_rae8686a2c0c15b,USER_COUNT_IN,yes
_r646b57929070ad,USER_CREATE,yes
_rf52f582b2d5f1c,USER_CREATED_TAB_ID,yes
_r8ac1ffb96f1366,USER_DATA_UPDATED,yes
_r5b29a9feb5d1ab,USER_DIRECTION,yes
_rcf378be1187d5f,USER_FEEDBACK,yes
_rfe4e3eee4990f0,USER_FIGURE,yes
_rdc223d1a0ef215,USER_GUIDE_DISCONNECTED,yes
_r7bef6f6ed43345,USER_LEVEL,yes
_r281c003a01eb54,USER_LOCATION_UPDATE,yes
_r8dcd63966e1035,USER_NOTIFICATION,yes
_rf1fadb4c705ebe,USER_ONGOING,yes
_r7403bad193b56e,USER_PENDING,yes
_r35658b48607c59,USER_PLAY_SONG,yes
_r73edf4b70b0ac7,USER_REMOVED,yes
_r1e3f5d364b362a,USER_SELECTOR_FILTER,yes
_rc0290751b8d1f7,USER_SOURCE,yes
_r08401e99aa9eae,USER_STOP_SONG,yes
_rbf94a2f0237df2,USER_THANKS,yes
_r21747ed66ee744,USER_VARIABLE,yes
_r65f50ee1572fdc,USER_VARIABLE_FILTER,yes
_r7d0c954145211a,USER_VIEW,yes
_r223fc7a8de629d,USE_DEFAULT_DIRECTION,yes
_r241f08eebac9f4,USE_FAKE_DATA,yes
_r47b6011ec717be,USE_HABBOWHEEL,yes
_r7d6e6b055c085c,USE_OBJECT,yes
_r4d92e7e154ddfc,USE_PRODUCT_FROM_INVENTORY,yes
_r1aae0e6b00ad61,USE_PRODUCT_FROM_ROOM,yes
_rbb931e36b47d2f,USE_SSO,yes
_r070cee721177b4,USE_STUFF,yes
_r332e4ae290802f,UbuntuWiredStyle,yes
_r3513835ed58d79,VALUE_CHANGED,yes
_r6cd7467d3056ff,VALUE_ELEMENT_NAME,yes
_ra6c1205c587f16,VALUE_KEY_LIKE,yes
_r80be611432e9a8,VAR,yes
_ra44f755770ff5a,VARIABLES,yes
_r4a1ad9ca70c500,VARIABLES_COLUMN_VALUE,yes
_rcd4623368249ce,VARIABLES_COLUMN_VARIABLE,yes
_r58a6a92e6e3f77,VARIABLES_WEB_API,yes
_r7953ec6ed81141,VARIABLE_AGE,yes
_r56ceb57cc31c88,VARIABLE_CAPTURER,yes
_r208c44e7b3c1ae,VARIABLE_FX_ASSET_NAME,yes
_rd6587c686f842f,VARIABLE_FX_BOSS_BAR,yes
_rd3fd31efaf1a70,VARIABLE_FX_CHANGE_DECREASED,yes
_r294e3995bd3e68,VARIABLE_FX_CHANGE_INCREASED,yes
_r30947e069607d5,VARIABLE_FX_CHANGE_UNCHANGED,yes
_r5444cdec1a05c6,VARIABLE_FX_HEALTH_POINTS,yes
_r8927ac7e9dc362,VARIABLE_FX_LEVELLING_PROGRESS,yes
_r3f57b822e9666e,VARIABLE_FX_NUMBER_DISPLAY,yes
_r83393323a0356f,VARIABLE_FX_PROGRESS_BAR,yes
_r8c63cec19e46e6,VARIABLE_FX_SPRITE_TAG,yes
_r51f716be77d7e8,VARIABLE_FX_STACK_GAP,yes
_r293ea71b2f7e9f,VARIABLE_FX_STATUSES,yes
_r4c74c0bb84bce9,VARIABLE_FX_STATUS_BAR,yes
_r72d548f4ffc82e,VARIABLE_LEVEL_UP,yes
_rb01783cdfaf613,VARIABLE_PLACEHOLDER,yes
_r2e3f92ee7a6a9e,VARIABLE_SYNTAX_MODE_NONE,yes
_r0d2ee68190c77f,VARIABLE_SYNTAX_MODE_PRETTIFY,yes
_r0c2ab8dfa8972d,VARIABLE_TEXT_CONVERTER,yes
_rdd07580ced7cdf,VARIABLE_TIME_UTIL,yes
_r7de00457ce4ca5,VARIABLE_UPDATE,yes
_r2c98eb9a07b4fc,VARIABLE_VALUE,yes
_r805f1a8e3eb76b,VELOCIRAPTOR,yes
_r5209d6badce621,VELOCITY_BOUND_FUDGE,yes
_re54f1616358b08,VERIFICATION_CODE,yes
_rbd3c02bed46edf,VERIFIED,yes
_r2b5f726fcb0d48,VERSION_TEXT_FIELD,yes
_rff4c003676217b,VERTICAL,yes
_rebd59592cea554,VERTICAL_SPACE,yes
_rc0533108214d42,VERTICAL_SPACING,yes
_rb4afa2d0a36eaa,VERY_RARE,yes
_reb2aa07d3c8cc5,VIDEO_ID_KEY,yes
_rcf6e6b5ba3b181,VIDEO_OFFERS,yes
_rb7f53c2ff68dd2,VIEW_BADGE,yes
_r1a1d50fb30b09d,VIEW_BOTTOM_DEFAULT,yes
_r1f1e405024a0a9,VIEW_COLORS,yes
_rd69ab051c07c7d,VIEW_CONFIRM,yes
_rf2d25e3cbfdba3,VIEW_ELEMENT_TYPE_MINI_MAIL,yes
_r3966359ebc259f,VIEW_NIKO_GOLD,yes
_rcc79b49cce3267,VIEW_NIKO_SILVER,yes
_r7c92836fe61380,VIMEO,yes
_r7619dd9ccbea89,VIP_BUY,yes
_r77ee7feacdac01,VIP_GIFT,yes
_r679e18abc1aaca,VIP_ICON_GIGANTIC,yes
_rdfc7885df251dd,VIP_ICON_SMALL,yes
_r9ee513f500c60a,VIP_ICON_SQUARE,yes
_r3072d7236f7e8f,VIP_ICON_SQUARE_BIG,yes
_ra9674fb823c8a5,VIP_ICON_STYLE,yes
_ree43941ac6586d,VIP_QUESTS,yes
_r839da869134bf7,VISIBLE,yes
_rea297e7d9fde1e,VISIBLE_SLOT_COUNT,yes
_rb7e1fba7e640de,VISITOR_QUEUE_STATUS,yes
_r826ed693115bc6,VISUALIZATION_OVERLAP_VERTICAL,yes
_re916292fda3f52,VISUALS_KEY,yes
_ra21659d336abef,VOLTER,yes
_r7f007d5fd6a137,VariableInfoAndValue,yes
_rcb4f5d07bca9d7,Vector3d,yes
_r670f91146081f7,WALL_HEIGHT_LIMIT,yes
_r3fea7d1d55103a,WALL_PAPER,yes
_rb97bfd5689b694,WALL_THICKNESS,yes
_rebf38a92f6c991,WARDROBE,yes
_r65a029d57a12c2,WHEEL_HORIZONTAL,yes
_rf5279025d50acd,WHISPER_USER,yes
_ra53f60aad7b7bf,WIDERECT_WIDTH,yes
_rbed3e363f41b7a,WIDGETCONTAINER,yes
_r378ebd2c0482f1,WIDGET_COLORABLE_TEXTELEMENT_TAG,yes
_rf3d9e02cfcaaff,WIDGET_MESSAGE_CHANGE_POSTURE,yes
_r9a558ab11abedc,WIDGET_MESSAGE_CHAT,yes
_r4d575d8fe5d2be,WIDGET_MESSAGE_GET_BADGE_DETAILS,yes
_r5cc3120a792098,WIDGET_MESSAGE_GET_BADGE_IMAGE,yes
_r47bb0af31e676b,WIDGET_MESSAGE_GET_WARDROBE,yes
_r0884be75642cb6,WIDGET_MESSAGE_NAVIGATE_HOME,yes
_r7526cdcefb12bb,WIDGET_MESSAGE_NAVIGATE_TO_ROOM,yes
_r7e888701a0bde8,WIDGET_MESSAGE_OPEN_PET_PACKAGE,yes
_rb726fe69125d95,WIDGET_MESSAGE_REQUEST_ACHIEVEMENT_RESOLUTION_ENGRAVING,yes
_r4a79db77c15f74,WIDGET_MESSAGE_REQUEST_BADGE_DISPLAY_ENGRAVING,yes
_r9ee498372e5d4a,WIDGET_MESSAGE_REQUEST_CLOTHING_CHANGE_WIDGET,yes
_rf1157af0307086,WIDGET_MESSAGE_REQUEST_CREDITFURNI_WIDGET,yes
_r120b512a52ef19,WIDGET_MESSAGE_REQUEST_DIMMER_WIDGET,yes
_rebec5cdf4f783a,WIDGET_MESSAGE_REQUEST_ECOTRONBOX_WIDGET,yes
_ra3e22b3a04a1c6,WIDGET_MESSAGE_REQUEST_PLACEHOLDER_WIDGET,yes
_r71ac831fac4dc5,WIDGET_MESSAGE_REQUEST_PLAYLIST_EDITOR_WIDGET,yes
_r98f59724e26024,WIDGET_MESSAGE_REQUEST_PRESENT_WIDGET,yes
_r055052787a8582,WIDGET_MESSAGE_REQUEST_STICKIE_WIDGET,yes
_r1fbf22080670b5,WIDGET_MESSAGE_REQUEST_TEASER_WIDGET,yes
_r51cd667d8ec322,WIDGET_MESSAGE_REQUEST_TROPHY_WIDGET,yes
_r29ccf8c5301e87,WIDGET_MESSAGE_SAVE_DIMMER_PRESET,yes
_r74f637e0bec87e,WIDGET_MESSAGE_SELECT_AVATAR,yes
_ra17a2110cd68ee,WIDGET_MESSAGE_TEST,yes
_r98c32e9a0f5135,WIDGET_PLACEHOLDER_PREFIX,yes
_r7a0c8a8f138468,WIDGET_TYPE,yes
_ree7edb1cf787e6,WIDGET_UPDATE_EVENT_TEST,yes
_r153351c6eb92c3,WIDTH_MIN,yes
_rbe758fa22138fc,WINDOW_EVENT_CHANGE,yes
_r5af3f0f072369c,WINDOW_EVENT_FOCUS,yes
_r4c81013bf79c34,WINDOW_EVENT_LOCK,yes
_r0503de68e6ada2,WINDOW_EVENT_RESTORE,yes
_r3291006fce4de0,WINDOW_EVENT_TOUCH_BEGIN,yes
_ra67d815b2df419,WINDOW_EVENT_TOUCH_MOVE,yes
_rb18ffd6ece2347,WINDOW_EVENT_TOUCH_OVER,yes
_r5a40ef97613c6d,WINDOW_EVENT_TOUCH_ROLL_OVER,yes
_r44f00f9c8c7cac,WINDOW_EVENT_UNFOCUS,yes
_r83430a47d0ab3d,WINDOW_EVENT_UNLOCK,yes
_r687e17ee5b5354,WINDOW_HABBO_MAIN,yes
_rafdf3dd63dec22,WINDOW_MARGIN,yes
_r1e44ab7f5724ea,WINDOW_PARAM_HORIZONTAL_MOUSE_SCALING_TRIGGER,yes
_r8e7cc220a1089d,WINDOW_PARAM_MOUSE_DRAGGING_TARGET,yes
_re527fa728037bf,WINDOW_PARAM_MOUSE_SCALING_TARGET,yes
_rb5ce4671333617,WINDOW_PARAM_VERTICAL_MOUSE_SCALING_TRIGGER,yes
_re5eae4c5f64544,WINDOW_RIGHT_PADDING,yes
_r17b07afffac0b6,WINDOW_STATE_ACTIVE,yes
_r67e808f5980c14,WINDOW_STATE_DEFAULT,yes
_r397c1cd582d387,WINDOW_STATE_DESTROYING,yes
_rbf3e290ea9a6be,WINDOW_STATE_HOVERING,yes
_re680ec86776d1f,WINDOW_STYLE_DEFAULT,yes
_ra9308c670082e6,WINDOW_TYPE_BITMAP_WRAPPER,yes
_rd528bb5cbdd1e4,WINDOW_TYPE_BORDER,yes
_r0fafd59917dc35,WINDOW_TYPE_BORDER_THICK,yes
_r1b011f31af8832,WINDOW_TYPE_BORDER_THIN,yes
_r43ad4f1d88709c,WINDOW_TYPE_BOXSIZER,yes
_r8a12b768a4b5ad,WINDOW_TYPE_BUBBLE_POINTER_RIGHT,yes
_r9898e5e6357be4,WINDOW_TYPE_BUTTON_GROUP_CENTER,yes
_rc8e90e9ab22b09,WINDOW_TYPE_BUTTON_GROUP_RIGHT,yes
_r22e5fcb6d47978,WINDOW_TYPE_BUTTON_RIGHT,yes
_r450d5c2f46d157,WINDOW_TYPE_BUTTON_THICK,yes
_r26898033bf0d84,WINDOW_TYPE_CONTAINER,yes
_rf7a44b6094d504,WINDOW_TYPE_DISPLAY_OBJECT_WRAPPER,yes
_ra372062e44d96f,WINDOW_TYPE_DRAGBAR,yes
_ra0ea57d1271395,WINDOW_TYPE_DROPLIST,yes
_r4c2a031d4899cc,WINDOW_TYPE_DROPMENU,yes
_r3f857355a1fc7a,WINDOW_TYPE_FRAME,yes
_rcf6f9bc0e98bea,WINDOW_TYPE_FRAME_THICK,yes
_r68fcc34051ef7f,WINDOW_TYPE_FRAME_THIN,yes
_r257fe338faeeb0,WINDOW_TYPE_HEADER,yes
_rc4c157c9de2f6f,WINDOW_TYPE_HTML,yes
_r03eb900977212e,WINDOW_TYPE_ITEMGRID,yes
_r873196657fc899,WINDOW_TYPE_ITEMGRID_HORIZONTAL,yes
_r91f28be0a6d7ed,WINDOW_TYPE_ITEMGRID_VERTICAL,yes
_r22b3ff0de26dfe,WINDOW_TYPE_ITEMLIST_HORIZONTAL,yes
_r7870d1ecdbaab4,WINDOW_TYPE_MENU,yes
_r5311988102b6f5,WINDOW_TYPE_SCALER,yes
_r4950fca72f42bb,WINDOW_TYPE_SCALER_HORIZONTAL,yes
_r6dce47c74cef69,WINDOW_TYPE_SCALER_VERTICAL,yes
_r7eeaffff715da7,WINDOW_TYPE_SCROLLABLE_ITEMGRID_VERTICAL,yes
_r06eb810a3b3fc6,WINDOW_TYPE_SCROLLABLE_ITEMLIST,yes
_r2ba1b9d53228b8,WINDOW_TYPE_SCROLLABLE_ITEMLIST_HORIZONTAL,yes
_ra27f09aabc180f,WINDOW_TYPE_SCROLLABLE_ITEMLIST_VERTICAL,yes
_r371250d66a1731,WINDOW_TYPE_SCROLLBAR_HORIZONTAL,yes
_r4f261b53e9db66,WINDOW_TYPE_SCROLLBAR_SLIDER_BAR_HORIZONTAL,yes
_r9fa7b9d05091c9,WINDOW_TYPE_SCROLLBAR_SLIDER_BAR_VERTICAL,yes
_r8303838ad86c78,WINDOW_TYPE_SCROLLBAR_SLIDER_BUTTON_RIGHT,yes
_rac7f2db11fc49d,WINDOW_TYPE_SCROLLBAR_SLIDER_TRACK_HORIZONTAL,yes
_r16b5da204ba589,WINDOW_TYPE_SCROLLBAR_SLIDER_TRACK_VERTICAL,yes
_rf9366c1803c319,WINDOW_TYPE_SCROLLBAR_VERTICAL,yes
_r5f80fe0e49b32e,WINDOW_TYPE_SELECTOR,yes
_r41c559d98d75ba,WINDOW_TYPE_SELECTOR_LIST,yes
_r0c656c66cc3727,WINDOW_TYPE_SHAPE_WRAPPER,yes
_rd182e43cabff94,WINDOW_TYPE_SLIDER,yes
_r68bf770c8649bc,WINDOW_TYPE_SLIDER_HORIZONTAL,yes
_r47f8cd3517da11,WINDOW_TYPE_SLIDER_VERTICAL,yes
_ra9529b4250fc45,WINDOW_TYPE_STATIC_BITMAP_WRAPPER,yes
_rc71f0526fcb8b2,WINDOW_TYPE_STROKE,yes
_r0eadba5dd4f1dd,WINDOW_TYPE_SUBMENU,yes
_r9339591025e10f,WINDOW_TYPE_TAB_CONTENT,yes
_rf3f09694060e74,WINDOW_TYPE_TAB_SELECTOR,yes
_r625d60871b92a1,WINDOW_TYPE_TOOLBAR,yes
_r3255254a53489e,WINDOW_TYPE_WIDGET,yes
_rfaca7e729db873,WIRED_EMBLEM_SPRITE_TAG,yes
_rf0498fad7b7104,WIRED_INSPECT_PET,yes
_r06e9f4f3e053b5,WIRED_TRADING,yes
_rf97878899074d9,WindowMouseEvent,yes
_rcd7c0cd2a070ea,WindowWrapperPreset,yes
_r9d5fb09db9b377,WiredTransactionInfo,yes
_re80bb32df2f63e,YOUR_PRICE_ICON_BITMAP_ELEMENT_NAME,yes
_r1bff0c65eeaf4e,YOUTUBE,yes
_r408418ac10f345,ZERO_POINT,yes
_r86dc3d43ee3dec,_GAMES,yes
_rb318f81515fae1,_MOTION_TIME,yes
_rb4cb74aa9f8332,_WORD_DELIMS,yes
_rc0be47e72c37d4,_acceptEmptyMap,yes
_r780cd7dd1a65f2,_accountSafetyLocked,yes
_r6dee7f1d812973,_achievementDropdown,yes
_r66f5316e8f9b32,_achievementScore,yes
_rfb8e185a0f0232,_actionDropdown,yes
_rc7fcfa93d775c4,_actionLengthHours,yes
_r075b949be0447a,_actionTypeDropdown,yes
_reefb435553b5c5,_active,yes
_rd4a7b520e48069,_activeCallback,yes
_rbcf17308fcc921,_activeColor,yes
_rc04bf9b27f1167,_activeContextKey,yes
_r7a74f26b26c3c7,_activeFrame,yes
_r434627db2d404c,_activeMode,yes
_r687aa35f4af4f8,_addToExistingScore,yes
_rf789d828c8565d,_addedUsers,yes
_ra52922d0b939a9,_additionalParameters,yes
_r6ca3dfecb8d4b0,_aliases,yes
_r862dfcfb5bf621,_alignRight,yes
_r2da5f036d501ea,_allCategories,yes
_ra442d35cad4d58,_allChildrenStaticWidth,yes
_rcbf32c4c80f17a,_allFurnis,yes
_rf0d777fababd49,_allVariables,yes
_ra726e9cfe6f8a5,_allVariablesHash,yes
_r344713dca269c4,_allowFollow,yes
_rf0f8abe1d794dc,_allowFoodConsumeCheckBox,yes
_r4c15dbbf4d8387,_allowHTML,yes
_r8c61a5f679de08,_allowWalkThroughCheckBox,yes
_r3c54bf01add1d7,_altKey,yes
_r9d6d1c0611680e,_alwaysExpanded,yes
_r08768cbfcdd84d,_alwaysShowScrollbar,yes
_r2d171cc94bc07f,_amount,yes
_rc539254fec43e8,_amountPreviewDropdown,yes
_ree68b5d6b91839,_animFrame,yes
_r83fcbf9b7fd2b1,_animationSourceLayout,yes
_r78ce3af077e81f,_animationStartWidth,yes
_re4644325e34fa9,_animationTargetAreaWidth,yes
_ra7229de16d8303,_animationTargetLayout,yes
_r8a42ac040aea9e,_animationTargetWidth,yes
_r321ff7471a458c,_animationTime,yes
_r01812de936e17c,_answerOrders,yes
_r1d5ba00f71d599,_arrow,yes
_r36130bc4bfbdc7,_asString,yes
_r53dcc6ac9c1cae,_assetLibraries,yes
_r4de646e061148b,_assetName,yes
_r386d4d1511f81c,_assetNameArray,yes
_r97821a0c4bf023,_assetNamesForVisuals,yes
_r5c54f7389f001b,_assetNamesFrame,yes
_r95114ad4e9562c,_audiencePopup,yes
_r4a45b078b06b49,_availableColors,yes
_rf148d3da787887,_avatarEditor,yes
_rc406f98f8bb08b,_avatarGlow,yes
_r6f1d8309e47243,_avatarRenderManager,yes
_r6fd98492aecdd7,_avatarRenderer,yes
_r4e1c53a5471d42,_avatarWidget,yes
_rdc012392a52b32,_badgeCheckbox,yes
_rbdcaf4c72a20c7,_badgeCode,yes
_r2c45c9ee408e12,_badgeDetails,yes
_rdb8997b086cf29,_badgePrebakes,yes
_r944a2734424f84,_badgeRenderKey,yes
_rc1558f29a6bd20,_badgeRequestCode,yes
_r4fe8f7f7818a11,_badges,yes
_r7c77c2c0751529,_bcFloorPlanEditor,yes
_raa127991db73d4,_bgColor,yes
_r925a631a0f9658,_bitmap,yes
_r77268f166a185c,_bitmapData,yes
_re665d2106685d0,_bitmapDataCache,yes
_r346ff2996e7e30,_bitmapDataOwned,yes
_r9d6ceb6588a66a,_blendingBackgroundColor,yes
_r17d31ae41634d4,_botName,yes
_r757ece2a1e2ab2,_boundFurnitureNames,yes
_r20fca3647cc30c,_boxTypes,yes
_rf37f1143373b80,_breedPetBubbles,yes
_rc83c23f6226190,_breedingConfirmationAlert,yes
_re503df65824d4e,_bubbleWidthDropdown,yes
_rfa95cd010528a6,_bufferedTreasureHuntWinnerInfo,yes
_rc026b291d37b23,_buildupProgress,yes
_rcaca604dc50b11,_bunnyHopCheckbox,yes
_r1ebf1448868ebd,_buttonContainer,yes
_rfc8e5dbbfb9808,_cacheWidth,yes
_r2acea5690d385b,_cachedIntParams,yes
_rb09641f41950ab,_callForHelpCategories,yes
_ra9aab60cab553c,_callbacksAdded,yes
_r36c6f8dec50b4e,_callerFrame,yes
_r7aa17ed38f699f,_camera,yes
_r69af8899d978ad,_campaignCode,yes
_rb6a8275bf34ec5,_canSelect,yes
_r8c0845251012b4,_canTrade,yes
_r63e4cce56dff56,_cancelCheckbox,yes
_r6bf0515c9cd6af,_caption,yes
_ra423406753ac66,_captionInputKeyEvents,yes
_r56d93cde0c3e51,_catalog,yes
_r2e1c5819c4c7a9,_categories,yes
_r38675d87179835,_cause,yes
_r906fd3a152580b,_cfhCategories,yes
_rd558585b8871b5,_chainCode,yes
_r5ea1eaf3576ca3,_changeOriginGroup,yes
_r2876a22a19a1d1,_changes,yes
_rfe020d1ee58756,_channels,yes
_r7d7e591bace1e4,_chartWidth,yes
_r4e3fc5554fb6b6,_chatBubbleWidth,yes
_re60d4203654097,_chatBubbleWidthOverride,yes
_re4617c44f7bb4c,_chatMessage,yes
_r92fdf1078060dd,_chatMode,yes
_rb5a5fad99c7741,_checkbox,yes
_re8ecef9bdf1b2d,_checkboxGroup,yes
_rcfde8bcf2bcfac,_checkedName,yes
_r81132e89cffadb,_checksumIndicatorColor,yes
_r7364fa756d8250,_chestDesc,yes
_rc8a4d6b5848c17,_chestId,yes
_rf1dad8d9ea3926,_chestItemType,yes
_r120cf13cc6fb3d,_chestName,yes
_rb3c5c3c39c58bc,_chestNotificationSettings,yes
_r331727d759e672,_chestSettings,yes
_rbd8a05e3d3edd2,_chestState,yes
_rafb1affe7d2df1,_chestType,yes
_r97e0bc4146d1a1,_childMargin,yes
_r0984408c8e4fec,_childNodes,yes
_r5ba27920224981,_classNameCache,yes
_r6e9f18a706e1fd,_clubLimit,yes
_r24d24e4b6e54f0,_clubMinutes,yes
_r85c552e7b6a0ce,_code,yes
_rdd5499241b266c,_collapseAnimationStartReservedWidth,yes
_r4b259fe9ddc8da,_collapseAnimationStartWidth,yes
_r9b804a1fb4a456,_collapseAnimationTargetReservedWidth,yes
_r91ab86b787cd7c,_collapseAnimationTargetWidth,yes
_r866d34e8c4cb74,_color1,yes
_r7745fea305ae02,_color2,yes
_ra36e537d300fd4,_colorCellFrame,yes
_ra9033ee4dec224,_colorCellXML,yes
_r61bba2a8636b29,_colorChangedTime,yes
_r64d3c70e3ea2d3,_colorTransitionLength,yes
_r2a904ef858ffa1,_colourGrid,yes
_r93e34b26f05f90,_combineUniques,yes
_re1e22e78388850,_compareRadioGroup,yes
_r86f80b483598be,_compareTypes,yes
_r4e297b3e8af641,_completionColor,yes
_rfec94ffdfc88c3,_composite,yes
_r59dc16ccb1934b,_config,yes
_r17dae820c3df28,_configuration,yes
_ra422b6a127b585,_configurationCode,yes
_r3094ddf2d6c675,_configurationManager,yes
_r97b2197969602a,_cont,yes
_rc2339f174a7e2a,_container,yes
_r84d8c0dd2793a0,_contentLines,yes
_rbe48e1c6a9b2bb,_contractKey,yes
_rc199dbf99e8059,_countdown,yes
_r3870d8794ef97e,_createdInstanceMaskSizes,yes
_r7f2a0dbbf4b886,_creationMonth,yes
_r9e78d475883467,_creationTime,yes
_r046e920ecd9fef,_ctrlKey,yes
_r1f6a02f5f429cb,_currentActionsStr,yes
_refce83b118f113,_currentAmount,yes
_r8c13d3a7e4a4f0,_currentProgressWidth,yes
_r772de55ff0f6c2,_currentResults,yes
_r340279f3d2f12b,_currentRoomName,yes
_rdbb5f7b11570bb,_currentTab,yes
_r0ed994ea082d8a,_currentTabName,yes
_r3b8071d669931e,_currentWidth,yes
_r69beeb9d4bf8fd,_currentlyInRoom,yes
_r1c8420b1203a74,_curveControlY1,yes
_rb43f5afa4ec335,_curveStrength,yes
_r24266343cc985b,_customInfo,yes
_r6deea267db7694,_danceDropdown,yes
_r834357bddff7e7,_darkColor,yes
_r65b96740f176ce,_defaultNotSelectedBorderColor,yes
_rce3343c2518ed0,_defaultStuffTypes,yes
_rdc9020ceed64ff,_delayInPulses,yes
_rf17e40936698cf,_delegatedColor,yes
_r2834793b4ff044,_depth,yes
_r12d91f275e4df0,_details,yes
_r851b8e6fe6144c,_directions,yes
_r3a598f50db47c4,_displayCode,yes
_r3425b056707db1,_displayString,yes
_rda0f8cc2f3877d,_displayedNumber,yes
_r32269d5d72139f,_displayedRewards,yes
_rb90a12237c2f69,_distancePerPoint,yes
_r9077c7734c07ad,_doNotShowAgain,yes
_r15cef7a311d76f,_dontGetOffers,yes
_r7fcf5252a0e956,_dontShowAgain,yes
_r0323c174c4ea4b,_doorMode,yes
_r06981a46d12dad,_downloadRetriesLeft,yes
_r41571250585fac,_downloadUrl,yes
_rd7132337c285d3,_drawButtonsByMode,yes
_rc87e93a118cf4a,_drawMode,yes
_re7106860b3d7a7,_durationMs,yes
_r4acf3a143097b5,_easterEggMode,yes
_r6cde3dfaff3f25,_editingBackground,yes
_r0fc972dd742066,_editorWindow,yes
_r44e41aeb5f0352,_editors,yes
_r50f824a9c0b88a,_effectAnimationStartFrame,yes
_r01007d2f40a525,_effectDropdown,yes
_r8ea44180f8a365,_effectItems,yes
_r39e18bd466f5c8,_embedExpanded,yes
_rdb0fddae254ba3,_embedded,yes
_rdfa3764a782f4b,_emittedParticles,yes
_r5366430817b59c,_emptySlots,yes
_re09fc082649ec6,_emptyTileTemplate,yes
_ref90dafd55119a,_enableCustomAnimationTime,yes
_rb9bf8b2bf97699,_endMessage,yes
_re5e1af21a96cf7,_endTime,yes
_r9f9124a466da52,_entityWindows,yes
_rc4a220e16a32d1,_entries,yes
_red3bd1d24086e2,_entry,yes
_rd538de8138b786,_entryPoint,yes
_r1fa7566b24c4fd,_environmentImages,yes
_r698db0f9c93601,_environmentName,yes
_r994d1a1d3c0f51,_environmentTypes,yes
_r012da76271449c,_errorCode,yes
_reac38c7e7a62e1,_errorLayout,yes
_rec586c06e9efbd,_errorPopup,yes
_r7e50d31c08f62b,_etchingColor,yes
_r88f6c2b79cc58f,_eventArray,yes
_r8f5f9bfa951dde,_eventListeners,yes
_r981441c18c0304,_excludedBadges,yes
_r19b79dee8f2247,_exit,yes
_rf4eb4700a2c1eb,_expandMode,yes
_r0ffb41c7e341cc,_expanded,yes
_rcafaaf28ff1db9,_expirationTime,yes
_rbe52327b43621f,_expiredKey,yes
_r2e47085410a3e4,_expiryTime,yes
_r176e2b84790bff,_externalTextsHash,yes
_r841c0e21d6464a,_externalVariablesHash,yes
_rf85e30569a75dd,_extra1,yes
_rcd3c1032f8845a,_extra2,yes
_r1c80f73cf11359,_extraBtnCallback,yes
_r35898422d8dc7f,_extraCycles,yes
_re01e8c4421f7f0,_extraIdToString,yes
_r8287cf49f45b5b,_extraParams,yes
_r8ebe00be56f735,_extraString,yes
_r65781d7e8ba952,_fade,yes
_r3c96a96c3ebf91,_fadeLength,yes
_r1401802393bb80,_fadeOutLengthSamples,yes
_r896b28e2353397,_fadeStartAlpha,yes
_r40f8e1872bbb36,_fadeTargetAlpha,yes
_r1c962b2d520467,_figureString,yes
_rde6e1f7edc4689,_fileName,yes
_r28682e26bf0caf,_fillColor,yes
_re10afacda0d856,_fillMode,yes
_r0f7acb0f580a09,_filtering,yes
_r9b73daab0b6e8b,_fitWidthToText,yes
_rd85619184c3905,_fixedWallsHeight,yes
_r24a5cec9a76e8f,_flatId,yes
_r220d1f62fd96ee,_floor,yes
_rc0046327749650,_floorHeight,yes
_r2c1d8b0c9115a0,_floorThickness,yes
_r295810e5979052,_floorThicknessDropMenu,yes
_rd4337fec7dc743,_floorWidth,yes
_r1795202e9597c2,_followingToGroupRoom,yes
_raceb018c7c4987,_forums,yes
_r8c78a853c437a9,_frameIndexes,yes
_rfa8bd4fb77045f,_frameNumber,yes
_r4229a3d28dfd53,_frameSequences,yes
_r85e7dfdf81c73a,_frames,yes
_r182e269a5e2508,_freeClaim,yes
_r855bd1665e599f,_freePagePrizes,yes
_r32736f4767914c,_friendCategories,yes
_rf7cc8ab30e96ae,_friendList,yes
_r67a014aebee521,_friendlist,yes
_r517ed246ff91b5,_fullName,yes
_r63fe9e599902b7,_furniDataHash,yes
_r171442735292c4,_furniDataListeners,yes
_r594e1b2826af79,_furniName,yes
_rf6bb0c8bc48db9,_furniSourceTypes,yes
_r3a8c952b0db1d6,_furniTypeName,yes
_re7f55598fc3f20,_fuseTime,yes
_r38ce384b93abde,_g,yes
_re15150a5346a08,_gameManager,yes
_r9cf2381337289d,_genericVolume,yes
_r037e45794fe620,_geometries,yes
_r4b6f8baaa486b1,_geometry,yes
_rbcab4e82189c6e,_getNextQuestWhenCompletionAnimationFinishes,yes
_r6cc8cffc84a292,_glowColour,yes
_r2a0420941728b0,_goalCode,yes
_r4a2a12ccffed66,_gradient,yes
_rb3454da3495ecc,_gradientColor,yes
_rff8c75a17e3758,_graphicEntityCache,yes
_r878ef39132d0ad,_gridItemLayout,yes
_r2bf9b351c4772e,_group,yes
_r1233de678b678b,_groupDropdown,yes
_r55f94f71a36246,_groupId,yes
_r10ae100bc7ec21,_groupName,yes
_r0e166bc7fa12c8,_guestRooms,yes
_rebc507ae91402a,_guideName,yes
_rf14ffea5066008,_hCenterRem2,yes
_r1c9f697b8c907c,_habboGroupName,yes
_r3cb3476b9ff537,_habboHelp,yes
_r64e88f5ee5768a,_habboTalent,yes
_rfb8acf8c86e96d,_handItemDropdown,yes
_rd34ab9d99d965b,_hardPurgeTriggerMegaBytes,yes
_r026f7f7e63016b,_hasCheckbox,yes
_r888a707d72092a,_hasErrors,yes
_r6827a00dafd02c,_hasFocus,yes
_r4e7fccd65b377a,_hasFrame,yes
_ra9f6b6a5dc3070,_hasPremiumConfig,yes
_rec838932837dea,_hasUnread,yes
_r08cc21ed6463ad,_headDirection,yes
_r26e41e06e6211b,_headOnly,yes
_rf7b4503c08c091,_header,yes
_rdbe3f19dd2bb47,_headerColor,yes
_r412a68854614ec,_headerContainer,yes
_rda956dc2cb86fc,_headerLeft,yes
_rcca9e6a3bf1038,_headerOptionLeft,yes
_r94ddf4910355b4,_headerOptionsRightList,yes
_rd0c74a05427cb7,_headerPreset,yes
_r5c9bed1e2988a8,_headerView,yes
_rb2ea633b477d10,_headers,yes
_rb329df8ef64f01,_headline,yes
_rc8e56aaf575ea1,_hiddenOnPurpose,yes
_r281dc4b33dd48f,_hideFunction,yes
_rcf14a5558062e3,_hideTimer,yes
_rb4338325841200,_hideWallsCheckBox,yes
_re6a81b3decb7d2,_highestAvailableQuestIndex,yes
_r6f2a8d16cb57c2,_highlight,yes
_r3ac7bdf4a04939,_highlightBorderTemplate,yes
_r1de0c9dfde10d6,_highlightChanges,yes
_refd3e44172e8b8,_highlightEnabled,yes
_re18b67c71ea952,_highlightHeight,yes
_r243ea1655d6720,_highlightOnChange,yes
_rd3cd1753802d09,_highlightRootX,yes
_r74a6f72bbcc75b,_highlightRootY,yes
_r2d2c74bcc7fc41,_highlightType,yes
_r94b204925102db,_highlightWidth,yes
_rc32cee2851e37f,_highlighter,yes
_re124cd73e9d8d9,_hint,yes
_rcbf568c461b98f,_hintManager,yes
_re8f51b8055eedc,_history,yes
_r761b9f388d372f,_historyLength,yes
_r679c54887b723d,_hitPoints,yes
_rb597fe8854144c,_hits,yes
_r3d6d278533c03d,_holdPurges,yes
_r5a8d9e5ee9e162,_holderKey,yes
_r792aa8fd7ccd83,_hovering,yes
_r0f52189f24cb1f,_htmlStyleSheetString,yes
_r78de3daddad51c,_icon,yes
_r782cf40c605f33,_iconAssetUri,yes
_rb6fbd1c2de190b,_iconLayout,yes
_r44fb6522418363,_idleAutokickCheckBox,yes
_r01de243cb5cf38,_idleSleepTimeoutInput,yes
_rd5a3df6ae244ef,_idleSleepTimeoutLabel,yes
_r4e1c81bed0164a,_ignore,yes
_r6ee91a93e0a40e,_ignoreBadgeFilterEvents,yes
_r981ccacc8d54d3,_ignoreBadgeRarityFilterEvents,yes
_rf8f86086902acf,_ignoreCapacityChangeEvents,yes
_r0c26ccd9a945a4,_ignoreCategorySelectionEvents,yes
_r5af1ce17a4623a,_ignoreCheckboxSelectedEvents,yes
_ra3d21c9cd5b22f,_ignoreMouse,yes
_r68ed5d8fa54b08,_ignoreRarityFilterEvents,yes
_r74fdb0d25defb9,_ignoreTypeFilterEvents,yes
_rce2550f4b4cbc5,_iis,yes
_rb9fbb9b2a95d72,_imageBaseUri,yes
_r4993b88725b8c5,_imageUpdateCumulativeTime,yes
_r04fafc1ecb4fb3,_inNuxFlow,yes
_r79a09bf04ade92,_inactiveBackground,yes
_r157f92b3ed2119,_includeInfo,yes
_ra32bf54e672cc6,_increment,yes
_rd93d0a54a6625e,_initDecodeChar,yes
_rf141f4e51433db,_initEncoreChar,yes
_r9763f4a632910d,_initialVariableName,yes
_r3c40109c822c0c,_initialWidth,yes
_r37fdba5a3ffb85,_inputMessage,yes
_r4e750e88a73cd1,_inputTextNeedsClearing,yes
_r9207410d47b7df,_instances,yes
_r922acaa0f6f66f,_intParams,yes
_r1bcf106ee3040a,_interfaceMapByFurniTypeName,yes
_r1980ed32f360a6,_internalVariables,yes
_rd8e5955d0148e1,_inventory,yes
_r7a2dbd4adba696,_isAdmin,yes
_r8f589e376f0f7d,_isAmbassador,yes
_r0da680c6173ae1,_isAnonymous,yes
_r3f3dca577f4af4,_isDisabledForWearing,yes
_rd7f626b64a96a1,_isEditMode,yes
_r4546df03e64f68,_isExpanded,yes
_r0324b8df6c7dd0,_isGameRoomMode,yes
_r2f7b45e78057e5,_isGuestRoom,yes
_raa42564ccad3d9,_isGuildRoom,yes
_rbf823821f309bd,_isLoaded,yes
_r269d7cdd3eed13,_isOpen,yes
_rcd8382e11de8fe,_isOwnerMode,yes
_r56039c4416c549,_isRegisteredForUpdates,yes
_r9dce150caf1f07,_isUnseen,yes
_rc420c2a9f21dc6,_issueListLimit,yes
_rf18b9f702546bf,_issues,yes
_r656a31c5cc647a,_itemArray,yes
_r2a35fc4d99056e,_itemKey,yes
_r9032bb8b3e3129,_itemList,yes
_rc2ef28634ac4f4,_itemNormalColor,yes
_rc427320acdbd28,_itemSelectedEtchingColor,yes
_r0479ca5e931380,_iterationModeRadioGroup,yes
_r5f901ae160bdde,_landingView,yes
_r0fcbb38d7a9803,_landingViewLayout,yes
_r2ab341540e41c3,_lastComposedBackgroundAlpha,yes
_r532e904f7a24d3,_lastComposedSourceAlpha,yes
_re59f80480a0ea5,_lastHadVisibleEntries,yes
_ra19b7149e8fce8,_lastLeftPaneHidden,yes
_rcf64c604b481bb,_lastRenderedPixelWidth,yes
_r44fdff27572e72,_lastReport,yes
_r7f9778b9028ed1,_lastRequestTime,yes
_red6899af05dd45,_lastTestTime,yes
_r0f0889aab3e33c,_lastTitleUpdateTime,yes
_re9bdba55c3f54f,_lastUpdate,yes
_rbb835eb3e0f110,_lastUpdateTime,yes
_r56e3cefdd8a3f5,_lastWindowWidth,yes
_r6f92190c4e757b,_latencyValues,yes
_racfdda464b1c95,_latestDisplayKey,yes
_ra919b7381b4bc6,_latestOwnOffers,yes
_rd458447474db6c,_launchers,yes
_rc298a4ee2fb23d,_layers,yes
_r0cad7153186798,_layout,yes
_rf85261c9dbf663,_layoutContainer,yes
_r4b9b6b55a0ec4c,_layouts,yes
_receae5ab4b69c2,_left_arrow,yes
_rbdaeeec060763d,_levelItemLayout,yes
_r052354cb48540d,_levelName,yes
_r55258747ae0add,_levelProgress,yes
_r5cd1d51e71d52b,_levels,yes
_r8a24063f11c885,_libraries,yes
_r03687e7ec402f4,_libraryName,yes
_r9e632e2e07180a,_lifeTime,yes
_re93cb767482df0,_liftAmount,yes
_rae5c117590b03e,_liftedRooms,yes
_r3f2780fb8b5a2b,_limit,yes
_rbed231875347b3,_lineByLineMode,yes
_r5948a2964e1849,_linkClickCallback,yes
_rbd92de9d8d53cf,_linkEventTrackers,yes
_rabab41fb46d52e,_listCode,yes
_r957b5b5f8f7bd9,_listeners,yes
_ra55f18c0d005f2,_loaded,yes
_r09339dbdf12b3d,_loadedSamples,yes
_r8de5d91c63915e,_loadingIcon,yes
_refdc4f747b3610,_loadingText,yes
_r811c8059c6555b,_loc13_,yes
_rbde4ec7d4794e2,_loc5_,yes
_r2bc0329a82ae45,_localListOfTypesByMime,yes
_rb48598e5c1058f,_localStatus,yes
_r3d12a3ba39d2e1,_locales,yes
_r863002bda87230,_localizationKey,yes
_r0217561ba32d4a,_localizationManager,yes
_r649ea8a9da1946,_localized,yes
_r275b32735319e0,_localizedName,yes
_r1c16b38c64bfb2,_location3D,yes
_re2877eabc119f5,_loginAreaWidth,yes
_r55d06839ac7ea1,_lowerCaseName,yes
_r931141bbc5f599,_main,yes
_ra1deefb75c1be8,_mainSprite,yes
_r46aecd9c81c4c2,_makingSnowballs,yes
_r0cb22fc8f67c25,_marketplace,yes
_raed496cc27b5a4,_maxAmount,yes
_rb1850a56b3be3b,_maxCharacters,yes
_rd0ac26b9345aac,_maxLines,yes
_r7709c5f4c0e8ae,_maxNumberOfParticles,yes
_reb7c89383e2980,_maxNumberOfPlayers,yes
_rd893d170f576e2,_maxOfferAmount,yes
_r393e9bd3108749,_maxPrice,yes
_r10578909c2ad0e,_maxSnowballs,yes
_racc85ccc0f7abb,_maxWidth,yes
_r2fb741d9b601a8,_maxedProgressInfo,yes
_r86576db8b26f10,_maximumEntities,yes
_r2e88bf39888993,_mediumColor,yes
_ra45f8209f98fb4,_membersOnlyInfo,yes
_r501041fd00b387,_menuIsOpen,yes
_rad01d802475def,_messageEvents,yes
_r9543c49bcab46f,_messages,yes
_r783dd8ec87e2d6,_messenger,yes
_radd421d82a1ea9,_millisSinceLastUpdate,yes
_r0d3df03f9e6a90,_minPrice,yes
_rb1593bc7d96c8e,_minWidth,yes
_rb4a86697e88ec6,_missingAssetNames,yes
_r89e51ff5779a85,_mode,yes
_r6765bd1abd0148,_modeDropdown,yes
_ra46d224bbd31ef,_moderationManager,yes
_r25e0fce01a14ef,_modulus,yes
_r4269631cbf2ff0,_month,yes
_rcbdcae44c82ddb,_movementDirection360,yes
_rb73a23a3af7bff,_msecsUntilPrompt,yes
_r46fbbc7ac849a3,_msg,yes
_r7509f617339f38,_msgSelect,yes
_r8ea41175151d91,_muteAllPetsCheckBox,yes
_r1782383f9e4fc8,_myReportStatus,yes
_rf827cd49ac2351,_mysteryBoxColor,yes
_r98f3c919bbb82c,_mysteryKeyColor,yes
_rd96cf0e1254aed,_name1Preset,yes
_r3404a314429794,_name2Preset,yes
_refea3e2878b5ac,_nameInput,yes
_r81b5a27f87fc87,_nameValidationInfo,yes
_r933455372631a7,_nameValidationStatus,yes
_r8941b96d5467cf,_navigator,yes
_re44971cb26d06f,_navigatorCache,yes
_rfaea1bf6b83d74,_newFigureString,yes
_rb9bfd15f447523,_newFurniDataHash,yes
_r5195bc4e667ef9,_newNavigator,yes
_r39e90ef5f3dd2f,_newNumber,yes
_rf2a3d6c74a743d,_nftAvatars,yes
_r0598165c27a6d6,_noPushToHistoryDueToNavigation,yes
_r77bb187c8bd294,_nodeDirection8,yes
_rab2e438577273a,_nodes,yes
_rc8e22436996d22,_notificationMode,yes
_rdf5b9977ee7a87,_notifications,yes
_r13f53eb2ea58ca,_numOfPages,yes
_rad348c4e5d9d4b,_numberOfTeams,yes
_rd6b3ba7fe68c68,_objectFactory,yes
_r3ab151b2677909,_objectOriginalNames,yes
_r0e60eab354ad62,_offer,yes
_ra89df5c2a27636,_offerAmount,yes
_r6ea761c2e9230e,_offerCenter,yes
_ra569950d8213c5,_offerCount,yes
_rd76cd310ff80fe,_offerDialog,yes
_r7ecda85051f914,_offerExtension,yes
_ra5f657e0808da7,_offerId,yes
_r2da445bf0ac88c,_offerIds,yes
_r9e55e4a466870c,_offerMessageEvent,yes
_r1644e51e16ea58,_offerRewardDeliveredMessageEvent,yes
_r5b7030af16bde6,_offeringsTemplate,yes
_r19dd85bc308a2f,_offers,yes
_r6676c04bb7aad6,_offersAvailable,yes
_r536364c6e64420,_offersReceived,yes
_r6017a622aec4e0,_offersRequested,yes
_r7f97a777621ed3,_offersViewed,yes
_r1aa38ebc320202,_officialRooms,yes
_re75c6bc9adb8c5,_offsetCheckboxes,yes
_rced4c84e558782,_offsetX,yes
_r416b089e32d7c9,_offsetY,yes
_r51a23ac8d7298e,_onCellEditCallback,yes
_r7997fec8983eee,_onChangeCallback,yes
_rabb4d964e95001,_onFinish,yes
_ra62cefb43af181,_onHide,yes
_r29f3eeb2f65978,_onRowClickedCallback,yes
_r73b2c51b7a88b9,_onRowHoverCallback,yes
_r5540190ee965d8,_onRowSelectedCallback,yes
_r6f4980fb571b97,_onSelectCallback,yes
_rc2c93425f2a694,_onlineIndicatorPreference,yes
_r209bf08e800825,_opacities,yes
_r606a800af92d00,_open,yes
_r74534d7962bee0,_openStateDropdown,yes
_r42451582403008,_openedWidth,yes
_r34c20086316125,_optionGroup,yes
_rc6a973e68a498d,_originalData,yes
_r50582d13c8a028,_originalVolume,yes
_rc9faa504922cd4,_otherUserName,yes
_r1c411eeab595cc,_otherUserNftItems,yes
_r29dc704f2fed3a,_otherUserNumItems,yes
_r123fedc757ea43,_otherUserNumNftItems,yes
_re7fc28aabbe990,_others,yes
_r816ccb2aecdc62,_overlap,yes
_rd25922149432ab,_overlays,yes
_r991da1b470f053,_overrideMaxPreset,yes
_r173487e89e526e,_overrideMaxValue,yes
_r0ba2e0c583cf6d,_overrideMinPreset,yes
_r12c0afec9d248b,_overrideMinValue,yes
_re4f49574ff434d,_overridingAction,yes
_r2d74240398eb4b,_ownEntry,yes
_r4c0bd6e60439c8,_ownUserNumItems,yes
_rfff99002aa1c8e,_ownedSearchEntries,yes
_r81a0e85a452976,_ownerName,yes
_r1a2c8b1e8a7273,_pageKey,yes
_r5b05da488c98f5,_pageName,yes
_r608ecc3ed99b3c,_pagePointValues,yes
_r8afdcf7f174104,_pages,yes
_r649d33f0a995b2,_paletteIndexes,yes
_rb6af78a099407c,_palettes,yes
_r7904bb3081480f,_parameters,yes
_r540ac2d0bd9fe7,_parentCallback,yes
_r04d7d686584199,_parentNode,yes
_rad895b70aeb4b1,_parsedLayoutCache,yes
_rb53276efdd3c69,_particleSystems,yes
_r4513494e8d76fa,_particles,yes
_rb8619601111356,_particlesPerFrame,yes
_r7221570be2a9c6,_passedItems,yes
_r0e037ca5e0fb99,_passwordInput,yes
_ra9c42f1b16c160,_pendingName,yes
_r15bcfc06bb040e,_permissions,yes
_rff6972d9b3508c,_pet1,yes
_r975a5909d8661e,_pet2,yes
_r24475d70c2c7f3,_petColors,yes
_r5a4a01c2048d2c,_petFigureString,yes
_r09450a08a2710d,_petInfo,yes
_r3b8d045b9a53fa,_petLayers,yes
_r0d3007b6663786,_picker,yes
_raa6ff36fa6eb90,_pickerName,yes
_r5638b95a2b53b0,_pickupMode,yes
_r05d6c9eae62339,_placeholderName,yes
_r24449233eb5d36,_planeMaterialItems,yes
_r2430822a7d30fd,_planeTypeVisibilities,yes
_r79c9589305cc56,_playPreviewContainer,yes
_rcbb789640f3cb4,_playTestMode,yes
_r24ee1dc38d495c,_players,yes
_r07eb55f85e872d,_pointerXMargins,yes
_rbfe52b4b0597ef,_pointerY,yes
_r04a08ea11f63e7,_populating,yes
_rb42c9926db07e8,_popup,yes
_r72da0f1df2baf1,_popupTitle,yes
_r95edb12eff011e,_posRadius,yes
_r0135247e39dd38,_preferBigMode,yes
_r9a2230a3f5d5ce,_premiumPagePrizes,yes
_r6a36bb169f17ef,_preparedColor,yes
_r3f2ddadd154010,_preparedTint,yes
_ra13d4f06e25f0f,_presetNumber,yes
_r5b4f036a9428a5,_pressed,yes
_r38f940e010b142,_pressedBackground,yes
_rb8947512c7f700,_previewStatus,yes
_rc3909ddb0f7330,_primaryColor,yes
_r9ec6e739bf8ddd,_priority,yes
_r3248c3cb9915a0,_prizeWidth,yes
_r409a6ece86b975,_prizes,yes
_r5fbcdefe6e7fba,_productCode,yes
_rc456ceed18dbff,_productDataHash,yes
_r0ff5d8de41df93,_productName,yes
_rdc52c3c18ae04c,_profilerComponent,yes
_r6fcd4a8ccf7eb8,_progressBarWidth,yes
_re99146c2062a16,_progressKey,yes
_ra3ddc78a8ec32c,_progressView,yes
_r319f21dbf6aeea,_promoInfo,yes
_r2d6c345a688b41,_publicKey,yes
_r09834e91466a94,_pulldown,yes
_ra34e40caf8183e,_pulldownDisplayObject,yes
_recd0ad4912c470,_purchaserName,yes
_rbc6471908b99fe,_quantifierCode,yes
_r17b98373672d9b,_questChainName,yes
_re5c48d9c573900,_questDetails,yes
_rfdf97d8a7d195a,_questEngine,yes
_r461cd38e568117,_questName,yes
_r940c4265f70b3b,_questionArray,yes
_r73e0d9d2562842,_questionIdsForWrongAnswers,yes
_ra2e5fe51683ade,_quizCode,yes
_rb0af074afe7a4d,_r,yes
_r61a1437497339d,_radioGroup,yes
_rfcea3eb4e0a4ab,_rankTextName,yes
_r19341e7cd48041,_rarityCategories,yes
_ra18660d96dbf85,_realName,yes
_r901e342bb40515,_realRoomObject,yes
_rcf1473d99f1e32,_rebootOnNextFrame,yes
_rc570b440363920,_receiver,yes
_rc1e92c13c12a5f,_recipeCode,yes
_r3fef298429a742,_recipientName,yes
_ra2e08e8c68b9c9,_referenceWidth,yes
_r72c65425dd19ec,_regPoint,yes
_r8debc2c7bd13e0,_registry,yes
_r14f299fd5f7bc8,_relativeDepth,yes
_r94162cd2156dd4,_remainingVotes,yes
_r1d831d29925b7e,_renderRoomMessages,yes
_r0f478438b77e9a,_rendererFactories,yes
_rf1f21bea710d24,_rendererRegistry,yes
_r45a17c7dae5544,_renderers,yes
_r4d064c8bab2004,_repeatMode,yes
_r41acc18aafe5f4,_reportedRoomName,yes
_r35be63bd3e4896,_reportedUserName,yes
_re89b4fa9b642e9,_requesterName,yes
_r8454d94433955f,_resultData2,yes
_rda51e778aecd4d,_rewardAmount,yes
_r503726818657c4,_rewardCategories,yes
_re73e5d77d7cbc3,_rewardClaim,yes
_rf548b2df0b4916,_rewardIntervalGroup,yes
_racfd5d0b3c4064,_rewardingModeRadioGroup,yes
_r3e0ce0137dc3a4,_ribbonTypes,yes
_rd6e82fa57d88b7,_rightSide,yes
_r03c7c8aab41c08,_roomDropdown,yes
_r07e65cb533fea0,_roomEngine,yes
_r1c700360d62f78,_roomEvents,yes
_r76055f2aec7313,_roomInfoPopup,yes
_r320471dc382709,_roomName,yes
_r39e4b9611fee48,_roomObject,yes
_re425dad58d3fce,_roomSessionManager,yes
_reb0b26e7e6bee5,_roomUI,yes
_r21653ded17b1e5,_rooms,yes
_r9a0bdc1b02e52e,_rootDisplayObject,yes
_rcd6bb4271b5ae7,_rowModels,yes
_r8e78cecc1cb0c1,_ruleNode,yes
_r2e3c6072870dbd,_rules,yes
_rf8a56a36a3a1d7,_samePageTimeout,yes
_r71f82d05ded1b1,_sampleData,yes
_rd412b047a8c5ef,_savedFlatId,yes
_r8aa702c8919f05,_scale9Grid,yes
_rd35740b964233b,_scanningMode,yes
_rac21401c006b82,_schedulingStr,yes
_r51bb2ce488e2a5,_scrollAreaWidth,yes
_rfad5bf0a1d29c9,_scrollBar,yes
_r9b4fe88162c338,_searchCode,yes
_r0b143488d76a8f,_searchEntries,yes
_r4988e1408d37fb,_searchMsg,yes
_rd238e45e94f1f7,_searchStr,yes
_r2c3ea156f97e81,_searchString,yes
_r62068c8ffb2edf,_searchTerms,yes
_r433eddf273ca1f,_secondaryColor,yes
_r3e7c0831e33e23,_section1,yes
_r437d083bf87036,_section2,yes
_raadd36ac7165f3,_section3,yes
_re95dc94f64ca74,_section4,yes
_rec32162e68985a,_selectValueGroup,yes
_r13f547e59e790b,_selectedAchievementId,yes
_r2948c1da0e5eec,_selectedAction,yes
_rf802506c0775bf,_selectedBadges,yes
_ra02ee843b09ef7,_selectedGroup,yes
_r15af6ec182b449,_selectedLayout,yes
_rd74c8bd07e4422,_selectedObject,yes
_r867323e426edce,_selectedProductCode,yes
_r51a77746563835,_selectedUserName,yes
_r9514f114442322,_selectionCache,yes
_rbadc30b0f6ed34,_senderName,yes
_r78c77e3158fdf7,_serverStyleNames,yes
_rb5cbc776901c9c,_sessionData,yes
_r65fa7e23c9ff0d,_sessionDataManager,yes
_rf3e5b8edb083a4,_setKey,yes
_r23642a811c7860,_settingProperties,yes
_r70804be0d0dd80,_shiftKey,yes
_r25eaded109ed34,_shotImages,yes
_r28bc524616f27b,_showByDefault,yes
_ra2eba23cd97561,_showHcItems,yes
_r476486ec099326,_showRoomNumbers,yes
_rad4750d384eeb5,_showedPopup,yes
_r4407342f68983e,_shownObject,yes
_r340dc3a8587825,_signDropdown,yes
_r7a6af4910e92d3,_similarInRoom,yes
_r98af7e02621ef2,_simpleItemBase,yes
_rddaee853cdf99c,_simulationTime,yes
_r1cc8834ab96837,_skipPositionUpdate,yes
_r049f8426228021,_sliderBaseWidth,yes
_r918257dbc75c80,_sliderMinutes,yes
_r6050273d281a6c,_sliders,yes
_r0bb290a05d0947,_slotNumber,yes
_rdd2e57d5474ec3,_smallImageUrl,yes
_r682758faafe9cc,_smallMode,yes
_r168732d7471da2,_softPurgeTriggerMegaBytes,yes
_rdcee84bd60749d,_songName,yes
_rd6fdb3af1d95ce,_sortTypes,yes
_r13112cc34184bb,_soundManager,yes
_recc50fed77a730,_soundObject,yes
_r695940525a0bd8,_sourcePath,yes
_r4d079b4519ecae,_spaceBetweenImages,yes
_r13ad2eaee8d878,_speedRadius,yes
_r2885d299f7285a,_splitter,yes
_r7740b561dfdf58,_splitterBaseColor,yes
_rdc6bc37ea00e63,_splitters,yes
_re5cad47b9dc77f,_spriteColors,yes
_rcf114868853a17,_spriteMouseCaptures,yes
_r9c985b7d18931e,_sprites,yes
_r28859fa8f4bea3,_ssoToken,yes
_r5d6e3862e7b277,_startFrame,yes
_rad48f4ea234893,_startMessage,yes
_r1b740ef4be6ac0,_startProgressWidth,yes
_r87bd8d021d9dd9,_startRadius,yes
_rf7198aecc07388,_startTime,yes
_rbbf159c4420c9c,_stateCheckbox,yes
_ra5721b354289f6,_stateEvents,yes
_r183717f4d35f34,_staticWidth,yes
_r662a6ee26dc103,_status,yes
_r376d4ae1f12598,_statusTime,yes
_r4b7f4a6e644d17,_stepBeginTime,yes
_rb135ed41242447,_storages,yes
_r94ac35575f60f3,_stretchMode,yes
_rb120b448c37233,_stripesOverlayCache,yes
_r52784a1abaad9f,_strokeColor,yes
_r48fbbe54d349a0,_stubPurchaseVipXML,yes
_r67314f105e1ba3,_stuffCode,yes
_rba61dc5d97f68c,_stuffId,yes
_rb3081b20fcfa97,_stuffIds2,yes
_r71ef098abd09c7,_stuffTypes,yes
_r9a311f26ce4c27,_styleConfig,yes
_r188d7a3dddbf1c,_styleName,yes
_r9017b680ee484d,_styles,yes
_rea56ee71792c7a,_subControllers,yes
_rc94c5ecc8c8acf,_subOptionGroup,yes
_r6a2b77793d727f,_submit,yes
_r958f1b72a5f976,_submittedKey,yes
_rffe00069e1f299,_successFrame,yes
_rc1c577f8ee38ae,_systemOpen,yes
_rb36e452bd23485,_tabConfig,yes
_rec99266a6256ba,_tabContext,yes
_r391b69e0c2f321,_tag1,yes
_r144ef780217c53,_tag1Input,yes
_r7c4b0fc03a99f4,_tag2,yes
_r8972f6cc9e171d,_tag2Input,yes
_r5e6166ee39fb4a,_talentProgressMeter,yes
_r0ef594c62788e4,_talentPromo,yes
_r72c302a85d9428,_talentTrack,yes
_r38c5ef4e959b27,_targetUserName,yes
_r1feb7f82d131a1,_teamScores,yes
_r9f35005f4df7a0,_teams,yes
_r8274866511b2e3,_textColor,yes
_r4e1affd689eeeb,_textInput,yes
_r3ea02e0f287e3a,_textStyleName,yes
_re48074071bbc94,_textWidth,yes
_rf03d65b85611b7,_theme,yes
_r4781e9b4f5b6ea,_thumbnailImageNormal,yes
_r9da8f98a4614b9,_tile,yes
_r0ed2f1943ef425,_tiles,yes
_r627815358bc64e,_timeLeftMinutes,yes
_r2f95ea41fdfb30,_timeRemainingKey,yes
_ra437b89d05ee3e,_timeSinceLastUpdate,yes
_rf8bf600ac1349e,_timeStr,yes
_red41233c664da9,_timeUnit,yes
_r91216ba94a0d99,_timezoneValues,yes
_reff9001630214d,_timingCode,yes
_r62518c11be8a75,_toRemove,yes
_rd3c1c43311be95,_toolbar,yes
_rf18ee29fb08530,_topicDropdown,yes
_r6c1b489c5ec9ae,_totalAmount,yes
_r67a4cdad1bd16a,_totalCoinsForBonus,yes
_r1700621f44d5cd,_totalEntries,yes
_re4b89481ca3878,_totalMessages,yes
_rbbc69a43f781f7,_tourPopup,yes
_rfc125cfb6b4bad,_trackerAnimationStatus,yes
_rab0e1569461854,_tracking,yes
_r97f9402d05280b,_tradeMode,yes
_r8403f270977f12,_tradeStartTime,yes
_rb18afcd110102a,_tradedUserName,yes
_r7f5062ebe34673,_transactionInfo,yes
_r8d69a073d12936,_transactionMode,yes
_r33fbb50aa76ee3,_transitionTimer,yes
_r644499041bad67,_traxSamples,yes
_r421e1de21c4962,_twinkleImages,yes
_r7a7ebf3b656669,_typeCode,yes
_r6d646d4fb82a84,_types,yes
_r7ec16c570cd67a,_uniquePrizeCheckbox,yes
_r1d5f80242e1718,_updateID1,yes
_r1d8d967c186774,_updateID2,yes
_re4aaef6ea68262,_updatingControls,yes
_r162f484bbd38d1,_useColors,yes
_redd5c0c3c93a73,_usePixelPerfectNineSlice,yes
_r7cdd7d23d937e7,_useProductBubbles,yes
_r9e581114b3ae7f,_userSourceTypes,yes
_r48184bc616661d,_users,yes
_r74031c071f77c0,_utils,yes
_r9ee01f97cebdca,_variableDropdown,yes
_r7492e3532d2c4d,_variableFxRendererRegistry,yes
_re8245990edd42e,_variableFxStatuses,yes
_r2386af771bf20b,_variableIdToHash,yes
_r9960732bcb8dec,_variableNode,yes
_r3666fac96f15d4,_variables,yes
_r9e706d6b922fbb,_viewConfig,yes
_rf5cd76767bece2,_viewMode,yes
_raa88c782b547ac,_viewOnce,yes
_rc5cd793e6aace0,_vipQuestsCampaignName,yes
_r12d9ba99e9d971,_visibleCategories,yes
_rf0f5c407e7f169,_visibleFeedCategories,yes
_r602da1dd880a52,_visiblePlaneSpriteNumbers,yes
_rfdb51f76d7df12,_visibleWidth,yes
_r6e2b4fb6cb4bb9,_visualizationMode,yes
_ra2733a471ba8cf,_volume,yes
_r1f5856f806a921,_waitingForAddresses,yes
_r4fdc961b261272,_wallItems,yes
_rbcd1d2ef0f424b,_walletAddresses,yes
_rb33a8f6f66f033,_window,yes
_r9fbca0cda88bbd,_windowMin,yes
_r7f1988e93eca26,_windowName,yes
_ra12a6c4daffddb,_windowServices,yes
_re4a6864a1e0303,_windowWidth,yes
_rca68b0e8db31c1,_wired,yes
_r7bd95fe8be7c58,_wiredStyles,yes
_r16298b6a82840f,_working,yes
_re2d451737dfd3b,_xmlFileName,yes
_rad35b9f0103d31,abortButtonVisible,yes
_r459df8e006d78d,absoluteValue,yes
_r2e7c41b4c86a4d,abstractMethod,yes
_r0471ef487ff3ab,acceptButton,yes
_r2474610dfcf2d5,accessRights,yes
_rfb539956eb01f9,accordingToRoomChatSetting,yes
_r800ea8ca2565be,achievementId,yes
_r6c956374fc8845,achievementIsNew,yes
_r5929124cb7b4f2,achievementIsVisible,yes
_rb1d752bf5cc65a,achievementName,yes
_r35b70ee52a2bf8,achievementsColumnCount,yes
_re767662c979abc,achievementsNeedScrolling,yes
_r58675341c01c86,acknowledged,yes
_rdcc827445305d5,acquireNodeView,yes
_r554da236e5f1d5,actionAllowed,yes
_r3e940b609a90a1,actionDescText,yes
_r13f4eca443689d,actionDropdown,yes
_r84526aa2465722,actionText,yes
_r22ffbf6d684b38,actionType,yes
_r0eeef008683793,activate,yes
_rd44964c7b9e9c1,activateFurni,yes
_rcbb5559ef50651,activateScrolling,yes
_r5cb10bb06d26b6,activateView,yes
_rad681831088b4c,activeFurniPicks,yes
_r66a94af450c1a0,activeFurniPicksChanged,yes
_r14c28063579794,activeKey,yes
_r6a7ef706bbf532,activeRoomId,yes
_r58a62ef2cc27a1,activeTile,yes
_r4c7d261e2f93ee,activeView,yes
_rf588ed886f4776,activeWallet,yes
_r22961c2d42fe41,activityPointType,yes
_r9f82341ae745f5,activityState,yes
_rd2abe719f22fe5,activityTimer,yes
_r0b126fe7a1d688,addAcceptedRequest,yes
_r47e4e5ae62dfee,addAlias,yes
_rb3b67fa62f4b8f,addAsset,yes
_re3f2b5ba49c33a,addAssetId,yes
_r36b9f097bf0f51,addBadWord,yes
_r1be301efd05a31,addBitmap,yes
_r298899c1139fa5,addBitmapData,yes
_r59734afe081d79,addBitmapMask,yes
_ra06e1e9cbc7d50,addButton,yes
_r755ac8b908b462,addButtons,yes
_r1a0467a8f87439,addCategory,yes
_rc9b874c97626b9,addChannelItem,yes
_r72bbfe05b56dce,addChatMessage,yes
_r6378eb7daae17c,addClassificationRowToList,yes
_rba34ca226e0790,addClickListener,yes
_rb36957b098d0ac,addColor,yes
_r8749f416bd57dc,addColumn,yes
_rbaebea08202e41,addColumnForItem,yes
_rb729350cdb4dee,addContentLineToList,yes
_r47747761f58acb,addContentsToComposer,yes
_rcf79ff8f34faf6,addDebugData,yes
_r45c1c1c8466277,addDeclinedRequest,yes
_rfe197966f40da5,addDimmerToFriendBar,yes
_r82f41ab3af3ece,addEditContractElement,yes
_r0dc3cd09efc0d5,addEffectSprites,yes
_ra3a11a4c5015f4,addElements,yes
_r9eccb85c1ec6dd,addEntries,yes
_r8599e8cde0ad3b,addEscaped,yes
_r177852baa48ea5,addEtching,yes
_r77b8c21fbbe5f2,addEventListener,yes
_ra0e3ea04113db0,addFiltersToFurni,yes
_rc5f68f49a87b04,addFloor,yes
_r6c2a77bfba8a12,addFuseObjectsAndHeights,yes
_re75204a08dd382,addGameEvent,yes
_r7bf168b9f77ca8,addGameObjectById,yes
_rabdf762c5d756d,addGameObjectToTile,yes
_r91d033deaa9a05,addGraphicAsset,yes
_r7c5b561ca5f6b7,addGridItem,yes
_r8a5dcab2f22d3f,addHeaderOption,yes
_r087da3abc841eb,addHeaders,yes
_r6444ad782efc07,addInfoEntry,yes
_r750253b6ed6bba,addInputFields,yes
_rc759d8f85463a4,addInvitedFriend,yes
_r347492028ee84c,addIssue,yes
_r468af29bda437b,addItemAndUpdateChatList,yes
_rd6402337321d1f,addItemToMixer,yes
_r69a4d3a43bea03,addItemWithBitmap,yes
_r410295a37e15b3,addLeadingZero,yes
_rb432bac011e280,addLibraryAsset,yes
_rba48ffb6e7083f,addListItemAt,yes
_rd73e766a2a85d5,addLobbyPlayer,yes
_r00365d979dcc38,addMannequinSprites,yes
_r6a5e4aaeb15203,addMaterialCellMatrix,yes
_rc3554332ccdc58,addMenuItem,yes
_rc7f2bda97da4aa,addMenuItemAt,yes
_r9a1bebf82196b8,addMessageEvents,yes
_r53425d5ebca0e6,addMessageFragment,yes
_ra372c670dca109,addMoreButton,yes
_r01741983eabf95,addMoreContainer,yes
_rc3de4124c9c866,addMouseClickListener,yes
_r805f5eb2ab7467,addNode,yes
_r99dbbd6c186524,addObject,yes
_r5cfde29eef0aca,addOrUpdateGroupableItem,yes
_rfc739f3499553a,addOwnedSetSections,yes
_rd50ec5b008cb56,addPlanet,yes
_r9d2ede4083a726,addPlayer,yes
_rf4f462b03192c3,addPlayerScore,yes
_r626d75fbb94303,addProfilerAgentForReceiver,yes
_r36aba3ff53c70f,addProperty,yes
_refa4d076953d4f,addQueue,yes
_r6b489505893795,addQuote,yes
_r8d3a83243876b6,addRectangleMask,yes
_r4a48f0da09f8c5,addReference,yes
_r3578c237fc4aec,addRemovedFriend,yes
_r3a76bc9e859e5f,addRenderer,yes
_r9ecda947660cb2,addReward,yes
_r075a2299a7f343,addRoomNameForMissing,yes
_r47d8134b3891f0,addRow,yes
_r0f45627af6a1d3,addSavedSearch,yes
_ree6388bac479db,addSearchContextAtCurrentOffset,yes
_r5cdcc7df601473,addSearchResultsSection,yes
_r9f90e7288848c7,addSection,yes
_r26fb202e5d70ea,addSimpleItem,yes
_rc41f02c763cce3,addSkinRenderer,yes
_r42196f3728b7f4,addSongPlayingNotification,yes
_refb17658654eaa,addSongsBackgroundImage,yes
_rd928bab8441bda,addStackedAddition,yes
_r48ebb4713e51f9,addStorage,yes
_r67d16170df3a0b,addSystemMessage,yes
_r4965644f237b5d,addTag,yes
_r31aff3affb1833,addTeamScores,yes
_r2f8f907d6fba9d,addTextBlock,yes
_r0bba2f5e9d1c27,addTitleField,yes
_r381d74a520e387,addToComposer,yes
_rbe6ae1cb72a402,addToCurrentSlot,yes
_rd2c1f247e063e7,addToQueue,yes
_rb046018ab5ed77,addToRenderQueue,yes
_r28a2150d13a4ac,addUnseenCounter,yes
_r37c1f5fb40898f,addUser,yes
_r4c058c9cc47705,addVariableButton,yes
_rfa698a0cad3d84,addWall,yes
_rdea0fea03a543b,addWeeklyGroupData,yes
_re601a60a4d41bc,addWheelListener,yes
_r59bc8caa7923a5,addWheelListeners,yes
_rfb80ab718fea38,addWidth,yes
_r3baf62dc5d65e4,addZeroPadding,yes
_r2b45f0bce5f603,addedUsers,yes
_r2c575dc94ea874,additionalTextHtml,yes
_rd5ce1ac5b67110,adjustBlend,yes
_r902f306110adf5,adjustBrightness,yes
_r404cfcd31a11a0,adjustSwipeOut,yes
_rba75a4f5fe079c,adminId,yes
_rca2a7fabdcd8ed,adminName,yes
_r8020d41caae41f,adminOperationTimeAsSeccondsAgo,yes
_rd061f09a58c0e6,adminOperationTimeAsSecondsAgo,yes
_r9afcc30a90ffa9,advanceAnimation,yes
_r884b3aa7a5245a,advanceTime,yes
_r7f38ccfc316c88,advancedAlwaysVisible,yes
_r0d864a34a7cfec,advancedSettingsWrapperPreset,yes
_rc6da2f76ddc8c9,ageText,yes
_rffd84103f6291b,albumHeader,yes
_r8bc8e2297c47b6,albumProgressBar,yes
_r098da15affc92c,albumProgressText,yes
_r61d756d328d91c,alertDialogManager,yes
_ra4ee8bbe338dca,alertPlayListFull,yes
_r8b4362d2872e59,alertPopup,yes
_ref77a817c45fc6,alertTradeCancelled,yes
_r6cf191f8b60fca,alertTradeOpenFailed,yes
_r30488e0368f7d1,alertWithLink,yes
_reb9918e9f7066d,alertWithModal,yes
_r8e033e6fc186d2,aliasCount,yes
_r44fe3a83473ee5,alignBottomLeftTo,yes
_r5a3ba0d76d9276,alignToSelector,yes
_rf365684a8b7091,allCategories,yes
_r779834a3ed3484,allCommandIds,yes
_r978a22118ce3e8,allNotificationsCheckbox,yes
_r336b3f3cb64d0d,allSetsContainer,yes
_rbbe12ddd9d656c,allVariablesHash,yes
_r7690f6ee50e5dc,allWiredUserActions,yes
_r03df13edec926a,allocateEntityWindow,yes
_r30fb4ce0b8f7c2,allocatedByteCount,yes
_r55973e526771d8,allowFoodConsume,yes
_rfd2c4d76a5edff,allowNameChange,yes
_red7a008edcea5c,allowWalkThrough,yes
_r7b6216ee388b68,allowedColors,yes
_rd4382ffdfd1948,allowedRenderers,yes
_rfe6cdfceac6e96,allowedWidths,yes
_r96b90346e8923e,allspritesactivate,yes
_raf6ba608370f6d,alpha,yes
_rbe3a8104dffbd2,alphaFromColor,yes
_r0b7a116eeece50,alphaTweenBlink,yes
_rca46aa989b5a58,amIAnAmbassador,yes
_r41736cadf92476,amIAnyRoomController,yes
_rdfa529dddc799f,amIOwner,yes
_r9369154c3b00c9,ambassadorMenuHasContent,yes
_r53942d7e33e139,amountChangedForItem,yes
_r8e5324df52fe85,amountCoinsInput,yes
_rb9f020e18f9d08,amountFurniInput,yes
_ra01d40958a9c2a,amountInInventory,yes
_r9cf2a1fa7a9010,amountIndicator,yes
_r47f3e9eb0b7390,amountSelection,yes
_ra7bdaa2960a721,amountText,yes
_refdf5d75ad3054,amountTextBorder,yes
_r73ef3df69b5a27,amountZeroText,yes
_r08e4bbd3373e4c,analyzePriceType,yes
_r48b22a4388a6d3,andText,yes
_rfb84a968b9f365,animateChange,yes
_r434fac5a133544,animateIconToToolbar,yes
_r01fe2d495e969b,animateToIcon,yes
_r021288e51f7699,animationFrame,yes
_r146d0583dbad7f,announceInterfaceAvailability,yes
_r7a79e51469f17f,answerCounts,yes
_r14090d520efb8b,anyAllText,yes
_rd94ca7c2638fed,anyCoinsText,yes
_rffdc82b0094750,anyFurniText,yes
_r30f8825f9dbefc,appId,yes
_r0918cb5b9b69b1,appealButton,yes
_rda7d43b0b70b10,appearAt,yes
_r13937a2b2fca03,appendGradualSanctionDetails,yes
_rbe87ee7bb44565,appendMessage,yes
_rd938fa1337f792,appendRetryParam,yes
_r14aac1e0859f2f,applyAnimationFrame,yes
_rd6c2855604fcd6,applyBadgeFilter,yes
_r1c218439b4063f,applyButton,yes
_r433d79d2f5d0ab,applyClickSettings,yes
_rd2d7f6c7348629,applyCollapseAnimationFrame,yes
_r64733592dc4f02,applyColourToChat,yes
_rc51b811dd49996,applyCombineUniquesState,yes
_r6a8914030e75c4,applyCommonWidgetSettings,yes
_r97eebc418c9a76,applyExpandedBranchOffset,yes
_rfcc61d88d2d0ab,applyFrame,yes
_racbac007607337,applyMannequinOutfit,yes
_r1a8cc8de0556ff,applySearchFilter,yes
_r1c6907e852e31d,applySpecialChatContent,yes
_r5a6ec2aceeccfd,applyToElements,yes
_r529d14b78bb249,applyToSprite,yes
_r53fa097f7dcb56,applyToState,yes
_r427b390bcb0e77,applyTrayWidth,yes
_rc595c554bcb1d4,applyVerticalSize,yes
_r18b2a873eb5a0e,areAllFriendsSelected,yes
_racde35f2eb8aa1,areConfusable,yes
_rc624a0c9b84100,areSameY,yes
_rb27a620b8158b2,areViewableEntityBitmapsInitialized,yes
_r1f5bac5cefd08e,areaHideMessageData,yes
_r225299ec04d453,areaSelectionState,yes
_rf10b334f8ca065,arrangeButtons,yes
_r2300ca094673a6,arrayToString,yes
_rbe575d51b01db9,asArray,yes
_radc694dc62227d,assetClass,yes
_r6524714ef59543,assetCollection,yes
_r4f93502641f8bb,assetLibrary,yes
_ra7dd4cf7b3903f,assetProvider,yes
_r68ef14599c45d1,assignAssetByNameToElement,yes
_rceaf47b82d3e4b,assignAssetToElement,yes
_re0054e22403f70,assignBadge,yes
_r8b919636a6d26d,assignBitmapDataToButton,yes
_r6186e73c98ebc9,assignState,yes
_rd253e98b37672e,assignWindowBitmapByAsset,yes
_r06c5a272ed683a,attachExtension,yes
_rb763e7f57c2a4e,audienceVariable,yes
_rddf2bb7c42fd91,audioPlaybackMode,yes
_ra6423b4b1318ad,authorFigure,yes
_rf22275ef62831e,authorId,yes
_ree1ee11e068138,authorName,yes
_rd2b4184784c7e5,authorPostCount,yes
_rdea7ed5147e82b,autoArrangeItems,yes
_r8e8ada6eefc3d5,autoHandle,yes
_r11cb9c5fe25e8f,autoLockChestCheckbox,yes
_r74cbfd27ea7335,autoPick,yes
_r8d97eff3dbeb4d,autoRefreshCheckbox,yes
_ra59b8a6afcb7c2,available,yes
_ra7cdf498fa91bc,availableForBuildersClub,yes
_r3f3d73b69720df,availableIcon,yes
_r005baac9d877f9,availableSlots,yes
_r14bd066a46d3bd,avatarData,yes
_r5055a87a0af79a,avatarId,yes
_r2d4cc4b8bafbbb,avatarImageReady,yes
_r61a1653c24cc65,avatarImageWidget,yes
_r80a70d3f72a5ed,avatarManager,yes
_ra5d3039acfc3cb,avatarOnly,yes
_r7cb4273a24f640,avatarRenderManager,yes
_rcc613df9c354a8,avatarRenderer,yes
_r512ec960a6a14d,averageColor,yes
_rf2e1694fca4cdc,backgroundEnabled,yes
_rce1c8596772ac9,backgroundPrebake,yes
_r16e8b0c713339c,bad_certificate,yes
_rcc01002fb2daf5,bad_record_mac,yes
_rf01d00ab05a45d,badgeImage,yes
_r70ab4d1d3ebdea,badgeImageWidget,yes
_r78cc191ea10704,badgeImageWindow,yes
_r6c229d5bbe9eb2,badgeRarityId,yes
_r6a99b9faa4a441,balanceContainerList,yes
_r05531c028b71f0,banDurationDropdown,yes
_r195f6f14373d2c,banDurationSection,yes
_r826051878228e5,banSubView,yes
_r87cc8c47f39628,banUserButton,yes
_r989c74c69aac9e,bannedUsersList,yes
_r50dc97e72c643a,barEndBaseSourceRightPaddingPx,yes
_r6b3a30fba7b557,barEndPrebake,yes
_rd5560db1917126,barEndSourceRightPaddingPx,yes
_rc141a68fcd728c,barEndWidthPx,yes
_r3508a5d64b5eb5,barPrebake,yes
_r87d44784c88afa,barShapePrebake,yes
_rb43a561b6d37d3,baseAsInt,yes
_r5a9d5631de95b5,baseSourceType,yes
_rfe9f68db942f65,basicInfoDone,yes
_r35895a05b3ce3c,bcOfferId,yes
_r5d3d5a7b5212fc,beforeEnterRoom,yes
_r1cb3ab5e14b7e8,beforeSearch,yes
_rb35f99c7e03c47,beginFill,yes
_r68859f0ef6d42a,beginGradientFill,yes
_rb3c3663c36d333,beginWidthAnimation,yes
_r4b2cdeeab5e1d7,benefitsList,yes
_rc6cbafb49adf47,bgOnly,yes
_re6d55008c22dcd,binLibrary,yes
_rd5406720f13212,bitmapAssetName,yes
_r0638fb9d7a70da,bitmapContainer,yes
_rb3614723891ec7,bitmapWindow,yes
_r7675772b6f2199,blend,yes
_rd56cebb6019a6a,blendPixel,yes
_rc3307b9d810e1f,blendVariableFxPixel,yes
_r4e8fec5a4a8b0a,blitBackgroundImage,yes
_r2daea30439f2a5,block_dark_point_up_png,yes
_rbcf924f15f5f09,blockedUserIds,yes
_rdca1928ca76045,boostBenefitRow,yes
_r304ecbab99ca59,boostBenefitText,yes
_r63d5b0d873dd8f,borderBackground,yes
_rc45c7c8f504706,borderOutline,yes
_ra976887b57db4c,botId,yes
_rfb08d390298004,botSkills,yes
_rfcb0398995542b,botsMax,yes
_re6ac3cabde23a2,boundedValue,yes
_ra26d4b881c70d2,breedId,yes
_r6cf322c7e9434e,breedText,yes
_ra1c06ffac97434,breedingNestStuffId,yes
_re9fec4a79f39bb,breeds,yes
_r37d1a7c2b7d164,broadcastClaimableRewardsCount,yes
_ra3cccea220acd1,bubbleTitle,yes
_rdc4158bf38bc0d,buildActionOptions,yes
_ra3e2bbb76e6202,buildAlbumFromController,yes
_rc0b7d7add6c188,buildBadgeSearchText,yes
_r87b2ff1c83e494,buildBitmapFilter,yes
_rffe5b88751012e,buildCacheFileBytes,yes
_r667f6d6063a404,buildCachedContent,yes
_r9a4accdc743469,buildDanceOptions,yes
_rc2014a5e5847c7,buildFilterButtons,yes
_r2da3344f8be3a7,buildFromXML,yes
_r7a57a1391cf640,buildInputs,yes
_r368281a9650967,buildModalDialogFromXML,yes
_r30f49b547b804c,buildMonthLabels,yes
_r881525c7d41a34,buildPageData,yes
_r6f13068358fefc,buildRecentEntries,yes
_radcbcaa19ddf9d,buildSignOptions,yes
_r5818697ee32975,buildThumbnailUrl,yes
_r15db4ab5ff8dc3,buildTimezoneOptions,yes
_rb84eb4db49e7c4,buildTypeButtons,yes
_re3aef551e4f266,buildWeekdayLabels,yes
_r962c8dbe03f6dd,buildWindow,yes
_r14f5eeb6ebecba,buildXmlWindow,yes
_rabbcbf231861e4,buildersClub,yes
_r7a0acbfb9e0aba,buildersClubEnabled,yes
_r62cbcab9a653d8,bundlePurchaseAllowed,yes
_r42ffb6a7fc2273,bundlesInfoShownEventTrack,yes
_r407844a80033c7,buttonBorder,yes
_rc3f84b407bb06e,buttonDown,yes
_rae75210d3c2acc,buttonList,yes
_rd90b80561a09b5,buttonPlayPauseBitmap,yes
_r3efe66606e95e6,buttonProcedure,yes
_rd77008c004c7f8,buttonRemoveBitmap,yes
_r95a8bf24659832,buttonShadow,yes
_r9f70a96bae57a0,buttonText,yes
_r3432dfe3d95a65,buttonToPlaylistBitmap,yes
_r92bbeddf5ff603,buttonVisible,yes
_r01ef26469d5aad,buyButton,yes
_r9a35d6b3a5429b,cacheTexture,yes
_r7c325bd244cd1d,calculateActualRect,yes
_rc981ff43be7740,calculateBounce,yes
_r625cf7f446794b,calculateDirectionTowardsCenter,yes
_r3eeb86c11c2488,calculateFilledPixelWidth,yes
_ra062fd559df9be,calculateHeight,yes
_r0cd55c29c0fd99,calculateLastPage,yes
_r2c851205adf7fc,calculateLength,yes
_ref91e6c93de3ea,calculateNumOfPagesAvailable,yes
_rb5dcbe21304366,calculatePageCount,yes
_rce2b3679f01a85,calculatePagePointSpan,yes
_re4af2754e1b8c1,calculateProgress,yes
_r16960add3fa44d,calculateWallEndPoints,yes
_re80458ef3d3893,calculateWidth,yes
_r77e9bed5efef23,calendarData,yes
_r1e7932acce3756,call,yes
_rda3eaae6e9458c,callArray,yes
_r167e225440d1d2,callerUserInfo,yes
_r557b7273c96633,campaignCode,yes
_rc99cf7a5beb9fa,campaignImage,yes
_raf4bfc7f6eb03f,campaignName,yes
_r28f8783ba38853,campaignizeMeterElementAssetUri,yes
_r1b3934d1c78b73,canAccept,yes
_r06cb7d6d8b5b8b,canAddItemToTrade,yes
_r85887d3f88a55a,canBeBanned,yes
_re2aa66960f8b5f,canBeKicked,yes
_r6c58c7df6c1ef4,canBeMuted,yes
_r3a4e4919725c65,canBreed,yes
_r9b51d0b9936cb5,canBuy,yes
_rf5e5c59b6a6d75,canCreateEvent,yes
_r2a0c57db9c41bd,canEnter,yes
_rf147e234dae157,canExtend,yes
_rdfc43cc199c17c,canHarvest,yes
_re9a3a3aa862294,canHighlightCurrentVariable,yes
_r6dcb300595e1db,canManage,yes
_rff3d15e37ce686,canModerate,yes
_r2647f195ad09a6,canModify,yes
_re8a700f37d7551,canOfferCreditFurni,yes
_red2e4616446d9b,canOfferFurni,yes
_reae070eae9b93e,canOfferNormalFurni,yes
_r870e54d5fecf7f,canPostMessage,yes
_r044fbeb42be997,canPurchaseSelectedOffer,yes
_r03c517cca8ca1c,canRemovePet,yes
_rf292141ea8f976,canReport,yes
_rfaacaff309d985,canRevive,yes
_r3494292ecc5e83,canStandOn,yes
_ra7465bf87c30f4,canStretch,yes
_r193049127fb2ed,canTrade,yes
_r97d0297407ef94,canTradeReason,yes
_r7046139f392ea6,canWithdraw,yes
_r744cc377bab008,cancelAutoScrollToLatest,yes
_radc7d70e2bde5d,cancelBreedingPets,yes
_rda1206caa56f5d,cancelButton,yes
_r9a08e4177e55d0,cancelSearchButton,yes
_r14d7fb9dd43707,cancelSpringback,yes
_r8f25e905c1bb51,capacityInput,yes
_rb72d785f0a233f,capacityInputBorder,yes
_r6c147e11b0e0e8,capacityOptions,yes
_rd72352e1007417,capacityOverrideContainer,yes
_rb1fcb61bb28898,captureHanditem,yes
_red9d81c55d9bec,carryItem,yes
_ra091bbf2c0e773,carryUsersMode,yes
_rdd213fe984b523,catalogNavigator,yes
_ra062deab05845b,catalogPageName,yes
_rcc44c0b945de18,catalogViewer,yes
_r5a6d7b0fb98c21,categoryHasStyleMatching,yes
_rebe7380e6315eb,categoryId,yes
_r817c76609afc95,categoryList,yes
_rf641dcc55d2b62,categoryMapping,yes
_r1ea2f86184dacb,categorySelection,yes
_r0c24580bcc7650,centerActiveElement,yes
_rc8203ac0f59c45,centerContainer,yes
_rb31cdb24dddb89,centerScrollableViews,yes
_reb3007a36de378,centerTabLayout,yes
_r5c39ae09b41eb6,ch,yes
_rdd67a363c986dc,changeLocation,yes
_r19bb66fdd99c82,changeMode,yes
_r683c23fcb11b2d,changeToAfterSkiState,yes
_r8e81aba1900200,changeToLobbyState,yes
_rbcb0572d9d52fb,changeToPage,yes
_r0fd822e92694d6,changeToWaitState,yes
_r6a9a72e5e25b92,charLimitWarnArea,yes
_r624a569603c98c,charsAtWordIndexes,yes
_r114cf1898d6a73,chatBarReminderShown,yes
_rd85c3dca731625,chatFlowViewer,yes
_r40e5cb9b4a0d77,chatMessage,yes
_r7696f0e63ac7c3,chatSettings,yes
_r9a4c3c8dc63e79,chatStyleLibrary,yes
_r2841d7984f4714,chatType,yes
_refd4aa753d6034,chatterName,yes
_r5353738a8a8851,checkAndCreateImageForCurrentState,yes
_r8d01c1a8c3aeca,checkAutoHandling,yes
_r06d20514ada20b,checkBlockStatus,yes
_r628d1b4a8acaec,checkForHcMembership,yes
_r9839c5187011f8,checkGameAmountStatus,yes
_rc3e114a20866c8,checkIfReady,yes
_re4c0ed0a921d23,checkIsImageLoaded,yes
_rdd95f2394bb740,checkLocalization,yes
_r092d1fc9e1e782,checkPrice,yes
_r84fc4ee00ccd8a,checkPurseBalance,yes
_r5e64d8e00677cf,checkRequiredAttributes,yes
_re3834ca6bfa38c,checkSizeLimits,yes
_r355069fd0c8f8d,checkUpdateNeed,yes
_r5f83c533e43945,checkValidToken,yes
_r9d48e321473f0c,checkboxWindow,yes
_rd3b4656eee5dcd,checkedName,yes
_rf768d2d96c84ba,chestContents,yes
_ra334736b06e6c6,chestId,yes
_r71a3ab96505f61,chestName,yes
_r29bcd6f54aa887,chestType,yes
_r65222c8d551c3f,childPresets,yes
_r176a5e93df8864,childrenCount,yes
_r2a2665f599f3a9,choiceText,yes
_rfc38b67225e613,choiceType,yes
_r75896c07929159,chooseEnvironment,yes
_rea01477560b265,chooserItem,yes
_rdc6c49df0ece7d,citizenshipEnabled,yes
_re40394d242b2b7,citizenshipTalentTrackEnabled,yes
_rf1b2249e37f547,claimButton,yes
_r452d7436b38698,claimButtonContainer,yes
_r30edd97ad84814,claimButtonText,yes
_rfd4396da343ad2,claimContainer,yes
_r3e8fda60b41ec6,claimId,yes
_r075b89cd4f7fde,claimItemWindow,yes
_rb6667dcadf66a1,claimLimit,yes
_raaaf7957e34d44,claimRequirementsBubble,yes
_r2a7f2c544b7c9c,claimSpacer,yes
_r768f5ca2082fb4,claimView,yes
_r561e93a6ebcf93,claimableIcon,yes
_r8abb65778bb681,claimedAmount,yes
_r1fbc5048285a65,claimedIcon,yes
_ra067e3aef98549,claimedPrizeCount,yes
_r9d61f20cce77bb,clamp01,yes
_rc4b8e0f19cbf6c,clampOpacity,yes
_r558c0680df9813,clampPosition,yes
_r9d52e377c3b484,class_2039,no
_r259b2152f325e9,class_2100,no
_rc5d0c5b0efcfbf,class_2116,no
_ra63520cd24de6d,class_2117,no
_r679839a184615b,class_2147,no
_r65ba8acb7aaf80,class_2157,no
_r425369e429c65f,class_2189,no
_r06ea029cfd2a57,class_2240,no
_r8ca786de0dc997,class_2482,no
_r56f740a74a0dc0,class_2746,no
_r53e901b5d57049,class_2788,no
_r217ea74f10a365,class_2912,no
_rf95ccddc94b0d0,class_2980,no
_r7cd31c372f85ca,class_3143,no
_ra6788d7442b70c,class_3304,no
_r3c867fadb400d2,class_3622,no
_rad908ce07b28f1,class_3640,no
_r28bc5e92bfd451,class_3740,no
_re41f5189d17380,class_3770,no
_r9f8de01cfe04b3,class_3784,no
_r79da77f71765f1,class_3951,no
_r61414168fdabd0,class_4105,no
_r20c70c2e4393c9,class_4182,no
_r203c88a7d652d6,class_4223,no
_r3238aa17aab20f,class_4246,no
_r2e860e8e9b6133,class_4296,no
_r1c947defa0f0c2,cleanPoints,yes
_redbbd277e523e0,cleanUp,yes
_r861ae10e22a1db,cleanupAvatarString,yes
_re6c1204ecd4998,clearBadges,yes
_rcef8d37632d954,clearBitmap,yes
_rfba8430ad66854,clearButton,yes
_rac2670d50fbf8c,clearCache,yes
_rc8c9cc280f3c45,clearCurrentOffersView,yes
_re1d673477be136,clearErrors,yes
_rf63a653e2d22df,clearGlow,yes
_r6db8613ec78a31,clearGroupBadge,yes
_r8c6dc558bdab1c,clearGroupViews,yes
_r4e2f5353cb46dc,clearHighlight,yes
_r2e5193941c6f58,clearIconAssets,yes
_rcc0fafa0dda26c,clearInfoEntries,yes
_r7647e07bd32f7b,clearInput,yes
_r7d88be966ecd14,clearItems,yes
_r444d986dd3ecb3,clearNameField,yes
_rb15250f1c14a88,clearPages,yes
_ra2e0385643b7e8,clearPendingBadgeDisplayRequest,yes
_r5838bdebe99133,clearPlayers,yes
_r9237fb62d34d85,clearPreviewer,yes
_r8a15c95dd75ecb,clearProperties,yes
_rcd63f0bb615ee6,clearRewardBitmap,yes
_r8b9632268de583,clearRoom,yes
_r8e791b456a64bf,clearRows,yes
_r37cd9a82416a4b,clearSearch,yes
_rb7bc28dae1d816,clearSearchButton,yes
_rdd7609ad2c7b97,clearSections,yes
_r70650e370dca5c,clearSelectedBadgeDetails,yes
_r578129382d6c50,clearTabs,yes
_rde5f2f028954b5,clearTimers,yes
_r60e2334b35a6c7,clearType,yes
_rd603daf54f56eb,clearUnseenCounterForHabbicon,yes
_rc3e2850f3e5e0b,clickArea,yes
_r9bb9cdeec11588,clickHandler,yes
_rfd67080d9dcffb,clickHandling,yes
_r03e8034c4f4887,clickRegion,yes
_r997776a0d28404,clientWindowDestroyed,yes
_rfe4a39681406bc,cloneAndSetSkillsWithCommands,yes
_ra68b988126b6d7,closeAllOpenFrames,yes
_rd838bf6d9781ce,closeAndLog,yes
_ra60246decee8dd,closeButton,yes
_r9534639b916eb4,closeConfirmation,yes
_r999ab817323cfd,closeCountdownText,yes
_r052d37a55b061d,closeOpenCantConnectAlerts,yes
_r7403602651b633,closePremiumPurchaseConfirmation,yes
_r45e5a878d5edfd,closeReason,yes
_r071a9b4797f7cc,closeRegion,yes
_r6eca244753f653,closeTourPopup,yes
_r91501e6a641b01,closeTrainingView,yes
_re83394c8f7eedf,closeWebHabblet,yes
_r184ba0eceb8834,close_notify,yes
_rfb8e8629ab15cc,clubDays,yes
_r231b19c70301ad,clubMemberLevel,yes
_r17e4b0c59918ba,clubPeriods,yes
_r10804a6d83c0f4,cmn,yes
_rfa1e772c1bf3f3,coinAmountText,yes
_r743d9cb81dde5c,coinIcon,yes
_rdf6cf928e1c6bc,coinsIcon,yes
_r6e18d60b21ab06,collapseView,yes
_r2e1703d59d6661,collapsedView,yes
_r6e88b1cc3372cb,collectButton,yes
_r6c60d400ef051f,collectMatchingNames,yes
_r98922d2615417e,collectSelectedEntries,yes
_r4ef2b1fe4f7fcb,collectiblesAvatarInfoContainer,yes
_rc359170e110f78,collectionClothes,yes
_r5a68a00d618b54,collectionContainer,yes
_r7da60f045c9848,collectionGenesis,yes
_rbabec36a890505,collectionId,yes
_r295981dc58a7be,collectionProgressContainer,yes
_rb4951902b1290a,collectionProgressRewardText,yes
_r0352d237ba0b7b,collectionProgressScoreText,yes
_r175ff21dd2dc47,collectionText,yes
_r5d3963254c2669,collectionTitle,yes
_r09114634620f65,collectorLevelBg,yes
_r44a92de588bcb0,collectorLevelBg2,yes
_r544858fc20699f,color,yes
_raad6a59ab6a583,colorByRuntimeValue,yes
_rcc023e3f76c42d,colorOptions,yes
_r3d06863d7b91ad,colorStrokes,yes
_rfb71652026ef74,colorStyle,yes
_r6add42b22231b2,colorizeBitmap,yes
_r1fa40cd5ace34a,colourIndex,yes
_rdde1673f90d2de,colours,yes
_rbfffbe1972a2b6,colsWidth,yes
_r3ba97975a1fada,commonAssets,yes
_r8ee98b641370d5,communication,yes
_r196d7cf703f739,communicationManager,yes
_r2947ad60f5e008,communityProgress,yes
_r41e0daf37103eb,communityTotalScore,yes
_rd48bade56c1eca,compareIntArrays,yes
_rfaba38dc748cf2,compareNames,yes
_r910552945b6e50,compatibleCalculateDirectionTo,yes
_r41599c65367d9b,competitionStatus,yes
_r313a5e05756faa,completedCampaign,yes
_r366e5201f9983e,completedIcon,yes
_r9906aac2efd90e,completedTaskCount,yes
_rbe6d66232155ac,completionColor,yes
_r19f98e157098a6,completionContainer,yes
_r07efa83736cd41,completionHeaderContainer,yes
_rc3735f696e1952,completionProgressBar,yes
_re0d21644af91d9,completionProgressBarBottom,yes
_rd399933c01a8b4,completionProgressBarPadded,yes
_r62bfd05cf05c9f,completionProgressBarText,yes
_r70c789e5b1f16f,completionProgressBarTop,yes
_rc4dd4e185938b2,completionRewardNameText,yes
_rfb91b474b6e819,componentToAngleArray,yes
_r27cd13416a7c7f,composeBitmap,yes
_r4d55c6e8ec2978,composer,yes
_r2d883a6a7b6197,compress,yes
_rb116b6c2b6caf0,compressData,yes
_r5bc87f37c8ecc5,concat,yes
_r79042cadbf7d5b,concatListWillEqual,yes
_redd528c22523db,conceal,yes
_r06b1b82a9cd726,conditionQuantifierOptions,yes
_r643d10099dd4d0,configId,yes
_r3c553456e59b42,configs,yes
_r81e85f6767224a,configureContentColumn,yes
_re55d7dfe2956d8,configureLayout,yes
_r8c6dd2adce6068,configureParticle,yes
_r60e4b1edd7a417,configurePopup,yes
_r3f8bd505d5d592,configureTiming,yes
_r9a7909a61464e8,confirmBody,yes
_re32a06ccd4f139,confirmButton,yes
_rd15c3494e1a161,confirmTitle,yes
_r441e13f3954339,confirmWidgetHandler,yes
_r2959c3cce37ad1,confirmWithModal,yes
_rb290ef4b57ec4b,confs,yes
_r42da6a8aa94d5e,const_100,no
_r7cbcd843a36dfd,const_1000,no
_r91c198ee1aec35,const_1001,no
_re26cd850f4e0c5,const_1002,no
_r475ad80d36f5f7,const_1003,no
_rf0bc2bf8a73555,const_1004,no
_rbc7a68864b1a23,const_1005,no
_r51267652a7779e,const_1006,no
_r55d17ebb154d7d,const_1007,no
_rff6bfa95993b65,const_1008,no
_r71fb08b185671d,const_1009,no
_r72b2060f09aa56,const_101,no
_r72be71f6a638bb,const_1010,no
_raa106014467a17,const_1013,no
_ra2a63632b581cd,const_1014,no
_r7d799473e7b01b,const_1016,no
_r8f3a638b87d5f9,const_1017,no
_rfc8c15b465ce19,const_1018,no
_r5ef7414c7ccb93,const_1019,no
_r2221e90353f956,const_1020,no
_r22e18b95a802b4,const_1021,no
_r569b76ea2de4c5,const_1022,no
_r51471cfe6bb915,const_1024,no
_r079070685cc20a,const_1025,no
_r596ea608ad61ad,const_1026,no
_r137949a7f9b0db,const_1027,no
_r47ab071b2b8726,const_1028,no
_r31911259477f13,const_1029,no
_r9d5a40504ac94e,const_103,no
_rc78aaefa8dd232,const_1033,no
_r801033a6383802,const_1034,no
_rdb9df834c96b9b,const_1035,no
_r01c2c93e426158,const_1036,no
_r332e8c98ef18a6,const_1037,no
_r1cc9844acd9269,const_1038,no
_r48b3c749fef3ca,const_1039,no
_r04ef3ee5e685ed,const_104,no
_ra3057961bdb746,const_1040,no
_re27bec313ba125,const_1041,no
_r2da3534a0033a7,const_1042,no
_r151d8b1ce70cf4,const_1043,no
_r710b4316f50684,const_1044,no
_rb32d982eabf3ca,const_1045,no
_r2d1b4f8420c7f4,const_1047,no
_r03374184d1c4f5,const_1048,no
_r88fca50da33746,const_105,no
_rce41a1801c50bb,const_1051,no
_rf5870143797a26,const_1052,no
_r6b74b6eab9cb31,const_1053,no
_r6484cc090b77b2,const_1055,no
_r9e8ca585afc0dc,const_1056,no
_r355f1864942750,const_1057,no
_rd03bf629fed87b,const_1058,no
_r71d658d3270009,const_1059,no
_r69270a1a322c08,const_106,no
_r894a6bcd5291b8,const_1060,no
_rac8a04b88089e1,const_1061,no
_rd849a3ff149673,const_1063,no
_r204d5defe28f07,const_1064,no
_r0594ff3574f7ba,const_1065,no
_r32035227a83504,const_1067,no
_r8c7cc34f51373d,const_1068,no
_r296472bb2caf7e,const_1069,no
_rb9e24b517855cd,const_107,no
_r06ada1d2e5f1c4,const_1070,no
_r37da1a198a9d90,const_1071,no
_rd9755dda1cc26c,const_1073,no
_rc5039a3ff833b4,const_1075,no
_r4b0f5353b7b4d2,const_1076,no
_rf149d43ae61664,const_1077,no
_r0927eee6db855b,const_1078,no
_r3d5c52cea05b41,const_1080,no
_ra9b15ee9987cd8,const_1081,no
_rfb510232901489,const_1082,no
_rb304c99ea4616a,const_1083,no
_r107e3e8b50cbe7,const_1084,no
_r66bf996be12fd0,const_1086,no
_r2249913f3e0d7d,const_1087,no
_r9df3acf6c94e37,const_1088,no
_r75c257faa47b2d,const_1089,no
_r994ceadf7389e5,const_1090,no
_r69b0540ef61aae,const_1091,no
_r2809d164948e3b,const_1093,no
_r2461a80699a60e,const_1094,no
_r91464b288354e1,const_1095,no
_r70c2dbb8d340da,const_1096,no
_r4d899d2efe3190,const_1097,no
_r5d6d50f72147ba,const_1098,no
_rb291a85ebaffbc,const_1099,no
_ra032b991ce7052,const_11,no
_r2f3c639d8e1e76,const_110,no
_rde25621e696145,const_1100,no
_r69b7d74901fef1,const_1101,no
_r2a14901a81c9dc,const_1102,no
_r516bfc63a6d31c,const_1103,no
_rdd2c2a55d7fca9,const_1104,no
_r24e8708c9c1ad1,const_1105,no
_r1eae1d2df9b6e1,const_1106,no
_r8469d2e4139ae4,const_1108,no
_ra21e4a2a7eb7ff,const_1109,no
_re218e96e14b7f0,const_1110,no
_rc7c84be76f9649,const_1111,no
_rb1e699f63498bd,const_1112,no
_re6434b68e52aef,const_1113,no
_r5ce797c24f79e9,const_1114,no
_r7c8e62f153962c,const_1115,no
_re757ddd91b53b9,const_1116,no
_r44a6f59bd8e98c,const_1117,no
_r6ee99e72ed892b,const_1118,no
_re5f97e8d8b867e,const_1120,no
_re8043ad6771a55,const_1122,no
_r673278cab9db53,const_1124,no
_rf9abefff233ecd,const_1125,no
_r9d0f3f55937c44,const_113,no
_r9d07947c6d70b6,const_1130,no
_r2cb198101ff538,const_1131,no
_r689c5ee05a30db,const_1133,no
_rcc54b61f9eaa53,const_1134,no
_ra42a16be8f7b91,const_1135,no
_rfaad6d83d8202d,const_1136,no
_r27bf0e83677705,const_1137,no
_r3ed0de0637e585,const_1138,no
_rc753cc4bdabbf2,const_114,no
_rf03346be590102,const_1140,no
_r8d5132b01a3127,const_1141,no
_r82aaa138d6911c,const_1143,no
_r412d07e246c9a8,const_1145,no
_r4242696738705c,const_1146,no
_r56454e20e83efe,const_1147,no
_r2f160e6253a775,const_1149,no
_rfdfbd42e1b59ce,const_115,no
_ra014b94ee8f760,const_1151,no
_r61d58ac5753c31,const_1153,no
_rf7a5ea7909074e,const_1155,no
_r0a6d72e4be2724,const_1157,no
_rc8a66b00ab5ab0,const_1159,no
_re25f95f141148f,const_1160,no
_rf9ef392ccbcba6,const_1161,no
_rfb35a0853b70c0,const_1162,no
_rd2af8a21579fb9,const_1163,no
_r0084299d77e619,const_1164,no
_raf9dba2671b6fd,const_1167,no
_rd702747c30e15e,const_1168,no
_ref004f9b6c9067,const_1169,no
_r85b573920f81cb,const_117,no
_rcf59cdade3a119,const_1171,no
_r576d33ef1d4fdb,const_1172,no
_rfefc7855aafad1,const_1173,no
_r5369ea33279b80,const_1174,no
_rea7814c128be09,const_1175,no
_ra31fa85aa6ea1b,const_1176,no
_r8e5c4e3444ab4a,const_1177,no
_rb8acfb5f89e6cb,const_1178,no
_r8ef99f56419cdf,const_118,no
_rc00d0f6778492d,const_1180,no
_r83e38ec5016191,const_1182,no
_rd3a14bc9cc14b8,const_1183,no
_r5cc78bc7e3d18d,const_1185,no
_r63ffb723286010,const_1187,no
_r72b18fd02fda32,const_1188,no
_rb6bdb12aadfa26,const_1189,no
_r2c6145d1881fb7,const_119,no
_rda6f0df90c9a16,const_1191,no
_r7c3f44fddf218e,const_1192,no
_r2bc1f1fd80dcbe,const_1193,no
_r785216c0926e64,const_1194,no
_rd657191cfc26c2,const_1195,no
_raa40d7492ada8d,const_1197,no
_rb16c6bd781d561,const_1198,no
_r49f8db9bf971c2,const_1199,no
_ra6e32f2c7a2111,const_120,no
_r239486484b9a7e,const_1200,no
_ra5b59dbdc2aac6,const_1201,no
_rcf1a6f8c2802ff,const_1202,no
_rc9a63d8f345620,const_1203,no
_r5e6cf8c6e18f67,const_1204,no
_r0b16c7538b0bcd,const_1205,no
_ra6c3e6dfc42943,const_1207,no
_ra4804996c39186,const_1208,no
_r3405a43c4ee40d,const_1209,no
_r6ccf2bca5d8770,const_121,no
_r58404e24215704,const_1210,no
_rcedf9c26279d42,const_1211,no
_re30d7fd79cee5c,const_1212,no
_rb1422b22039ee1,const_1213,no
_r2c534515bfbb6f,const_1215,no
_r0683302379cfe8,const_1216,no
_r961d64ad4b2a7c,const_1217,no
_r5072dbd6f4f485,const_1219,no
_r38906554d7df84,const_122,no
_r736113d850face,const_1220,no
_r0593978955d3bf,const_1221,no
_r13f1bd41189e9c,const_1223,no
_r55e8d41db8f4e4,const_1227,no
_r93e2648e50bdec,const_1229,no
_r44f54a9a6e923a,const_123,no
_r5255c7a1031d0f,const_1230,no
_rf96bf423908f64,const_1231,no
_r8e5eb77ad35e5f,const_1232,no
_r4a0b6d9598ff59,const_1233,no
_rfceaaa41084b89,const_1234,no
_rebd1b32a769c26,const_1236,no
_r37b8f243598566,const_1237,no
_r1a466ff2a174fe,const_1238,no
_r50c47ff195188b,const_124,no
_re67ed499b25ae9,const_1240,no
_r9a929b69ea8838,const_1242,no
_r9ce99a6b7f0661,const_1243,no
_rbb21059f5ab31c,const_1244,no
_r01816e72aabe8f,const_1245,no
_r2c0eded347e849,const_1246,no
_r820e0c88e71d7e,const_1247,no
_r10157e34f6c1fb,const_1249,no
_rd3ccd88db252c8,const_125,no
_rc33146c11377a8,const_1250,no
_r8f63a9dc59cc90,const_1252,no
_r871a8b737e0a3a,const_1253,no
_r76e58ad5dd88d9,const_1255,no
_r1c2229cdf6c383,const_1257,no
_rd8ae6c591985d8,const_1258,no
_r85424f37e63206,const_1259,no
_r20a34474bb7078,const_126,no
_rb0a107b486b214,const_1261,no
_r3ed02a0d003a47,const_1262,no
_r10baccbcdfcc07,const_1263,no
_r0bc9a79ddda804,const_1265,no
_r94da3136bcc2aa,const_1266,no
_rf8a00e7e0de2af,const_1267,no
_r98409fa0b9c73d,const_1268,no
_rd6bde3a4541b22,const_127,no
_r2492ff0464f367,const_1271,no
_r1b5f93d3cbc0ba,const_1272,no
_r462f3d69c1bb9f,const_1273,no
_rbcb9f63c6731a9,const_1274,no
_ra112319a4bb7c6,const_1276,no
_rc01249fa0d8829,const_1277,no
_ra9a4699afb2dff,const_1278,no
_r910c7a2e6984c8,const_1279,no
_r2090ec99f9c1a2,const_128,no
_rc64cfe8a51335d,const_1280,no
_r849d9e083e93ca,const_1281,no
_rc9337d67701501,const_1282,no
_rcf27f764f50926,const_1283,no
_r7705b3679a2247,const_1285,no
_rabf1003fb4fa93,const_1286,no
_r02fe0bea88d2d7,const_1287,no
_rb6d352a8060f08,const_1288,no
_ref51a31de4fd4c,const_1289,no
_r385c3708023110,const_129,no
_r74e58f4239fffc,const_1290,no
_r72a736ede2f1ac,const_1292,no
_r73186eefecb90e,const_1293,no
_rc7d632256e9705,const_1294,no
_rff45fced4d4287,const_1295,no
_r88efb1c54b4510,const_1297,no
_r4892cbfa6debbf,const_1298,no
_r5b937f2d711e66,const_1299,no
_rc21e3a5c3da21f,const_130,no
_rda511cb3d4ab32,const_1300,no
_r29136b4139aea6,const_1302,no
_rb10bf10283b073,const_1303,no
_ra2632fd218e691,const_1304,no
_ra76f3f7d954f8d,const_1305,no
_r65770957f258b7,const_1306,no
_r3507103becc6eb,const_1307,no
_r13637a60d65074,const_131,no
_rc9e17ba9828268,const_1311,no
_r62f413712b7c76,const_1312,no
_r5fb9741a323e8d,const_1313,no
_r34c7cb2fa91c5e,const_1314,no
_ra5ce0f0c0067a8,const_1316,no
_r8fc4dc7a00ef75,const_1317,no
_r3083224c6c26f4,const_1318,no
_r00b0ad86ec4c79,const_1319,no
_r267ece34297428,const_132,no
_r08201c62bea959,const_1320,no
_r04101d765c74c0,const_1321,no
_r263d25a0e87722,const_1322,no
_r11039ef0e1c852,const_1323,no
_r3e68ba90467f58,const_1324,no
_r749f5374e73c37,const_1325,no
_rde8d2fb869808e,const_1326,no
_r1a8379a50c0c13,const_1327,no
_rc8dd827a572151,const_1328,no
_ra6f827236ef500,const_133,no
_r09c4e9ee5a9b59,const_1330,no
_ra1f5646782bf18,const_1331,no
_rf170fe9e0ed35a,const_1332,no
_ra9dbb4225b5914,const_1333,no
_rf4aaf05a75e7db,const_1334,no
_rafd3e03f19fb0d,const_1335,no
_r27071634d57f39,const_1336,no
_re8f654d6235ada,const_1339,no
_r8b4b65186e9c4b,const_134,no
_rda7d1bee46f795,const_1340,no
_r0c53d228b03bd2,const_1344,no
_r2be21c1ef87908,const_1345,no
_r359d80a4c158b9,const_1346,no
_r8f8fb79105687c,const_1347,no
_rda5eae9f82b942,const_1349,no
_r32ad0df81fd6b3,const_135,no
_r1df88d2c2d17da,const_1350,no
_r9c4d19ab7edd6d,const_1351,no
_r4cdedac020591e,const_1352,no
_ra847327d69397e,const_1354,no
_r258ae94eea7887,const_1359,no
_rc80a7300d43a49,const_1360,no
_r42db56d0323869,const_1361,no
_r81767e020dea27,const_1362,no
_r4351bd5a180bbc,const_1364,no
_r80b208cbf3cea1,const_1365,no
_r8ba256518322a8,const_1366,no
_rbc1fc3ad9f5e73,const_1367,no
_r89827e7be85f12,const_1368,no
_radd00a2fbc84fd,const_1369,no
_r211b65f5fbf631,const_1370,no
_r6364f2f4df18c2,const_1371,no
_r140c127e507f9b,const_1373,no
_r077cdeea62849c,const_1374,no
_r24eade61a27c98,const_1375,no
_rd918db0412933a,const_1376,no
_r6b0f4361593aa9,const_1377,no
_rbc02470cf93a63,const_1378,no
_r6d44c196867508,const_138,no
_rf22889f832f66b,const_1380,no
_r96540c9ee31678,const_1381,no
_radb522ef16d34b,const_1383,no
_r4df83e502d8347,const_1384,no
_r962da462353f13,const_1385,no
_rcc1d4508e56487,const_1386,no
_rfff7abe1ebca7f,const_1387,no
_rf37d9f96093610,const_1388,no
_r85af5a631b10d9,const_139,no
_r55d2be465a7436,const_1390,no
_r7b455c66c2cb13,const_1391,no
_r7779d7bcef6729,const_1392,no
_rb9d765f05221b1,const_1393,no
_rd45aeabc2d38e1,const_1394,no
_rfd60e0e2c2baf8,const_1395,no
_rb94804b5870758,const_1396,no
_rce35cc2eb3f84a,const_1397,no
_rbfd0ace40f76df,const_1398,no
_r015ce1b8cf6afa,const_1399,no
_r7112c5d3e5af19,const_140,no
_rbba8fbb214d275,const_1400,no
_r050cdedba348e9,const_1401,no
_r36d74f73e6d37f,const_1403,no
_r9485abaf7afc64,const_1404,no
_r9c723441fb43f9,const_1405,no
_recbc27c9e48603,const_1407,no
_r59987bad9e13f7,const_1408,no
_r9fb1a8be590a0e,const_1409,no
_radbb3f66205ee0,const_141,no
_r2c7c5111efbc94,const_1410,no
_rb16779814c0384,const_1411,no
_r9a52058c99dd24,const_144,no
_r521ba2ef91e4f8,const_145,no
_recfaa03a3374d3,const_147,no
_raa07340f16a052,const_148,no
_r43244d53ed3340,const_149,no
_r85bc82b412b2ad,const_150,no
_rbbd5d612340760,const_151,no
_rcf9ad091dff4da,const_153,no
_re50683c25cf27d,const_154,no
_r41bb33021120a0,const_155,no
_rf530ff80c845e0,const_157,no
_rf3b20620302c54,const_158,no
_r31dd614718e477,const_160,no
_r122a693a16f3b8,const_161,no
_r97d7a9ecca7b75,const_163,no
_rf64ef1d57039c2,const_164,no
_r2583c97d66345c,const_165,no
_r453bee260a425e,const_166,no
_r7f4314d2a4b612,const_167,no
_r5d09544a9deb65,const_168,no
_r235f28d01c7cdb,const_170,no
_r80f1b74fedabbe,const_172,no
_rc27f62e15247c5,const_173,no
_r787320b2501a0e,const_174,no
_r85b470ffc4c3d4,const_176,no
_rce3f05f14e13a6,const_177,no
_r60681322ade1db,const_178,no
_r1b129ef46547a9,const_180,no
_r61329ba690cdfb,const_181,no
_r8aac526dc423e3,const_182,no
_rd0f8c655ecf7a1,const_183,no
_r1ebbffe6a14325,const_184,no
_r96053039dd4e2e,const_185,no
_r97149a78c6cb95,const_186,no
_r91c96e1cd70f21,const_187,no
_r61ea71c060879c,const_188,no
_r17800e395de70a,const_189,no
_r3481a024639f70,const_19,no
_rc6ea1fc1c04645,const_191,no
_rf4813eb2210854,const_192,no
_r54732b7ba30e1b,const_194,no
_r63cabacfad64a9,const_195,no
_r9be1cbc5bd62b4,const_197,no
_r67e99a3d8191fe,const_198,no
_r169cf4c428f7bd,const_199,no
_rd268cb0d2c55fe,const_20,no
_rad2ec126345338,const_200,no
_r6d44f2fed23c4f,const_201,no
_rf785d2f85becc5,const_204,no
_r2d8b3b679d8618,const_206,no
_rdd9fceea3fbf54,const_207,no
_r1e35094a876f67,const_209,no
_r0a1dd7fb9c61f8,const_210,no
_rb919403eb5ed0a,const_211,no
_r56eb894ddc012f,const_213,no
_r46c408a84811d4,const_215,no
_re15395655567df,const_216,no
_rd93267cc71a461,const_218,no
_rb3a85e18dad336,const_219,no
_rfd1ca60d6ee18d,const_221,no
_rcbcdc1cfe32fce,const_222,no
_r24b1a5835ce127,const_224,no
_r3b5c26278d5ea0,const_225,no
_rb23c6e5c5dd628,const_226,no
_r73cc2f400ee810,const_228,no
_r7646273305b013,const_230,no
_rb883a881a47212,const_231,no
_rd5dc6641bd4cca,const_232,no
_r39b1db0a4913f7,const_233,no
_ra47f5ac3e35a71,const_234,no
_rfb3cc63daff8cf,const_236,no
_ra24189b6fa93ab,const_237,no
_r4cc6d4cbe7871d,const_238,no
_r9083ec8bf82e34,const_241,no
_ra4d1832f0d82c9,const_243,no
_r7df85a40d9dee6,const_244,no
_r2ddd20fae9ef3c,const_246,no
_rcf88df0b5e598d,const_247,no
_r93411103f3cd5a,const_249,no
_r5f05ee26f60af0,const_251,no
_rf3f4f82fd346cd,const_252,no
_rbac7bdfd5a4daa,const_253,no
_r13e17898630f4b,const_254,no
_r136def5bfa4cca,const_255,no
_raff13ff39c2d9f,const_256,no
_r3fd95ec4a976d8,const_257,no
_r17f024a9486a87,const_258,no
_r23bcac0f8e395d,const_259,no
_rd4433ad1ceb804,const_26,no
_r06ff3ee19deee8,const_260,no
_r68e2110f71485c,const_261,no
_r52c8db052d4520,const_263,no
_rcbf0efb9b5dfab,const_266,no
_r0a4791062fb279,const_267,no
_r7e93183b45c512,const_268,no
_rd3445acefdffa1,const_269,no
_r01da13069eaee6,const_27,no
_rdd4bb85bc85ddc,const_270,no
_rd81ca138dfa516,const_271,no
_r4939d01a05f1bd,const_272,no
_rdff0b18db67909,const_274,no
_rf419879f1577a8,const_276,no
_rcc2890fc489313,const_277,no
_r1eba046c13e7cc,const_279,no
_reeaed037d01025,const_280,no
_r3dcae2463297ee,const_281,no
_r2de09564c961e9,const_282,no
_r8990b6cb221267,const_283,no
_rbee1824df32138,const_284,no
_rd7eca1ccd23a3c,const_285,no
_r3de9c3000f35ba,const_287,no
_r5fde454730d13d,const_29,no
_r88c312733165f0,const_290,no
_r008ecb9e571c14,const_291,no
_r1dcae486180df6,const_292,no
_r01ba2aee5991e8,const_293,no
_ref741d7082fe5f,const_294,no
_r3e7295bdbd6e81,const_295,no
_rf7415fedf1d040,const_296,no
_rfc1ae79f229aef,const_298,no
_r7adc5ef068c698,const_299,no
_r6d25a239509e35,const_30,no
_r5870b5a15e283a,const_300,no
_r1960cd1973bc51,const_302,no
_r593c68f7018cea,const_303,no
_rdbbd342bdc606d,const_304,no
_rbb4bbf5b9a46f4,const_306,no
_re9c9207cd5a9a7,const_307,no
_rac315675d248ab,const_308,no
_re401734c3a30f8,const_309,no
_r3d1f35a2445993,const_310,no
_r4494e99777f2d5,const_312,no
_r3a88155aaf8c63,const_313,no
_r86c6d33a7c265d,const_315,no
_r46c3b12f737432,const_317,no
_r4fb76813ebafab,const_318,no
_r3d3a855bf203a3,const_319,no
_rbdde5b815efe61,const_320,no
_rc6dfd9947127cc,const_321,no
_r2e4603e3b98c33,const_322,no
_r2c5daff309f306,const_323,no
_ra0ff6744ac0278,const_324,no
_r69f6fc440938da,const_325,no
_r54076a0af1bd07,const_326,no
_r81a57bd439acbf,const_327,no
_rb4d35c3a7f6695,const_328,no
_ra548aae26377a7,const_329,no
_r59670e50a4c728,const_330,no
_r4ba2fceed3cc7b,const_331,no
_r499298d82186c9,const_332,no
_r373f316daf6f18,const_333,no
_r90bfdb4557e355,const_334,no
_r8e063e814df828,const_335,no
_ree84a2dee78317,const_336,no
_r7f9f2c15a2a5a5,const_337,no
_r2232e6af60a34f,const_338,no
_r7744d5ed8c14d0,const_34,no
_r98fece4f3de400,const_341,no
_re0d027dc366645,const_342,no
_rf65c48d6425eea,const_343,no
_r1d2d39b006e9f7,const_345,no
_r031ef224c572fc,const_348,no
_r1855ed2104e3bc,const_349,no
_r2d949e0c84c005,const_351,no
_rfcd61d6186e770,const_352,no
_r61d7df20bf156f,const_353,no
_r7947cbfdeb7b44,const_354,no
_r80b34c9dee12a4,const_355,no
_r9c9413602e7584,const_356,no
_r4247a8486774fc,const_357,no
_rb6cc30ff8dbfa8,const_359,no
_r349d1fcb2b7296,const_36,no
_r105262b5d135d5,const_362,no
_r20b174877cb685,const_363,no
_r8124907e198f36,const_364,no
_rc3b3c480def64b,const_366,no
_rae8ea6f92f9272,const_367,no
_rac05e1ca778dae,const_370,no
_r6c77d3024485c7,const_372,no
_ra546afc2e74af0,const_373,no
_r6a8408b9fa90c4,const_374,no
_r54cce82feac7e7,const_375,no
_r6a9c0e8aab3aea,const_376,no
_r325ff517e649ab,const_377,no
_rcbc58b7fba2841,const_378,no
_re5fdb6a0ad0285,const_379,no
_rac35661288fbf6,const_38,no
_rb82d7021bdcd0c,const_380,no
_r2ba7aa1777698f,const_381,no
_r7e573fafb1445a,const_382,no
_ra40277b765fa9d,const_383,no
_rd587b21211bb51,const_384,no
_redd6f0326f8584,const_386,no
_r54329297c1e10c,const_387,no
_rc8053246e84352,const_388,no
_r30b8cbfb553da2,const_390,no
_r0a0d8735a81aa8,const_391,no
_r9f142c90cc5277,const_392,no
_r6b88a3db06a7eb,const_393,no
_ra1a7ec08887a8e,const_394,no
_r198abd9e9ae26c,const_395,no
_r8aa6382ceaf924,const_396,no
_r588855425cc22d,const_398,no
_rc64612f0a67519,const_399,no
_r95c92cf047404b,const_400,no
_r4b846284a71eeb,const_401,no
_re22b8f11a809b4,const_403,no
_r45453298824ae4,const_404,no
_rf7d07830cbf1d9,const_405,no
_rb1d36751b3f469,const_406,no
_re1780f41308fdb,const_408,no
_r3f6865c0fef19f,const_409,no
_rc7f71a40645dc5,const_410,no
_r74a35d167c2d48,const_411,no
_r82a819bb995118,const_412,no
_rdec3a1cc12019d,const_413,no
_r3c6974b4ff49a2,const_415,no
_r93c9a784ce9c73,const_416,no
_r1e386f5fe0fb11,const_417,no
_r6389f0636fd40c,const_418,no
_rdec8e75b00b022,const_419,no
_r889d86ddd99b5f,const_42,no
_r967d812814b96a,const_420,no
_r38988377743104,const_421,no
_rd62986cb111eb1,const_422,no
_r31ba6ce1e60354,const_423,no
_r8f70d58929c449,const_426,no
_r3d618e32b0ff0e,const_427,no
_re46079858ce439,const_429,no
_r9b57a1d2511995,const_430,no
_r7659659f0056c8,const_431,no
_r53f4070fa28824,const_434,no
_rf0b4f2a15aa2af,const_435,no
_rc85072bcbb04f7,const_439,no
_rf4aaa6da9732fd,const_441,no
_rd4bf6ccd46a46b,const_442,no
_ra0a87b72c66e0b,const_443,no
_rb3c40058fc6d61,const_444,no
_r310f57d6030139,const_445,no
_r472e8230c3fe3b,const_446,no
_rfe09b20c2087ec,const_447,no
_r01a3cc0531b0b3,const_448,no
_r409057e6b4381e,const_449,no
_r9c8d60b7c1e3d5,const_450,no
_rc21711826ff0bd,const_451,no
_r48cc4b6ee9cddf,const_455,no
_r7b5246e232f423,const_456,no
_r906fefbcd628a8,const_459,no
_r19b3603ef44091,const_461,no
_r75ebcbfc470534,const_462,no
_rec9cd579d280ca,const_463,no
_re12de39c632ecb,const_464,no
_r026ca0db631586,const_465,no
_ra930523a10defb,const_466,no
_rd4d3b362b508db,const_467,no
_r54fb5bcd008bde,const_468,no
_r5b850727753106,const_469,no
_r096d0e907d1290,const_470,no
_r1eb466ff0327df,const_473,no
_r1ef221c8cdfe42,const_475,no
_r519be0f16452df,const_476,no
_rb4465bfe81b24a,const_478,no
_rc8f5dc2572b826,const_479,no
_rc99e10d39048f5,const_48,no
_rc32407479b8ebf,const_480,no
_r9b07f2c6d07ab0,const_481,no
_r252983df8eaaa9,const_482,no
_r576e111aa451a0,const_483,no
_r39741dce627531,const_484,no
_r02082a1c879ad2,const_485,no
_r4fa731ba59c303,const_486,no
_ree8a6cbf09c3aa,const_487,no
_rf27db7fd4661ec,const_488,no
_rc1269dc498b031,const_490,no
_r329a03be6a6248,const_491,no
_r9e58b16594b55b,const_492,no
_re6a0a6109abdb6,const_493,no
_r73c27b669b7d9d,const_494,no
_r4473641615307c,const_495,no
_re911f7dcdc1d47,const_497,no
_r1b081193d2cd51,const_498,no
_r3aabfe56f0050d,const_5,no
_r0c21cae2f53af3,const_500,no
_rb13bf5b8c6cf1c,const_501,no
_r8a2eb2ba5062af,const_502,no
_r94f2377b994e11,const_505,no
_r317b803582e960,const_506,no
_r9153bbe00c8d4d,const_509,no
_r48b58f944a6f68,const_510,no
_rf23cedffac9f23,const_511,no
_ra205f83c085590,const_513,no
_r3efedf0f6f5ebf,const_515,no
_ra01e7e2fd84475,const_516,no
_r7f3a3137996c2b,const_517,no
_r4951b6448751e3,const_518,no
_re8afa30f2fde39,const_519,no
_rff516db6fd787b,const_521,no
_rf624660e4a7059,const_522,no
_rf8e02a244d40e0,const_523,no
_re158037181324c,const_526,no
_r7d52578cb96aaa,const_530,no
_r48223e51e581e0,const_531,no
_r586c06eea2e094,const_533,no
_r243549ab486c1f,const_534,no
_r9b6cffb2cc0bc2,const_535,no
_r00ca32fe59faeb,const_537,no
_rcc836c84a9846f,const_538,no
_r83a1c1298da360,const_540,no
_re0094891937bed,const_541,no
_rb58144e21202ad,const_543,no
_r125d0e628f9775,const_544,no
_r54409402bb9466,const_545,no
_rf2135f1596a211,const_546,no
_r421f2877ae9c9f,const_548,no
_r29e498881de5b4,const_550,no
_r50d5b449b1ad4d,const_552,no
_r4a787b98738f81,const_554,no
_re39ea7b131ffd2,const_555,no
_r33917d074c3f86,const_556,no
_r5fe9a82217212a,const_557,no
_r29b03345f52054,const_558,no
_rc3ab44385e5fc9,const_559,no
_r1dd507e8d8505e,const_560,no
_r3e873b6944d5e3,const_561,no
_r3a0db657a87bce,const_563,no
_r7b5d1a67a2cd21,const_564,no
_r9c2fbe251c7920,const_565,no
_reaba2f332d9f7f,const_567,no
_r3b44b871ac93c3,const_568,no
_r10d4714edf98a7,const_569,no
_rb936a0d09a82ea,const_570,no
_r958c9f6d0a9395,const_571,no
_rf2b7d8a81dfb78,const_572,no
_r37abc7c90e3e92,const_573,no
_r3bff992a375510,const_575,no
_r4dcf941c50ccef,const_577,no
_r9fb7f9ad41b8c4,const_579,no
_rccfc7f0791ca5e,const_580,no
_r4825d55b2d3aee,const_581,no
_rbea625605af7c5,const_582,no
_rc773e35853962e,const_583,no
_re1134377afc436,const_584,no
_r4a5f8c45e47651,const_585,no
_r77ed20f55e39e8,const_586,no
_r96e636bae9481c,const_587,no
_r75f06c1f314f16,const_589,no
_r5f5ca28cf4067e,const_591,no
_r2faac7145ffdea,const_592,no
_r1f792b99aad756,const_593,no
_r1c6712e7c239e6,const_594,no
_rb939d9e09cd392,const_595,no
_r189b26e63f8d3a,const_596,no
_r4d81aa50c909f8,const_598,no
_rb5b17f280a7aeb,const_599,no
_rde9b22f6a4d1fd,const_600,no
_r73017da47f62f2,const_601,no
_rdb2f828eec2c28,const_602,no
_r58a28a2a6ef506,const_604,no
_r689223e0a02c83,const_606,no
_r5ee7d4ee26f371,const_607,no
_rb424196c2dd7d5,const_608,no
_rb78ea5e0480619,const_609,no
_r37e751e957667c,const_610,no
_r2dd39caefebfb5,const_611,no
_r18cf6cffb714b2,const_612,no
_r892ae9fa7bce30,const_613,no
_r4f2aae82e72cfd,const_614,no
_r22bef310f8a666,const_615,no
_rb8dc091c241486,const_616,no
_ra20275c114d1f4,const_617,no
_r6de60dd59fa7e0,const_621,no
_r3b3e669bbbaaa7,const_622,no
_rc73ad06c674713,const_625,no
_ra153892b28f228,const_628,no
_rae69bfbe40a280,const_629,no
_rb5519f79ce139d,const_630,no
_r52b33e98b38ce8,const_634,no
_r580af912b18f38,const_635,no
_rddd01aa1ce2f3e,const_636,no
_r0181e6c54c4071,const_637,no
_r767621294d4dfa,const_640,no
_r4927d92dbd341b,const_641,no
_r949243cd870530,const_642,no
_r22eb82cc5d7318,const_643,no
_rdada76efe134f2,const_644,no
_r26967609c079be,const_645,no
_r0e2baf16327371,const_646,no
_r4e169422ea2aa1,const_648,no
_re7671de817d15b,const_649,no
_ra28cf2bada0302,const_65,no
_r8c59b420dc6c89,const_650,no
_rca1be027c6dca3,const_651,no
_r92126420a8a933,const_653,no
_r210e8d930aedf9,const_655,no
_rafb78bc5dcfdbc,const_656,no
_r66bd43159d3984,const_658,no
_rd37affec81235d,const_659,no
_r282555e97a2141,const_660,no
_re8f4cbd96b6d6a,const_661,no
_rf662bf96bb4718,const_662,no
_r7e1a929fd16222,const_663,no
_ra42d6189e70eac,const_664,no
_r3bc24ab182a7c2,const_665,no
_r60365c153cd163,const_666,no
_r682fb7cbc5ed5a,const_667,no
_ra1f8cfcec75aa5,const_668,no
_reeb3c0db7046d0,const_669,no
_r716f0e1fe3a0df,const_67,no
_r3d03daa22479e6,const_670,no
_r7d978972878880,const_671,no
_redbd7924f08323,const_672,no
_r315a957f1450e2,const_673,no
_r34c08b6c598d8e,const_674,no
_rd3c5781c455fae,const_675,no
_rc376902ef7e7be,const_677,no
_r25b2ed463e27d6,const_678,no
_rcc1f5ff43473bc,const_680,no
_rf00f605e1fa7f6,const_681,no
_r2cdfa6ce9df67e,const_682,no
_r355bd6031b801e,const_683,no
_rf19c3f3002d104,const_684,no
_r061b502e8afb8e,const_686,no
_r1306046af2d9d8,const_687,no
_r42c23f1e830121,const_688,no
_rbe3939f92f3a90,const_691,no
_rcc55127ba51fa7,const_692,no
_rec8d08ed132ca1,const_693,no
_r2d11e981bbbf64,const_694,no
_r4ef6f796250045,const_695,no
_r08410ba43891d9,const_696,no
_r9f8493312d70e9,const_697,no
_rabeaafaea17115,const_699,no
_r229b7013ff3f87,const_700,no
_r8e244618fed722,const_701,no
_rfff45952b74762,const_702,no
_rd83fc44cbfdbe0,const_703,no
_r1bba7aa40c0dfd,const_704,no
_r6c8c70134f26e1,const_706,no
_r7f62084db0a282,const_707,no
_r3fefc4f3f17181,const_708,no
_r4a942219eaab7b,const_71,no
_r614f0ec2b5f6d6,const_710,no
_r8895564e1fe798,const_711,no
_r2821b4f116d196,const_712,no
_r88d5d40920ad0f,const_713,no
_rf3124f4bb613e3,const_714,no
_r31c5eb21e7b99c,const_717,no
_rd58e1ffeaa6223,const_718,no
_r458c1e2124af87,const_72,no
_r6d31d0f67f81aa,const_720,no
_r2ad1f4314512cc,const_721,no
_r7b1d88ed306c1e,const_722,no
_rd72130310455d4,const_723,no
_r3ff299bfbb3c4c,const_724,no
_r3778a9e3839226,const_725,no
_r45b2c250940098,const_726,no
_r7d7cc2e07db45b,const_727,no
_r0139b962a0df7b,const_729,no
_r2597bb364d5fec,const_73,no
_re8f5fd0ebe1e28,const_731,no
_rb80aedfbb26431,const_733,no
_r2c4d7526d60717,const_734,no
_r63767ba1de9d91,const_735,no
_r0c65c614af343f,const_736,no
_r5a3c5bcd1d8176,const_737,no
_ra1e1db0b78865c,const_738,no
_r361b721a6a04a3,const_739,no
_rc9d7be070bc4d3,const_74,no
_rf0557bb0100bd2,const_741,no
_r7f0dc4d1b95b63,const_743,no
_r04432e1e9df086,const_744,no
_rc5d17360f4b53e,const_745,no
_r9219fd48385268,const_748,no
_rd83cf19b799b9f,const_749,no
_r79a6ce6a61ec0f,const_75,no
_rd17e8b5468394b,const_750,no
_r66b06bb70f4454,const_751,no
_r043114e2844b84,const_752,no
_r703b5a65b77225,const_755,no
_r63d67b63f0592c,const_757,no
_rae271b54c84718,const_758,no
_r282ca6fccc346d,const_76,no
_r0884dfed048618,const_764,no
_rad28d82753d465,const_765,no
_r7a8f3d337cdbb2,const_766,no
_rb29aa338bd9e2e,const_768,no
_r4a1cf8ad677bb8,const_769,no
_rb022f4dfe7b6db,const_77,no
_r020628a0948199,const_770,no
_r6c23ecb168c73a,const_771,no
_r509836bf8befc7,const_772,no
_r62ede7f597ce66,const_774,no
_r7dc84c662baa54,const_775,no
_rc76da29ef04dc3,const_777,no
_r5796463d494739,const_778,no
_r26c4fa9745862d,const_78,no
_r09a21ba462fc2d,const_781,no
_r5380c9742378cd,const_782,no
_r99c03270236a0c,const_783,no
_r6cd9ae920446e1,const_784,no
_r5b48862e3f35e5,const_787,no
_r58e641d3df5d58,const_788,no
_r656eddf73c88c6,const_789,no
_r0b5d7db569363c,const_79,no
_r0ba38da0bd7f88,const_792,no
_r4cc19e35b73f49,const_793,no
_rc3f1d4e0c087cb,const_794,no
_r087023507fb3d0,const_795,no
_ree3985d7040843,const_796,no
_r49fd273de5caac,const_798,no
_rf3239c82290074,const_80,no
_rde20eeeedef432,const_801,no
_r7050c8c201d430,const_803,no
_ra3a90aa9424f0c,const_804,no
_r80cd1967281224,const_805,no
_r0b018e54b08bfe,const_806,no
_r747e476f85567b,const_807,no
_r02984e82721fa7,const_809,no
_rbea7f4b2ea4898,const_81,no
_r2005e929b88d26,const_810,no
_rf4e93a8fa5be84,const_813,no
_re42d667f529b85,const_814,no
_rf634d0cab98095,const_816,no
_r6f3fb6d624644e,const_817,no
_r5f55f579ee47a7,const_82,no
_r06ef7cd77bad8b,const_820,no
_r93fe28fde0ff42,const_821,no
_r145c34da0b5bb7,const_822,no
_rdfa64295ee6d96,const_823,no
_r8b380f93e87f5b,const_824,no
_r4cf5baf74c8826,const_825,no
_r13d9daefb8ac1c,const_826,no
_r82a7c17dfaf08c,const_828,no
_r42b0b060fb758d,const_829,no
_rbec6478756147f,const_830,no
_r3dbbe4e6dadcd2,const_831,no
_rd6d7e143fd0553,const_832,no
_r4bae51b55094cf,const_835,no
_rd0587a41a01a02,const_837,no
_r5f9e0498fd93a4,const_838,no
_r063cb4b47bfc47,const_839,no
_r1b57cc416fab5f,const_84,no
_reae187a51aba5c,const_841,no
_r818e10090fc37a,const_842,no
_r1e0534e4f33f81,const_843,no
_reac2030b2bb5e9,const_846,no
_r9a1e68e3fe0a59,const_847,no
_r753ded0513aa2a,const_848,no
_r62ccc72b25a81d,const_849,no
_r0af776284b00fe,const_85,no
_rcc33e12e0220ec,const_850,no
_r9588ebebb88c29,const_851,no
_rb05de97ffefd78,const_852,no
_r2a8158e803246c,const_853,no
_rb8f79014d54f44,const_854,no
_r2e95641ba02dcd,const_855,no
_r2a57c8e4841360,const_857,no
_r9f4a03b8cb1a12,const_858,no
_r4462632833bdcd,const_859,no
_rb494ecb08ef158,const_86,no
_r413bb68eeda9d2,const_860,no
_rcb96734316a360,const_861,no
_rfd21d1c4ac3105,const_862,no
_r33a01d521a1405,const_863,no
_r60c5440f05b75d,const_867,no
_r2c0982c64da57e,const_868,no
_r554677d854ed1e,const_869,no
_r61ab1284dcc0bf,const_87,no
_rc856cebad1628b,const_870,no
_r83091e4ab91dd9,const_871,no
_r98e3cad9124e4a,const_872,no
_re288295265a0ba,const_873,no
_r784ee5a7d45dda,const_875,no
_r651c172b20dbda,const_876,no
_r45294cab1dafa7,const_877,no
_r60a162ce955af9,const_878,no
_rb295a1aeeb2570,const_879,no
_r9eee79d5d1001e,const_88,no
_r86fd62ea2fd332,const_880,no
_r39667edd067acc,const_881,no
_rd20b61d740775a,const_882,no
_r6dafb3768439b8,const_885,no
_r76b510afb3a61d,const_886,no
_r238c3e5c4bb30c,const_887,no
_r81c71eadfa92c4,const_888,no
_r96db5f266f3244,const_889,no
_r420e89dfbc3955,const_891,no
_r879c8c3e62cfc0,const_892,no
_recf664699fbd76,const_893,no
_rb18522fa5de719,const_894,no
_r371f32dc3f85f8,const_895,no
_rda4cb8d90dd9a6,const_899,no
_r5bb4f3f0e6f643,const_9,no
_r750e1b1c5ec3d4,const_90,no
_r9aff9c0ab196df,const_900,no
_r0c09b7a42112a9,const_901,no
_rd939b4ab609243,const_902,no
_r2042d1bb0ca28a,const_903,no
_r2ad691eba2f1ef,const_904,no
_rf1a0f75bd59f55,const_906,no
_rad4786ce49bd3d,const_907,no
_r304de968ddaa3e,const_908,no
_r127ebd751fa8c2,const_909,no
_rd6b15ca491fecb,const_91,no
_r170fbbad05d010,const_910,no
_r66b1d6b3110032,const_911,no
_r58fc240e6d207c,const_912,no
_rb5bea9a5a47982,const_913,no
_ra1a67a64ebfab8,const_914,no
_rbae9d401245580,const_915,no
_re5c03e4cc2a95a,const_917,no
_rc27b2983bcd1d3,const_919,no
_r047bc9469841e6,const_92,no
_r6e6108b9e4e8c7,const_922,no
_r428d90b2aae7f4,const_923,no
_r894d8c53e443b5,const_924,no
_r710862aa3d982f,const_926,no
_raa709b04318772,const_928,no
_rc12d91dd279c60,const_929,no
_r5dec54a3dcb066,const_93,no
_r5f6cf3e661d028,const_930,no
_rbe5523f3474f34,const_931,no
_ref134b8beaf0d0,const_932,no
_r4b2002b596f8e8,const_933,no
_r4ed61f3ef93c89,const_935,no
_r9751efcbd1a44f,const_936,no
_rdd3b6e66a017d8,const_937,no
_r1c2483ff7dfb21,const_938,no
_rcac22bd7c6283d,const_939,no
_rbd7847ac989718,const_94,no
_r5b3c8792bcd669,const_940,no
_r836558c52969fd,const_941,no
_r9a18377137573a,const_942,no
_rb83a177fcc243e,const_943,no
_rea5c13509f86ec,const_944,no
_r1ebb4877206956,const_946,no
_r2efb3295bfcd23,const_947,no
_r0f69ad677ed6c6,const_95,no
_r7de8ecfced327e,const_950,no
_r12e99383c81952,const_951,no
_r4af76c6362c451,const_953,no
_r3db15e82f276c6,const_955,no
_r21e2eb170ffda0,const_957,no
_r91bb41dbf7a90b,const_958,no
_r67322b123ea6cc,const_959,no
_rb014ce10e824b3,const_96,no
_r2aeade5c293cbb,const_960,no
_r15c26aa04876fe,const_961,no
_r976b847c4e5e6b,const_962,no
_rbbd3d789e2c875,const_963,no
_r4262965da54886,const_965,no
_r0ea121de1f7628,const_966,no
_r974b6ba701f2de,const_968,no
_r1cd04412211b74,const_969,no
_r6be1f47c20e0a0,const_97,no
_r63090dfec5df71,const_970,no
_rb2565e2b291748,const_971,no
_r445feef674e3fe,const_972,no
_rd25dabb003834f,const_974,no
_r6c89b3e956e49a,const_976,no
_rce35a423908fa6,const_977,no
_rb67f4220cec798,const_979,no
_r5d7183631fa94a,const_981,no
_r396bedab8871c0,const_984,no
_r36388217f710c1,const_985,no
_r6557199c1ff4a7,const_986,no
_r0b44cc593e2144,const_987,no
_rdbdd5acd788b8a,const_988,no
_r496c04c1b3cd68,const_99,no
_r65d2b2732efa0c,const_990,no
_r8562075f48d700,const_992,no
_r793e76a09f3ca3,const_993,no
_r13f7a66301ef27,const_995,no
_rd33418517bd2fd,const_996,no
_r1d979b8272fe71,const_998,no
_rfcb2841215f0c4,constructErrorMessage,yes
_r27fe196371db46,constructOwners,yes
_r383cfd178271f5,contentBox,yes
_r2029443784024b,contentList,yes
_r7ea88f7dd85bc2,contentPadding,yes
_r19441523c1b8ef,contentsContainer,yes
_r6e90b6f4dfe9f1,contentsCount,yes
_r0ee61aacc38c01,contextMenu,yes
_rcd4ff0d1084f1d,contractId,yes
_rf664c4e77e1104,controllersById,yes
_r6e4a5c4ebc7fe9,convertColorToHex,yes
_r9e8b7b2bf6213a,convertLinksToEvents,yes
_re6f44973159f5d,convertOldPetFigure,yes
_r48611f501ac08a,convertSecondsToTime,yes
_rd83cfb1e5d58a3,convertSwimFigure,yes
_rcbd35e6e41d933,convertTimestamp,yes
_r44e6f9194abf6a,convertToTileX,yes
_r569a7244eb8485,convertToTileY,yes
_r7b26d662ccecc7,copyButton,yes
_r67a5e0400c02c9,copyChannel,yes
_r8c537981b6babe,copyDebugId,yes
_rd57a823b040fa2,copyEntries,yes
_r42a5afbbc9002f,copyExtra,yes
_r26ff0a3f86a4c0,copyTaskId,yes
_r321858e9a98a31,copyTrackId,yes
_r64ecfe0332c7db,copyValues,yes
_r19a243c6e9a72e,cornerRadius,yes
_ra4c6b54f799346,costCredits,yes
_r38e336c907cc45,costDiamonds,yes
_r63c180336f6fd2,costInCredits,yes
_r2fded456802108,countEntries,yes
_rd42303119ce0cb,countVisibleItems,yes
_r9312357cda81d8,coversStyle,yes
_r546cc1e7ed2355,createAdElement,yes
_rcdca56ae4562d9,createAdvancedSections,yes
_rf8f0bf7039bbd6,createAllFurnis,yes
_rf6af74520be578,createAndAttach,yes
_r516f02b020b8cc,createApiKeySection,yes
_r5042a9e6c13ffd,createAssetButton,yes
_r7c799b3b5d7a60,createAudienceOptions,yes
_r3510ad15679a35,createAvatarContainer,yes
_r8f9b12bb5f18d6,createAvatarImage,yes
_ra330ffd578b31a,createBadgeDetails,yes
_r908e693bcca047,createBalloon,yes
_re0703d2c53cc03,createBarChunkBitmap,yes
_ra74f9468b2139d,createBitmap,yes
_r7cd692e1be0194,createBitmapWrapperPreset,yes
_r9eb268afcaf7c9,createBorder,yes
_ra1563facd22cc2,createBorderSection,yes
_r660c8bf19f0938,createButton,yes
_r9d2204a9abe4d5,createButtonRow,yes
_r2a95a71bcecab0,createCanvasInstance,yes
_rf292b887461247,createCatalogWindowState,yes
_r9484be38194960,createChatItemPreview,yes
_re61ffc9c257dde,createChatStyleSelectorMenuItems,yes
_r5ec405fd6c7584,createCheckboxGroup,yes
_rfe0f474e557513,createCheckboxView,yes
_r5a68a501e6bd6b,createChooseVariableSection,yes
_r8cb5cb46e82679,createChronoMaskFilter,yes
_r880e3d8eb3ff44,createChronoRangeFilter,yes
_rcd303ec5c513b4,createCollectView,yes
_r56c2ce1c8015e2,createColorContainer,yes
_rf4fc150ff11e07,createCommandWindow,yes
_ra4b387abfb58ab,createConfiguration,yes
_r27e36f76308273,createContainerButton,yes
_rcc878967816a06,createContainerButtonPreset,yes
_r5619d07a4faa28,createContentLine,yes
_r01a7e8e6507861,createCountrySelectorMenuItem,yes
_r1466f16113b749,createCreateVariableBubble,yes
_r8c423c88b7b9fa,createCurrencyIndicators,yes
_r6225dac2e23512,createDefault,yes
_rf47e12b9787a19,createDelaySection,yes
_r3f2be9512f0458,createDisplayedLevelStatusExtra,yes
_r99e4d5990cbc8d,createDropdown,yes
_rd23a11839860aa,createDropmenuItemWindow,yes
_r03af801e1cfa0d,createEditorWindow,yes
_rfdc5c3c7e7c4dd,createEntry,yes
_r876740642bdb9f,createEntryFromData,yes
_r590b69b2c3f988,createExpandCollapseSectionRegion,yes
_r167e1a00bcad6d,createFakeContext,yes
_r0fadc3475461ae,createFavouriteTrayGroups,yes
_r8bd7d4c218aba4,createFillClip,yes
_r8bfb6963f4b802,createFloorEditorPreset,yes
_r5df910593bb4e4,createFontSizeOptions,yes
_r7674a3d9204546,createFooterPreset,yes
_r1d3f155e867c34,createFrame,yes
_r1772953e2152f5,createFrameBitmap,yes
_r688f11b24efdd7,createFromMessage,yes
_rcd4f01a52dc6f7,createFxButton,yes
_r05f466a06288cd,createGradients,yes
_r8dfc281dc93373,createGraphicAssetCollection,yes
_r1b22da44be8358,createGridItem,yes
_r3623d3bd6d2938,createGroupItem,yes
_r88172d76dfe408,createHabbiconNotificationIcon,yes
_r6bf072a39887c1,createHabboWebApiSession,yes
_r762309e26db85b,createHandler,yes
_r20e9ebddb25b1a,createHeaderLine,yes
_r9ea9d3b5bb10ae,createHeaderPreset,yes
_rd3b1c84e496e3e,createHighlightFilters,yes
_rb5d89a8fa887d3,createHtml,yes
_rd03c14cbb8c86a,createHtmlView,yes
_rec4a269dd58b22,createIconButton,yes
_r287dfa79465cbb,createInnerBorder,yes
_rb2194c767825ef,createInputSourceSection,yes
_raad1834efe7857,createInputs,yes
_r6fe55dfc4e70e1,createItem,yes
_rdd6b76bc0b9081,createLevelItem,yes
_r893cd71e7b0366,createLevelXpPreview,yes
_rcab8b706948f15,createListEntry,yes
_rc3cfe6ffa8b7e5,createListItem,yes
_r18e800f4ef0b16,createLobbyView,yes
_r5e34f92e5a4568,createLocalization,yes
_r147b5bb2d59564,createLogTable,yes
_rcd6365f6a0c593,createMainFrame,yes
_red9fd53cca32c4,createMainView,yes
_r826995ccdfcfd1,createMenuPreset,yes
_ra86c4e8f4a6093,createMessageWindow,yes
_r158a70e0c4578c,createMeter,yes
_r1ee2a932764b40,createMiniButton,yes
_rd7f400d6f169d0,createMinimizedWindow,yes
_ra7b3633303ec9c,createMouseEvent,yes
_rbae69960417d0e,createNameScamWarningData,yes
_r5065d50a6b33f2,createNamedNumberInput,yes
_r64abb2b2ca115e,createNamedTextInput,yes
_r0be1115b486976,createNextDiscountMap,yes
_r2c5ba1651c02de,createNodeOverviewPreset,yes
_r715cf48148dee1,createNoobRoomOfferView,yes
_ra0191415ebb8ab,createNormalWindow,yes
_ra6709a9b4b3851,createNumberInput,yes
_r4dc98d4d40adee,createOptions,yes
_r010a24d2f3f4c6,createOrUpdateChatStylesView,yes
_r959741a4e83567,createOrUpdateHabbiconSelector,yes
_r209489f7747c80,createOutlineBitmapCacheKey,yes
_rb402b482e40bf0,createOutlinedBitmap,yes
_ra3cc9acb924fdf,createPercentageBar,yes
_r735e2720d5d20a,createPlaceholderNameSection,yes
_rde395fdd0bb8aa,createPlaceholderTypeSection,yes
_r4e2c4e47deb998,createPlan,yes
_r0ae86e5650aa6f,createPlaneVisualization,yes
_ra9056a03d3440f,createPrebake,yes
_rbd8f72c0d173ab,createPreviewBitmap,yes
_r93b3e1336dd1ce,createPriceContainer,yes
_r551113d688036e,createPrizeItem,yes
_r6fcb9f2cee7588,createProductContainer,yes
_rd91e2a9240d939,createProductIconPreviewer,yes
_r8ab65e47889662,createProgressClip,yes
_r3c4d7981a3ca5e,createProgressRendererConfig,yes
_r2c8af21f397235,createProgressRendererConfigExtra,yes
_r415eaa54cb3459,createPropertiesTable,yes
_re34a1b8841e962,createQuickMenu,yes
_r0099de980076c5,createRadioButtonView,yes
_ra8ba9a44b42be3,createRadioGroup,yes
_r6523e18c696b84,createRenderPlan,yes
_rfdad767c12ae52,createRenderedSignature,yes
_r2d416b1b2fe303,createRewardEntry,yes
_r8317540db002b5,createRewardItem,yes
_reeeda2d61a68f2,createRewardPerk,yes
_r8aa1cc1c34d164,createRewardProduct,yes
_r89d0923b588cbe,createRoomObject,yes
_rc84c6ecf3b185b,createRoomObjectLogic,yes
_rf776c7dac1f217,createRuleEditorPreset,yes
_re79309c019bdca,createSearchInput,yes
_r7649a4797e218f,createSeasonalCurrencyIconMap,yes
_rc7e36856ff8bdb,createSection,yes
_rde981effcd8be7,createSectionWindow,yes
_r26aa84fceaceeb,createSelectorOptions,yes
_r39deb4a43db23d,createSetBitmap,yes
_rc6245adb521e48,createShoreMask,yes
_rca8b400ee1a79a,createShoreMask2x2,yes
_re5db8073527bc8,createSimpleListView,yes
_rffb2a4ff7aa923,createSlider,yes
_rf2c34c297de7bc,createSliderSection,yes
_r56e55929ca07d7,createSnowball,yes
_r8082e182716155,createSourceTypeListener,yes
_r7140396f5f85e6,createSourceTypeSelector,yes
_r92382be713879a,createSpacer,yes
_rd0bd641580f031,createSpacing,yes
_r2f6f9bcaaef8cf,createSplitterVerticalView,yes
_rb4e4fa7ddf972a,createSplitterView,yes
_rb77ae4a6fac326,createSprite,yes
_rc42c1b95a414f0,createSubVariableCreator,yes
_r794097ab0a348c,createSurroundingBorder,yes
_rc5c94b587ef024,createTab,yes
_r5417c478b3281f,createTable,yes
_r741dd5411024e5,createTag,yes
_r612ddd133f766d,createTask,yes
_r5e6ef2125c8c11,createText,yes
_r744035be6ec2e6,createTextBorder,yes
_r28aff216570071,createTextField,yes
_r4693c44c2b0fa5,createTextInputView,yes
_r1e00f40580eae6,createTextTable,yes
_r05cf2581c9bae0,createTextView,yes
_r7793b4cafa0197,createTextualButtonPreset,yes
_r1c41b179524735,createTileHeightColorMap,yes
_r9b1b30605cb236,createTimezoneSection,yes
_r6b76641f424aa4,createTopHeaderElement,yes
_r2502d8f8177e28,createTopInfoPreset,yes
_r4356e994a0d628,createTradeRequirementRule,yes
_r9b3b411f008462,createTransactionTable,yes
_r811cd24e119c9d,createTransitionToIcon,yes
_rb40f4684df0dd9,createTransparentBitmap,yes
_r0519e0c44c3f94,createTruncatedCurrentPlan,yes
_rcc0c8ddcd60b54,createTypeButton,yes
_r4a84afc8e21439,createUnseenItemCounter,yes
_r02c40a31cb7658,createUsageInfoSection,yes
_rcc6c7eaeb60f5b,createUsageWarningSection,yes
_r84f39a7e627743,createValidRectForSheet,yes
_rb4a074e06d2035,createValueOrVariableSection,yes
_ra863006d592df7,createVariableBubble,yes
_rfeb83e2c535685,createVariableButton,yes
_rcbc9623bddf95c,createVariableFxAdvancedRangePreset,yes
_r04e74efc5f643b,createVariableFxValueRangePreset,yes
_r27091b4ec689f1,createVariableFxVisibilitySettingsPreset,yes
_r088758aa11f668,createVariableFxVisualizationSettingsPreset,yes
_r2f0a65072e6d12,createVariableList,yes
_ree8fb8a9dc0b61,createVariableNameSection,yes
_r6243621de007f7,createVariablePicker,yes
_r382a3e88e071fa,createVariablePlaceholderModeSection,yes
_r2c4ed3088e29b2,createVariableValueCell,yes
_rb3d8f19f07d087,createVariableValuesTable,yes
_r2478cc26a29dd3,createWalletButton,yes
_r2c471f903370bb,createWidget,yes
_r0bf7685fbc9dbc,createWidgetContainer,yes
_r8ab8599c80782e,createWindows,yes
_re5235a94907133,createdKeyText,yes
_r585553f26890a7,creationDay,yes
_rfca47de1ae676c,creationMonth,yes
_r5c4715db73f421,creationSeconds,yes
_r1167020972eba1,creationTimeAsSecondsAgo,yes
_ra7a5721afd6b35,creationYear,yes
_rb4ad75724757b4,creator,yes
_r2a0a8e84374af6,creditsWaiting,yes
_r91c153030ccf42,currencyBackgroundColor,yes
_r2626831069bad1,currencyColor,yes
_r33b2912c623329,currencyTextColor,yes
_rfbbc35e8abd21b,currentCapacityText,yes
_r371a9aad068dce,currentCatalogNavigator,yes
_rdb418453db33a3,currentInput,yes
_r0d1443db231ec6,currentLevelXp,yes
_r24a3e432cfa2eb,currentLocationX,yes
_rb190142c94d201,currentLocationY,yes
_re821faae9642ca,currentPage,yes
_r7bc63ca681dfe7,currentResults,yes
_r1c52cdbb5ad377,currentRoom,yes
_r9bc287130c5e0a,currentSelection,yes
_rebc34540a55130,currentTotal,yes
_r4cc153da619f41,currentXp,yes
_r4a648f54fa4cca,currentlyInRoom,yes
_r55f0cd5d76b964,customChatStylesEnabled,yes
_r446b09843b5b85,customLayout,yes
_r3e1dbadcf5ff39,customPartCount,yes
_r7c68f9663bf086,customParts,yes
_re7c55b6ca93cfc,customText,yes
_r15b1721a1d05cf,cutCircleFromBitmap,yes
_re33fe51ea4b02e,cutTextToWidth,yes
_rde8b5cb2c89301,danceStyle,yes
_rf5dd4b7cef7af4,darkeningPrebake,yes
_r17d6ad91a5492f,dataIsReady,yes
_r6be32d048499f3,dateString,yes
_r4ab71c5707544f,deactivateScrolling,yes
_rf8b626cd54b3fd,deactivateView,yes
_r5d227660117660,decisionDateText,yes
_r0603bdea60b14a,decodeIsRoomTile,yes
_re6ce9e6ab202af,decodeToByteArray,yes
_rf3985c3c84fd4f,decode_error,yes
_r2ef3bd77e7e01f,decompression_failure,yes
_r4756cc9fb2eee7,decorateModeSupported,yes
_r348952ee36a215,decrypt_error,yes
_r71609740a4f025,decryption_failed,yes
_r646232a679f791,deepCopy,yes
_r03de3ffcc7bc5c,defaultColor,yes
_r64c984f10e3709,defaultColorId,yes
_r8fa227ebbe0468,defaultFurniSources,yes
_rb3c008570204c0,defaultLinkTarget,yes
_r06660ac87043e6,defaultRenderer,yes
_r5ba1231b929a99,defaultStuffTypes,yes
_ra0c6d1f8dd06bb,defaultStyles,yes
_r27480c9d969c42,defaultTextFormat,yes
_rae83aee8c5b125,defaultWidth,yes
_r86f2834094318b,defineColors,yes
_r99e0989e82becf,defineDirections,yes
_rc8aa8182d624bf,defineGestures,yes
_r474f8e5df9480d,defineLayers,yes
_raebbba0e9ed5cc,definePostures,yes
_r3c71fc4c581bb4,defineSprites,yes
_rd54185bc95deb3,defineVisualizations,yes
_r341b4cb416f1db,delayCall,yes
_r1d1785c4dbc573,delayInPulses,yes
_r07d5a0b7388ce4,delayPreset,yes
_r8d3e8716fea6d2,deleteButton,yes
_r260d381382b559,deleteSavedSearch,yes
_rdf74314af81179,deleteVariableButton,yes
_rb5c2d568d1e99c,denyAll,yes
_r6e6bb9cc7266b8,dependencySetter,yes
_rad4ff7808c03ab,depositFurniCount,yes
_r565259a5f792ef,depositsContainer,yes
_rfde42042b01a4e,deps,yes
_r83b3a2cbb2f995,deriveColor,yes
_r9c49924bb541ab,descriptionLocalizationKey,yes
_r218a4ec32f16d2,descriptionText,yes
_ra0ea5b9dab55fe,deselect,yes
_ra1b5064edb01a1,deselectChatEntries,yes
_r9558471906600b,deselectInstantMessageEntries,yes
_rb170419c1a3aa9,destroyNoobRoomOfferView,yes
_r6d9d5afb2e3e86,destroyWindow,yes
_rec96bc402add37,detectionDropdown,yes
_rd8884aa0b45b65,dialogEventProc,yes
_re8ab4ce9c95af4,diamondsIcon,yes
_r9577b5ebd7402e,dif,yes
_rfe534a6944f294,differenceInPercents,yes
_r4ddf1b8087a8ae,direction360ValueToDirection8,yes
_r4239a8cdbe6e03,directionAxis,yes
_r6b86147d49d7bf,directionData,yes
_r41d108a4b40104,directionFromPivot,yes
_r636ae476c56c82,directionOffset,yes
_r498078d7de4f9f,disableAllButtons,yes
_r883d19c33951fc,disableButton,yes
_r3c30c16396c492,disableButtonWith,yes
_rd04169dc4c57b1,disableButtons,yes
_r920c9e5531ade1,disableElement,yes
_rd7075eb07ee003,disableRoomHistoryButtons,yes
_rfa9a070bf83589,disableScaling,yes
_r5aeeaffd007125,disableSection,yes
_r2a45421fb1d134,disableWindow,yes
_r0b469803145d65,disabledBorder,yes
_r2e45b4517a99bd,discardOldBitmaps,yes
_r4eeb00ef6b0e82,disclaimerTextHtml,yes
_r0cc2eae08541ba,discordRegion,yes
_r7e4e898aba7f92,discountAmount,yes
_re308e3fec79c4f,discountRow,yes
_rae7a129f5f4ea8,discountShownEventTrack,yes
_r956132ccf7fdc9,diskColor,yes
_rf8630fda2c986f,diskIconBitmap,yes
_r44c2b485015a52,dismissButton,yes
_r45d12306712e17,dispatchEvent,yes
_r79674bd45559bb,dispatchImageAsset,yes
_re33ce874356563,dispatchTrophyDataUpdate,yes
_rdd9ca557eda8b5,dispatchWidgetEvent,yes
_r93bdfa7695563e,displayCurrentResults,yes
_rf087997d1fca9b,displayError,yes
_r0808dbc404b66e,displayGeometry,yes
_r3088555ed3c9e3,displayIdleAutokickTimeoutError,yes
_r60f28104795699,displayMainView,yes
_r5372ed9edbf143,displayNewData,yes
_r4571c67bafef76,displayNewPage,yes
_rdace95e7429924,displayObject,yes
_r0be88738443e45,displayResults,yes
_r675e14bc0a716c,displayScale,yes
_r5d908f27dc8222,displaySlider,yes
_rd20300486b56cf,displayTime,yes
_r64eda88e8f280e,displayValue,yes
_r5a286d07d1deba,displayableStatuses,yes
_rbe1f1f21305f23,displayedFrameArgb,yes
_r696fbc3a2a7b4a,disposeBadgeSourcePrebake,yes
_r1ad62accd3e0eb,disposeCachedViews,yes
_ref44a8baa1039b,disposeConfigPrebake,yes
_r5e22b8dcce839c,disposeCroppedTopImage,yes
_rb732f8ba9e8b63,disposeCurrentBadgeRender,yes
_r6719ac78d61503,disposeInterface,yes
_r6cdecab3127b36,disposeObject,yes
_r57a2d685bbe64b,disposeSeenMap,yes
_r25e58078e35248,disposeTable,yes
_r62d6b45ed30dfa,disposeTemplate,yes
_r8894b0b9e42fc4,disposeTileBitmap,yes
_r6e76abeff1d874,disposeView,yes
_r20478ea1a58e22,disposeViews,yes
_rc8b3af5f3ccbbe,disposeVisualizer,yes
_r975bcd01673afe,disposeWeeklyResetTimer,yes
_r3878b3041a9fd2,disposeWindow,yes
_ra0774739c7dc6a,disposesBitmap,yes
_r65563a40dd64f8,doMagic,yes
_r79647cf9e8248e,doNotShowCheckbox,yes
_re43e7964ddeee9,doSearch,yes
_r2044e4cdc49623,donateCoinsButton,yes
_r234b3605fc5b90,donateFurniButton,yes
_rb20b28f537f4f4,dontShowAgain,yes
_r7dae3ef8661c1b,dotProduct,yes
_r9b7515b7a34e60,downArrow,yes
_r92483bc9e3b497,drawBadge,yes
_rafe7f5f1afdf7b,drawBarBitmap,yes
_r541e7b07866644,drawBarEndBitmap,yes
_rc323136d0f021c,drawBitmapLayer,yes
_rce51abb28dc149,drawDigit,yes
_r8a75c939d48c4f,drawDigits,yes
_rb90798c46ec868,drawEndPointer,yes
_r240aa31407c117,drawFullFillLayer,yes
_ra021b449eefe24,drawGradient,yes
_r0ae76c4b287274,drawHeart,yes
_rf0be80b613cb31,drawHorizontalLine,yes
_rffb7f9eb6582c4,drawIconOverlay,yes
_rb0756894df16eb,drawImageToSlot,yes
_rce9d669aefc1a8,drawLayer,yes
_ra78cdc8b945f4a,drawOverlayEndLayer,yes
_r271f150636a833,drawOverlayLayer,yes
_re2d0a50dfc895a,drawQuad,yes
_r0926b10fef96bc,drawRecoloredBackgroundAndFrame,yes
_r058542d388736c,drawRectFill,yes
_r1c2380e0624a97,drawRectStroke,yes
_r3c9efa4e3d8560,drawRectStrokeSides,yes
_rb5e97645ecea3b,drawRepeatedFillLayer,yes
_r35cfce0bce9186,drawRepeatedThreeSlice,yes
_r99da1a53bb6bf5,drawRoundRectStroke,yes
_r9e0c09f4869d9a,drawSingleSourcePixel,yes
_r3045654e1ddf31,drawStaticLayoutEntity,yes
_rea6f0e5ed96cff,drawStretch,yes
_r06a10f586afb91,drawTextGlyphs,yes
_rfbeb36722dadb3,drawThreeSlice,yes
_rad46a0dfe9f9bd,drawTiledChunk,yes
_r8b3384e3d647ea,drawTintedLayer,yes
_re407bd70bf30d6,dropdownOpener,yes
_ree8868cee48afb,dropdownOptions,yes
_r2cd52ef2f26006,dropdownRegion,yes
_rb2ca0d8f8b1fb7,ducketCost,yes
_r5882002a347bcc,ducketValueForCategory,yes
_rd25076bbb3e75c,durationLabels,yes
_r4e21718cf8baf5,dynamicLayoutLeftPaneWidth,yes
_racdb2b62b268f6,dynamicLayoutRightPaneWidth,yes
_r7e74fa45aefafc,earningsUnseenIndicator,yes
_r79dff83464b136,easeCombined,yes
_r656c50fc033880,easeInOutCubic,yes
_r2467175f6776d8,easterEggMode,yes
_rb22e8bce3dd6b3,editEvent,yes
_r70b7976acb9446,effectButtonClick,yes
_r5aa8ea5686345b,effectId,yes
_r084bcc7b991304,effectImageWidget,yes
_r57456bb9b14957,effectType,yes
_r9ed9f3b0bd621c,effectiveOverrideMinValue,yes
_rb9513da12dfc16,effectsParamViewContainer,yes
_r3c706c0554c5d2,emailChangeEnabled,yes
_ra1690220871c17,embedFonts,yes
_r85510d0d3b844f,embedToContext,yes
_rb9c5d913ccc244,emeraldPriceText,yes
_r8dfa33ff9e0d00,emoji2BitmapTemplate,yes
_r20afcfd78b2db0,emptyContainer,yes
_r5c466c98c4b9f2,emptyText,yes
_r47f2dc152f3138,emptyTextContainer,yes
_r81440cb1b4d92e,emptyView,yes
_r70b3111b34134a,enable,yes
_rdcd3423f095d54,enableAllTimeButton,yes
_rb8a7e52cc5ff2f,enableBoxColorSelectors,yes
_ra3920f7141981c,enableButton,yes
_r1b9c716499a872,enableBuyButton,yes
_r935aaca5cc2ba3,enableChatlogButton,yes
_r6949ca11427250,enableCheckbox,yes
_r4e132e8c6eb723,enableElement,yes
_r928d85aa6eb968,enableGiftButton,yes
_r09e1efae1062f5,enableGiftDialogAvatarImage,yes
_r85c2c2e869bd50,enableHint,yes
_r8ee0a4efb178ca,enableLimitedItemLayout,yes
_rd9d0d815b5af75,enableRibbonSelectors,yes
_r05749b672427f1,enableScaling,yes
_r35288a9c68525d,enableSeparator,yes
_rfe999879e3361a,enableThisWeekButton,yes
_r67802bc73ff127,enableWallHeightControls,yes
_r64c24c3c9372c8,enableWindow,yes
_rab5ca88c1b4b58,enabledCheckbox,yes
_r23e4fde8e85f2e,endActionAppends,yes
_r9982ddfdc7e32c,endColor,yes
_r29264cce29b9fe,endPercentage,yes
_r8ac107634b7fc1,endReason,yes
_r75ba565cf75049,endsWithFive,yes
_r10c33c7878d465,energyMax,yes
_r88f29381a8a5bf,ensureFrameBitmap,yes
_r5bf8906ba8222f,ensurePointIndicatorSlots,yes
_r82f734f772c2f0,ensurePrizeSlots,yes
_rc7842ba8f648f9,ensureUpdateRegistration,yes
_r240194dbf4c580,ensureView,yes
_rf3d1d5dbb57d34,ensureVisualizerDependencies,yes
_rcee0688548f013,ensureWindow,yes
_rab90c52ee3e31f,enterNewRoom,yes
_r60887c27546047,enterRoomWebRequest,yes
_r8b89bcf4b7b131,entityId,yes
_r239d00c6b3c104,entityName,yes
_r6f9de3fbca3c42,enumerateStyles,yes
_r117fb2381a4226,environmentAvailable,yes
_re8d7fecdd9de14,environmentReady,yes
_ra2c4dda23dbe63,errorCodesToMessages,yes
_rfa24caf824a3cb,errorInfoBorder,yes
_r19a4fc89f6a6b2,errorInfoContents,yes
_r72ecb75b5104e1,errorMessage,yes
_ra9af982ce478b1,errorName,yes
_r17b5c15ff86a3a,evenBackground,yes
_rfe15cf949a894e,eventListener,yes
_r4c58c7fb7f29e2,eventListeners,yes
_r2a7c90c2fce038,eventProc,yes
_r67984974e1f9fb,events,yes
_r11c2011784c5be,expandOrCollapse,yes
_r3d2f501d65b3ae,expandToAccommodateChild,yes
_r4a8fe84ca896a0,expandedWindow,yes
_r17705fb5993998,expectedGroupId,yes
_r581f958cbb44bf,experienceMax,yes
_r707bf7a75e74da,expirationTimeStamp,yes
_r29fe4644348e97,expiresText,yes
_r02f0e3f8a6f3d1,expiryTime,yes
_r08e75948b14e15,expressionType,yes
_rdd4f6878afc8ad,extensionView,yes
_r963b4912cc0b62,externalImageCount,yes
_r3c578ec73f8e7a,extra1,yes
_r35af7d146cf1f3,extra2,yes
_r7a1870b67083ab,extraCont,yes
_r0b6723e5e759b1,extraData,yes
_r0c260057326571,extraDataServiceUrl,yes
_r511f7fbd7adb93,extraDepth,yes
_r6ed824e35f7a68,extraInfoButton,yes
_r631424da803435,extraParam,yes
_rf0cb6171c0e479,extraParamRequirementsMet,yes
_r611dd2cf0690bc,extractMonoSamples,yes
_r0ff19a5be99a13,extractTemplates,yes
_r04ba6437db3035,extractUrlHost,yes
_rb8e9f53ff84b43,face,yes
_rb3851f282ab78e,fadeTo,yes
_r4b7cbf07bca2bd,failCode,yes
_r6a1957cddfee78,fast_sqrt,yes
_rac3d43f87a0b3e,favorite,yes
_rc2f772724a669c,favoriteIcon,yes
_rdfab649ea44b7a,favouriteChanged,yes
_r7bde1bca82ac32,favouriteGroupId,yes
_r12bf29db38c32a,favouriteRoomIds,yes
_r0a0bf3782721a6,feeMinusButton,yes
_r91cfea7d5e6658,feePlusButton,yes
_r3765bd84ab43a4,fieldValue,yes
_r1a736819d23a86,figureData,yes
_r17209f9a390a7c,fillFooter,yes
_rf985fd739c5618,fillFromMessage,yes
_r10a793a88c14a1,fillHeight,yes
_r340b9301e067bb,fillParameterValues,yes
_ra658119aaddbcf,fillParams,yes
_r47b47af2733814,fillPixelRect,yes
_rcafbd6b88930f9,fillRect,yes
_rb6785573a51605,fillStyleTable,yes
_r72c3371f42f7cf,fillTables,yes
_r805840c55ad3e8,fillTopLeftCorner,yes
_ra87c80933ddf21,fillTriangle,yes
_ra652a6a9a0ba7e,fillWidth,yes
_read06c99abe07e,fillY,yes
_r21bbb9eba42067,filterCategory,yes
_rc6da5acb9b4196,filterGroupMemberships,yes
_r050181cad0f7a9,filterInInput,yes
_r144004f2ca66b0,filterInput,yes
_r16d40adf0c8823,filterOptions,yes
_rddd4d021b37214,filterSpawnVariable,yes
_r8b2855e207ef84,filterText,yes
_rc9357ef6bea605,filteredFriends,yes
_rafd1d390b5c9de,filteringData,yes
_r133d11998da2ce,filtersString,yes
_r9164518bb28a49,finalPage,yes
_r5f13523c000a8d,finalizeBuilding,yes
_r0ccbe0ecfcbd0c,finalizeSelection,yes
_r0951e1f54629ba,findAdEntry,yes
_rdf78a461dac9aa,findAlertView,yes
_rd5c51128ad978d,findAllItemsToReplace,yes
_r93efa8c4c3c2f9,findCategory,yes
_r17012480ca956b,findCollection,yes
_r4ca01518c95d90,findFilterIndex,yes
_r01a783bdef1c8c,findFurnitureData,yes
_r460fc13cf85afa,findGuestRoom,yes
_r3b5a958b0ced33,findInventoryFloorItemById,yes
_r0338cd6714f20b,findItemToReplace,yes
_rbdc30f5dcd1795,findLayout,yes
_re3613743c64707,findMaxDistancePerPoint,yes
_r1f99375a4f7359,findMaxRequiredPoints,yes
_r8be723de7e93d8,findMinRequiredPoints,yes
_r57b9864048e09d,findMinimumGap,yes
_r98bc1fbd716941,findNextEmptySlotIndex,yes
_r328977b782d587,findProgressInfo,yes
_rdd7313240eca3e,findProgressInfoForMax,yes
_r5e0273ca7385d1,findReusableGroupedView,yes
_r19bc559956bb4e,findSelectedTab,yes
_r1da95d9999d16b,findTab,yes
_rc117962838b73f,findTaskByAchievementId,yes
_rf53f627607d627,finishClosing,yes
_rab95ae468ff967,finishHidden,yes
_r305cf2a32313a0,firstPageButton,yes
_rd4a5c62dfe5826,fitSize,yes
_r33b40dc8c3a0c8,fitSizeToContents,yes
_r3a19636299d121,fitToDesktop,yes
_r890ce15412292b,fitToSize,yes
_r7f985169202874,fixAlignmentsAndAdd,yes
_r9ab92e0e2c99ac,fixHeight,yes
_r1ca8a543edc4bf,fixHtml,yes
_r9df1c372f0d4a5,fixItemWindow,yes
_r6fa6213bda3f5a,fixNames,yes
_raddc6a2dd8927b,flashOwnScore,yes
_rb07a6d7a38d644,flatId,yes
_rd1d217917ab151,flatVariableName,yes
_r247a773a48c8b5,fletcher100,yes
_r81391b40b921f9,floorItemCount,yes
_ra389cc6d1f7232,floorRelativeDepth,yes
_r586f7c463ddbe6,flushRenderQueue,yes
_r350cf311912ec4,focusNameField,yes
_r79e56ba21dbc5b,focusOutline,yes
_r636bf40dba4792,focusSearchInput,yes
_rc04aac9c18f68f,focusUserFace,yes
_rf7fc8cda8c1ad1,focusValue,yes
_rf3d72a65845129,followingAllowed,yes
_reecdeecd0bc4c9,followingToGroupRoom,yes
_r8319283f6b4f9b,fontSizeItemWindowProc,yes
_r1492e1acee2b27,fontSizeList,yes
_r1c949e5daecf90,forceClosed,yes
_r0d1cea93739676,forceFurniSelection,yes
_rb541dc5315656b,forceHidePickFurniInstructions,yes
_rd6c027c4897d3c,forceImageUrlToUseHttps,yes
_r7ee947983b93e4,forcedAutoLoginEnabled,yes
_r8dc5c3983b1d98,foregroundPrebake,yes
_r8f4dd13c91c027,format,yes
_r2d769d66e28aed,formatDays,yes
_r343b2297b70c0c,formatInlinePrice,yes
_r872e7d0899ed23,formatMinutes,yes
_r879e5d9371e005,formatPrice,yes
_rd289afddf77f71,formatPriceAmount,yes
_r1a6dc201bc7456,formatRgbHex,yes
_r0c44acb731b349,formatSeconds,yes
_rb08511c78260f3,formatStatusTime,yes
_r8f375e805fd1cd,formatTime,yes
_r2321bc92c608b0,forumData,yes
_r25bcc4b201cdc0,forwardToRoom,yes
_r9199ccc18e7104,frameColor,yes
_r5fb4145ae27edc,framePreset,yes
_rea2a067d79b20e,frameTitle,yes
_r152107810c2963,friendId,yes
_rd7f54843999b88,friendList,yes
_r653e467022ea10,friendMatchesHeader,yes
_rd3781fe2558467,friendMatchesSection,yes
_rd2ddd6933963d3,friendMatchesText,yes
_re2fd856f3bc535,friendRequests,yes
_r4b247dfbb582e6,fromFloodSensitivity,yes
_r40a10aee4decbc,fromPool,yes
_rbc6057968c78dc,fromRawString,yes
_r46bf3d29d6e386,fromRgb,yes
_rd90e09a0270cce,fromSnapshot,yes
_rc3a54cfcd9374a,ft,yes
_r793226e06ed8f4,furniData,yes
_r34a45c745676c9,furniDataCategory,yes
_r133b76928e9a62,furniDataForSelectedItem,yes
_rb1418465cc2195,furniIcon,yes
_r4f8ccf494f4d37,furniId,yes
_re236d5ef4dc44e,furniImage,yes
_rd025c00d5a7fbe,furniLine,yes
_r17ca0dee2a0a07,furniPicksSectionPreset,yes
_r6ecac1c7b00798,furniQuantity,yes
_rc840b61bf4d4aa,furniSelectionTitle,yes
_r4596c63f8f0ee8,furniType,yes
_r088bfc9c892ebb,furniVolumeContainer,yes
_r96adaef69fd555,furnitureClassName,yes
_r1dee81714cd71d,furnitureData,yes
_reb5dfec9430207,furnitureDisposed,yes
_rd147106ec3547a,fuseLocation,yes
_r6d52bf66c5c808,fuseObjectId,yes
_rd398515012a256,fuseObjects,yes
_rbeaf9dc417afbd,gameLevelData,yes
_rdcfeab0d61231e,gameObjectId,yes
_r1882429f3a6f09,gameObjects,yes
_r815400c184e2d6,gameType,yes
_raca6be88ee4673,generateDataContent,yes
_r0a9345d5eb0e06,generatePaletteMapForGrayscale,yes
_re7e6453dc57a79,generateRandomHexString,yes
_rf18b8546aecf89,generateTree,yes
_r4dc1a4f2ee6034,getAchievementCategoryName,yes
_r098493cc531bba,getAchievementDesc,yes
_rb2db22b4fd1389,getAchievementInstruction,yes
_rbc221f06d04b96,getAchievementName,yes
_rb433cc6f741c59,getActionButton,yes
_rb32a565e019879,getActionByCode,yes
_r53c82e41961ff2,getActionExplanation,yes
_r57ae3d8348d510,getActiveChild,yes
_r8d426e3f067c0d,getActivityPointName,yes
_r4e0cfa13c275c3,getActivityPointType,yes
_r26dce873f68bba,getActivityPointsForType,yes
_r90d7e03c6cb8ac,getAdClickUrl,yes
_rce5c2bfb093b89,getAddData,yes
_rb89768b9ebc5e7,getAlert,yes
_re294f6341fb560,getAlertWindow,yes
_rae59b31969f465,getAliasFromAdTechUrl,yes
_r547cdcf2fd1aff,getAllEventTypes,yes
_r4697ce76f93cc1,getAllFurnis,yes
_rb769fd94a9e176,getAllVariables,yes
_rb0f9d2b7de5678,getAllowedFurniSources,yes
_rd736aafe71bef5,getAllowedUserSources,yes
_r990818ee7ef9b8,getAngleFromComponents,yes
_raa8d840032ade3,getAnimatedBodyPartIds,yes
_ref8f7e888dbfd8,getAnimation,yes
_rd1e68884eaee6e,getAnimationCount,yes
_r4325658b7ce58c,getArenaName,yes
_re147f004d1cdbe,getArray,yes
_r2b9d8bd7d0c9a5,getAsDaysHoursMinutes,yes
_r24f5fb328bf4c2,getAssetBitmapData,yes
_rafb5ba517759fb,getAssetByName,yes
_r559bb9f793ac71,getAssetLibraryByUrl,yes
_r93492f911d6a19,getAssetLibraryType,yes
_r5d4a876aac542c,getAssetName,yes
_r75aa45e868c82d,getAssetNameForFrame,yes
_r167da1e0b97289,getAssetWithPalette,yes
_r1764bcdb984e83,getAt,yes
_r90032208c9bd43,getAttraction,yes
_r7bf1d722f6e6b3,getAvailabilityString,yes
_rc8e6a5d95f3653,getAvailableEnvironments,yes
_r4de0fcdcd3a26c,getAvatar,yes
_r03b85bb353e9b8,getAvatarAssetName,yes
_r7882f1c179d182,getAvatarContainer,yes
_rd9fc34a8e899de,getAvatarFigure,yes
_r38950cc566d3f3,getAvatarLibraryAssetName,yes
_r188c4264f4b238,getAvatarRendererAsset,yes
_r7e1d4db2980df6,getAvatarUrl,yes
_rde3310b419480c,getBackgroundShadowBitmap,yes
_r8c94b3984d6a6f,getBadgeCountByRarityId,yes
_re3a00b4dcfa23a,getBadgeDesc,yes
_rb5aa35cb8178ab,getBadgeDisplayMessage,yes
_rf5fabe04942e9c,getBadgeFilterLabel,yes
_r72f0f6e6bd7581,getBadgeId,yes
_rfc9c287e87edf3,getBadgeImageInternal,yes
_rb9ace199abd316,getBadgeName,yes
_r9d60e998bfb752,getBadgeOwnerCountLine,yes
_ra8b98eb6d64fd9,getBadgePointLimit,yes
_r7e805e60abb1b2,getBadgeRarityFilterLabel,yes
_r50120069ae32b2,getBadgeRarityLine,yes
_r2b5692b62c9341,getBadgeWidget,yes
_re8492b3610863c,getBadges,yes
_r5c59aa359a7284,getBakedColorDesign,yes
_r5e93107a9c0f69,getBanRadio,yes
_r8d99fb60095dbc,getBgColor,yes
_r46eb73fa68d5a5,getBitmap,yes
_rfac50894b8f9fa,getBodyPartCache,yes
_r014826251f0b58,getBodyPartIdsInAvatarSet,yes
_rf480786625bb8f,getBreedLocalizationKey,yes
_re4d6c5864089c6,getBuilderFurniPlaceableStatus,yes
_rb118a54771f1cd,getButton,yes
_rdf99f71e10c8da,getButtonCaption,yes
_rba4d135e70558a,getButtonInfoText,yes
_r0da29a096f486e,getButtonTypeName,yes
_r88a9ff7a208ef2,getByCategoryAndStyleId,yes
_rd479204d9dc32f,getByCategoryId,yes
_r0e4195cc5a86cf,getCachedGroupDetails,yes
_r077979b1cd4f9e,getCalendarImageGalleryHost,yes
_r7d163eb4889a2e,getCampaignLocalizationKey,yes
_rab60b1342c053d,getCampaignLocalizationKeyForCode,yes
_rb0481c19e3b18d,getCancelButton,yes
_rc0a83636cd93d1,getCanvasPoint,yes
_rb924cb48bd1db2,getCatalogNavigator,yes
_r8dda614b9484a2,getCatalogWindowAssetName,yes
_r811cb3cf616bb0,getCategory,yes
_r6b563438d5954f,getCategoryByCode,yes
_r40166c1221bf24,getCategoryContainer,yes
_rbcb7ff15886ea4,getCategoryCount,yes
_r7a89de7bdf19e7,getCategoryName,yes
_rebb0045676300f,getCells,yes
_r31a161f158fd7b,getCellsHeight,yes
_r58e618b8714918,getChainedStackTrace,yes
_r4c64cfc9157fce,getChatInputY,yes
_r230fa1566c94af,getCheckbox,yes
_r23960805f72a52,getChestBasedItemName,yes
_r28ad0477e541cc,getChildDynamicStyleByKey,yes
_rdd77ae43f6334c,getChildStyle,yes
_r0d29e8a210111a,getClassName,yes
_r16d02b2f24c4b6,getClickRegion,yes
_re271848f92189c,getCloseReasonKey,yes
_ra97e6dc95f25b7,getClubAssetNameBase,yes
_rb26d252c6e4ce2,getCollapsedCategoryElement,yes
_r415567f9c1f91b,getCollapsedExpandedOffsetX,yes
_rda5edaa146a45a,getCollectionIconBitmap,yes
_r4b883806dd5811,getCollectionTextColor,yes
_r6c68679e23568c,getCollectionTotal,yes
_re9f7c96a247dcb,getColor,yes
_rb7c903bd112f9b,getColorMatrixFilter,yes
_r3e20ea1f582c0e,getColorUintFromText,yes
_rc7b05c9000a9a9,getColorValue,yes
_r1105a54a214cbe,getColoredBitmapData,yes
_r03c0c16311b22b,getColorizableElements,yes
_r2e748060bfc995,getColourArray,yes
_rf5addc83463676,getColumns,yes
_r603dab4c5fa398,getCombineUniquesCheckBox,yes
_r69e1502a279643,getCompetitionName,yes
_r6721c4f6c7f00c,getCompetitionSpecificKey,yes
_r5e1d932d8e3a12,getCompetitionSpecificText,yes
_r86552339800ebe,getComposite,yes
_ra88636dbc1e321,getConf,yes
_rb2f6d123b5a914,getConfigBoolean,yes
_r2b504b515c9ac4,getConfigCSV,yes
_r4c98c50fb20bb4,getConfusableGroupByCharacter,yes
_ref710cce4e5e42,getConnectedText,yes
_r9cafacdfe3a79d,getContextKey,yes
_r6d9bc1c7dfbfd5,getCoordinatePosition,yes
_r40083751e1540e,getCopy,yes
_r223fdf22600482,getCorrectTextWidth,yes
_rbcbf1cf29fb0d5,getCraftingRecipe,yes
_rf308744aa9da22,getCreateButton,yes
_ra8280cad0db71e,getCroppedTopImage,yes
_r06e64eb66a8c33,getCurrentBadgeRender,yes
_racd9f5a5c4e786,getCurrentLayoutCode,yes
_r983f0f54668ae6,getCurrentNeedleFrame,yes
_r7339eb5a7dbc09,getCurrentlySelectedItems,yes
_r7f765892b3c441,getCurveC,yes
_r10451b7789aa7d,getCustomData,yes
_r9ef2a1f65e7cd0,getCustomLayerIds,yes
_rff5c18a5938107,getCustomPart,yes
_rbc626d13c573cf,getCustomPartIds,yes
_r559273607ae305,getDateTimestamp,yes
_rdd2cbb8a14a6d1,getDebugData,yes
_r48892ac77dfc76,getDefaultActionDefinition,yes
_rec90821466fdcf,getDefaultCampaign,yes
_rc157b5028e8497,getDefaultLocationX,yes
_ra262233cb0a665,getDefaultPartSet,yes
_r194f32c3192d28,getDefaultRegion,yes
_r89c0861a2ec054,getDelta,yes
_r5c501cf67e15f9,getDescriptionLocalizationKey,yes
_r6c95008e1ffc28,getDesktopWindow,yes
_rda10bee08e6e37,getDeviceStringForLogging,yes
_rba13922ec171da,getDirection8,yes
_r903912e727920b,getDirectionOffsetY,yes
_r3e8c393a794f86,getDirectionOffsetZ,yes
_rc5183440d6fc6e,getDirectionValue,yes
_r7f445af902754d,getDisplayObject,yes
_r30b5fa17dad7d1,getDistinctRewardCategories,yes
_rbe59472252147d,getDoorModeIconAsset,yes
_r5186ffe67b3d6a,getDoorModeLocalizationKey,yes
_r864bcbe913f124,getDrawLocationAndClipRegion,yes
_r61d6f4a5218c91,getDrawableList,yes
_r0f3cf95902fc88,getDrawingDatas,yes
_r4a7981d37b7975,getDropMenuSelectionForCategory,yes
_ra448cb9324720a,getDropdownOptions,yes
_r50c82d829443b9,getDuplicateFadeThreshold,yes
_r7127923332caaf,getDurationSelector,yes
_rf6c675583012ad,getEffect,yes
_r75d77fbb0b2cda,getEffectStrength,yes
_r4a0bc5f0faec47,getEffects,yes
_r8b5ce242afc39f,getElement,yes
_rd7156a75a3517f,getElementByCode,yes
_rdfd26ff12fa931,getElementByName,yes
_r239c5f209a3451,getElementName,yes
_r123234d0d7006e,getEmailContainer,yes
_rdee821deedfa1f,getEmailText,yes
_rce4ef958188d28,getEmbedData,yes
_rae295b0a441525,getEmblem,yes
_r8850e213bacd42,getEndFriendIndex,yes
_r4b88a2d593b487,getEntry,yes
_r9c2f6d19d7ff69,getEnvironmentName,yes
_r621bf611a1077d,getEventLogExtraStringFromSearch,yes
_r984a9d10804332,getEventTypes,yes
_r0959f63762f01f,getExpandedMenuView,yes
_r2fa275f13eaa29,getExpression,yes
_r2247c8e6093fd8,getExtensionMinutes,yes
_r956cbe6d3cd67b,getExternalTextsHash,yes
_rded4bf1eaed828,getExtraButton,yes
_rf1317f963c48e2,getExtraButtonRegion,yes
_rfb3e927f5a117f,getFaceCategoryData,yes
_r4398eb260fac1b,getFavoriteIcon,yes
_r035b0b35008a63,getFavouriteGroupId,yes
_r550a3718a5ad9c,getFigure,yes
_r09a1bc1220256d,getFigureContainer,yes
_r80c9eb784a5274,getFigureSetType,yes
_r8cf19faca92ef7,getFigureString,yes
_r8b20260ce72552,getFigureStringWithFace,yes
_r18fd005f141dc4,getFirstCanvasId,yes
_r0e3a0c200c466a,getFlipHBitmapData,yes
_rff53a3ce6e1948,getFlippedBitmapData,yes
_rf19f343696c87f,getFloorItemData,yes
_r0b4c63b8256533,getFollowFriendErrorText,yes
_r2f8a283ccd39f6,getFontSizeItemWindowWrapper,yes
_r543350d8330cd5,getFormattedTime,yes
_radbd33136989fb,getForumData,yes
_red1eaa581758bc,getFrame,yes
_re1493c805d340a,getFrameBodyPartOffset,yes
_rce16b7aec27c1b,getFrameFromSequence,yes
_ra43d575aa4830f,getFrameFromSpecificSequence,yes
_rf7e5cc9835745c,getFrameNumber,yes
_r055295c305baad,getFriendByID,yes
_ra1a003030c9b76,getFriendCount,yes
_rad017f4da163f2,getFriendlyTime,yes
_r8cbd5cde387960,getFriendsCaption,yes
_ree475791a392d5,getFullImage,yes
_r7122f3fc4bf6ec,getFullImageCacheKey,yes
_r21158671f43535,getFullImageTopCropY,yes
_rf19c84051add62,getFullLocalizationKey,yes
_r231964130eb15c,getFullThumbnailAssetName,yes
_r793575c92f69a7,getFurni,yes
_r81ca2882288928,getFurniIconImageInternal,yes
_rcfecb330d82166,getFurniImageResult,yes
_rbc19a325d8f48c,getFurniItemDesc,yes
_r2059516674fe1c,getFurniItemName,yes
_r8743e29fe639a4,getFurniPic,yes
_r3c5457822e0677,getGeometry,yes
_rd2cd85e05f11eb,getGesture,yes
_r4195266d48fffd,getGestureDisabled,yes
_r12edb0db75272a,getGlowColor,yes
_rfb68be70d46b8d,getGridItemAt,yes
_re8d7f6dff223ae,getGridItemByName,yes
_r35546ff99b0599,getGridItemWindowWrapper,yes
_r2f8da4681e8d1b,getGroupTypeRegion,yes
_r3fd24f729da7f5,getGuildFurniType,yes
_r0342a1eddfbfee,getGuildInfo,yes
_rf348d63840e5cd,getHCButton,yes
_rf06a4414e511e9,getHabbiconNameKey,yes
_r158dd2d96f6971,getHabbiconPreviewBitmap,yes
_r026253c5736223,getHabbiconProgressText,yes
_r936f691ebe01ff,getHashSize,yes
_r01bf8d0b854c78,getHeadOnly,yes
_ra534697ea09df2,getHeaderAssetUri,yes
_r2e927dd7128c5e,getHelpPageWithTab,yes
_r1258ea50af5aee,getHighlightBorder,yes
_r1d9dd8b34892b9,getHistoryView,yes
_rcb4a1d2fef09cb,getHuntName,yes
_r7bbfce540d34e7,getIconAssetType,yes
_rfda612df9bdc9d,getIconStyleFor,yes
_r85ec16404bbb7b,getIconWrapper,yes
_r0b69817eb1099b,getId,yes
_r7de9a20850fb48,getImageGalleryUrl,yes
_r0e632eee862837,getImageInternal,yes
_r028df3a88249f3,getImageUri,yes
_rf500b53fb64897,getImageUrl,yes
_ra00d9c04980250,getInfoLocalizationKey,yes
_raaa3af9728c9af,getInfoRegion,yes
_r4904f6c553ca50,getInfoText,yes
_ra58d1899546732,getInstance,yes
_r776d757f4decab,getInstanceId,yes
_radd49e71c40e49,getInstanceMaskName,yes
_r3b05c074af7ee8,getInt,yes
_ra50177e065bca2,getIntFromString,yes
_r45080e4a25d4ad,getIntersectionVector,yes
_rb347eadc0c5a10,getInverseDeltaDurationMs,yes
_rdad69de49e0237,getItemCount,yes
_rdb1e8f60243414,getItemData,yes
_r24a787e3119617,getItemIds,yes
_r1883a316e14113,getItemImage,yes
_rd7cf4256a5c59a,getItemList,yes
_r65efdbdeb83461,getItemTemplate,yes
_rb6d210fa69d69c,getItemToMixer,yes
_r7dfa82241aaefd,getItemTooltipText,yes
_r10ddabafd44bf3,getItemsForTrade,yes
_r36f1e275e9d327,getJSONValue,yes
_r6bc6571388f217,getJsonValue,yes
_rdf85c2db32fe6e,getLabelLocalizationKey,yes
_raa773a5a3caa85,getLastReferenceTimeStamp,yes
_rece690120ed0a9,getLayer,yes
_r2b57e165c26026,getLayerData,yes
_r067ff666622777,getLayout,yes
_r8c90f0c70fd9eb,getLayoutByState,yes
_rd2bf0f50322c7d,getLayoutOverride,yes
_rbb71f4a7464384,getLegacyString,yes
_r4ff52829ae273a,getLibraryAssetNameForSprite,yes
_rea9c87fe84a8a7,getLibsToDownload,yes
_rd78d724d49a3db,getLink,yes
_r330b9f07bea573,getLinkElement,yes
_r8b9801f3d893b7,getListEntry,yes
_r3c5dc009cc5d2b,getListItemIndex,yes
_rb2bd93dcae0d63,getLocal,yes
_rc33e2165ad4c81,getLocalization,yes
_rae1e6d281ca5ed,getLocalizationKey,yes
_r3f2aa0612a7640,getLocalizationWithParamMap,yes
_r72ecffb3ea0f9e,getLocalizationWithParams,yes
_rc091de1bf5451e,getLocalizedCollectionName,yes
_rd152d58fc87677,getLocalizedSubProductNames,yes
_r60a4318f0e26ed,getLocation,yes
_rc5a328eb68c0d1,getLocationAfter,yes
_r666013c6397470,getLockIcon,yes
_ra93c612187465d,getLockedBg,yes
_r140e98707bf656,getLowerSkillTreshold,yes
_rd0ccaf2c06f809,getLowestPoint,yes
_r0313e0223ff278,getMainFilterLabel,yes
_rfe2e566a68a7dd,getMaskCategory,yes
_r38cc744b00c606,getMaskLocation,yes
_r71c42f0cfbcba4,getMaskType,yes
_r882909efa556b8,getMaterialCellMatrix,yes
_r50d7c9457a9f7a,getMaxUnitIndex,yes
_rb9581a9fd790a7,getMergedType,yes
_ra4d4db540c999a,getMessageColor,yes
_r46318763f47ba9,getMessageComposer,yes
_r2c81ac765920c8,getMessagesFromProperty,yes
_r70dd51d3bf4259,getMintTokenProductIcon,yes
_r1aaea841071ab9,getMirroredBitmap,yes
_raafad9f67304d5,getModalXmlWindow,yes
_r69951b66da46ce,getModeByTab,yes
_r3dc1700601b7a2,getModerationMessage,yes
_ra3f0839e669c61,getModifyCheckbox,yes
_rf58513243b9b1f,getModulatedBackgroundColor,yes
_ra3a9827c79245f,getMotionByTagAndTarget,yes
_r988715ebe5afe6,getMousePositionRelativeTo,yes
_r1808a0bc2eb7a3,getMsg,yes
_rb8545ae6e76c76,getMusicInventoryGrid,yes
_r596a59601237a0,getMusicInventoryStatusContainer,yes
_ra7c0bf2f660aa0,getNameFromView,yes
_rc41757ecfbc08b,getNameLocalizationKey,yes
_rbb64c161bbb7af,getNameParts,yes
_r164fbbe4d53fa0,getNavigationCategory,yes
_r14427ba0b2b900,getNeutralTeamColor,yes
_rabb53e912371fc,getNewAchievementCodes,yes
_r20dcd609ac53b6,getNewFeatureConditionState,yes
_ra568f9232d26d6,getNewRowElement,yes
_r79303280cda336,getNewTagItem,yes
_r33c6423d7796f7,getNewTileContainerElement,yes
_r3e6f5c78a43d87,getNewTileElement,yes
_r2e0fbd211ef827,getNextItemFromQueue,yes
_re26fb8596ee0f0,getNextLogEventId,yes
_rfca2263ec66717,getNextQuestion,yes
_r0139330b2b1412,getNextSanctionDescription,yes
_rc82111efe6d3b8,getNextToken,yes
_r6f7c44e0a7a561,getNftImage,yes
_rd1835c9da641f0,getNoResultsELement,yes
_rca67d4d58aa24f,getNodeById,yes
_rb347acb3584b55,getNodeByName,yes
_r859be196e79131,getNotificationImageUrl,yes
_r88f5c03c89e843,getNotificationPart,yes
_rc0e2e2e3d20237,getNumRunningMotions,yes
_r591e5dc3537511,getNumberOfFindFriendsTabs,yes
_r36753cdcc646e5,getObject,yes
_rdf8e19fb8666b8,getObjectByDataContent,yes
_raf1862be23ce04,getObjectContentURLs,yes
_rfadd1386ab9c97,getObjectCount,yes
_rf751284da50e06,getObjectData,yes
_r73af43b22a026e,getObjectUrl,yes
_rc35f329420e00c,getOfferSearchText,yes
_rd16b49b8073c48,getOldLocation,yes
_r08546d2ee03ba5,getOldLocationString,yes
_r9248a93b09507f,getOpenBg,yes
_rae98df525e46e7,getOpenCategoryElement,yes
_r34fe8154d2afc3,getOpenTime,yes
_rf160f7c22d8531,getOpenedToWebAlert,yes
_r53453fb2fda89e,getOrCreate,yes
_r0e241db8889b3b,getOtherUsersItemGrid,yes
_r3c7f07c09c24e4,getOthersCaption,yes
_re6e4bd8015fdc9,getOutlineBitmap,yes
_r9def647d2d56a1,getOwnUsersItemGrid,yes
_r530b08afdb727a,getPairWindow,yes
_r026b2b35f0275f,getPalette,yes
_reac36b3a7fb69e,getPaletteId,yes
_r59867090ba0a73,getParameterNames,yes
_rc7a53b25da5aaf,getParser,yes
_r2795599e930db8,getPart,yes
_r743f393246d1c5,getPartColorIds,yes
_r315d81a843aa0b,getPartDefinition,yes
_rb2cae7abe07d26,getPartSet,yes
_rc87aded6c14f63,getPartSetId,yes
_rdf9fc7119723ba,getPartTypeIds,yes
_r18b7e105042207,getPasswordContainer,yes
_r2b5260c8057aee,getPerk,yes
_redf089c4e1b81e,getPerks,yes
_r1e969327b7dff8,getPetImage,yes
_r25a9cbf48ba4db,getPetLayerIdForTag,yes
_rb2923425e3f77b,getPetLocalization,yes
_r8c1aff02a998bc,getPetTypeIndexFromProduct,yes
_ra2ee9b399ca861,getPetTypeLabel,yes
_r791612a4698d0b,getPixel32,yes
_rc2771e85a13044,getPixelEffectIcon,yes
_re4aa99d23902d4,getPlaceHolderTypes,yes
_r5f6d9bb908b773,getPlanePosition,yes
_r930c05f8ef0ae9,getPlaneSortableSprites,yes
_r98b6d9e428cc50,getPlayListEditorItemList,yes
_rd00e81055c8a21,getPlayListStatusContainer,yes
_r35d7a3f0fb32c1,getPlayerImageBackground,yes
_r134411afe37237,getPopulatedArray,yes
_rf6cf13e32ec7e2,getPopupCaption,yes
_r836f55ae071a36,getPopupDesc,yes
_r077b27cfd39913,getPopupXml,yes
_rc1c28ff7e3855c,getPositionVector,yes
_r86ea0853d4225c,getPostureForAnimation,yes
_re87c3aa294516d,getPostureForAssetFile,yes
_ra607ea8b2ab6f6,getPremiumButton,yes
_r21004606153e79,getPreservedTypeFilter,yes
_r274a415f0db52f,getPreset,yes
_r0ae2ae5b7c1e96,getPreviewBitmap,yes
_rd185be908cc3ab,getPreviewerStuffData,yes
_r9aa0e936d0ddd7,getPriceIconStyle,yes
_r47a70457589288,getProductCountOverride,yes
_r4fc837f99a7367,getProductImage,yes
_ree1b03d63c6ec2,getProductName,yes
_rfdc432dc9e0c7a,getProductType,yes
_r64538b784e82f4,getProfilerAgentsInArray,yes
_r9b805aef982580,getProgressWidth,yes
_r9c54471dc304d6,getPromotedMonths,yes
_r83f62c4f6237f2,getPromptFrame,yes
_r89b58e27a629d1,getPropertyHint,yes
_r581e320bf9a1a3,getPurchaseParameters,yes
_r2852696746d855,getPurse,yes
_rb2d6ec96f8e8ab,getQuantifierKey,yes
_r09d21c8ab5452b,getQuestByEntityWindowIndex,yes
_rc57e30b6a8c764,getQuestDesc,yes
_rc336f9af8fadbf,getQuestHint,yes
_rf653cbea5e3ddb,getQuestName,yes
_r460dc75d19428c,getQuestRoomIds,yes
_r03c76e6a29e604,getQuestRowTitle,yes
_rf6c91b7b7d973e,getQueueSet,yes
_rd8ec13b3fb16b6,getQueueSetTargets,yes
_rcbeda3bfbce9e3,getQueueSize,yes
_r195bc3612ffc78,getRaceLocalizationKey,yes
_r65aa7237b58de3,getRankText,yes
_rca468e12ad6acd,getRare,yes
_re4307f599bfb0e,getRarityAssetBase,yes
_r0c1ef3ab0c760a,getRarityColor,yes
_raff73dbbba04c6,getRarityFilterLabel,yes
_r83e81124b54472,getRawLocalizationKey,yes
_r35b6a8ee2fbb0c,getReadCheckbox,yes
_re8bef21b47c81b,getReasonName,yes
_r8aacb2fac5b319,getRecolorableDesign,yes
_r4bc4e280731b89,getRecyclableCount,yes
_rf720a26ff748da,getRegionProperties,yes
_r58fb9d212ede9f,getRemoveAllFlatCtrlsButton,yes
_r12df67a4f70341,getRepeats,yes
_r8ac0e2908615bf,getReportedUserDeleted,yes
_r13eb65ce7d4c02,getRequestEntry,yes
_red05ba616c8892,getRequestTypeCaption,yes
_rf697fa6630ef9e,getRewardData,yes
_rf3d91f6d0b0b1d,getRomanNumeral,yes
_r8345f3e65de09b,getRoomCanvasScale,yes
_r310774cae2e336,getRoomChangeBitmap,yes
_re19e83e72c2d7e,getRoomCtg,yes
_rac62c6c3214ed0,getRoomObjectAdURL,yes
_re0b50b62d63b28,getRoomObjectCount,yes
_r78ce25ae291149,getRoomObjectIdWithIndex,yes
_r0dd3377ce6eb0c,getRoomObjectScreenLocation,yes
_rf6ac0457df231a,getRoomObjectVisualizationData,yes
_r808909867198fe,getRoomObjectWithIndex,yes
_r0fb25f70dbf0d3,getRoomPlanes,yes
_r2e3e8147366070,getRoomPlanesDataArray,yes
_r7143f4509096a1,getRoomRenderingModifiers,yes
_ra7b26264cb0d4d,getRoomRowWindow,yes
_r960645736d61d5,getRoomViewRect,yes
_rbac3bfbe25617f,getRooms,yes
_rf26822983dd7c2,getRow,yes
_r3a94031cefd419,getRowAssetUri,yes
_r56f1264e25917b,getRowView,yes
_r74dc1b053ae92d,getRuntimeAsset,yes
_r14857c8c0c4ba1,getSampleIds,yes
_rdcdcabfffaf6a0,getScale,yes
_r5d17e1e501b9f1,getScreenLocation,yes
_r9220e41135a551,getScreenPoint,yes
_r50d7c15a8e3499,getScreenPointFromRoomLocation,yes
_rf5658372fe0a5b,getSearchCodeByLegacySearchType,yes
_r941d73869bf9be,getSearchCodeForTabLink,yes
_r6fa06d58fe0039,getSearchMsg,yes
_rdccdc5232d53b3,getSearchTerm,yes
_ra6c15fab52d138,getSeasonalCampaignCodePrefix,yes
_rc0e6296b504ebd,getSeasonalCurrencyActivityPointType,yes
_radc28b2a8d29c6,getSeasonalCurrencyPriceColor,yes
_r44b4e4201af516,getSeasonalCurrencyTypes,yes
_r95a8bc64a3cdee,getSecsFromPulses,yes
_rf18097d79a64d9,getSelectedBadgeFilter,yes
_r4c6a6afbb28fe8,getSelectedBadgeRarityFilter,yes
_r09463193876753,getSelectedColorData,yes
_r770773c1d594c1,getSelectedColorIds,yes
_r1172313fefceca,getSelectedFilterId,yes
_r7ad720710f167e,getSelectedItem,yes
_r308f7b358307a1,getSelectedRarityFilter,yes
_r22bd89d848ec58,getSelectedTypeFilter,yes
_rea73a824414e99,getSelectorState,yes
_r6cd9cbf700b81f,getSetCurrencyType,yes
_r0e4c5aba3dc6ad,getSetIndividualPrice,yes
_rfa01f81855ee64,getSetPrice,yes
_r9e6eede1d9145d,getSetPurchaseCount,yes
_r6c8703eaf23418,getSetType,yes
_r692f9d3833279b,getShortFriendlyTime,yes
_rca92e0b12a383f,getSimpleQualifiedClassName,yes
_r9d8d82d73aabb0,getSizeData,yes
_r32f2ad58a11c8a,getSkillLevelImage,yes
_r23dac4ea490f6a,getSliderPosition,yes
_r841a24ba59ff71,getSongIdFromExtraParam,yes
_rdbf442294cc3c1,getSongLength,yes
_r20995144483a08,getSortKeys,yes
_rc8d6f6e1e56544,getSortableSpriteList,yes
_r905d73aab00682,getSourceName,yes
_rbda5667a8a4c7f,getSpecialCalloutAnchor,yes
_raf8be940136c3d,getSprite,yes
_r9cf34ab7b99c2a,getSpriteAlpha,yes
_r0ee7a3c3d348d8,getSpriteAssetName,yes
_rab530240db13cd,getSpriteColor,yes
_rad016d4040f6c3,getSpriteDataObject,yes
_r84446f084846e3,getSpriteTag,yes
_rd9dfcfdedefa65,getSpriteXOffset,yes
_rb8f2994f2e2d8e,getSpriteYOffset,yes
_r84a8e610e76abf,getStartFriendIndex,yes
_rb7a34eef502ca5,getStatusContainer,yes
_rc021ed753a7822,getStatusForWindow,yes
_rddd444cb0efdfa,getStatusText,yes
_r1f000dae5054fc,getStepCaption,yes
_radf539a4585837,getStepContainer,yes
_r30261ce7f6a42c,getStepDesc,yes
_rf0407330665743,getStepHeader,yes
_r3988bc63150a21,getString,yes
_r6656963d31c019,getStringFromSeconds,yes
_r53611c31957c54,getStringToStringMap,yes
_r5a68e8c179d3d2,getStuffDataMap,yes
_re9cad85e5b88e4,getStyleByWindowState,yes
_r16f4aef53eab72,getStyleIds,yes
_r715b849660be80,getSubTaskAt,yes
_re5f7a8821cbc43,getSubmitImage,yes
_r78bb727fe6d28f,getSubscriptionProductIcon,yes
_r1d245dbf195032,getSuccessFrame,yes
_ra2100712764968,getTabByMode,yes
_re950958c42827b,getTabContainer,yes
_r94b152f4ec9e9f,getTabContent,yes
_rb394f124a10d1c,getTableCell,yes
_rbe440f427ee876,getTagsAsString,yes
_r8c5ae5628c2bda,getTargetBounds,yes
_r6ae1b6a51fe54e,getTargetString,yes
_raa8d0c2007e099,getTaskById,yes
_r931e9aff262a19,getTeamColor,yes
_rb10306838e549b,getText,yes
_rba8f1f19812495,getTextElement,yes
_r82370d23b6432a,getTextHeight,yes
_r887867bcdd97cd,getTheActualState,yes
_r1ff60081e11e50,getThicknessSelectionIndex,yes
_r2ed9e1fa5c2431,getThicknessSettingBySelectionIndex,yes
_r8fe483320b43f5,getThreadColor,yes
_r74fbfef1aedbc7,getThumbnailURL,yes
_r9cb7fb8850336e,getThumbnailUrl,yes
_rfd27c38007fc9e,getTileAt,yes
_r3558dbed1b912d,getTileHeight,yes
_rbade1af4d64ab8,getTiles,yes
_r329f68acf81ca7,getTimeStampNow,yes
_r6f25d038e27c6d,getTimeZeroPadded,yes
_rb4fde860e8538f,getTimezones,yes
_r9f0a9924056a32,getTitleText,yes
_r550276ea3b027c,getTopic,yes
_r37d1ae87f1d9c7,getTotalDucketsToClaim,yes
_r86a5f6a714e1ed,getTotalReferenceCount,yes
_r075bbacb9a41b5,getTourPopupDelay,yes
_r5e72f7530848c7,getTrackView,yes
_r494bbf04acfe4a,getTransition,yes
_r856b901458eec5,getTraxSongFurniName,yes
_r6880b372113e33,getTrophyInscription,yes
_r77e60d92354364,getTrophyTypeFromProduct,yes
_r7b695117c25a33,getTwinkleAnimation,yes
_r8ac457094cbd6f,getTypeDropMenu,yes
_rb8bb5d3f281fc5,getTypeFilterLabel,yes
_r68acc7f9de24b4,getTypeId,yes
_rb601e11fa185af,getTypeNameForSource,yes
_r88159520d37021,getTypeString,yes
_rebf1623064c432,getUpdateFuncFromProperty,yes
_r60cc27a1e43370,getUpdateID,yes
_rd18f3e292dcb15,getUpperSkillTreshold,yes
_rf4aede29e7e868,getUrlForLiftImageAtIndex,yes
_rb0ab4257f75f98,getUser,yes
_rf9c5694f5a8e93,getUserCount,yes
_rcbcdc4e7704d20,getUserDataByIndex,yes
_r4d8403bf4b6390,getUserNameList,yes
_r4803e8dca5ad2e,getUserUpdateData,yes
_r04f368f7506bf6,getVariable,yes
_r29784ccc755da6,getVariableByNameOrPrefix,yes
_rea20d86feea60e,getVariableFxAddition,yes
_r389e7fed80cc46,getVariableFxAdditions,yes
_r9344d6065fbae8,getVisibleAdFurnitureExtraParams,yes
_r09f8b38447d068,getVisibleCapacity,yes
_r05a7f7b1fee2b3,getVisibleEntries,yes
_ra01674b3043cf3,getVisibleFeedCategories,yes
_rcea93b42004aab,getVisualization,yes
_r34698b8801434d,getVoteImage,yes
_rb1aec9551bd40d,getWallItemDataByName,yes
_re0595dae90a3f2,getWallItemDataWithId,yes
_r5a45deeb83631f,getWardrobe,yes
_r9dc07eed67e3ce,getWhiteBackgroundTagColor,yes
_re79e2343daab73,getWidgetForType,yes
_r02486c7fb1a93f,getWindow,yes
_r9404b7c43e5636,getWindowClassByType,yes
_r80439bbff15ebd,getWindowRendererItem,yes
_rdf65d752c824ed,getWindowsForType,yes
_r3b8aff4e11c7d7,getWordPositions,yes
_rf2c342689c8526,getX,yes
_r45dfff05cdab32,getXML,yes
_r37f97b4e9dbe00,getXmlWindow,yes
_r7affe92986f9ca,getY,yes
_r90723755b1e0f8,getYRotationMatrix,yes
_rcca659e9ab2320,giftOptions,yes
_rd8c70aa96ef491,giftable,yes
_r71beaa5faf000e,giftsAvailable,yes
_rd044a47a567683,giveCoinsButton,yes
_raa95b3f62ed291,giveCoinsSubView,yes
_r30e8830d759abd,giveFurniSubView,yes
_rce415935304779,giveFurnitureButton,yes
_r317e10ea41ab3e,giveGift,yes
_r667ae109410ca3,goBack,yes
_rb65dc417180301,goBackToInitialState,yes
_re98a75911207e6,goToHomeRoom,yes
_re153c24f8dc695,goToRoom,yes
_r4ea08cc5f09475,goalCode,yes
_r3b972550f81a63,gotoRoom,yes
_rff00023c1d7518,gridItemEventProc,yes
_r3078dc5e1bf25d,gridItemWindowProc,yes
_r21573914f25bde,gridX,yes
_r349d83e02c1572,gridY,yes
_r2884086bde8c50,groupBadge,yes
_rac00b7e0ca1c93,groupBadgeCode,yes
_r0555d059a70f10,groupBadgeId,yes
_r57b8d115b553c8,groupChildrenWithID,yes
_r0f2a4ff09309fc,groupDeletionEnabled,yes
_rff4fddab860606,groupID,yes
_r741778c53a8091,groupListItemsWithID,yes
_r810763a1ecb9da,groupRoomInfoBadgeEnabled,yes
_r50ebe00c017da6,groupRoomInfoEnabled,yes
_r29026b3a9ea011,groupStatus,yes
_rce782a6c90f156,groupable,yes
_r78a5fbcb752261,groupingId,yes
_r0ef14120737099,guardControls,yes
_r7d90641f3e5623,guardDurationDropdown,yes
_r808d4fcedc3202,guardDurationSeconds,yes
_rfa655a20c65e20,guardEnabled,yes
_r444d5dbc925514,guardEnabledCheckbox,yes
_r4c2a6387e8c0e1,guardSensitivity,yes
_rdd486e8777bcbf,guardSensitivityDropdown,yes
_rc726e6e1aa4939,guardiansEnabled,yes
_rddfdddc0067d35,guestRoomData,yes
_r9409fc2c63e2aa,guestRoomEntered,yes
_r0f2d3d5dec3432,guestRoomId,yes
_rf21b277eac9e41,guestRooms,yes
_r1203e724fafdff,guideName,yes
_rb546dc4ca761a8,guildRightsLevel,yes
_rcabb7e52ee3798,guildType,yes
_r2269a484c3a870,habbiconGrid,yes
_r03701f167f0764,habbiconId,yes
_r2d0dde782b8d15,habbiconsEnabled,yes
_r85d417a292bf7c,habboClubLevel,yes
_rdf48210035cfa6,habboClubPeriods,yes
_re1e21f04e44fbb,habboGroupId,yes
_r2c0035c72c2822,habboTalentEnabled,yes
_r270541bdc3f287,habboWebApiError,yes
_r898da47f43a523,halfBlend,yes
_r340e03e9f3e2bb,halfWay,yes
_rea025280e8e9e0,handleAdClick,yes
_r0e0b12fc8f4a80,handleAutomaticStateUpdate,yes
_r920b0bb85b0d29,handleBanInfoMessage,yes
_rec8a8ed57677e9,handleBundle,yes
_r7c5b702c34524a,handleButtonVisibility,yes
_r8aec6e1a4a6232,handleCustomRoomSettingSaveError,yes
_rf5214b22cb535b,handleEngravingRequest,yes
_r058bbb6e976f47,handleError,yes
_r2acc1edc3a9cbf,handleGameStatus,yes
_reb96fdd386e79e,handleHotelClosedMessage,yes
_r4f88b2511e4d10,handleHotelClosingMessage,yes
_rc797cc28100a3d,handleHotelMaintenanceMessage,yes
_r60d4a41042a725,handleKeyUp,yes
_r30d04becb24c58,handleLeftButtonsVisibility,yes
_r16b9df27b6b905,handleMouseOverOnHuman,yes
_r64d9ec78d65dd3,handlePreviewImageEasterEgg,yes
_r7ac3abd3c70c5b,handleSignWindowVisibility,yes
_r8bd419dad160d6,handleSubmitFailure,yes
_rb699d76b4ac6a7,handleUserBannedMessage,yes
_rdea3130cb5ef95,handleWebLogout,yes
_r836f7e7210a458,handshake_failure,yes
_r1d069434b4078c,hasAsset,yes
_rb0313f62fd5f7e,hasBlockingWindowInLayer,yes
_r37f5b78d6b31f3,hasBreedingPermission,yes
_r0f983c7f0dafdf,hasCreditNode,yes
_rbd0528e2e4297d,hasDirectionalOffsets,yes
_r9a27202ee33d06,hasDirections,yes
_red5399a594cd71,hasExpired,yes
_re143285321f730,hasExtra,yes
_r06b464e6ee669f,hasExtraLink,yes
_re69aebc21fcbb6,hasExtraText,yes
_r9f47d0c25f6ea8,hasFilterMembershipChanged,yes
_r163d705efe0e4a,hasFinalNumberRenderChange,yes
_ra648c906911aa5,hasFreeSaddle,yes
_r9c0d50432c6152,hasHashedSuffix,yes
_rf7daa4028d192f,hasIndexedColor,yes
_r853cc001ccce5b,hasLocalizedValue,yes
_r2cc23328a65e6f,hasLockedComponents,yes
_rde6ac499bc3947,hasMetaData,yes
_ra2c5c30fe7237a,hasMoved,yes
_r45663b0e5dba80,hasNavigatorLink,yes
_r2d7c8b38c5550b,hasNextPage,yes
_r2799e0175f1293,hasOutline,yes
_r8d333b69c3b4bb,hasOverriddenActions,yes
_r46e9ddb2bcb543,hasPremiumConfig,yes
_rc58e31d3323b62,hasProductImage,yes
_r36cbda8b99aa74,hasProgressDisplay,yes
_rd714c5c657c1ef,hasQueueForInterface,yes
_r3c1618f56da640,hasRectLimits,yes
_r328d04769e791d,hasRenderChange,yes
_r4be4d364beaf0d,hasRentPeriodStarted,yes
_r1e2a712d950eff,hasRoomLink,yes
_rc1701510ddd2b6,hasSaddle,yes
_r6b2afc055a807c,hasSeen,yes
_rd794af29b9a92e,hasStateSnapshot,yes
_ra4b743e7fdc0ee,hasStaticWidth,yes
_r686f084e4f9302,hasThumbnailImage,yes
_r0ffc847906257d,hasVisibleChildren,yes
_re02935cf4cae53,hasWritePermission,yes
_r7fcbf700b41b56,hashCode,yes
_r6e63b65bd1aa8c,hcDoubleDucketsInfoText,yes
_r7492535bbdc02e,hcInfoBar,yes
_r3fee01b2bd352a,header,yes
_r843c2cb949c469,headerButtonClose,yes
_rbcd7a7b488ac29,headerCloseButton,yes
_rfd3cc617dac8f9,headerFrameBackground,yes
_r201bd75786d9a9,headerMargin,yes
_r6715409f0b83a6,headerPicName,yes
_r3b5f0df1a7b7a3,headerPreset,yes
_r0d5c492bb0ba2f,headerProcedure,yes
_r3f18b306436919,headerTitle,yes
_r3a9179d4f15eb3,heartWidth,yes
_r1c23d3f56e1f57,heartsPerRow,yes
_re904a2a8ba2ae3,heightMapBitmapElement,yes
_r98575075a6bcab,heightMapMouseCapturer,yes
_r93037d59fdf75a,helpButtonProcedure,yes
_rf5d5d2c73f1d19,helper_vector,yes
_r8a4ce79af9c8a4,hexStringToByteArray,yes
_r5043db24f1ae5f,hexToRGB,yes
_r7486000f7b100b,hexToUint,yes
_rd457b77a46044e,hibernating,yes
_r635ce4c9909c21,hiddenDropdown,yes
_re14770318f613c,hiddenLayers,yes
_rad57fcf12f06d9,hide,yes
_rf9d3f004c0bfb5,hideAllTabContainers,yes
_ra663afd489b5ea,hideChatInput,yes
_ra7c1bb86e5908f,hideChildren,yes
_rfe3f395a7259b7,hideContent,yes
_r3c828cd1ffad29,hideContextMenu,yes
_ra8252ae1401e96,hideDelayed,yes
_r49392da8fb3bb7,hideDetails,yes
_r85f44f55972591,hideElement,yes
_r1e6eae8589f7e7,hideFrame,yes
_r5dea2ff29dc4cf,hideGenderSelectionInterface,yes
_refd1abc299387a,hideHint,yes
_rffe399ee42728c,hideInterface,yes
_rf4f85f154e35d5,hideItemCount,yes
_r02a26ceb99a796,hideOffer,yes
_r76ee12dc40ba71,hideOtherUserNotification,yes
_r000d359aa60b13,hideOwnUserNotification,yes
_ra98810a6871fbe,hidePreview,yes
_r1e67ab9c50f609,hidePromptFrames,yes
_r83cd8db0433205,hideRaffle,yes
_r7ba759d94f2ff8,hideToolTip,yes
_r6dd62fc8037160,hideVoteButtons,yes
_r5707cf060b4293,hideWalls,yes
_rbd0d3768beaa29,highestPriority,yes
_r6cae9e7253b507,highestScore,yes
_r7a246ff4c2263d,highlightBorder,yes
_rd461604daa03d6,highlightChatInput,yes
_rbee6a801a771df,highlightHoldersButton,yes
_r1db5b81024fe73,highlightOnChange,yes
_raedb4f717f0e7c,highlightSelectedButtonType,yes
_r4121da47c1a4c6,highlightSuggestion,yes
_rf9b5ccbed6b48f,highlightWiredButton,yes
_rd08b8b91aead35,highlightedUserId,yes
_rb78fe8a45ab165,hiliteGridItem,yes
_r09fc09a0ad1f7f,hintButton,yes
_re5dd80a30381f9,hintLocalizationKey,yes
_r5449741ebad3d0,hiscoreValue,yes
_rbf5eebf9caefee,hitIgnore,yes
_rce4ab92b715f95,hitPoints,yes
_r8552e3986ef9af,holders,yes
_rfe531c76033f3b,homeRoomRegionProcedure,yes
_re52516cbc64e73,hotLooks,yes
_rbfe549e851c2d3,hotelAlertButton,yes
_rfd625ad8c4ee27,hotelAlertInput,yes
_rcd8e7390d4f8fe,hotelAlertSubView,yes
_r5138ca7c5b611a,hotelClosed,yes
_r9356a1da8f4b4e,hoverColor,yes
_r693e337b32934e,hoverOverNavigation,yes
_r2a119674362777,hovered,yes
_r03c28df5df3595,hslToRGB,yes
_r53a77f77e9fb58,hsvToRgb,yes
_r166de5d888e031,humanGameObjectId,yes
_r2e37d31200fb04,iconAlignmentRuntimeValue,yes
_rcc9be49c6f6fa9,iconAnimationDelay,yes
_r96a87b066adb87,iconAnimationSequence,yes
_r587c2e07976706,iconDisplayString,yes
_r94d7c4b4a0ec0e,iconLayout,yes
_r0138fd5f0133bf,iconName,yes
_r06b02fa628cd83,iconOptions,yes
_rd31ddef1b25dcc,iconWidget,yes
_ra7cc9532496959,iconWindow,yes
_rc782a229f016e8,iconWrapper,yes
_raad81f22584506,id,yes
_rde12e753703207,idKeyText,yes
_rf07e22cf3ee658,idValueText,yes
_r506bc113464217,idleSleepEnabled,yes
_rd6343860c0ed7b,ignite,yes
_r4a03c1bf8da13e,ignoreBottomRightSlot,yes
_r0752acf7e40f5b,ignoreConfirmDialogEventProcessor,yes
_r3c9fb2ebff4d36,ignoredUserIds,yes
_r8ca39b3b0db938,iis,yes
_r168974affac31d,imageCallback,yes
_rf3f37850360d16,imageDownloadId,yes
_r0ee20010638859,imageFailed,yes
_r52ca880ea010fb,imageGalleryHost,yes
_rbca7c55a409405,imageLibraryBaseUrl,yes
_rb1e876f7376f94,imageReady,yes
_r49cb20a50c188e,imageResult,yes
_r007691a22b189e,imageUri,yes
_rd742c2310d1204,imgId,yes
_r127d9641a7fd33,immediateClickHandler,yes
_r52a191fb365377,implementsInterface,yes
_rec4680c8d74563,inactivateFurni,yes
_r13277a7480921f,incidentActive,yes
_rb14c0d0962b4f8,incidentActiveText,yes
_r93ab2b461d951d,incidentInactiveText,yes
_r5df8434e02942c,includeVisibleSubtree,yes
_r9d1d273eb86774,incompleteText,yes
_r0385b6188c133c,indexOfPartType,yes
_r85dfb1d79e922a,indicateRewards,yes
_r7b24bd6195410b,indicateVideoAvailable,yes
_ra75ef2923024a6,infoBoxText,yes
_r3c21879e289e67,infoHoverRegion,yes
_r5bb165dcafb9e3,infoLink,yes
_reea95cd6b48d10,initBadgeWindowAsset,yes
_r111cded9959c7e,initBlockList,yes
_r3e1b19331b16f0,initButton,yes
_r36abfe92b12479,initChestBasedIconUI,yes
_r777962f95c4e0c,initChestStates,yes
_rb12e3e529bf902,initCitizenshipVipQuestsExtension,yes
_r244b859b2873aa,initCollectionPreview,yes
_rd73cf40ff333c7,initColorGrid,yes
_rfb608806280ab6,initCommonControls,yes
_r4f240f5d9de304,initConfigurationDownload,yes
_r7a9577f2d0992e,initConnection,yes
_r3b8287e89889bd,initControls,yes
_r2afc98cb48259a,initDeviceType,yes
_r80cf6279db2efd,initEffects,yes
_r263be755ae154a,initEnvironmentImages,yes
_r0f2528bcb21531,initFurnitureData,yes
_r6c0d043b3bf0ff,initHabboWebApiSession,yes
_r8fcd7689e0e101,initHeader,yes
_r41f893d395b911,initHourglassIcon,yes
_rd3ad436818edd3,initIcon,yes
_ra09c5b7105bdff,initIgnoreList,yes
_rac4c99ac3cb72b,initInfoEntries,yes
_r2a368e2fa5ba1b,initItemPreview,yes
_rd827cfcc859ce4,initLayout,yes
_r43db7c1a2ed153,initLinks,yes
_ref1eb63ff97989,initLocalizables,yes
_r8912878be98c54,initLowMem,yes
_r0a89d68cce544d,initMessageText,yes
_r44872696d907ee,initMintItemPreview,yes
_r0076f3dab9925e,initMintedItemPreview,yes
_r5702d2bda574fe,initMsg,yes
_rf83f8278397e7f,initNftColors,yes
_r7bea187d1c9870,initOfferExtension,yes
_rd132b4a5a7ace1,initOs,yes
_r80db2661cbf5fb,initPartSets,yes
_rbb4ba74730b3ea,initPetData,yes
_rb9f44ff8246dab,initPlaceholdersForRoom,yes
_ra7ff110e0a9e74,initProductIcon,yes
_rcece1f68ade3d4,initRewardClaim,yes
_r9e4f3d12ef143a,initRewardItem,yes
_rf2683221b68d5f,initRoomEnterEffect,yes
_rfde7f735860904,initRooms,yes
_rb5f458eb74be23,initScale,yes
_r67baea9d2cc453,initSeasonalCurrencyExtension,yes
_r1e3cfd2696afb9,initSortingDropdown,yes
_r737e67697584e3,initStaticImages,yes
_rec26b2e28ee1ad,initSublist,yes
_rbdbf74de4541d4,initTopAreaForForum,yes
_re3d682134c5501,initVideoOfferExtension,yes
_r76b4bbdcd285ac,initView,yes
_raedcc6c6805d5d,initWindow,yes
_rd73d7fcd7ab0c1,initialNumber,yes
_r3886c19e442ac2,initialVariableName,yes
_rad6658dd957cb3,initialWidth,yes
_rbdabd15a6953e8,initializeActionTypeDropdown,yes
_r841adaf6c380b3,initializeAll,yes
_r6ad7ad3f7b62ba,initializeAssetCollection,yes
_rd81e8872b82f40,initializeBackgroundRendererIfAllImagesInCache,yes
_rd387cf113f0eed,initializeCategories,yes
_rb4d7626204a895,initializeColors,yes
_r0b8e4e80862cf4,initializeCore,yes
_rf44f3645ca1dd3,initializeCurrencyLayouts,yes
_rfb3ab7827238d2,initializeData,yes
_ra5a2b5a3bf7668,initializeDropMenu,yes
_re20d834ec6bafc,initializeEntitiesIfAllImagesInCache,yes
_r4cd15d4b18b3f2,initializeFilters,yes
_r4fe7030574f71e,initializeFromTileData,yes
_ra93d5ddd9852a0,initializeFromXML,yes
_reb52e26097cb87,initializeHighlightArea,yes
_r727cad2aec5fe2,initializeImage,yes
_rca8ac5b87dcf46,initializeInterface,yes
_ref2e8bfa35288c,initializeList,yes
_r3ef7f0d7b1e5bf,initializeLocalizations,yes
_r6f50fda7b68557,initializeMode,yes
_r2990716829b695,initializeObjectTypeMapping,yes
_r6d337c342df88f,initializePaletteSelection,yes
_rbcf1a9db8b4806,initializePlanes,yes
_r6018aaa028fcd1,initializePosition,yes
_r91d042f03d7231,initializeProgressRenderer,yes
_r33feb33702ef11,initializeRenderers,yes
_rb7d5ea26db8f0a,initializeSection,yes
_r6cee3f73e68c7e,initializeShoreMasks,yes
_r64b9d0c6f4cf6b,initializeStaffActions,yes
_ra98a7ee0420aeb,initializeStretchingWithParent,yes
_r5ff85c70016b21,initializeStyleFromAssets,yes
_r615683c55192ea,initializeTabs,yes
_r601a69e098f823,initializeTasks,yes
_r8f271d3a3e5394,initializeTopicDropdown,yes
_r98d609598c8cee,initializeTopicToSanctionTypeMapping,yes
_r9098c3499fdc18,initializeTrajectory,yes
_r3254a22bdb1a7b,initializeUI,yes
_r3e90ab1b67be80,initializeView,yes
_rbfb8228ed90def,initializeWallets,yes
_r887e9905ce41c9,initializeWidths,yes
_r0a1e2534793042,initializeWindow,yes
_rd2dd4fc9c6ba5a,inputEventQueue,yes
_r5ca4a5d3837563,inputEventTrackers,yes
_r233ce93539b80a,inputField,yes
_r155f3772b5cada,inputHeightField,yes
_r664a84295aae5a,inputPlaceholderText,yes
_r3107609fc4e481,inputSourcePresets,yes
_r673d05d766eee8,insertBubble,yes
_ra4f27d52355c3c,insertObjectContent,yes
_r939346b75ee43b,instantPoints,yes
_ra0360d9f5b4fa1,instantPointsBenefitRow,yes
_r38e60df8b7de89,instantPointsBenefitText,yes
_rf70623bb06e726,insufficient_security,yes
_ra625c00012abb5,intParams,yes
_r55bcb73dd5ca45,interactiveCursorDisabled,yes
_r68c8aa70aaea69,internal_error,yes
_re120b8e9e7ce96,interpolateChannel,yes
_r0df04b49a040b2,intersectsWith,yes
_rc2881cc7f2a50a,invalidNumberMessage,yes
_r8e11eba7654341,inventoryId,yes
_r0ce2d5941b424b,inventoryIds,yes
_r9a1bef10c7d704,invertEnabledCheckbox,yes
_rf6c3329b37fc95,invisibilityCheckbox,yes
_r32f4a12b04fa4c,isAdmin,yes
_raef051d70d197c,isAllowed,yes
_r77607257a1c516,isAmbassadorOnly,yes
_r2bc8ea6e6885a2,isAndroid,yes
_r1d9759adef5a35,isAtTarget,yes
_rf5d50329cad5b5,isBadge,yes
_rc09b94c415a03c,isBlended,yes
_rc494e8024a79dd,isBot,yes
_r628a4b56f1bf55,isBottomAligned,yes
_re6c86b8f1be306,isBoundToParentRect,yes
_r7369413243d1b6,isBuilderClubId,yes
_r9a4f453317911f,isBusy,yes
_r080fac04a1f828,isCachedIdle,yes
_r2b7fe885d0ed5e,isCancelled,yes
_ra71854ba19462d,isCaseOnlyChange,yes
_rf7b3866820d003,isChatSelectionRequired,yes
_rdbd31f1d064ece,isClubExtensionEnabled,yes
_rd23445e3a44399,isCollectionCompleted,yes
_rae43186d21fc73,isComplete,yes
_r3e34fbe328c9a8,isContinuous,yes
_r05e162e0ea385f,isCrashOnCriticalError,yes
_r7f4112598ca93c,isCreditFurni,yes
_r5a08331b5ad7e0,isCurrentEnteredRoom,yes
_r7617e4ea1c9a3c,isDancing,yes
_r3b71b6304b8bd3,isDataReady,yes
_rfedb2a41539777,isDeal,yes
_r8b493143cd2886,isDebugger,yes
_r04fb9fe0d4610a,isDeepHierarchy,yes
_r6de94d0eb8931b,isDesktop,yes
_ra59f8932a9af29,isDevelopmentEditor,yes
_r85da465615d2f4,isDigit,yes
_rd2f03bc0bfae11,isDimmer,yes
_ra4ca723c56e414,isDone,yes
_re213b012be535e,isDynamicPaintColor,yes
_rf031b1bfd9b116,isEditMode,yes
_r7a360d8e9073f2,isEmbeddedMinimailEnabled,yes
_reea6418bc3e26c,isEventViewMode,yes
_rec9e612258a978,isExcludedFromCrash,yes
_r5b7f7b546fd137,isExcludedFromFurnitureSearchResults,yes
_r89bace884075c1,isExpired,yes
_rc2315c97e59358,isExtensionEnabled,yes
_r77064d18c8c983,isExternalImageFurni,yes
_rf8a624440153ca,isFeatureEnabled,yes
_r9cff4b9f92b577,isFilter,yes
_r8a62ffd4fb9405,isFinished,yes
_r9e69b4cb14a4f9,isFirstLoginOfDay,yes
_r7aa86a12cd97fd,isFlipForced,yes
_r8e651b94c1cdbc,isForumsListOpened,yes
_ref3c2a1edad442,isFriend,yes
_r1165becd1b545a,isGarbageMonitored,yes
_r9eadb392abd382,isGift,yes
_rc84f0daf97daca,isGridEqual,yes
_r3f5271f82a1697,isGroupFriend,yes
_ref29d4487f4dd7,isGroupable,yes
_r10a750dbe6bf37,isGuildRoom,yes
_r3277bcd2854138,isHabbiconOfferOwned,yes
_ra7089a494660cf,isHabbiconOwned,yes
_r5f331fdc3a26d9,isHcOnly,yes
_r32c68d0f860a9d,isHexDigit,yes
_rc6279d05fd88ec,isHiddenByOtherWindows,yes
_rabbe4abd3ae7fc,isHighlighter,yes
_rada27b3a89af48,isHome,yes
_rf8975787e5c19b,isIOSSimulator,yes
_r55409c75b31a9b,isIdleAutokickOffsetValid,yes
_r29b17f4d17f8cb,isIdleAutokickTimeoutValid,yes
_r0dd150f519a5c1,isInDistanceStatic,yes
_r5a5128a667e436,isInUse,yes
_rf5c1823678c56c,isInactive,yes
_r078d686ffa93a3,isInitialize,yes
_r6fdd2e4cf421e5,isInitialized,yes
_rb75285bce1ead1,isInputSourceDisabled,yes
_rd10d85229e8ae9,isInvert,yes
_r8f5cb62e5db0b9,isIos,yes
_r7ebe3fd65cf2fb,isItemRemoved,yes
_rd719018826cc37,isKickbackEnabled,yes
_r1cec2e6ed68601,isLazy,yes
_rdf4fb0cea3eebd,isMandatory,yes
_rd4b6d1e6ded094,isMandatoryFieldsFilled,yes
_r061c0b133cbe0a,isMessagesPersisted,yes
_r3a206ae4cd3810,isMinimized,yes
_ra6ef778e6494f6,isMintPeriodExpired,yes
_rd1a39a6683a106,isMissing,yes
_r678d2fd1c2a978,isModerator,yes
_rec1fa76b7571de,isNewIdentity,yes
_r90f013affdf4e5,isNewItemsNotificationEnabled,yes
_r556ec34e5114cc,isNft,yes
_r17c7862cbcdca8,isNonHeadSprite,yes
_r6d2a12dff7151c,isNumber,yes
_r0793f03ff37218,isOccupied,yes
_r9f30ce1ff0177c,isOk,yes
_rdb6cd1a61465fa,isOn,yes
_re709efdd2d8732,isOverBgColorLimit,yes
_r0459142c177569,isOwnPet,yes
_re227e5bd0ba571,isOwnUser,yes
_r25cee6b2ae6219,isOwner,yes
_rebe233caa178fe,isOwnerMode,yes
_r98d5b8e05c5fb5,isPainting,yes
_re8e17e83fbf549,isPartOf,yes
_r718890f3b17112,isPartOfStack,yes
_r0bd441a03ccc3b,isPaymentOnly,yes
_rb85da41dd25e8b,isPetFood,yes
_r6cde493a094bda,isPhone,yes
_rf5366d9c969fe3,isPosterItem,yes
_re52979d20c6527,isPreSelectable,yes
_raa94b3924b4d25,isPropertyUpdated,yes
_r973c2342f0b7a1,isQuantityValid,yes
_rc69c896cd6a28a,isRandom,yes
_rfd0f104cfff10c,isRareOrHigher,yes
_r412c05aff84741,isRarityFilterEnabled,yes
_r7a01c1134e7a0f,isReadyToRecycle,yes
_rc24abc5f4bf747,isRecyclable,yes
_r7521261afdaf6d,isRendererPrebakeStale,yes
_rbe9621f581c88a,isRentOffer,yes
_r72b7321e27ac09,isRented,yes
_rd9f3ccb9208984,isRepeated,yes
_r8538fd04472ac9,isRequired,yes
_r3ea0e5f8d2ef8e,isReward,yes
_r7b2c4aed75ed00,isRewardBuyable,yes
_r398c131e32614a,isRiding,yes
_r2604bb9e734a78,isRoomOwner,yes
_rb4f26f26739eb6,isRunning,yes
_r9429ee4524e18f,isSameAsset,yes
_r0164533d0f7a7d,isSandboxEnvironment,yes
_rf7df894991cbe0,isSearchMatch,yes
_rfa319f13b26264,isSeasonal,yes
_r42b47a095ea17f,isSeasonalCalendarEnabled,yes
_r5910c7c2999b62,isSeasonalQuest,yes
_r6b6d4eb6bed245,isSelfieReportingEnabled,yes
_r58c5d9bacdb8bc,isSellable,yes
_r41db12742bdddf,isSendable,yes
_rc6a3f0c76ff42d,isShowMultiple,yes
_ra9db58d17563e4,isShowPurchaserName,yes
_rbf331159b311fb,isShowing,yes
_rfef56e2235890d,isSingleBlock,yes
_rc349ca99557dc9,isSkewedSprite,yes
_r63664244ed622a,isSkippedForUnseenBroadcast,yes
_rff43596114009c,isSlotEnabled,yes
_ra4c07c2e570912,isSmallPunctuation,yes
_r80f2ce57ecf004,isSpaWeb,yes
_rd1ee6a4fccb34d,isSpaceAvailable,yes
_r4d39afcda4776f,isSpacer,yes
_r275b2d9a293c07,isSpacesItem,yes
_r632ded48e8501c,isSpriteInViewPort,yes
_rbecad85b7e22e4,isStaff,yes
_rcaf55dae6bb192,isStaffOverrideable,yes
_re32675a289588c,isStandaloneTier,yes
_r9cab936c22cb73,isStarterChest,yes
_r8ab9c831c9a34c,isStateDrawable,yes
_r04482f04df8284,isStaticStyle,yes
_r7244f0c2e13390,isSuccess,yes
_rfdfe56662d79e7,isTabVisible,yes
_r32eaa5a960fed1,isTempId,yes
_r1ed8c103a2a1dc,isTextMode,yes
_r266c736c4c8fb0,isTilesOrRugs,yes
_re3a288709c08a4,isTradeable,yes
_r47c76903dc0f4c,isTreat,yes
_r95e28612d140fc,isTyping,yes
_re0001f2b3c0c2d,isUncommonBadgeRarityEnabled,yes
_rcfbbc85445fa71,isUnknownSender,yes
_r678069ba5c3a10,isUnseen,yes
_rec4f706e910f4c,isUpdated,yes
_rbea7fde023f643,isUpdating,yes
_r5abb9df3164dc0,isUsable,yes
_re825c92d16e413,isUsedFromSong,yes
_r2d91ed13a154e5,isUserDecorating,yes
_r3f80c7ba3a595b,isUserEntity,yes
_r68d2f919d7ce2d,isUsingAdvancedSettings,yes
_rb3538175006968,isVIP,yes
_rdf2635e8db9eae,isValentinesBox,yes
_raa42fd6d28cca2,isValidFigureSetForGender,yes
_r7f56ed8c9bf735,isValidInt,yes
_rab4795c45995c7,isVariableAudience,yes
_rddd91142259f48,isVariableStored,yes
_rdbfeca7e3bc6e3,isVisible,yes
_rea3fb6b7e5d84f,isVisibleForEveryone,yes
_rbf3777e996614c,isWallHeightSettingSelected,yes
_r37061f4f70c935,isWallItem,yes
_read67f5c2f0c00,isWideSlot,yes
_r7d87b214e217dc,isWindow,yes
_rd5075842f95997,isWindowInTree,yes
_r0ed8f08ef9b6a4,isWindowOperationPrevented,yes
_r0a9b40db93d7cc,isWired,yes
_r69fd76cf94e235,issueData,yes
_rac7b28eb06da39,issueId,yes
_re3eeb3a0cd92d8,issueListLimit,yes
_r47a5ba82ed13b9,itemCount,yes
_r7187ec454e756f,itemCountText,yes
_rd49fd32e18ee50,itemCountTextBottom,yes
_r26c67f8a88ddf6,itemDescText,yes
_r9d14741a52c3c6,itemId,yes
_rb9c0fcf8838c7c,itemPromoImage,yes
_r72f3a011af3f54,itemRotation,yes
_r94bcb288a97e8d,itemScrollArea,yes
_rb23968d767f4f9,itemTitleText,yes
_r8364d81983f26e,itemType,yes
_r4ae05b92ffbe88,itemTypeId,yes
_r1d51f915757e13,itemTypeKey,yes
_r91dcdac4f286f8,itemTypeToString,yes
_r02b1383c2df700,itemsInitialize,yes
_r3d0b0d5f303bb8,itemsUpdated,yes
_r52dafb7ccfb1fe,iterateScaled,yes
_r2ec30bc24a01ed,j,yes
_r7cd83e87a19d89,javaDiv,yes
_rafe23020f37f11,joiningAllowed,yes
_ra192bd62d29409,jsonString,yes
_ree984cb279f62c,keyLocation,yes
_r9b943c60e4404e,labelForKind,yes
_r295808b42bbfc1,lastActivatedEffect,yes
_r88322d65f88d0a,lastIndexOf,yes
_r1f08894b0909b0,lastMessageAuthorId,yes
_r6920004b8a47e6,lastMessageAuthorName,yes
_rb6911991c3f59d,lastMessageId,yes
_r351a4e2e9c21c1,lastMessageTimeAsSecondsAgo,yes
_ra485b0ef2f2361,lastPageButton,yes
_rfb32c98ad64b51,lastPageRequestId,yes
_ra515aae83d97d1,lastPostTime,yes
_r18279a693fdd3c,lastQuestInCampaign,yes
_rb111c3b2da74f3,lastRaidAtEpochSeconds,yes
_rfb85eff159028c,lastReadMessageId,yes
_r322f2d18eba8da,lastReceivedFloorPlan,yes
_rd5b932760ecaca,lastRoomInvitationTime,yes
_r384a14f2e4fa09,lastViewMode,yes
_r7b94d704cb5f7e,latencyPingMs,yes
_ra3694c58b15952,latestLatency,yes
_rcb48176a74f655,layerDescription,yes
_r0b7192b7e71e09,layerId,yes
_r87f0c7e3d46f14,layerIndex,yes
_rf3d9d66c9d8276,layerOptions,yes
_rf679d35423c089,layoutAndCompose,yes
_r0253ccb64a230b,layoutButtons,yes
_r6f856e0fec12ca,layoutChildrenInArea,yes
_rb9940c623b1e2f,layoutContent,yes
_r3209288bffc614,leaderFigure,yes
_rc9d4fa9315a6bd,leaderboardScore,yes
_rc9d3ff92633178,leftPaneShowHideProcedure,yes
_rff16a70b9ab93b,leftSide,yes
_r6b5ea198c8cf33,legacyPosterId,yes
_r29f31b09681472,legacyTrackGoogle,yes
_r50bd42f7325df2,lerp,yes
_reae06ba57bca46,levelBorder,yes
_rea491eb8a550e4,levelMax,yes
_r8ed452d6bdc4b7,levelName,yes
_r9f794cea25e3bc,levelNameText,yes
_r6e002e605edd36,levelStatusExtra,yes
_r7b8564cbd7c295,levelTitle,yes
_rc62a6decd21d71,levelsBenefitRow,yes
_reaa28ee38979d7,levelsBenefitText,yes
_r81256cb717aaa8,levelsList,yes
_r217f26c9c622a5,libraryAssetName,yes
_rc454e068e175a8,liftedRooms,yes
_rbf0c7ac4812b0d,limitContentProcessing,yes
_r135e9a15114fd3,limitText,yes
_r2a77cfb48a96fd,linkEventTrackers,yes
_rb1d0e1bdecc3a8,linkPattern,yes
_rb6a40a073ac2fb,linkReceived,yes
_redfe7b9a7a8de0,linkTarget,yes
_r5bc02ce9fc9fcb,linkTiles,yes
_rf6902f7f2b3c66,listCode,yes
_r1ace17c640b217,listItemProcedure,yes
_r51de6b6cc1c14d,listTemplate,yes
_re5ab423128a295,listTypeValueText,yes
_r1d0c4528c758c5,loadAssetFromImageGallery,yes
_r02c5b40cca8fa7,loadAssetFromUrl,yes
_ra0a0a8e01b3b27,loadAvatarData,yes
_r7240666b68336d,loadAvatarInEditor,yes
_r17ffd8a568805d,loadConfigurationOverrides,yes
_r3bf0f7f22a9efa,loadEffectData,yes
_r6f42b32dd42590,loadExtraData,yes
_rd7526d91f6f525,loadFigureSetData,yes
_ra7819ecd3f0454,loadFrontPage,yes
_r9887c43cefc0eb,loadImage,yes
_r70af4146c429d6,loadImages,yes
_r6897e764ff2b06,loadLocalizationFromURL,yes
_r7fe95d64ec8ce1,loadPhoto,yes
_r5e22ea622460b9,loadPolicyFile,yes
_raf9c0236180c4c,loadRoomAdImage,yes
_r682c71e0eeaf7f,loadSample,yes
_r801ebea40427b3,loadThumbnailContent,yes
_r8ba79c9957800e,loadedContainer,yes
_r2223b5976164d2,loaderContext,yes
_r6e03d5d2c3536d,loadingBar,yes
_r45a923056a321a,loadingIconWindow,yes
_r7824cc5d5b4779,localization,yes
_re631cf30a4dbfe,localizationCategory,yes
_r1defe3ff03cf76,localizationCode,yes
_rba9f4d38858884,localizationId,yes
_r5b8727365f4f46,localizationKey,yes
_r84d0bce74a8b56,localizationManager,yes
_r2aa6680748e7ed,localize,yes
_r9bec6609d823e9,localizePickupButton,yes
_ra5ec099842a883,localizeResult,yes
_rcda18ff1fa8bde,localizedName,yes
_r738b26e4c5d358,localizedText,yes
_r1f64165d81065e,locationChanged,yes
_r1e8ae4722752da,locationX3D,yes
_rf490955030073f,locationY3D,yes
_ra80470848f3fbe,lockAllChestsButton,yes
_r1ee476f8bd74a4,lockChestCheckbox,yes
_re52e425126020f,lockIcon,yes
_r2489466033ef84,lockInfoButton,yes
_r3dfbbd707fa491,lockYourChestsButton,yes
_rab3b3a19a61760,lockedIcon,yes
_r40e43935fc4558,lockedOverlay,yes
_r43432521b8309c,lockingOptions,yes
_ra72f000d499b22,logChosenEffects,yes
_r7b1f26937541b6,logEvent,yes
_rcdcc3f252167ca,logEventId,yes
_rc52d4acf3158bf,logGameEvent,yes
_reb09f87328f2c1,logLevelMenu,yes
_r1b22a15c77c5a7,logOverviewButton,yes
_rf0c79234fb0db4,logSourceMenu,yes
_r491fe5f33b94f3,logTableContainer,yes
_ra36baa1e8ce295,loginWithCredentials,yes
_r40823266bd582d,lookThrough,yes
_rf0449babbd7829,lowerCaseName,yes
_rd0e4b95282136b,lowestCurrentPrice,yes
_rd48374e38cc14e,ltdBackgroundBitmap,yes
_rfaf8e6bc2a4f9a,ltdOverlayWidget,yes
_rf72c3a970529c6,ltdRaffleEnded,yes
_rdce59629a2dd11,ltdRaffleStarted,yes
_r8985e65777754b,mCall,yes
_rc9ec97a7e068b6,mElapsedTime,yes
_rd065eb1a6aef12,mNextTween,yes
_r24b4186abbdd3f,mTotalTime,yes
_rf8a330aee13158,mTransitionName,yes
_r48dfccf164bc71,machineID,yes
_r9e9deed2beff04,mainContainer,yes
_r527a0fb8486485,mainList,yes
_rf51d9a2c0f2abd,mainLoadingBar,yes
_r0294e2836d1d9d,mainView,yes
_r64356eb1ef5d17,mainWindowHandler,yes
_ra15ede14633801,makeBackgroundPlane,yes
_r00e331de980078,makeNotification,yes
_r560da9774abaf4,makeOffer,yes
_rfee1cd8a8c26d2,makeSnowballButtonPressed,yes
_r26737d067964e3,manageButton,yes
_r6f678c6a866ba4,manager,yes
_rb928c9f6a8bb46,marginRightBg,yes
_rb62cc506926cf5,markCollectionRewardClaimable,yes
_re099023354aae1,markItemVisited,yes
_rbae4e648ab6d94,markPremiumPurchased,yes
_rfdac10023c1f32,markPrizeClaimed,yes
_rb73a9ba4c141f7,markSearchNodes,yes
_raa090af7048ec0,markSeen,yes
_r16ab9b7b3aebe1,marketPlace,yes
_r4e90609f7c0444,mask,yes
_rc5087391a39c25,maskCount,yes
_r805e7d1e1351a6,matchesEditable,yes
_rdf7c77cc8da81c,matchesEntryGroup,yes
_r60bd7705c8172e,matchesFilter,yes
_recbd0a0a1ce832,matrixArray,yes
_r07eee0329d2143,max,yes
_r6915db521e3096,maxCapacity,yes
_r4ea2d7c388a9de,maxCapacityText,yes
_rf1bd5a6bea5a78,maxCapacityUpgradeButton,yes
_rf8b93794e1d73c,maxChars,yes
_re2352d78ccb02c,maxHits,yes
_r1d86e92161c11d,maxLevelReached,yes
_rdb98810c1dacc3,maxNumOfTabsVisible,yes
_rd6a378ec664a34,maxNumberOfPlayers,yes
_r2659b1bfb33da8,maxPermanentFurniVariables,yes
_rc7bbd0e62b607f,maxPermanentUserVariables,yes
_r43973d346fbb64,maxPlacementBottom,yes
_r7f90c230b58aba,maxPlacementRight,yes
_r7ac4cdadb1aa7b,maxPointIndicatorCount,yes
_r75463b17d29552,maxPrizeCount,yes
_r5abc1d856fcee9,maxSnowballs,yes
_rb34e49d52f3134,maxWellBeingSeconds,yes
_r202312f9a75003,maximizeOffer,yes
_r05a9f3243cfb39,maximumBlend,yes
_rc55393073e0ec6,maximumVisitors,yes
_r3b75aaa48c066d,maybeCancelEvent,yes
_reee248182044f7,maybeShowNewFeatureNotification,yes
_rff3614a5bf9fb5,maybeShowNewFeatureNotificationByKey,yes
_r5a8cbc2482bec3,meanDevianceLimit,yes
_r26ff0ba1ce704c,memberSince,yes
_r574261657a6acd,menuButton,yes
_r5cf8d5d7e82009,menuList,yes
_r9fa562d30c005a,menuTabs,yes
_r562a40d6c94730,mergedSelectionTitle,yes
_rb77ace704eacd3,mergedSelections,yes
_r453798fe01c2d6,mergedSourceOptions,yes
_r57b00d3d53b972,messageCount,yes
_r6f8f53a4b27692,messageHandler,yes
_rc236c7ce94b5c9,messageLength,yes
_r947e5edd495cb5,metaCutMode,yes
_r03606f71748151,metaTempo,yes
_rf63c40865caa63,method_20,no
_r36a9b17a585a12,midColor,yes
_r65b98e98524123,minPlacementX,yes
_r5eea41d341ff2e,minPlacementY,yes
_rae964cd89df305,minimised,yes
_rf0e6b43fa34651,mintLimitContainer,yes
_ra63a1d43238ea0,mintLimitText,yes
_r3c3a94237097c8,mintLockClosedImage,yes
_ra7117457170dd8,mintLockOpenImage,yes
_r8bb8fb3d7be31a,mintLockedText,yes
_r4e3e1fa2acd1cb,mintResult,yes
_ra422dee07f1397,mintTokenBalanceText,yes
_rda9f5aba0574b3,minusButton,yes
_rbb18ca67ac970f,minutesUntilExpiration,yes
_red5b8d7b2fe43e,missedDays,yes
_rdae636239e15a2,mission,yes
_r60d7f8a3d58510,modalContext,yes
_rd7f5b85b9e6c88,moderateMenuHasContent,yes
_rf07bd893aff92d,modifiersString,yes
_r1e709dfb1ae109,modifyRoomCanvas,yes
_r2f7a3bff2b6efe,modifySettingsContainer,yes
_r61e36ef1168b8c,monitorImage1,yes
_r0fb35825c8d02e,monitorImage2,yes
_r1b08ed7933fd7a,moreInfoButton,yes
_r1d896ce93f9528,mouseDownEventHandler,yes
_r19333024c42e92,mouseEvent,yes
_rb0c99120b498a6,moveAllChildrenToColumn,yes
_rfff70665488df8,moveChildrenToColumn,yes
_rf06ddcbb127961,moveChildrenToRow,yes
_r22c91c9533e0bf,moveTargetX,yes
_ra26aae1249fce1,moveTargetY,yes
_r33b515cb46b717,multiWalkCheckbox,yes
_r3a9f4b0ed77927,multiplePurchaseEnabled,yes
_r329ff13db4d5fb,musicController,yes
_r39f255c3bdb975,muteAllPets,yes
_rf363a90a8f6f63,myRoomControllerLevel,yes
_r36064a4f3ae214,nMessages,yes
_rdf69a6107cae02,nUnreadMessages,yes
_r253e7faf8d004f,nameCheckWaitBegin,yes
_r1d90c4bf395a38,nameCheckWaitEnd,yes
_rb000f7190f807c,nameLocalizationKey,yes
_r513e16ea9abf33,nameText,yes
_r16529c081fbda9,name_1,no
_r96b853761555a9,name_10,no
_r03b02b14847686,name_11,no
_r9f2daf325ae232,name_2,no
_re16518e456e22d,name_3,no
_rbe685b4a5f8271,name_4,no
_r05f756fd71c932,name_5,no
_r648ea8bcf1af02,name_7,no
_rd0714a7f8a289b,name_8,no
_ra72a6b4ab1b221,name_9,no
_r9b1428c0b5c56e,nativeApplicationProxy,yes
_rf154c29ee27fcd,navigateTo,yes
_r7dcfde9cf3179b,navigateToURL,yes
_r47bf6d73522b6d,navigatorPosition,yes
_rd2363baf6c25ca,nbv,yes
_ra0baa1b32decb6,needsNewTexture,yes
_r2ed14f076b0288,needsRedraw,yes
_r92192c5bb2d67b,needsRendererUpdate,yes
_rfd16dd8826b8f8,needsSynchronize,yes
_redd8ac5f67e564,negativeCode,yes
_r2f459172625cf8,newAdditionsPageOpenDisabled,yes
_rc0cd775bcb5191,newCapacity,yes
_r40d5b0bf346a5b,newDirectionStateChanged,yes
_r336e48c896e3f2,newIdentity,yes
_r9e47fd8a1d2796,newMessageArrived,yes
_rf7e1a7922263cb,newPrice,yes
_r73eabbc940eb52,newResultsRendered,yes
_r8928c79399bf84,newUserTourEnabled,yes
_rdb4e24822f2552,nextByte,yes
_r01886f4b0d57b6,nextBytes,yes
_r18c3b2970560c9,nextLevelXp,yes
_r5df1dc0e6c4522,nextPageButton,yes
_r2027889431d038,nextQuestion,yes
_r1c5cd95e930f82,nextStep,yes
_r76f91849dae377,nextTileX,yes
_rc8523a167cbf21,nextTileY,yes
_ra43097f40e263b,nextUnclaimedCountText,yes
_r1822fd5d7dcf8c,nextUnclaimedIndicator,yes
_r4bb692573e3078,nftAvatars,yes
_r9eee5f9e7c6fae,nftAvatarsEventProc,yes
_r52863ad42367a2,nftCollection,yes
_re5a2f915c784db,nftIconWidget,yes
_r93825e19c38f57,nftImageWidget,yes
_r2dc18eb3e5e9c8,nftNameText,yes
_red6ae66c09bc3d,nftTypeText,yes
_r48f4bf49c5021f,ninjaEffectBundled,yes
_rcae55f37f4ed47,noContentContainer,yes
_r59a7c325772521,noDisable,yes
_rf758b97a6b1a70,noFurniNotification,yes
_rd391e13369e97f,noInterstitialAvailable,yes
_r7a05d8f1c032e6,noItemsText,yes
_rff4b7e29e49046,noWalletContainer,yes
_r632299b113aaa8,no_renegotiation,yes
_r1d39fd2374439a,nodesFromVector,yes
_r2927df18f386cd,nodesList,yes
_r051331b77c446b,normalPriceAmount,yes
_rf4aeeae725c666,normalPriceRow,yes
_r6d7bdd5fcf19e4,normalizeDisplayValue,yes
_r0145c118aaeb22,normalizeLevel,yes
_ra7061fa53d37a4,normalizeMaxLevel,yes
_rc0c4dcfb6882ef,normalizeNumber,yes
_r8a949e90991813,normalizePath,yes
_re2d1bf00f546e8,normalizeSearchText,yes
_r9c71ceb3739f7f,normalizedQuery,yes
_r8a63a30ed30d79,notEnoughCredits,yes
_r2597032e7583e0,notSelectedShape,yes
_r1b10a768b64b5b,notStartedColor,yes
_rb2d89fddc9f406,notificationId,yes
_ra1d5ef799d9bb6,notificationSettingsButton,yes
_r8d2bad38af810e,notifyChanged,yes
_rc5c41ee735d8bb,notifyFriendOnline,yes
_rd09c6259616eb3,notifyMessenger,yes
_r16312b3bff38c8,nowPlayingAuthorName,yes
_r23a6779680bdc3,nowPlayingTrackName,yes
_rf1c012d0877b93,numChildContexts,yes
_rbc01ae743e5dfe,numGridItems,yes
_re2f73580b3da9e,numMenuItems,yes
_reb3b6356084ae6,numMessages,yes
_rc824c187b4550d,numSubTasks,yes
_rc23f982fe4dde3,numTabItems,yes
_r45c8daa7c649e2,numberContainer,yes
_red0d81642252d3,numberOfSlots,yes
_rf22691c83adb4c,numberOfTeams,yes
_r82616d8ba4f82e,nutrition,yes
_r849369f8be7f1f,nutritionMax,yes
_r6d37a43500888d,objectCategory,yes
_r30a6a402c366be,objectCount,yes
_re66096613c0066,objectList,yes
_r5b55894073c05c,objectType,yes
_r2ccf521c438195,objectUpdated,yes
_r89d5298d0359df,occupyingHuman,yes
_r2c50a06bb48295,offerAmountInput,yes
_r9294154542af6c,offerButton,yes
_rbdae24b629861d,offerCount,yes
_r435e363184169d,offerExtension,yes
_r0416af4cbdc4dc,offerId,yes
_ra9febb3e0ee998,offerIds,yes
_r2f071353b516c7,offeringContainersSeparator,yes
_r92592ded991e75,offersAvailable,yes
_r7db7d910abe2e9,offsetRefX,yes
_r01c3bd7c88e5bb,offsetRefY,yes
_r22dbc30a84deda,offsetV,yes
_read08fd79a726b,okButton,yes
_rcca907482b504c,oldNavigator,yes
_r4552cc34624868,onActionSelected,yes
_r28ba68f59655cf,onActivityPoints,yes
_r48338097f7aca8,onAddFavouriteClick,yes
_rfae17312c955d3,onAddedToStage,yes
_rdd49a9ad47a5c6,onAlert,yes
_r26a84f46eebc48,onAllVariableHolders,yes
_rfab6dde00aecc8,onAnimationStart,yes
_r76f883982a09c9,onAttemptUnlockChest,yes
_r4cdd82c2ccd6d2,onBCPlacementWarning,yes
_r63fb3f853be649,onBadgeReady,yes
_reeed6f75de4213,onBanClick,yes
_r6f0010cd2f4852,onBaseImageLoaded,yes
_r6bb50fb7a135e6,onBgMouseClick,yes
_r1bd8ffeb989dae,onBotUsageChange,yes
_r277a38ffc91b4e,onButton,yes
_r3a6d40d67ccff8,onButtonClicked,yes
_rff8e992da86f16,onBuyButton,yes
_r4a45268880659b,onBuyButtonClick,yes
_r09167097905a7b,onBuyClicked,yes
_r108d201dc24a9e,onBuyFurni,yes
_rd55ead5000189a,onBuyResult,yes
_rd0dee99feb1cfc,onCameraRequested,yes
_rf4b7c465594504,onCanCreateRoomEventEvent,yes
_r5ef2f7bf60e2e8,onCancel,yes
_rad24f5a271278e,onCancelAllResult,yes
_rb4d8a34cb294be,onCancelClick,yes
_r0b75ef7c6bc047,onCancelGift,yes
_rf0a32cfc270641,onCancelResult,yes
_r8275546be87cbf,onCantConnect,yes
_rdb1d09712afa49,onCatalogPage,yes
_rfe1da3c326a437,onCatalogPageOpened,yes
_r1cc85bce077cfa,onCategoryCollapseClicked,yes
_ra821a0f9f2a603,onCategoryExpandClicked,yes
_r67ff4e4f6f20c8,onCategoryShowMoreClicked,yes
_reca280e66f2c93,onChange,yes
_ra148260186655b,onChangeCheckbox,yes
_r1f9ea2a2eb8a77,onChangeInputSource,yes
_r7db999ebdd4d87,onChangeVariable,yes
_r1cd700684cad1c,onChatEntryEvent,yes
_r63240ac7aff641,onChatInputUpdate,yes
_r25f55741913bd8,onChatMessageEvent,yes
_re68da7745d3ea7,onChatlog,yes
_r8a8660794ae133,onCheckMouseClick,yes
_r7d8dacbdafe337,onCheckProgress,yes
_rce37853a45071c,onChooseLayout,yes
_r3cace5bbf9bd95,onClaimClicked,yes
_r2f85912ac755c2,onClear,yes
_r826844b057c4ce,onClearOwnHistoryResult,yes
_r8fb4b53fac73f2,onClearSearch,yes
_r726435ed1d5bbf,onClearSearchAction,yes
_r69b4e28ad8eca8,onClearSearchClicked,yes
_r93037e6c2735f1,onClick,yes
_r53b2d5b81bef40,onClickAway,yes
_r76fc45672610db,onClickButton,yes
_r20fb54f98b5e68,onClickBuy,yes
_ra7a8faf9609260,onClickClaim,yes
_r223a9e5d82f749,onClickDiscord,yes
_r12df93119346bb,onClickGeneratedReadKey,yes
_r9963d6be4e4b86,onClickGeneratedWriteKey,yes
_rca46dbf627cd89,onClickMonitor,yes
_r1907414aa16837,onClickNode,yes
_r48a1ff580397a8,onClickNotificationSettings,yes
_rcdcc4469839b3a,onClickUpgrade,yes
_r15d17f05ee4181,onClose,yes
_r3da8690e35ef10,onCloseButtonClick,yes
_rb62716cf47fea5,onCloseClick,yes
_rdaba0516b64e95,onCloseClicked,yes
_r0d0a361496b190,onClubChanged,yes
_rf1db1fd93fbbcd,onCoinsMessage,yes
_r348904aee439d5,onCollectClicked,yes
_rb87da9b93c894a,onColourIndex,yes
_r58515efe74038e,onCommunityGoalHallOfFame,yes
_rec3b2d9f0a7d06,onCommunityGoalProgress,yes
_r17c28b8d72c955,onConcurrentUsersGoalProgress,yes
_reef42aa65b6cd1,onConfigurationError,yes
_r1d78b96b1edc7a,onConfirmClicked,yes
_r2d3f1818c2be5c,onConfirmUnblock,yes
_r2820c99c01cac9,onConfirmation,yes
_re1e6df0dad5465,onContPicClick,yes
_rfc5da3cd76c678,onContainerMouseOut,yes
_r385bab58e0ff3e,onContractUpdateResult,yes
_r8ba6abff1cb9e1,onControllerMessageEvent,yes
_r8aa4bc9799aeb5,onCraftTriggered,yes
_r0bb76483bafebf,onCreateResult,yes
_r9d248b47e1f299,onCreateRoomClick,yes
_rac451eb1122aec,onCreateVariableClicked,yes
_r6fc12b33112ae3,onCustomSanctionButton,yes
_r7a51c4abeaacb2,onDailyOfferMessage,yes
_r93970ae23d56c9,onDateRefreshTimer,yes
_r8c4e136abef340,onDeclineButtonClick,yes
_r9b96cb809e1252,onDeclineTour,yes
_r9f48cdfc6924e2,onDeleteClick,yes
_rf2724c66d52332,onDeleteGuild,yes
_r7fc43797011f66,onDesktopResized,yes
_rc2d1b11de3730d,onDirectionalIdSet,yes
_r810a86bb5095a1,onDonate,yes
_r7fcc2927b1a372,onDonateClick,yes
_r947bb82225ad34,onDonateCoinsClick,yes
_rc7a7193b0707ca,onDrawingChanged,yes
_r9c608247e88f29,onDropMenuEvent,yes
_r0888bf02eaf3e0,onDropMenuSelectionChanged,yes
_r1c993e6a81fdd6,onDuty,yes
_rd1213ab93c4f71,onEdit,yes
_r628d7fee36df30,onEditCategoriesButtonClick,yes
_rf52ca7383bf617,onEditInitialized,yes
_r567dfc9064f4a9,onEditStart,yes
_rd57a9d8d89ac18,onEmailStatus,yes
_r8cfadb7075a914,onEmbedInfo,yes
_r7b46dd56b9db2a,onEmbedSrcClick,yes
_r27c2f8f8d53c53,onEnterRoomButton,yes
_r2074392898318c,onEntityImageAssetDownloaded,yes
_r1762bd331467f3,onEntry,yes
_r5d3418cc087a35,onEpicPopupMessageEvent,yes
_r6354f47761d31a,onExit,yes
_r97c95d45c53f7c,onExtImageLoaded,yes
_r8850e9e8885f80,onExtend,yes
_r716374ecf3fd8e,onExternalLinkAlertClose,yes
_rc8fddd4b6b0fb7,onExtraButtonClick,yes
_rdc37a8104b781b,onExtraLink,yes
_raa71becf80ad19,onFavouritesClick,yes
_r670e831f18eaaf,onFilterSelected,yes
_r465381d30178df,onFlatCreated,yes
_rdddaf21d3cb378,onFloorPlanEditorButtonClick,yes
_r8ef853d30d501c,onFollowButtonClick,yes
_r110a965d7fa378,onFrequentHistoryClick,yes
_r428843ed4db2b3,onFriendReportConfirmation,yes
_rf257cdfc416422,onGetEventClick,yes
_rdba76acfc03fc0,onGetHcClicked,yes
_r9d83e6719edc09,onGetPremiumClicked,yes
_r8d6f47142c23b4,onGetResult,yes
_r1b40f031311bab,onGiveGiftButtonClick,yes
_rfc0fd2b3db07a4,onGridEvent,yes
_rdb01f7baf3ae53,onGroupDetails,yes
_r5a0aa9dc9428b1,onGuardianChatReviewResultsEvent,yes
_ra2f1a697fdb0f4,onGuardianChatReviewWaitForOtherVotersEvent,yes
_rb9c03d8120067e,onGuideToolEvent,yes
_r005cadf8ac7414,onGuildCreationInfo,yes
_r8bd0aa77e22243,onGuildEditInfo,yes
_r2a2e03bfc5f5d3,onGuildMemberMgmtFailed,yes
_r86f27b2cdc88eb,onHasClaimedProductResponse,yes
_rdbd44a647029ac,onHeightMap,yes
_r2a6bbf2d9ea5a3,onHelpButtonMouseEvent,yes
_r40e72d06a7e15b,onHideTimer,yes
_r208f3cb5a5487e,onHintClicked,yes
_r831d73e0a5fe9f,onHistoryClick,yes
_r8de9f0a3fd8304,onHomeButtonClick,yes
_r04fdc183065728,onHomeClick,yes
_r3fe29bfbf32527,onHorizontalSliderChange,yes
_rfe3d7ebf467c6b,onHoverOutWindow,yes
_rf24c7d0fdeecb4,onIgnoreResult,yes
_r84dafcd18f166d,onImageComplete,yes
_r015a5e9a50480b,onIncomeRewardClaimResponse,yes
_rdc54a1f676466e,onIncomeRewardDataReceived,yes
_rbbea830043c541,onInfoClick,yes
_r71a7337c954f9f,onInput,yes
_rb698926fd29f5b,onInputButtons,yes
_ra4bd2fd9e77527,onInputChange,yes
_r2b28dbbeb71729,onInputFocused,yes
_r1701083d9ac519,onInputHeightUnfocus,yes
_r6716622c7d5ec9,onInputHoverRegionMouseEvent,yes
_rdaa80d86948e13,onInstantMessageEntryEvent,yes
_r91850258b48a43,onInterstitial,yes
_r5a5f37d56a87ef,onInvisibilityChanged,yes
_rcf66ccfec22716,onInvite,yes
_rfa14870587f051,onInviteButtonClick,yes
_r105105feb5926b,onIssueClose,yes
_rec1f3f95654005,onJoin,yes
_r82cd8d769e587b,onKeyTextChanged,yes
_r92361a8617f416,onKeysUpdated,yes
_r0362d1220700cc,onKnockDownHuman,yes
_r1d0ea4ca7e0bd1,onLeaderRegion,yes
_ra0642b037ffb56,onLink,yes
_r1925c05278c054,onLinkProc,yes
_rbbe52b7aef1fc1,onMainContainerEvent,yes
_rc934df8da68486,onMakeHomeClick,yes
_rca4932196e2c60,onMalformedData,yes
_r2babc6fae2eacd,onManageGuild,yes
_r0bc96d688d10a5,onMembers,yes
_r9528c303b83ee6,onMembersClick,yes
_rff2226c437c55c,onMessageInput,yes
_r5eaabee39a2529,onMinMax,yes
_r08eb7c74ebecf8,onMinimailButtonClick,yes
_r10b609355384a1,onMinimizeHover,yes
_r5c8a959bb9d143,onModeChange,yes
_r937f21f51294cc,onMouseClick,yes
_r5cec55dbda5834,onMouseOut,yes
_re3106d709b6bcb,onMousetOut,yes
_r9a760b19b017f3,onMuteAllClick,yes
_r01203c3ffb2db3,onNavigatorClick,yes
_r2ca1470f00be03,onNavigatorToolBarIconClick,yes
_r2ef5a784ea4742,onNewQuestNotReceived,yes
_r2ec33409f95b8f,onNextClicked,yes
_r6959e311c6b9fa,onNextQuest,yes
_r2f05e0a2f3d20f,onNodeCountChange,yes
_r30e18e7f68ff97,onObjectRemoveConfirm,yes
_r4b8cf8f72ca4df,onOffButton,yes
_rb423adca3685df,onOffer,yes
_r1d37c87476a566,onOfferListEvent,yes
_r8b78367b2d51d4,onOpen,yes
_r15ca388031b700,onOpenCatalogButtonClicked,yes
_r51461b5d629af4,onOpenHubClicked,yes
_r546111dd3c489d,onOpenProfileClicked,yes
_rde7da8bf800d86,onOwnerName,yes
_r0e701dcbfdb30d,onPageLoaded,yes
_rd05fa05af86ebc,onPartMouseEvent,yes
_r627a7ac537255f,onPatFrank,yes
_rea327d6f469480,onPaymentSelectedChanged,yes
_rdd69e58444da81,onPendingCallsForHelp,yes
_rc692c28a479cb3,onPendingMembers,yes
_ra23a71360493b5,onPetFigureUpdate,yes
_r89c1198b66e731,onPingResponse,yes
_rc0188ac9785ede,onPlaceholderSelected,yes
_re62b32e77c139f,onPollTimer,yes
_rcf4ce294ceeb13,onPopupActionClicked,yes
_r1c7683420cd75d,onPreviewAvatarClicked,yes
_r2d3b26f3b70a58,onPrizeLimitToggle,yes
_r266fffd1002ca3,onProfile,yes
_rfbb47f5c3382c3,onProfileClicked,yes
_rf4420103aef925,onQuest,yes
_re15bee87f95bc7,onQuestCancelled,yes
_rf954b8e030efb0,onQuests,yes
_r7e90644a750f1f,onRaidProtectionSettingsClick,yes
_r08ba2e5a84c091,onRecentHabbiconsUpdated,yes
_rc2ab1ad45fdc9d,onReject,yes
_rc36b962510e297,onRelationshipStatusRegion,yes
_rd5cfeac3ad070b,onRemoveButtonClick,yes
_re5cd423872a7dc,onRemoveDimmer,yes
_r2f49bdcc342cfc,onRemoveFavouriteClick,yes
_r9b6db08bc1272b,onRemoveRights,yes
_ra669b25898e7ae,onResize,yes
_rc04770630a1936,onResizeTimer,yes
_rf8d7f3b1fe5c6b,onResizeWindow,yes
_r011c09dbdd3df5,onResolutionAchievements,yes
_r515a166acd5d56,onResolutionProgress,yes
_rb497efb1a22f00,onReturnClick,yes
_r396d16d15696bc,onRewardIntervalChange,yes
_r87c4310887d34b,onRewardSelectedChanged,yes
_r735de493bbd41f,onRewardTrackClaimResult,yes
_r6b760dab2bc362,onRewardTrackPremiumPurchaseResult,yes
_rb065458ff39cbb,onRewardTracks,yes
_re85aff770c688a,onRoomAdClick,yes
_r54b0e4cd320d98,onRoomAdLoad,yes
_r85331e503f60dd,onRoomChange,yes
_rb43b9ccb2d9bc3,onRoomDisconnected,yes
_r2178fa377cf767,onRoomEngineInitialized,yes
_r3bf12050a37c1d,onRoomEnter,yes
_r78793a9670a4b4,onRoomExit,yes
_r12daba91e91c12,onRoomFilterButtonClick,yes
_r24caa624e5ef05,onRoomInfo,yes
_ref72e223e62862,onRoomLink,yes
_r9a321b26725b3c,onRoomObjectAdded,yes
_r3a6a85e73a9107,onRoomObjectDeselected,yes
_rf9b5ad81309620,onRoomObjectRemoved,yes
_r60f1e3d53641b3,onRoomSelected,yes
_re1754fd9c45d66,onRoomSettings,yes
_r7aa96c9c0f70bd,onRoomSettingsClick,yes
_r1e80058d3848a7,onRoomSettingsSaveError,yes
_r58b4995d2310f8,onRoomSettingsSaved,yes
_r88fdc3227f179c,onRoomVisits,yes
_r68ff7e68337a41,onSaveSuccess,yes
_r5101bd2b3b2af0,onSearchClearClicked,yes
_r8a5b82dae7ecca,onSearchEntry,yes
_rfe799f08eeda5c,onSearchInput,yes
_r12b3fe6077e9a0,onSearchPlaceholderDown,yes
_r3c0c3cfa634bea,onSearchResults,yes
_r39cda46ec7c4b1,onSearchStrInput,yes
_r0e926db561c103,onSearchTimer,yes
_r3d6679bbcae42c,onSelect,yes
_r2d625ad6c63eaf,onSelectAchievement,yes
_rec0bcd5a6b2e53,onSelectAchievementProc,yes
_r2410c11b29441a,onSelectAllClick,yes
_r3a46ea09609163,onSelectByValueChange,yes
_r5ae37c869e5525,onSelectOption,yes
_r977032d0b4876f,onSelectPage,yes
_r9845db106310b1,onSelectVariableType,yes
_rf3efc3438ded83,onSelectedChange,yes
_r76abc7e48dc83e,onSelectedFilter,yes
_r9908c082169197,onSelfDonationResult,yes
_r3b0315ef206167,onSendClicked,yes
_r8634975a4d2113,onSendWarningClick,yes
_r6de150b99d15eb,onShooterDirectionCheckboxChanged,yes
_r75ebadac70a117,onShowGroups,yes
_ra95c95cb8deb3f,onSlotMouseEvent,yes
_r23d8e42076e71f,onSnowBallHit,yes
_rb197a1b5ec43b1,onSnowballPickup,yes
_r8d29e1b52e5c7c,onSongInfoReceivedEvent,yes
_r987ad1e4a882c6,onSoundSettingsEvent,yes
_r97677132cb4c6c,onSpawnVariableSelected,yes
_r686b83e3466748,onSpinnerTimerEvent,yes
_r72493d2c21fc1a,onStaffPick,yes
_r7bc5414a4d717c,onSubMenuItemClick,yes
_r1ddebbb502a659,onSupplyLeftTimer,yes
_rf6c5e0d005a54d,onTakeTour,yes
_rd9af183a6750e8,onTalentLevelUp,yes
_rdc65686d908ed1,onTextLinkEvent,yes
_rf46d0a28b09b26,onTextStyleChanged,yes
_r4fae3de06d7fec,onTime,yes
_r89036d65eff7d3,onTimerTick,yes
_rf3fe87ecd44f61,onTimingCode,yes
_r3c4e54ea9b4e88,onToggleButtonClicked,yes
_re6d5b81d36934c,onToolbarClick,yes
_r7fda5d1445c293,onTrackTitleClicked,yes
_r88aaedc2e0fe41,onTransactionSuccess,yes
_r8505fdd4522a0b,onTriggerTypeChange,yes
_r70ef230dd312ea,onTriggered,yes
_r8bd16a2cef1005,onTypeDropmenu,yes
_r318a8b5cff1f66,onTypingTimerComplete,yes
_r2b863fbf6a5fc0,onUnSelect,yes
_r3a5a0a5a26a9b2,onUniquePrizeToggle,yes
_r4046c8452852a0,onUpdateSuccess,yes
_r78f6f295e1e701,onUpgradeChestResult,yes
_rf75012622cc215,onUserInfo,yes
_re887bf24e78ba0,onUserNameChanged,yes
_rd5625c2a0c7371,onUserNftWardrobeMessage,yes
_rb464ffad821873,onUserOngoingEvent,yes
_rbc4eb5afb9afb4,onUserUpdate,yes
_r2f976669e2d314,onValueChange,yes
_r37a056d3148b13,onVerticalSliderChange,yes
_r1df2c6f346ba43,onViewGroups,yes
_r0782741071d67f,onViewInDetailClick,yes
_red617c792c7a82,onWindowClose,yes
_rff5d8a8e97d837,onWindowEvent,yes
_r49a04f95621f17,onWiredMenuErrorEvent,yes
_rc11d9d66d7dd94,onWiredTradeActiveChanged,yes
_r28ab4bc7880f5a,onWiredTradeInitiate,yes
_r4de9f36858adb2,onWithdrawClick,yes
_r1333ca03c575a5,onWriteKeyChange,yes
_ra3913b2dcce60f,openCatalog,yes
_r472c5d2c73b6f6,openCatalogPage,yes
_r29446ed96e6f2d,openCatalogue,yes
_r2bdee1bc5135ea,openCategoryForNode,yes
_r63ecfaf12130db,openClubCenter,yes
_rcdcee40e965e44,openComposeMessageView,yes
_r0387e0cb84b2c7,openConfiguredLink,yes
_r1d13b44a9aa64f,openCreditsPage,yes
_r6c964dd19329fe,openDetails,yes
_rda520849b069fa,openDiscordSettingsWindow,yes
_rf497bff9470314,openForNextQuest,yes
_r65749bdc5df639,openForumsList,yes
_r99174112a29938,openFriendListWithTab,yes
_rd210fef4e54b86,openGameLobbyWindow,yes
_r850c6f8626f2ad,openGroupForum,yes
_r8effab0674a141,openHabbiconHub,yes
_r21b633b6bf6f07,openHabboWebPage,yes
_r87075a0513f174,openHelpPage,yes
_r3e5fd0e857b791,openHkPage,yes
_rc1d4d32b8f000f,openHubButton,yes
_r617363a9b982e4,openLandingPage,yes
_r7dd5022169166c,openLink,yes
_rff85771973c437,openMenu,yes
_r20cb634c718a08,openMessagesList,yes
_r2959733933d65b,openNavigatorAtNode,yes
_r1fb7712bced3af,openPaydayHelpPage,yes
_ra7581c7b666f4a,openPhotoLab,yes
_r8f40655d7c297c,openProfile,yes
_r5f62be20438e94,openProfileButton,yes
_r182ab76fbd647f,openPurchaseConfirmationDialog,yes
_r041a0b7462e4a0,openReportWindow,yes
_rfdaec1f792cb53,openReportingIMSelection,yes
_r1dafd566409004,openReportingUserName,yes
_r2151b634826e2b,openRewardTrack,yes
_rc03b7ed2e8415b,openSafetyBooklet,yes
_rced2fc0a742197,openThreadList,yes
_r34a1d584612a77,openTourPopup,yes
_r4faa651792e10e,openTrainingView,yes
_rcef55c49008343,openVault,yes
_rb856ed7590fd26,openViewFinder,yes
_rf02c2a3f7168f2,openWebHabblet,yes
_r3044a49d9efd68,openWebPage,yes
_reeee5e16efdd02,openWindow,yes
_r8568f84b45df42,openedDays,yes
_r4f2e26aeec9953,openerAvatarId,yes
_r1b3bb4ddae2494,operatorOptions,yes
_rbb9094ccc2d8d6,optionIn,yes
_rbd08d7504d7e3f,options,yes
_r9bddec3ada98b9,orText,yes
_ra0c3657fa7abaf,originalOffsetX,yes
_r9a9c7d1955da98,originalOffsetY,yes
_re4046f91a372aa,otherConfirmed,yes
_racd61ac47b30ce,otherHasAnyOffer,yes
_ra9534b8d34c1f3,otherResultData,yes
_r05b630aff136a9,otherSilver,yes
_rb0e8f7fe717d5b,otherUserName,yes
_r7241a02b213878,overflowReplace,yes
_r7703523b378d3c,overriddenActionNames,yes
_r20f3f0069999eb,overrideMaxTarget,yes
_r08ab443229b442,overrideMaxVariableId,yes
_r5afb8035663d08,overrideMinTarget,yes
_r4e384a2c1e5380,overrideMinVariableId,yes
_rcac61842cb8ebc,ownAvatar,yes
_r29ae1b88d5b8f1,ownAvatarWidget,yes
_r3451823fce6342,ownContainer,yes
_r60446c003f4021,ownEntry,yes
_rad417ee6b0c24b,ownHandler,yes
_r105cdbfd4498e8,ownId,yes
_r504292e3a5d13f,ownScore,yes
_rb33f3118f4a434,ownUserRoomId,yes
_r44ff355693ed7b,ownedHabbiconsValue,yes
_r5dbd4424154061,ownerCount,yes
_r066e91fea79005,ownerId,yes
_rc88cbddc41bac7,ownerName,yes
_rce2f31ac03fcfa,padAlign,yes
_r1e6e3bc70e0a9e,padName,yes
_rb48300d9724d07,padToTwoDigits,yes
_reb4012529b70ce,pad_size,yes
_r96b7ebdd9c044b,pageId,yes
_r804c9ee0e43535,pageImage,yes
_r5ef6f89abbeff9,pageKey,yes
_r8a4418c84e6f02,pageList,yes
_rd123928b4e0dcb,pageLocalization,yes
_ra58c8490ff8a9f,pageName,yes
_rc82c4ebb3330a0,pageNumberInput,yes
_r92ca73d043b05a,pageTextEnd,yes
_r7c1e56fbdaf5f1,pageTextStart,yes
_r9991d22b6a90c2,pagingTextKey,yes
_r35c564e4ca6cc5,paletteID,yes
_rc6a3f0e2cd7114,paletteId,yes
_rc147e41c56ea7e,paletteIsGrayscale,yes
_r91d6b584203b97,paletteMap,yes
_r4e889d5bbc4ed5,parseAndSetHtml,yes
_r65d16b4051f565,parseCSS,yes
_re163c00a9b2058,parseCommonVariables,yes
_r5a7d166d87be14,parseConfiguration,yes
_rd5b7fb2681256d,parseConfigurationAsset,yes
_r4341511ddc7aed,parseDisplayValue,yes
_r4ecea0da5ebc8c,parseExtraItemOffsets,yes
_r4432efc39ade3d,parseFigureString,yes
_rc5b1c32bec8353,parseFurnitureData,yes
_re76f7017e528c2,parseHeightMap,yes
_r60659ddf51132e,parseIgnoredFurniTypes,yes
_r2906026ac3914b,parseInts,yes
_r712778999b0a2e,parseItemData,yes
_r9cceada89c7463,parseLayout,yes
_r3605a84a0679b9,parseLayoutEntity,yes
_rad6452c02f38d2,parseLayoutList,yes
_rfdc4b047200208,parseLingoFormat,yes
_r363ac790fa46b3,parseLocalizationVariables,yes
_r2bfea3b066a74d,parseMaskBitmaps,yes
_rde9c967967aad9,parseMasks,yes
_r5c1691b8e26df6,parseNftTradeMap,yes
_rec0d6ee3540fc8,parseObjectData,yes
_r1954e8f960e435,parseOfferAmount,yes
_re5b8e7fecb3437,parsePlaneMaterialCellColumn,yes
_ree653498105027,parsePlaneMaterialCells,yes
_r424938e0193be0,parseQuestion,yes
_r92826c3f5e52e5,parseRenderStateList,yes
_r4b6e8b083ac435,parseResultData,yes
_r4b56cc6671f35b,parseSkinDescription,yes
_r0e0467c4e7e7ab,parseSpecialItems,yes
_r337809d423e23d,parseSpiralVector,yes
_r64518a9280d76e,parseStrings,yes
_rc497f39f42ba4a,parseStuffData,yes
_ra3c02a585b167a,parseStyleNamesFromCSS,yes
_r0d875dfe8ea234,parseTemplateEntityList,yes
_r28a511055b9aee,parseTemplateList,yes
_r4b2b1c659ef5fc,parseTextures,yes
_r0236f39cacb35d,parseValue,yes
_r2ff64ce4287198,partIndex,yes
_rc85baae56e070d,partSelectGrid,yes
_r21a90f94316b15,passesFilter,yes
_r810ad4624067f6,patFrankButton,yes
_rc55e2bc43599c7,pauseForGCIfCollectionImminent,yes
_rad191abd58e25c,paymentLayoutImage,yes
_r733d39206c3054,paymentMode,yes
_redce726692065c,peek,yes
_r34201982356286,pendingTicket,yes
_r1f48988c30461a,percentCompletionTowardsNextLevel,yes
_rce8305261f607e,performBanAction,yes
_r7d264f825a68ff,performCompetitionRoomsSearch,yes
_ra2e15102c994ea,performGuildBaseSearch,yes
_r9d35b705ec9b6b,performSearch,yes
_r02cd9bb729c5a6,performSearchByContext,yes
_r82cda38123a411,performSelectedAction,yes
_r34293e695ca053,performTagSearch,yes
_rd01b855f38ffde,performTextSearch,yes
_r4c83c18cb80203,permanentFurniVariables,yes
_r7cc1668cb71216,permanentUserVariables,yes
_r8705e4be932032,personalContributionScore,yes
_rdf807e3c3c31e1,petId,yes
_r6cf9cbb1313f0d,petImageWidget,yes
_r6d9ffb575173a9,petImageWindow,yes
_r522548062fb13e,petInfo,yes
_rb024133c46a7ef,petLevel,yes
_r0a78f6b587062a,petPosture,yes
_r30fce1b34b25e5,petRace,yes
_rc9cc8ce45c382a,petRespect,yes
_r8dc279ee107f0c,petType,yes
_r78470630362dff,picRef,yes
_r6cbe4c12b0813b,pickCategory,yes
_r0c1a94274621e5,pickerId,yes
_r978948552af066,pickerUserId,yes
_r5e375c54b22331,pickerUserName,yes
_r413e2b34c74eec,pinCheckbox,yes
_rc34eaf04dc2c31,pinContainer,yes
_r12cd8db8b18239,pivotFromName,yes
_r4f9544341b9a1c,placeHolder,yes
_rdd5ec2c1b1f041,placeObjectAtSlot,yes
_ra3d78ff7d4849e,placeholderImage,yes
_ra904f9ffa1e0b8,placeholderName,yes
_r3bd630edf03f1d,placeholderPreviewImage,yes
_rf1a2661eec29ac,planeId,yes
_ref2260f26ac749,planesString,yes
_rb9ab11495a39ee,plaqueAndSpotlightBlend,yes
_ra83a73f039db8c,platformString,yes
_r2a648c9d2baa7c,playButtonState,yes
_r19c6a8eb76591a,playGlow,yes
_r8c566604d60af0,playSound,yes
_r30ef2bffacd2cb,playSoundAt,yes
_r540b37031e7ff7,playTestMode,yes
_r1a24e7bd8fe723,playerFallsDown,yes
_r028ad17835837a,playerIsHitBySnowball,yes
_rbcad925a2df20a,playerRematches,yes
_rffd605c5750c33,playerWithMostHits,yes
_r4f49afb364c3e0,playerWithMostKills,yes
_r27540da5ead7c3,players,yes
_r5cc6e38c6d818d,playingComplete,yes
_ree35daa47be8d5,playlistId,yes
_rf6d6177d34a730,playtestCheckbox,yes
_rf226485349a533,plusButton,yes
_r9c645248ef23ee,pointsIndicator,yes
_r105940aacbf3a9,pointsText,yes
_rfe8a5d71503834,pointsTotalCollectedText,yes
_rbfaa4116665499,poolWindow,yes
_rd8a1c31f9bbedd,populateAchievementGrid,yes
_rd8df86393040d6,populateBadgeDetails,yes
_r64cf6257a7492a,populateCategory,yes
_rc130f0a5a99635,populateCategoryDropMenu,yes
_r8d3bdf265eac90,populateChatMessage,yes
_r975b6e17c44185,populateChatMessageList,yes
_rf2e50623c01da2,populateCheckBoxType,yes
_r3a0a336aca5cc9,populateColourGrid,yes
_re861047f984b33,populateContentLine,yes
_r2231123ec02739,populateDropMenus,yes
_re767b7dd2f344c,populateEventCategories,yes
_redfa2d4d5419a3,populateEvidence,yes
_rdc212c2089e867,populateExpandedMenu,yes
_rfafd5af34c9d6f,populateFilterOptions,yes
_r75a536a82fee0b,populateForm,yes
_rc173d5e8b68a00,populateFurniData,yes
_rd2c8835780fbae,populateInstantMessageList,yes
_re4140baf5ca892,populateInstantMessages,yes
_rcaa5fdb06096c0,populateInventoryItems,yes
_r13ba73879cb2a4,populateItem,yes
_r854c349cd8a6c8,populateItemGrid,yes
_r5c12f9a8b3696b,populateItemGroups,yes
_r415a81387f9d38,populateList,yes
_rc1a8cb2e4a9d9c,populateRadionButtonType,yes
_r7faf12e3eca272,populateReasons,yes
_rb3742b36295552,populateRecipeItems,yes
_r7ffbbf269751cc,populateRentInfo,yes
_r49f4781851c421,populateRewardList,yes
_r7d8d531d233e5f,populateRoomModerationSettings,yes
_rbfdf932dfb43d6,populateRoomReportButton,yes
_rf26f9ff13bf3a0,populateRoomRow,yes
_r1a54a02a32262e,populateSearchTypes,yes
_r71edd247e3494a,populateSelectionList,yes
_r29e0ec23cc217c,populateSortOptions,yes
_r96bae9b011c7e2,populateStep,yes
_r644db6e690a20c,populateTextLineType,yes
_r7a663b6fa7c368,populateTexts,yes
_ra30f037722e054,populateTopics,yes
_r133eab3f62a3bd,populateTypeFilterOptions,yes
_rf1a8b042a89214,populateUserList,yes
_r5a23a41c95cf08,populateUsers,yes
_r70d32ca23d1971,populateWithFilters,yes
_rd9dcd9b8b4cd07,populateWithVector,yes
_r8fcbc4c182a634,positionAfterAndStretch,yes
_rd580f548140e55,positionFromPivot,yes
_r25c657d8be56b7,positionLoadingScreenDisplayElements,yes
_r6021495f6a8b99,positionWindow,yes
_r311390e0628b12,postNewMessage,yes
_r88c845158cdb89,pptr,yes
_r572071b8d46cb8,prebakeBackground,yes
_r0f4afe340660aa,prebakeForeground,yes
_r39ad5901ee01cf,prefetchAroundPage,yes
_r24459ed65d2fec,preloadEffects,yes
_r58e7100290047d,premiumComplete,yes
_r6718bac6c58c01,prepareAvatarImageContainer,yes
_rdad109d0fe00b2,prepareBitmapData,yes
_rc3dfa2b4e9c66f,prepareButton,yes
_r1fe767253dbb15,prepareCategorySelection,yes
_r0031e77676f616,prepareComponent,yes
_r76b49e3622c8f2,prepareFilter,yes
_r5d71c5748ea128,prepareImages,yes
_rf7830555f979b1,prepareLazyContent,yes
_r0393ab64c7ecfc,prepareMessageSelection,yes
_r50cedf51228a95,prepareRoomCategories,yes
_rbd5b91241143e5,prepareRoomSelection,yes
_raa5e1d71b0a5c6,prepareTrackerWindow,yes
_r2941884a83c281,prepareTradeModeSelection,yes
_r2d9b099f730c80,prepareWindow,yes
_rabcaef483a283b,presetCount,yes
_r15f83d535e20e6,presetManager,yes
_r2ebf777d4b15eb,pressedSyles,yes
_r776e80403061c2,prettifiedName,yes
_rb8ac49579be88b,preventWindowOperation,yes
_rb3db100f8e3eba,previewAvatarRegion,yes
_rae2879cdced434,previewAvatarWidget,yes
_r80dbbeca823daf,previewCallbackId,yes
_r60b88a94b42376,previewContainer,yes
_rebb17d7f8c970f,previewFurniInstructionText,yes
_r79ece35bda50f6,previewFurniName,yes
_rbe19f581705ea7,previewGlobalPlaceholder,yes
_rf5400009df1f2c,previewIcon,yes
_r50e3aa2a7a3f51,previewImage,yes
_r1ecc3a87753a6e,previewImageBitmap,yes
_r998dbcc0f37a79,previewLabel,yes
_raaffa8bd10d713,previewPetWidget,yes
_rf3d5c4e42b417f,previewUserInstructionText,yes
_r7967c27a0382aa,previewWidget,yes
_rf3305fe3e2336f,previewWindow,yes
_rb5110a17aebf87,previousPageButton,yes
_rf8e9bb67f29abc,previousUnclaimedCountText,yes
_r4f85476376b88c,previousUnclaimedIndicator,yes
_ra1798a66357733,priceActivityPoints,yes
_re13079f3c55d1f,priceAmount,yes
_ra1306f1316f60c,priceCredits,yes
_r3d4cdc902cf830,priceCreditsText,yes
_r9c0947c4a70714,priceDiamondsText,yes
_rf13a8b2496a369,priceIcon,yes
_r6c66f7b70ab475,priceInActivityPoints,yes
_rb6d56df517b5a2,priceInCredits,yes
_rf6636e7fdc1c19,priceInSilver,yes
_redecda178f63ac,priceLabel,yes
_r22c9d8173e9639,pricePlusText,yes
_r538c1635b2bcac,pricingModel,yes
_r48780f141b0b2d,primaryColor,yes
_rb2a8ad0923aba8,privateRoomSessionActive,yes
_r0cce9e86200fcd,prizeContent,yes
_r1f73d37b535f2d,prizeLevelId,yes
_r371c3901eed10b,probabilityText,yes
_r128cd1061b4dc6,proceedOfferMaking,yes
_ra6f36b72fe9c65,processInteractiveWindowEvents,yes
_r2f31608a8bb23c,processLoadedSamples,yes
_r5dfa966041757f,processUpdateMessage,yes
_re4d429a195333e,processVisualizationElement,yes
_r2710f1c2d3b3a0,processWidgetMessage,yes
_rf182db652690fe,productClassId,yes
_rcf0a7a8085781b,productCount,yes
_raa26688f679265,productData,yes
_re6ebe091530a3c,productDataReady,yes
_rd78a7a6fffce7d,productIconWidget,yes
_r35f193138d9cee,productImage,yes
_r27c3d1c58484c3,productInfoContainer,yes
_r3e6bae9803b573,productInfoList,yes
_rf49eccb2162241,productItemType,yes
_r2dcbf0d4d438e6,productItemTypeId,yes
_r307554c62acd82,productNameContainer,yes
_r9499ea5f03161e,productNameText,yes
_r7734363613709e,productOfferList,yes
_rf3ec6bc95707b2,productPreviewBitmap,yes
_rfa9661182d7792,productProgressContainer,yes
_r29f4d70eafdf65,productProgressScoreText,yes
_r6fa814bd661edd,productType,yes
_r0977d60393dabb,productTypeId,yes
_rdf9add742ba542,products,yes
_r7d6f53f3f95238,profileCanvas,yes
_rd05098af391bc5,progressBarContainer,yes
_r6101513958b6a1,progressColor,yes
_r010f4894bd7ed2,progressColorContainer,yes
_r810b615c2ddb8d,progressColorHint,yes
_r1bc922faab8edd,progressContainer,yes
_rf1bae52e4d7c8b,progressCount,yes
_r590e54638475e8,progressPerLevelWidth,yes
_r245ba1610a0f9c,progressPixelWidth,yes
_r1b0063ed3c54e3,progressRatio,yes
_ra76699064e1a97,progressRatioFor,yes
_r84313e431e71a3,progressText,yes
_rc4b8b0f9b2c240,promoteGame,yes
_rf7fc2ed7ddb5cf,promoteRoomProcedure,yes
_r4bed5f14cd36e7,promotedTalentTrack,yes
_r7729c459033a23,propertiesTableContainer,yes
_r830d5ea722c947,protectionControls,yes
_r9f5dd95f83f92f,proxyX,yes
_r01373b4f1afa90,publishingStatus,yes
_rc42b14de153911,purchaseCouldBeUsedForBuyout,yes
_r47dd4351c8dd26,purchaseFailed,yes
_r1c110a4e6925fa,purchaseOfferId,yes
_rb87db6e242fc6f,purchaseProduct,yes
_r1919017a9e9adb,purchaseProductAsGift,yes
_rdff74141023f84,purchased,yes
_rcb460ead418446,purgeInitDownloadBuffer,yes
_rcaa19c836c17e0,purgeRegistry,yes
_r64c8c4a01b900e,push,yes
_rd11082f78fb368,pushOption,yes
_rdb436ba2f27be5,quantifierCode,yes
_rd50c07b788a68b,quantifierType,yes
_r97928478143800,quantityAmount,yes
_r453c9bc338efe4,quantityBorder,yes
_rff37eef55c637e,quantityContainer,yes
_reb4d6c3da59ead,questData,yes
_rcacd781d8bdcdf,questEngine,yes
_rc54c1be1428ee7,questionAnswerCount,yes
_r116ee753ab781f,questionAnswerType,yes
_r646ecc942a4b7a,questionCategory,yes
_re21965f81ba44f,questionCount,yes
_r8def43dafa2266,questionText,yes
_r26b700fd4fe1a3,questionType,yes
_r1278d24fb40dfb,queueTypes,yes
_r6ef61a221b57a2,randomBoolean,yes
_r68ce2911de0d44,randomFriendName,yes
_r5782ffd1e26d8a,randomNumber,yes
_rde5adabee6a83b,randomRoomProcedure,yes
_r74906a3ff345a9,rangeValidationMessage,yes
_r8ea5683bb66bfd,rankBorder,yes
_ra4e411226286df,rankText,yes
_rd4caecccf37c4a,rankTypeExtendedImage,yes
_r13e73d98089215,rankTypeImage,yes
_rcd0d89763599c0,rankTypeInfoText,yes
_r6c25a728457d12,rankingList,yes
_rcb53352940b1da,rarityLevel,yes
_r55587da0c09bd4,rarityOverlayWidget,yes
_r130f39015f6b3d,rarityText,yes
_r819ad55941b210,readAdditionalParams,yes
_r4367193ba1c2c7,readAfterRoomId,yes
_r3c7eab5e94ee95,readAllowedSources,yes
_rd9ef8f5426c684,readDefaultSources,yes
_rbe442a258b9434,readDefinition,yes
_r2097a347e1dd15,readDefinitionSpecifics,yes
_r08488c2efedbc1,readExtra,yes
_r1342bed7ad52de,readFromMessage,yes
_r606ec24d1bcde2,readIntParamsFromForm,yes
_rf87c1e89581ebe,readInteger,yes
_rb6fa855d6c8fb1,readInteractiveWindowProperties,yes
_rf304f6e6fc61b9,readLong,yes
_rc422ca65285b03,readNumber,yes
_r6780ad91fad22e,readSOLBoolean,yes
_r49edabe9a9a661,readSOLProperty,yes
_r0134f5a352ffff,readSOLString,yes
_r611a8dbcc8cbf3,readSettingsContainer,yes
_r1553562196add0,readString,yes
_rfa4e28cab6e368,readStringParamFromForm,yes
_r4c5f091de384d0,readyToRecycle,yes
_r374693ba53ac55,reallyRemoveItem,yes
_r2a7195002720ae,reasonString,yes
_r6c737bce5e45ce,receiveAsset,yes
_r731c52e9720d84,receiveRow,yes
_r1bb9a29af4152c,receiveText,yes
_r9c675870922034,receiverNotFound,yes
_r8a7cb644e73dff,recentHabbiconIds,yes
_r4df13f84d6782b,recentSectionIndex,yes
_raf598d3e7e15c5,reconcile,yes
_r2502096aa60597,record_overflow,yes
_r8eefa956d14526,recreate,yes
_rb7de688794398f,recreateElement,yes
_ra0c30a159c6a50,rectangleTransformMatrix,yes
_r29ec9753e1b82d,recursiveRedraw,yes
_rff8788edffc6ea,recursiveUpdate,yes
_rc0fc53ef4da1fd,recycle,yes
_r6e851f346abbd9,recycleContentLine,yes
_r79bcbd34dfd3ac,recycleFrames,yes
_r315953cfdfd5f8,recycleRowView,yes
_rab54d63d84b015,recycleTiles,yes
_r77f80ff157c910,recycleView,yes
_r03127e71336351,referenceCount,yes
_rbc1f915e73e026,referencePlaceholderList,yes
_r21351b7767c23d,refreshAchievementDetails,yes
_r86b87ab9407bc7,refreshAchievementEntry,yes
_r97800877b29e47,refreshAchievementList,yes
_raf1e37d94a76b0,refreshAchievementsHeader,yes
_r76c955cd477d6f,refreshAdFooter,yes
_rc224b677407e59,refreshAddMoreVisibility,yes
_r095d4dc4ca21c1,refreshAnimationTickState,yes
_r0cf72442fb38c8,refreshArrow,yes
_r4ba9a4a826c130,refreshArrowIcon,yes
_r49c25c1bbd5140,refreshAssetRoot,yes
_r09c3d454ad0c78,refreshAvailability,yes
_rb9876d76551d30,refreshAvatar,yes
_ra3769e35abdcaa,refreshAvatarImage,yes
_r0d844e49df481d,refreshAvatarInfo,yes
_r7d9282b4afdf2d,refreshBadgeImage,yes
_red26191fdbe3e1,refreshBadgeImageLarge,yes
_r3888f1bda89d4e,refreshBannedUsers,yes
_ra8fdd5a0361521,refreshBg,yes
_r5a5037ee8eb33f,refreshBgPiece,yes
_r2d2a89cbb8afcc,refreshBitmap,yes
_rc789f901a84c72,refreshBorder,yes
_r4925545c41ee16,refreshBubbleUI,yes
_rd2049740229a5d,refreshBuilderStatus,yes
_r103ec2fb416451,refreshButtons,yes
_ra3903517c4aefc,refreshByX,yes
_rf842f6a8be078a,refreshCatIcon,yes
_r44fe78037ec1cb,refreshCatalogWindowChrome,yes
_r5d38058404ef39,refreshCategoryEntry,yes
_r987105748c0749,refreshCategoryList,yes
_r6969216a6f8935,refreshCategoryListFooter,yes
_rac1524a1035ed4,refreshCell,yes
_r9b962eff0ca72c,refreshChatSettings,yes
_r4829086cfdb607,refreshColorsAfterClick,yes
_rc97d5d2cce64f9,refreshContainer,yes
_raec54a878dbb2c,refreshContent,yes
_r153b5a5370c498,refreshCreateHeader,yes
_r6ee406770e0c33,refreshCustomContent,yes
_r6b8efdbdd894e6,refreshCustomImage,yes
_r7ab9382f132fad,refreshDelay,yes
_rf6311966469149,refreshDerivedState,yes
_r1014e8a1243de6,refreshDetails,yes
_r265b435a4d70fa,refreshEffectiveChatSettings,yes
_r2199a39c12004a,refreshEmbed,yes
_r8e53e660fd7f88,refreshEmptyImage,yes
_rc1e22d2fbca5f7,refreshEntry,yes
_r39a16585952a9c,refreshEntryCaption,yes
_r74fb8c92b1dcc2,refreshEntryDesc,yes
_re9d1ea5926d895,refreshEntryDetails,yes
_rfb3996af02c13f,refreshEntryQuestDetails,yes
_r2187b9deecb58e,refreshEventInfo,yes
_r730263d23943c7,refreshExtraCont,yes
_rd54139cf2356c0,refreshFavouriteIcon,yes
_r84f84ea160c441,refreshFilterButtons,yes
_re3490c6c643165,refreshFlatControllers,yes
_r57f02c9d0187e6,refreshFolderEntry,yes
_rcb263de8bdeaf3,refreshFolderImage,yes
_r76a4bbd14204ac,refreshFooter,yes
_r7faf3cbed68b81,refreshForSourceType,yes
_rbb0bdf8a242247,refreshForState,yes
_rc33c67db5aef03,refreshFriendEntry,yes
_ref37e1e533183c,refreshGroupList,yes
_r53c505548cb316,refreshGroupListSelection,yes
_r621a9c77200218,refreshGroupMemberDisclaimer,yes
_r368ae90599192c,refreshGuestRoomImage,yes
_r60b09d295dbca8,refreshGuestRooms,yes
_rce32db30e878bf,refreshHeader,yes
_rabcfb79f5aff6c,refreshHomeState,yes
_r40a2d783040c60,refreshIcon,yes
_ra03c05c9098b8b,refreshInfo,yes
_rf8f13c2895b602,refreshList,yes
_r03d19a766968aa,refreshListContent,yes
_r136bcd099b57c9,refreshListDims,yes
_r50366e94f7c765,refreshLoadableAsset,yes
_rbc655a8f1dc01b,refreshMaxVisitors,yes
_r85ab4380e8681a,refreshMouseOver,yes
_r9ab09ccef5e774,refreshNavigatorTabs,yes
_r3b6b659ccd6929,refreshOffers,yes
_r59067e41743840,refreshOfficialRooms,yes
_raca2fe256824ed,refreshOwnerMode,yes
_rbcf464d8c424e2,refreshOwnerName,yes
_re5fbf58bdd91c2,refreshPage,yes
_rc536ca68219f03,refreshPageLink,yes
_r070889b302d29b,refreshPager,yes
_r3f986885e24ca2,refreshPicText,yes
_rd0c2c3f5592cbd,refreshPoints,yes
_rb1b85764772a5b,refreshPopularTags,yes
_r345f8cc70dc1e3,refreshPopup,yes
_rfe0fb35356e752,refreshPopupArrow,yes
_r18658255bde807,refreshPremiumInfo,yes
_r555d5cbadc73e9,refreshProgress,yes
_rf01e165f05c50e,refreshRaidProtectionButton,yes
_ra32889a9b937fa,refreshRecentSectionState,yes
_rbae43abcde19bd,refreshRegion,yes
_rdcfe3e450e2b6f,refreshRelationships,yes
_rcae2f4bc4f3807,refreshRequestEntry,yes
_r8872ae711f0c94,refreshRequiredFurnis,yes
_r2625ef76c8be56,refreshReward,yes
_rd4e91cafe5c77e,refreshRewardsCollected,yes
_r27f1ed9f0b82e4,refreshRoomAds,yes
_rd657effcf4a297,refreshRoomCompetitionsHeader,yes
_rcc76054216144b,refreshRoomData,yes
_r85be6c90cbbdc6,refreshRoomDesc,yes
_r1cb0c498e072e4,refreshRoomDetails,yes
_r9c765803084121,refreshRoomImage,yes
_rdbe5dfdb0b009f,refreshRoomName,yes
_r519a9462b3a093,refreshRoomSettings,yes
_r4b2be92dadd0a8,refreshRoomThumbnails,yes
_rc707e19f5bdb31,refreshSanctionDataForSelectedTopic,yes
_r32653b46fb409e,refreshScrollBarVisibility,yes
_rdaeee1e27ff942,refreshScrollbar,yes
_r454cde14f3665c,refreshSearchResults,yes
_re880575866cd1e,refreshSections,yes
_ra2f981321b5d58,refreshSelection,yes
_r1725bcb5e08bc4,refreshSet,yes
_r2ed0b2951ac821,refreshSettings,yes
_rf6f23187c12e2c,refreshShading,yes
_rf311a8352aa6fe,refreshShowCount,yes
_r7dd347030d201f,refreshStaffPick,yes
_rd141db115f8e1e,refreshState,yes
_rd2065d9938d8c7,refreshTabContent,yes
_r4e0ee8c7b08c76,refreshTabContentDims,yes
_r404c0934e2b80f,refreshTabText,yes
_r59517b87bb1a1d,refreshTag,yes
_rd7e1ec7daf88f7,refreshTagBg,yes
_rc624a10c8eb29c,refreshTags,yes
_re2c91798d9272c,refreshTasksCompletion,yes
_r48c77dfaad0c76,refreshText,yes
_r9f2ad4fe6c9727,refreshTextImage,yes
_r54c20812e8432a,refreshTextWithCaption,yes
_raaa09848c97162,refreshTimeLeft,yes
_r7d05399c93ffd7,refreshTimeoutFieldState,yes
_rb877571022cd47,refreshTimer,yes
_rb2a188ba308835,refreshTrackerDetails,yes
_r249acddaeeea3e,refreshUI,yes
_rfe2d21f96b9213,refreshUpdateRegistration,yes
_r121f58910b7216,refreshUserCount,yes
_r411954122ac523,refreshUserEntry,yes
_rdd5df72ba27f2a,refreshUserList,yes
_rcbd57378a31d66,refreshValueControls,yes
_r9a2c6ed95b8d7b,refreshVisibility,yes
_ra16f8e8df8d95a,refreshWindow,yes
_rb32ac042d7b42c,refreshWindowSize,yes
_r2c8554b62537a1,refreshZoomLabel,yes
_rae66291af1edbd,regPoint,yes
_r0866fa706e44bd,registerDefaults,yes
_r09fb79f20a94bf,registerDynamicWidgets,yes
_r0850872b2e7bc6,registerFurnitureLocalization,yes
_r47575c87890a95,registerListener,yes
_r0546b219915c47,registerLocalizationParameter,yes
_red8dc351bd4722,registerMessageComposerClass,yes
_r1457c12f990004,registerMessageEvent,yes
_r3f7f2835ed1aa9,registerMessageEventClass,yes
_rd3edb52a326880,registerMessageListeners,yes
_r7c621fe6bfeadb,registerRendererFactory,yes
_rb5e786199f7e40,registerRoom,yes
_r10bc6ac78095c7,registerUpdateEvents,yes
_r70279c65b612c2,registerUpdates,yes
_ra00b0e4b3ee6a1,registerUser,yes
_r7120a651e94383,registerVisualization,yes
_rcd21bcc66a9fdd,registerWindow,yes
_r51827db41fea34,reinit,yes
_r10655edc712b7e,relativeDepth,yes
_r60233a8b86f192,releaseItems,yes
_r70b66746be1705,releaseNodeView,yes
_r8cb7c24b9c3810,releaseOverlaySprite,yes
_r1d7396543db9b5,releaseParticles,yes
_rc69a068d61a2ce,releaseRuleView,yes
_r5eac6d6e018e15,releaseSlot,yes
_raae193818f2fcc,reloadPreview,yes
_r207ca019bdb91f,reloadRoomList,yes
_r44083f40549d9d,relocateBubbleAndFocus,yes
_r3f23e4a5b0e977,remainingFrameRepeats,yes
_rf2b4e038ec1e34,remainingGrowingSeconds,yes
_r62bfb58c5ec5a9,remainingWellBeingSeconds,yes
_r90b7ce5c36babb,rememberPageDuringVipPurchase,yes
_r35f5317c4c0f21,removaAllNodes,yes
_rae8557b3162467,removalSeconds,yes
_ra2993b6067c469,removeAllRules,yes
_rbc0475410b6ddc,removeAssetLibrary,yes
_r90638d88b5b793,removeAvatarHighlightTimer,yes
_r460b1661ce7263,removeBreedingPetsWaitingConfirmationAlert,yes
_r7a0d19062552ae,removeButton,yes
_rf9c10b72934d07,removeChildContextAt,yes
_ra6e91ea2af05c4,removeDimmer,yes
_r42f419605c548e,removeFiltersFromFurni,yes
_r78b40a96608fc2,removeFinishedAdditions,yes
_r3e2e3483e3355b,removeFirstLevel,yes
_rf95fff588874d1,removeFriend,yes
_r9b464f5ec3e510,removeFromArray,yes
_rdc8d8dd57903b0,removeGridItem,yes
_r18794a96637e25,removeGridItems,yes
_rea06c1ad067fb5,removeIntervalProcedure,yes
_r67b28d9e2ea25c,removeMenuItemAt,yes
_r4f1e671cba6855,removeMessageEvents,yes
_r20a79e3fab0d1b,removeOldLocalization,yes
_re22e059f79fe31,removePart,yes
_rd4f9e3d41a0484,removePatternFrom,yes
_r1ee24833e5f24d,removeProtocol,yes
_rb9480f04a8d33f,removeRoomEnterListener,yes
_r03b32a62d2b070,removeRoomMouseBlockRect,yes
_rfd94aea329ac37,removeSprite,yes
_r0b639746329d90,removeSublist,yes
_r01a6f7f0d6efae,removeUnseenCounter,yes
_r80deddd459f628,removeUpdateRegistration,yes
_rf49474894dded3,removeUseProductViews,yes
_rda9aefcc4062fa,removeUser,yes
_re90dd6106172df,removeWheelListener,yes
_r4c4c093f876a33,removeWindow,yes
_r0489abe2cc9651,renderCells,yes
_rc346546aff25c5,renderColorPreview,yes
_r1f14a49b575969,renderCurrentFrame,yes
_r5044a8c66669ea,renderCurrentResultsBlock,yes
_ra84d6d01c1d4d0,renderDucketCost,yes
_r3e6301a8132262,renderFrame,yes
_rf6e1cd9ea304a4,renderHeartCount,yes
_ra018fff7c851ce,renderPriceItem,yes
_r24800f63f95659,renderRepeatAll,yes
_r8ed625077c419d,renderSlotGraphics,yes
_r720ef1b978edd5,renderTags,yes
_ra9faf82436eb26,renderThumb,yes
_rfa505a7270d20e,renderWindowBranch,yes
_re43f22c6d39df1,renderableItem,yes
_r6dbb8b2cca03f2,rendererByRuntimeValue,yes
_r61410ae740d599,rendererId,yes
_r29e6747afa8dda,rendererOptions,yes
_recd77ad7078908,rendererSupportsSegments,yes
_r6b3a2e04bdfb3f,rentCouldBeUsedForBuyout,yes
_r9caf12ad76a8a3,rentOfferId,yes
_rfb3c2f42862a48,repeatCall,yes
_rcd4d750cce36e8,replaceAsset,yes
_rd97f15fa2b29c7,replaceCenteredImage,yes
_r695c2ebf1b45aa,reportCrash,yes
_rcb15f443d201bc,reportCrashStack,yes
_r3e544fd6b6e80a,reportLimit,yes
_rfffd1bbbe804d8,reportPhoto,yes
_r55246686cf597d,reportSelfie,yes
_radd0c78f68c91f,reportWarningsAsNeeded,yes
_raf4554bf604281,reportedCategoryId,yes
_r0ac353e79f1d1a,reportedDateText,yes
_r95261b2afa4859,reportedRoomId,yes
_raefa20be024880,reportedRoomName,yes
_r39f7631d850bd2,reportedUserId,yes
_re38ff83c3836b5,reportedUserInfo,yes
_rc1cf3fdc16a277,reporterUserName,yes
_r53b111cf769298,reportsTableContainer,yes
_rdc42904a089f92,repositionEntityWrappers,yes
_r5ff394cccef232,repositionPointer,yes
_rab339e1009817a,requestActions,yes
_rc0847feafca2ee,requestAddItemsToTrading,yes
_r672c9e33a2792e,requestBonusRareInfo,yes
_rd35ad84ddd96b9,requestCommunityGoalProgress,yes
_rd671ae4cee175b,requestDispose,yes
_ra093444f872440,requestEnabledCommands,yes
_rbee6732b08ea33,requestExtraDataUrl,yes
_r9c82199a2f11f0,requestGuide,yes
_rbaed85324c76bd,requestGuildEditorData,yes
_rdf092a67a30002,requestHolders,yes
_rdef6d90a7937ce,requestIconFromRoomEngine,yes
_raa2cc0911a3d4c,requestOffers,yes
_ra1c4bc7720ef53,requestOffersByPrice,yes
_r4ebac66ef2a7ea,requestPage,yes
_rf497ad138a71cf,requestPageWithFilters,yes
_r368c7ef2e1bcc2,requestPlayList,yes
_rd88c6369c60877,requestRoomEnterAd,yes
_rb9bff43c929e8f,requestRoomObjectId,yes
_r45221ef2038aca,requestSanctionInfo,yes
_r80fea99e9afadd,requestSave,yes
_rfbdfdfa551b51a,requestSelectedFurniToTrading,yes
_rc86ecb67421250,requestStopPlaying,yes
_r5dba9fe7bb14fd,requestVariablesForObject,yes
_r75d680b7855c5a,requesterUserId,yes
_r8e7b8379312483,requireConfirmation,yes
_r2f2e3fa869bb8f,requiredCount,yes
_r425f75b71ba091,requiredFurnis,yes
_r604181333429e6,requiredPoints,yes
_r76e90b43cc6cb1,requiredRepeats,yes
_r25550a8f915a45,requirementsBorder,yes
_r235db0f29132e4,requirementsButton,yes
_r986cc80a704959,requirementsMetHtml,yes
_r3ea76928487c1d,requirementsMetIcon,yes
_re248f660baec1d,requirementsStateUpdated,yes
_r4d1267e0c6d5dd,requirementsUpdated,yes
_rfd4b9d60596158,requiresAnimationTick,yes
_r14b3eccd1c1a8c,resampleBitmapData,yes
_ra548c4cd49761b,reserve,yes
_r2cdf330db56aed,resetAllAnimationFrames,yes
_r2dc54b3487b4d8,resetAllEffects,yes
_r3e528face1dd75,resetChestCaches,yes
_re439d14abe6850,resetFilters,yes
_r42f9f6c536be53,resetHabboWebApiSession,yes
_r8af2fde19fba5e,resetIcon,yes
_r7adca8c773556c,resetInteractions,yes
_rdde0140639787b,resetMaterials,yes
_re9c970547b2145,resetModified,yes
_rcaa87b2fb934b6,resetPooledWindow,yes
_r2dced413d979ae,resetPriceStats,yes
_rc07c1fb55d482c,resetRequest,yes
_ra8ddde163a40ff,resetResolution,yes
_r18a289354b5e35,resetSimulationStep,yes
_r620633b45511d8,resetTextureCache,yes
_r0f2f9b94e200a4,resetTextures,yes
_r17de8be64e51ce,resetToDefault,yes
_r7b2c64662a6774,resetVariableFxStack,yes
_r1a52364824c870,resetWindow,yes
_r4042c35e66e5f3,resizeToAccommodateChildren,yes
_r157277269f112a,resizeToFitContents,yes
_r1f0e763a3688c9,resizeToWidth,yes
_rfe14b43bd479d2,resizeWindow,yes
_r3f8a032fd32c63,resolveAlignment,yes
_r694a2c5cf78fae,resolveAlpha,yes
_r1ad7f15a536b5f,resolveAssetFullName,yes
_rb2e080ff6c1703,resolveAssetName,yes
_ra424122cd74b43,resolveAssets,yes
_r7ca529bb61c523,resolveBackgroundAlpha,yes
_r17a8c4262082c3,resolveBackgroundSliceLeftWidth,yes
_r8968bb6e7e2d91,resolveBackgroundSliceRightWidth,yes
_rcc47243eaa4e62,resolveBadgeBitmap,yes
_r226e517c3ccd41,resolveBarIconOverlayLayout,yes
_rdaa730e7ece6a6,resolveBaseDimension,yes
_r718fdb7498796b,resolveBitmap,yes
_r22fabddfff5eb0,resolveBlockProgressBarBlockCount,yes
_r2b16c93776de63,resolveBundleDiscountFlatPriceSteps,yes
_ra67af867cfd7f6,resolveById,yes
_r7bc7b747c74ce5,resolveCheckBoxTypeAnswer,yes
_r3ec2f411bf91f4,resolveClubBadgeId,yes
_r36f759a5319d18,resolveCollectionDescription,yes
_r0e7af019ad75a4,resolveCollectionTitle,yes
_r2e2a03456a0e7e,resolveColumnByIndex,yes
_r0e2516bc876506,resolveDayState,yes
_r2d0e8cb806465d,resolveDefaultArrowProgressBarArrowCount,yes
_r04c1473e73342e,resolveDefaultBlockProgressBarBlockCount,yes
_rae6b73e6105632,resolveDefaultIconPlacements,yes
_r541fe5a229e00d,resolveDefaultThermometerHealthPointsSegmentCount,yes
_ra9b04f84744b75,resolveDescription,yes
_r67cd62c8f6913e,resolveDesign,yes
_r50c3a2b73e666a,resolveDisplay,yes
_r0dfdb300492fd6,resolveDisplayDigits,yes
_r811aab03ec40c5,resolveDynamicLevellingRgb,yes
_r043f5bfb5c82ae,resolveEntryName,yes
_r4eefab6128b1ba,resolveFillArgb,yes
_rc9395ba39edec4,resolveFirstWindowContent,yes
_ra944ef55c7e3cc,resolveFrameAnchorCompensationX,yes
_r21792c260fc380,resolveFrameAnchorCompensationY,yes
_re6f9c134c94604,resolveFrameIndex,yes
_re665dc0e210bbc,resolveFrameWidth,yes
_r81843c0cbf9e40,resolveGlyphs,yes
_r1ef24e4556742a,resolveHabbiconDisplayName,yes
_r59bbeb86cb8e91,resolveHabbiconKey,yes
_r5486f08937946f,resolveHeartOpacity,yes
_rb0baae8aa50fc1,resolveHolder,yes
_r9704baa7454992,resolveHue,yes
_r4e76073a331911,resolveIconOverlayLayout,yes
_r97c2faf496f112,resolveLevelProgressPath,yes
_r10284134659004,resolveLevelProgressPathDisplay,yes
_rdf752d2e7c111e,resolveLevelProgressSample,yes
_r03fc40cf69b96a,resolveLevelProgressSampleProgress,yes
_r098441fe9e4628,resolveMetadata,yes
_r84b77650077090,resolveMode,yes
_r4b9cf11bd42a3f,resolveNextDiscountLevel,yes
_rd708f84c06e6fc,resolveNextOpacity,yes
_r0ce0adf54f42dd,resolveNumbersAssetName,yes
_r039d8badf5967f,resolvePaintRgb,yes
_r5935922eb48656,resolvePreviewImage,yes
_r3f9b8352464cc3,resolveProgressClip,yes
_rd43efa4686eb4a,resolveRadionButtonTypeAnswer,yes
_r13ab5e505acace,resolveRoomUserName,yes
_r98ec416c21278a,resolveSearchProductCode,yes
_rc4e9ad364a6cbf,resolveSegmentCount,yes
_r378be5e8be79d8,resolveSegmentOverride,yes
_rdbcf1bec4cb936,resolveSex,yes
_r76c8f5e8a42a49,resolveSourceY,yes
_rf31f90744f996c,resolveStackAwareFrameAnchorCompensationY,yes
_r2eba2df94d1e95,resolveStackBottomY,yes
_r8df132434dbb70,resolveStackedHealthPointsPerRow,yes
_rf7dc6aa96c9e78,resolveStripedProgressBarFrameWidth,yes
_r266cf785fdf2c7,resolveSubRendererFactory,yes
_rba1791e325677d,resolveSubRendererId,yes
_r1a0a640d4ab810,resolveSummaryText,yes
_r4b516187429c7d,resolveTargetPaintColor,yes
_r756b72c468804d,resolveTargetSegmentStart,yes
_ra9534cbc5163b8,restorePassword,yes
_r66d2b756cff5f4,resultData2,yes
_r9dd7b441f5238b,retrieveAsset,yes
_rc3deb5ea1c4ec0,retrieveCatalogImage,yes
_r3ebf424c7dfcbf,retrieveEntityImageAsset,yes
_r729a33dbf7eded,retrieveWidgetImage,yes
_r29244bd31761c9,retryEnabled,yes
_rb311ba244a6433,retryLoadIfPossible,yes
_r6d6bc96d4b6bdc,returnButton,yes
_r3714c0a27d467f,returnItemToInventory,yes
_r4ac1625c5ec0e9,returnItemsToInventory,yes
_r2dca4b01b069d9,reuseOrCreateBubble,yes
_raced14a8068362,revertToDefaultView,yes
_r4824e75ba84106,rewardActionButton,yes
_r767d7f2f7e4aac,rewardAmount,yes
_r0273af919db081,rewardAmountBorder,yes
_r906055f61d1407,rewardAmountText,yes
_r0ecec58b56c28e,rewardBitmap,yes
_r41e185752ebe51,rewardBuyButton,yes
_r66c0209695d0e1,rewardBuyContainer,yes
_r0ec40426726125,rewardBuyCurrencyIcon,yes
_r8b625756998389,rewardBuyPrice,yes
_rf5ddd8e7e43849,rewardCategory,yes
_rac2b59d35a1d6f,rewardClaim,yes
_re84ee8ac8b0a3e,rewardDescription,yes
_r9e113b09d88d02,rewardDisplayWidget,yes
_r79694c12242337,rewardHabbicon,yes
_ra7b36996dacafa,rewardHabbiconFrame,yes
_r68cc1d2a0b07d8,rewardId,yes
_r8ca22d8a9eddad,rewardInfo,yes
_r596f825638115d,rewardInfoNotPremium,yes
_r3fbbe78c4ec6d2,rewardPanel,yes
_r52ece2b3d736bc,rewardPerks,yes
_r45bcca5bbb7d70,rewardProducts,yes
_r7b9e0a96e32ab1,rewardText,yes
_ra444f46ce5d36d,rewardTile,yes
_rf9aed7e6a205a0,rewardTitle,yes
_r7cc2bfe338a01f,rewardTitleBorder,yes
_rfd6ff0fbde20ba,rewardType,yes
_rc2fbed4141ef0f,rewardsBenefitRow,yes
_r6bf92b1185d446,rewardsBenefitText,yes
_r2e25cc56e7b476,rewardsCollectedText,yes
_r8d7c6b13b83bdf,rewardsList,yes
_r263db41348ba3b,rgbFromColor,yes
_r89002203ac12d4,rgbToHsv,yes
_r233706702dd072,rightSide,yes
_r1c5d83d9d73604,rol,yes
_r48f761f39e0958,rollbackButton,yes
_ra596d8f4e07c76,roomAdDescription,yes
_r22ba34e3aaa9b7,roomAdName,yes
_r336d9bc4a938f7,roomControllerLevel,yes
_rcbdc2f2bd97e27,roomEngineServices,yes
_re3012926afd0d9,roomExited,yes
_ra340d4690f61f4,roomFavoriteRegionProcedure,yes
_r2478c9f0ffce82,roomIdString,yes
_r9a48b5ac3cd14d,roomInfoGlobalRectangle,yes
_rae837c7576c07c,roomItemId,yes
_red0b3ab7e22a56,roomMatchesHeader,yes
_r1a3b4a9ab197af,roomMatchesSection,yes
_r165d054607e53b,roomMatchesText,yes
_r76b9ea013a892f,roomModerationBanSettings,yes
_r52631882ce7b61,roomModerationMuteSettings,yes
_reb9a31e9f0ee61,roomObject,yes
_ra5a018badc3595,roomObjectVariableAccurateZ,yes
_rfb80afe111cd0b,roomPanOffsetX,yes
_r4439fd8dc84f76,roomSession,yes
_re8638237b2020d,roomStats,yes
_r447c66878ca553,roomUi,yes
_rafbe39278f6f90,roomViewRect,yes
_r8e3397a3e4cce5,rootDisplayObject,yes
_rce6f3eddc9f5c4,rootWindow,yes
_r564c8a3df16969,rotateTo,yes
_rfea101df5909d3,rotatingStar,yes
_r1677331f02f967,routeInspectionLink,yes
_rf8c32d48c12265,routeOverviewLink,yes
_r4907d63abfcfc0,rowEntryTemplateHeight,yes
_r1c3fdbc835affe,rulesList,yes
_rc33344844def97,runMotion,yes
_r5a52eabd680591,runtimeCategory,yes
_r238a4674e0943c,runtimeStyle,yes
_r5977cb8f1f0120,runtimeValue,yes
_rf7a8bf9ca5dbd4,safeEnable,yes
_rbdfe093a73e5d7,safetyQuizDisabled,yes
_rc8fcc6c53ae7a9,sameEntries,yes
_racd14e929b60da,sampleFloorTexture,yes
_r3ee7e75d8f2b6f,sampleId,yes
_r79d23b206ba216,sampleLeftWallTexture,yes
_r3476ea485e171b,sampleRightWallTexture,yes
_r0690c34fbc1452,sanctionInfoText,yes
_r1234c7e4d7f0c2,sanctionLengthInHours,yes
_rdbc6925b3f67d3,sandboxWarningText,yes
_r5be8dffac41552,sanitize,yes
_rb0dfb9fe3ab357,sanitizeChatBubbleWidth,yes
_rc661b27dd1281e,sanitizeChatMode,yes
_rd93ecdaebbb079,sanitizeChatScrollSpeed,yes
_r1c1ac2be8f754d,sanitizeIconAlignment,yes
_r3a2997a3cafdea,sanitizeOverrideTarget,yes
_re7b9b151197adf,saveButton,yes
_r68e604987fc64f,saveButtonDisabled,yes
_r1a452eb6f6a9fc,saveContract,yes
_r4e035a0a41ec11,saveEmergencyHelpRequestData,yes
_ra3f1cbaa3eec46,saveFigure,yes
_r45036b7c810d1f,saveLooksError,yes
_r0e678ecbb306e4,savePartData,yes
_rda4b7c0c3c1d0d,savePartSetColourId,yes
_r3804f69ba5972a,savePartSetId,yes
_r35c4ad3427963a,savePosition,yes
_r72a00e90ec44b7,saveReloadButton,yes
_rd9838d27eab931,saveVolume,yes
_r7652ee297a7774,saveWardrobeOutfit,yes
_r87d65c60b18a94,sbox,yes
_rb1ad935c1b3063,scalarProjection,yes
_rb1e67fb420f98a,scaleTo,yes
_rdd4c868ba20101,scaler,yes
_r1f68f4c38fb05e,schedulingStr,yes
_r24fb108667e7f0,scoreText,yes
_r11021645019ade,scoreToTime,yes
_r35ada61ae40cca,scoreType,yes
_r90388fae0b9d16,scoreValue,yes
_r86c78ab3ead514,screenOffsetX,yes
_raf9c4de0d3da99,screenOffsetY,yes
_rdaef13f6484403,scrollArrowProcedure,yes
_r763e8686ac6365,scrollH,yes
_r6299abdc0d6f67,scrollToBottom,yes
_r8cddcc378966c0,scrollToIndex,yes
_r6eea491495f863,scrollToLevel,yes
_rdfac71d4a132ac,scrollToSpecificElement,yes
_r5d61e99a4253f8,scrollV,yes
_r31508d9da8ef80,scrollbarOffsetX,yes
_r602a8c29d68db2,scrollbarOffsetY,yes
_r60bcd11b85022c,scrolledUserPositionX,yes
_rab7610716e7b78,searchBorder,yes
_recad858cfafdbe,searchClearButton,yes
_rfcd26d7f03c46e,searchCode,yes
_r77d0afc206b7dc,searchCodeOriginal,yes
_r162f8f7b160639,searchFilter,yes
_rb4d6b7ba2d151d,searchIcon,yes
_rec81f0b1212611,searchInput,yes
_r282c2dfa0b1c2d,searchInputProcedure,yes
_r5fd2c63a9558a8,searchPlaceholder,yes
_r383db3260a10a4,searchReceived,yes
_r84c2ed58501e61,searchStr,yes
_r39d04256b61bd8,searchTextInput,yes
_r20825b14ff16cd,searchWrapperCollapsed,yes
_r0a672e7ccefeac,searchWrapperExpanded,yes
_rbbfcb0b9bf3dd6,seasonalCurrencyId,yes
_r7b7147968c4c02,secondaryColor,yes
_r30e3d679dec74b,secondsLeft,yes
_r30b6c84540c788,secondsLeftText,yes
_r4e26b00876bd43,secondsToExpiration,yes
_rd2140c564b019c,secsInHour,yes
_r2c29ae206311f3,secsInMinute,yes
_r640768a7a8eb72,sectionList,yes
_rd38f7847ee445c,sectionSpacing,yes
_r0d8cd3d4379b15,sectionTitle,yes
_r81fec088406511,seededColor,yes
_r188254f3bae694,segmentRendererId,yes
_r2afe199f938a2c,selectAchievement,yes
_ra9fc12a13be94d,selectButton,yes
_ra21c2f385cc263,selectColor,yes
_r75d20fdae82ed2,selectEffect,yes
_r59b25d1ef8ef08,selectFirst,yes
_r6349819002398b,selectFirstOffer,yes
_r6bde44828be357,selectGiftedObject,yes
_r0cb197457ac455,selectGroup,yes
_r29c2cf0f6f727a,selectHighlighted,yes
_rcd085626e30ffe,selectHotLook,yes
_r265470c0c60aae,selectItemView,yes
_rb3bbbedabf8cf5,selectNftAvatar,yes
_rc6407812c879ec,selectPart,yes
_rb01b50ac2e0554,selectPlayListStatusViewByFurniPlayListState,yes
_r50e1932092104b,selectSearchCategory,yes
_r9773821eb6548f,selectTab,yes
_rff913c17243816,selectTabByIndex,yes
_rf9a73ad05fe0e0,selectTask,yes
_r5b788f3aecbbec,selectUserToReport,yes
_ra533a73cfda808,selectedColor,yes
_rabd87e8d294bd7,selectedCountryCode,yes
_r04237569294e89,selectedEnvironment,yes
_r22f87cdb0c1848,selectedId,yes
_r6abf6dea614bd4,selectedItem,yes
_re77e099029494c,selectedPage,yes
_rcdf9020e20f6b1,selectedPartIndex,yes
_r53b674164794fc,selectedPresetIndex,yes
_rc68ce75a739c8b,selectedRow,yes
_r6a14a2cfa15706,selectedType,yes
_r1ca1590d522171,selectedVariableId,yes
_raf8cce9f0dffe6,selectedView,yes
_re349a295f2a8d5,selectorOptionsPreset,yes
_rf10ef3f421265e,sendChat,yes
_r6fa6edcfe950d3,sendChatMessage,yes
_r4c468c15b2dd53,sendChatPreferences,yes
_r62712f1fea8ebc,sendConversionPoint,yes
_r8b7aec1ee3845d,sendDisconnectToWeb,yes
_ree2158abcec6a5,sendHeartBeat,yes
_re45d8e4ab2428e,sendHotelAlertButton,yes
_r9c571d77ceb0a2,sendLockConfirm,yes
_r43c4202cfdd3c6,sendLogEvent,yes
_r738e460e50fe98,sendMsg,yes
_ra8ffb188391c13,sendOpen,yes
_r5532d753bc7d8c,sendOpenPetPackage,yes
_rb979bf94dfc803,sendPick,yes
_r28d2e8892f60d5,sendReport,yes
_r145966bfd4b08b,sendRoomDimmerSavePresetMessage,yes
_r4a7c03efda83df,sendSave,yes
_r845022d224cc55,sendSearchRequest,yes
_rc5bd8d135c5699,sendTrackingEvent,yes
_rcee285f70c1a5b,sendTryPhoneNumber,yes
_r13cfaecdcf951f,sendWarningButton,yes
_rc1ad7e34634ffd,sendWarningSubView,yes
_ra8eb1d614b3e0f,sendWindowPreferences,yes
_r0be7d8dd73f7df,senderId,yes
_re667cbf4d7d0e7,seriesSize,yes
_rbfe491df116315,serverStyle,yes
_rf4a0119532838e,setAchievementsButton,yes
_r0981839664b636,setActionLink,yes
_r3ea416f2e9e3b7,setActionsToParts,yes
_r9ddec27181da22,setActive,yes
_rdeba79978b20d5,setActiveChild,yes
_r7d16b208f5e565,setActiveLook,yes
_r841b1e94e8c1df,setActiveSlot,yes
_r1b37419b78e77a,setActiveWindow,yes
_rfa8fa96912a5a5,setAddOnIcon,yes
_r5573579c69a691,setAdminState,yes
_r0f3f81c8585124,setAlertTxt,yes
_r6f00d90fd0e80d,setAmount,yes
_rf3bab427447159,setAnimation,yes
_r319e2e9b2c739a,setAnimationFrame,yes
_r9ae51d715b00f0,setAnimationLayer,yes
_r211387fef6932b,setArticleContent,yes
_r33aa65b7f44c09,setAvatarEffectType,yes
_raba26cc5469e0d,setAvatarImage,yes
_r4b57c3f4e6c07b,setAxisValue,yes
_rd50f0c5326fc1d,setBackgroundGraphics,yes
_r9d5c6727f2f417,setBadge,yes
_r7daabd66e8f079,setBadgeGridItemSelectionBg,yes
_r6164dcb72d09b4,setBadgeImageVisible,yes
_rd872788bdba4cd,setBadgeName,yes
_r832c5b81938844,setBadgeRarityDetail,yes
_r86d497c1c7b13a,setBadgeSelected,yes
_r35e3ce14cbf393,setBitmap,yes
_r40686f2cb3cc86,setBitmapSize,yes
_re88fc8e0bfde92,setBitmapUrl,yes
_reedc48eea17270,setBitmapWrapperContent,yes
_r75014e929b3f11,setBundleCounter,yes
_rbb0a39901891df,setButtonBg,yes
_refd5c0d2136a6f,setButtonVisible,yes
_rd387bc9efbda42,setCacheNamespace,yes
_r1d9c683a4c8825,setCameraButton,yes
_r60e097f2f59732,setCampaignLocalization,yes
_ra65e7f144140f8,setCaption,yes
_rb94dce505eacb7,setCaptionText,yes
_r9a0faa25863b4a,setCarryItem,yes
_r2f9236ea8c40f4,setCatalogBusy,yes
_rd057df64accd74,setCatalogItemImage,yes
_r1b09b813bad54f,setCategoryCount,yes
_r7cad6057af8596,setCategorySelection,yes
_r46bded3c18f191,setChannelVolume,yes
_rbc9346a6d50c59,setCharAt,yes
_r33c455b8d2b957,setChatHistoryButton,yes
_r4f36248be1c9e8,setChecked,yes
_r9168d0c201d2c5,setChildContextIndex,yes
_r9c4b25a453c0d0,setChosen,yes
_rc0362702e3e9b2,setClubIcon,yes
_r3e1e7579882d14,setClubIconLevel,yes
_r9b7a5d36a72fe5,setClubStatus,yes
_rfd1213b4f8472c,setCollapsed,yes
_r32f1c51f587bc2,setCollectiblesVisibility,yes
_ra7b1d594e1ae38,setColor,yes
_r2c0c8019868993,setColorIndexFromItemData,yes
_rb95062777605a0,setColors,yes
_rd47babc13e8fe4,setCountdown,yes
_r3f3bf8301ab0db,setCurrencyIcons,yes
_rd9946ca6b0efed,setCurrentPage,yes
_r625f4c1113855b,setCurrentQuestion,yes
_r1a37907ec93ccb,setCustomLocalization,yes
_rcc48282056284d,setDailyTasksVisibility,yes
_rb5392ca12e8e60,setDefaultElementImage,yes
_rf5ffc1585d96b9,setDefaultRoom,yes
_r04f6789ccfbe4c,setDefaults,yes
_r2c1b423c69defb,setDesc,yes
_r2177978f737148,setDescText,yes
_r02f76b94fae017,setDescription,yes
_r25cc95dfda0e6d,setDisclaimerAccepted,yes
_re605725e04a992,setDraggable,yes
_rdfeee1d054d3b5,setEffectSelected,yes
_rcaaaf58ef2fa80,setElementEnabled,yes
_rea2d5c265bb9b4,setElementImage,yes
_r3e6091cd9e981d,setElementText,yes
_r8d500addd74e03,setElementVisibility,yes
_r9d02c1dd32b40b,setElementVisible,yes
_re0b52c0bf34830,setEmailErrorStatus,yes
_r614bbafc884257,setEmpty,yes
_rec0fa002206226,setEnabledCommands,yes
_r846943ed93a97d,setEnterArrowVisibility,yes
_rf7696738002340,setEntryHeight,yes
_r7b5754495f481b,setErrorContextFlag,yes
_r9f931af106c936,setEventHandler,yes
_r405ca226338c08,setExperience,yes
_rb86af75f1cf1ff,setExternalBaseUrls,yes
_ra364006592d900,setExtraBtn,yes
_rf3de08d06422fc,setFieldText,yes
_re28d413a8a6e81,setFigure,yes
_rca5d6e89e30965,setFilter,yes
_rc4bbed7d4722f3,setFinished,yes
_re018ec497b2672,setFloor,yes
_r21eef1aa7309ee,setFriendAt,yes
_rd838cc2f8112de,setFriendRequestSent,yes
_r69cab6c3c3f05f,setFromOtherAsset,yes
_r3511d807662072,setFurniImage,yes
_rbdc3c5ff5f65b8,setGetMoreMusicBackgroundImage,yes
_r8dd16b0cdc697a,setGrid,yes
_r313f699b120d91,setGridItemBitmap,yes
_r441082b9c5b82d,setGridItemImage,yes
_r92eacc3dfcbfc8,setGridItemIndex,yes
_r4451b1642fcfde,setGroupBadge,yes
_r8dbc39356201f1,setGroupBadgeImage,yes
_r684ccfe8651473,setGuideToolVisibility,yes
_rd15e857db0cef3,setHTMLLinkStyle,yes
_r4fdac9e272e82e,setHcDoubleDuckets,yes
_r99b7032ddff8f1,setHighlight,yes
_r2397b7398b5615,setHitsAndTarget,yes
_r16901d2cfb5261,setHover,yes
_r250a66b2662a97,setHtmlStyleSheetString,yes
_rf45c3e4317bf07,setIcon,yes
_r648d9aa360767c,setIconBitmapData,yes
_rb9210a47ffffd4,setIconState,yes
_r21a1b6f45d5fa6,setImage,yes
_r2a48c43e165999,setImageAsset,yes
_reafec78e02bcb7,setImageUrl,yes
_r3ba8b15c4c6ad1,setInactive,yes
_r6b787106541271,setInactiveLook,yes
_r1e335f9ac5b06b,setInfo,yes
_rcb6536fd33c214,setInfoText,yes
_rcc5d3600a67a61,setInitialWindowDimensions,yes
_rb47a9de1153d9a,setInitialized,yes
_rffe259485ba982,setInputHeightCaption,yes
_rccba9b161afa00,setInputStates,yes
_r8fc355adaacf9a,setInputToFilterPlaceHolder,yes
_rf3ecaacc926bf2,setIntValue,yes
_r9de1fd318c608a,setKeyColors,yes
_r4716c764d76766,setLayer,yes
_r28b3142a97e430,setLayerOptions,yes
_r0c28ad7d2fdb8c,setLayout,yes
_r551642f752a8be,setLeftPaneVisibility,yes
_r3cc063df60948b,setLevelText,yes
_re04a56fc60fa5e,setLiftedRooms,yes
_r018bd12054edf4,setLikeButton,yes
_r5f2cf69f0eb3cf,setLinkStyle,yes
_r23eb9e177e9623,setLocalizationManager,yes
_r8300e90a333465,setLocalizations,yes
_r8374f510f23338,setMaxProgress,yes
_rb59ab825046e8e,setMaxValue,yes
_r159d97b7b10550,setMeMenuToolbarIcon,yes
_r39e7179656a987,setMergedType,yes
_r19cd2ae4bd84e7,setMinimised,yes
_r84acb4b0eb703a,setMinimized,yes
_ra684913f32acbc,setMode,yes
_r4fffa9b638965d,setModeratorSettings,yes
_readd61d7bbb23a,setMotto,yes
_r26d05dd4a8c25d,setMouseCursorForState,yes
_r81fbe841759a86,setNameAvailableView,yes
_r719771156d8c57,setNameNotAvailableView,yes
_r1fd92a7aa56fa0,setNavigationDisks,yes
_r11a366135a337f,setNewMessageArrived,yes
_rd00def1376e945,setNormalView,yes
_r574f249b8aeba7,setNotificationIcon,yes
_r644920072c8ab1,setObjects,yes
_rca381b67bb9471,setOccupied,yes
_r89322011ec0b7c,setOfferData,yes
_r99ebc60e7919bc,setOnDutyStatus,yes
_r73bd2433c2a8e9,setOneEffectExpired,yes
_r102d66d627ee53,setOptionDisabled,yes
_r3dee691b3a335d,setOriginProperty,yes
_r43b93f68820789,setOwnerInfo,yes
_re6ee88fcae048c,setPageContainer,yes
_r263336f57a4cf9,setParamsDesc,yes
_r189084f5626f56,setPetImage,yes
_rfa3ab2f437c98c,setPitch,yes
_r461f468e803114,setPixel32,yes
_r9f83fdf0bb9d64,setPlaceholder,yes
_rf4cfacb15f1657,setPlayTestMode,yes
_r10a609e8290fea,setPreviewImage,yes
_rb450d238d10602,setPreviewPlayingBackgroundImage,yes
_r39dec29dc2b367,setPreviewXps,yes
_rad4224a665537d,setPrices,yes
_r86849eeccc90c1,setPrizeRankLimits,yes
_r42849ee0ac162e,setProc,yes
_ra92f29a855475f,setProcedureAndId,yes
_r8088bcb695659e,setProgress,yes
_rfcac0ccdbb7f28,setProgressBar,yes
_r493f804b0a173e,setProgressLook,yes
_rd4a50de295673b,setProgressText,yes
_rd7f4a0f970d03e,setPromoFurniImage,yes
_rce46d68e308400,setQuestImageVisible,yes
_r31495fc6698df4,setQuestsVisibility,yes
_r706f230888dfdb,setQuickLinks,yes
_r4d4e393c64aa1e,setRailList,yes
_r1b4c9bbd3d7e11,setRandomFigure,yes
_r97b0710705ef0b,setRarityLevel,yes
_rf0ae6b46d4ff0a,setRatio,yes
_r5911db57ca0520,setReadOnly,yes
_rae7cd303029e35,setReceivedProduct,yes
_r5676198610d7cd,setReceiverName,yes
_re459d95a546c31,setRelationship,yes
_r0bbb83978b60f7,setRelationshipDetails,yes
_r442cf2790846ac,setRelationshipStatuses,yes
_r1e32cfd2edfc26,setRelativePositionToRoomObjectAt,yes
_r4668148f4b3ab4,setRemoveState,yes
_r8ec2cea24730d3,setRequiredFurniImage,yes
_rc6c6b28876c2cd,setRequirements,yes
_r1cefc3d6225f2b,setRewardData,yes
_r17e923f7cec77a,setRoomImage,yes
_rbcc2a1300c1324,setRootTile,yes
_r7367870052c105,setRootTileInternal,yes
_rd439bd8af9fda6,setRotation,yes
_rceb4506a7cdb59,setRowBackground,yes
_r4eac1186da1b5d,setRowProgressBar,yes
_r92ac0af5eb7cc8,setRowProgressText,yes
_r1f9241cdca86a9,setRowTitle,yes
_r2e5f3840084b22,setScrollPosition,yes
_r98cf285d31dc48,setSearchState,yes
_rfbe63a26e744b8,setSearchingIcon,yes
_r353093dcba33fa,setSecondsLeft,yes
_ra0f776a746efa7,setSeed,yes
_rac39d747912b76,setSelectedBadge,yes
_rfc5d8a20412c43,setSelectedCategory,yes
_r2a2beb813a296d,setSelectedIndex,yes
_r010bc9abdd0083,setSelectedItemVisibility,yes
_r2595d8e689d41a,setSelectionHighlight,yes
_rd444d18194112b,setSelectionVisual,yes
_r4933ea2837d3d9,setSelectorState,yes
_r51cdf39d864a14,setSendButtonState,yes
_re3d7963993caf8,setShake,yes
_rbf8d4ba2975ee0,setSpecialSkillLevel,yes
_r92391342edb133,setStatVisibility,yes
_r495a276c05d733,setStateClosedWithNotification,yes
_r3fffdb1aae9a8c,setStateGuardianChatReviewResults,yes
_re1728c32f33802,setStateGuardianChatReviewVote,yes
_r51f12ab803e7ad,setStateGuardianChatReviewWaitForOtherVoters,yes
_r0f9c6324f96ae6,setStateGuideAccept,yes
_rbcc1206db084c1,setStateGuideClosed,yes
_rbdc9919ac141a2,setStateGuideOngoing,yes
_rb537e8bd3cbf17,setStateGuideTool,yes
_r0d83077a320f72,setStateRejected,yes
_r4b9db1d30638b6,setStateUserOngoingRequest,yes
_rdb0c6280cf19f2,setStateUserPendingRequest,yes
_rd511c306666720,setStatusTextError,yes
_r8285462a7b3e20,setSubController,yes
_r19d17d44da54a8,setSubViewToCategory,yes
_r32487f4b0cdd22,setSystemStatus,yes
_r8c2453e771d253,setTabInactive,yes
_r70a5009ad3f7ad,setTableObjects,yes
_rcf4a9ed13afce8,setTag,yes
_r3877f722b830e8,setTagError,yes
_rd8bf110da333b1,setTarget,yes
_r65d4306592f485,setText,yes
_r10e37dc78e4777,setTextAndSearchModeFromFilter,yes
_r058afc4407dcfa,setTextDetail,yes
_rdc8d1521cf7013,setTextUnderline,yes
_rdb5398021ec3da,setTexts,yes
_r97884d20b8009f,setTileHeight,yes
_r6f136ead576de9,setTimeLeft,yes
_r9ee0554d8795a0,setTimedBatchCheck,yes
_raa5b6058501196,setTimer,yes
_rf46fbdefdac5b7,setTitle,yes
_r4f55e16035c134,setTitleText,yes
_ra22b6ae8a7c4c5,setToolbarState,yes
_r107054d8ff7dfc,setTradeModeSelection,yes
_rf07f6395bdbf39,setTxt,yes
_r48f6b59afefaa4,setUnknownContent,yes
_rb45284460fd7c7,setUnknownImage,yes
_r31c03553f58373,setUnseen,yes
_r6e563782c46ad8,setUnseenItemCount,yes
_rf5c61e7839ed46,setUsageFromSong,yes
_r62692015f4cc95,setUserInfoState,yes
_r2cc4745b8e5eb1,setValueText,yes
_r1ab5dfc38a2408,setVideoOfferButtonVisibility,yes
_rd5d0a19cae3e54,setVipRequiredSpecificLocalization,yes
_rb986d64168ba85,setVisible,yes
_rc62f8be2d108cf,setVisualization,yes
_r2fcdcc5a35ec02,setWindowContent,yes
_r3377e537a13059,setWindowTitle,yes
_r1624a464b2e4bd,setWiredStyle,yes
_r0e6aad534448bf,setsCompletedValue,yes
_rc5922bfedc7e76,settingsButton,yes
_r8022e78a71198d,setupAchievementCategoryImage,yes
_r08ba81b82966bb,setupAlertWindow,yes
_r779af5950d01c0,setupCampaignImage,yes
_rde77c0f9464b2f,setupChildContainer,yes
_r80535690d21b4f,setupColor,yes
_r3609c72bfff7ba,setupContent,yes
_r835b9e83abcf43,setupContext,yes
_r9955f2077ca8ad,setupDifficultyText,yes
_rb2209dd7ddc7b7,setupGraphicsContext,yes
_rdc12a3e2f3d38d,setupHcDoubleDucketsInfo,yes
_rb1d7b3208d2166,setupInputs,yes
_r0d0873dddbb5c9,setupInventoryForRecycler,yes
_r57ae10cbd0354a,setupLabelAndValue,yes
_ra408ddb51ae4f9,setupLink,yes
_r56713f345e0b7c,setupPrompt,yes
_r09ceaaded2f878,setupPromptFrameImage,yes
_r574d36caba752d,setupQuestImage,yes
_r3c6da99c4eb268,setupRewardImage,yes
_ra7a5357c6964de,setupScaling,yes
_r1e86728d2bba09,setupTourAdvertisement,yes
_r2bb0fd4951db1f,setupVariation,yes
_r3d9483bc1cc454,sharedPlaceholders,yes
_rbe83d3ffec5d19,sharedVariables,yes
_ref94dbdbf85ed7,shouldAnimate,yes
_r69a642d3d5f1df,shouldMirrorHabbicon,yes
_r0c19df47c5114b,shouldShowOwnerCount,yes
_rd9682b015ef0fa,shouldShowWarn,yes
_rb6bd3e5b5127d0,showAccountError,yes
_r16ad9440fc9064,showActiveBonusClaimTimer,yes
_r1190a183c94a3c,showAdFurnitureDetails,yes
_r26e3cf5981ecce,showAlert,yes
_r1436571a7fa301,showAlertView,yes
_rfa711bcfd6a42c,showAssetImageAsBadgeOnProduct,yes
_r69442e40a56a00,showAt,yes
_r3b3294375954a9,showBackgroundOnlyForItem,yes
_rbd1742fdc36d29,showBadgeInfo,yes
_r62e54f9bd8f763,showBadgeLeaderboard,yes
_r5ce0d3b6881959,showBgImage,yes
_r303751c541f065,showBreedingPetsWaitingConfirmationAlert,yes
_r9e77af8e77fbb2,showButton,yes
_r92c51832426c56,showButtonGrid,yes
_rb32edc76f4ad9c,showBuyTokens,yes
_r7d65ffc35768d8,showCalendar,yes
_rd8e65e6a6120d3,showCallCreatedNotification,yes
_r1568a22e680bec,showCancelConfirm,yes
_r88fd155039bc7a,showCaptchaError,yes
_r41c96ce7d08c24,showCatalogPage,yes
_rb940fb7ad2c5c8,showChatReportTool,yes
_r58eddd2d450057,showChestData,yes
_r7ee124e75002cd,showChestPreview,yes
_rf04ca2d7838445,showChildren,yes
_rcf56c112243929,showClaimSuccessNotification,yes
_rcbbad90010fef0,showClubCenter,yes
_r047b7f0e07565e,showClubInfo,yes
_ra1835e4911c211,showClubItemsDimmedConfiguration,yes
_r7ae7e7d620e75f,showClubItemsFirst,yes
_rb5e5092aa054dd,showCollectibleHub,yes
_r7fecccb1be9852,showCollectiblesTab,yes
_r56bf5573939f7d,showCommandToolForPet,yes
_r49a1cb6738b1d6,showConfirmation,yes
_r07555ef67ca2d9,showConfirmationDialog,yes
_r48ee44bf5cb99f,showConfirmationView,yes
_rf407e1dd0262f7,showContent,yes
_r8316f772e1679f,showCraftingCategories,yes
_r3f8c09f8a6811c,showDeleteButton,yes
_r8c0bfc70cab886,showDescription,yes
_r92d55c86103360,showDetails,yes
_r3384b96effef6a,showDisconnected,yes
_r168cf43d15a43b,showDisconnectedWithText,yes
_r5c0a4fc95534fc,showDuration,yes
_rc0aff0b1113ca2,showEarnings,yes
_r48990470045f80,showElement,yes
_rbc9f5d9f03e709,showEmergencyHelpRequest,yes
_r9494396d667475,showError,yes
_r06ab4b83ff643f,showErrorMessage,yes
_r659ea9190762c6,showErrorView,yes
_rf9c7d22e55c12f,showExpiredBonusClaimState,yes
_r362c7396941b1e,showExtraOnProduct,yes
_r9aff62cbf438ec,showFavouriteRooms,yes
_r3ff5681fa85528,showFrame,yes
_r6e0f3b5218f747,showFrequentRooms,yes
_r7a9fd23a968aa0,showFriendNotifications,yes
_r55e5736fe65983,showFriendRequestSentAlert,yes
_r15bd0cccfe82b8,showFriendRequests,yes
_r5a7d32777ebfa1,showGenderSelectionInterface,yes
_rc394d40c092759,showGiftDialog,yes
_rbe36414a2d2fe8,showGiftOpenedInterface,yes
_r3fc076865933ba,showGroupInfo,yes
_r2117c537fe3562,showGuildFurnitureContextMenu,yes
_r930ec2c4cff741,showHabbiconAlreadyOwnedAlert,yes
_r461038dfed9c8d,showHabboWay,yes
_r9c068d349a3156,showHighlightInfo,yes
_r7e80ce0f690f33,showHint,yes
_re08136049792f8,showHistoryRooms,yes
_r3347aee168aabd,showIcon,yes
_r5fd37b6aca278a,showIdentityInformation,yes
_rb42c54f8992984,showInfoMessage,yes
_r2318bd67621d9e,showInstructions,yes
_r17d33315c6355d,showInterface,yes
_rf21470759693df,showInvalidLoginError,yes
_r69f4fcedf34fd4,showItem,yes
_r1f17ddd91cba35,showLimitReachedAlert,yes
_rb5ae9e1216d7ae,showLimitedItem,yes
_r3bdecfc27ada28,showMainView,yes
_r632c4d26b39edb,showMakeOffer,yes
_rb4e14ebfa7a148,showMessageInput,yes
_r00ecb5d7635d17,showModerationMessage,yes
_ra638c810a7bdc8,showModeratorLog,yes
_rd65a3aec3e3d52,showMostHits,yes
_r0943efc9f25a43,showMostKills,yes
_r93a2d6fa6be42d,showNewHabbiconNotification,yes
_rd754da47597f4f,showNewQuestion,yes
_rf5103c1c0b3920,showNextRewardOrClose,yes
_r61adab1e2b1f37,showNftOpeningNotification,yes
_rb8d766be30f4af,showNoAnswer,yes
_r5c324a4515abfd,showNoCredits,yes
_r259a66d0ac5343,showNormalNotification,yes
_rf4d65d1c3ca5d6,showNotEnoughActivityPointsAlert,yes
_r682f82001d0281,showNotEnoughCreditsAlert,yes
_rbf347a4ac76228,showOfferInfo,yes
_r30114395af4a29,showOtherOfferInfo,yes
_r3138abf9fa49cc,showOtherUserNotification,yes
_r9aa20d5b3c8306,showOwnOfferInfo,yes
_r6e737266c5b6b8,showOwnRooms,yes
_r9691b4caeb87f6,showOwnUserNotification,yes
_r7b90b7dfba82d1,showOwnVote,yes
_r51bca50af669d0,showPage,yes
_rd21e0b8ddb908d,showPalettes,yes
_rd5e16a44054c53,showPanels,yes
_r93cd9d4a131d3d,showPendingRequest,yes
_r929f9e287b15a7,showPendingTicket,yes
_r92fd03d7d48dd1,showPetImage,yes
_rbeba8522ab4f29,showPopup,yes
_r7096bd7ef52033,showPriceOnProduct,yes
_r50bdc335784abb,showProductImage,yes
_r3e5db3bd0abd7c,showProductNotification,yes
_r9e0ca0b9856f98,showRarityItem,yes
_rc1952262dc3d8a,showReadyPlayers,yes
_rd886b65e432d65,showRecipe,yes
_r7a3b3e5a50d1a5,showRedeemInfo,yes
_r6cd6c86f7592d6,showRegistrationError,yes
_r0d8a4e475c1822,showReportingDialog,yes
_ra12f0c73115fab,showResult,yes
_r1614344109f788,showRetry,yes
_rbe1cc32ab2d513,showReward,yes
_r027f70c66f0b98,showRewards,yes
_r225284cd59e469,showRoomInfo,yes
_r70aa52b1556424,showRoomInfoBubbleAt,yes
_r65a1bfa0233a2e,showSearchResults,yes
_rf7d1e9366ef27b,showSelectionView,yes
_r08e2c1ffc328d0,showSilverFeeInfo,yes
_r16fe93ae419da8,showStatus,yes
_rae334927b1c428,showStatusContainer,yes
_rbf265ce9a077d2,showSuggestions,yes
_r6b5a35634f9b5c,showTOS,yes
_racabb393d7c308,showThanks,yes
_r66bd34023f75d3,showTimeUntilWeeklyReset,yes
_r7b1dfb2e285b47,showToolTip,yes
_r84c3de11e8f9c0,showTreasureHuntNotification,yes
_r9b3377b9d6b85c,showTreasureHuntWinner,yes
_r73325917de52a3,showView,yes
_rb5ad605dd2f1c1,showVipBenefits,yes
_rbb0243509b77f7,showWaitForRetry,yes
_r17a49b7e321621,showWaitWindow,yes
_r7dab78debb6f35,showWaiting,yes
_re91d2490e20389,showWelcomeScreen,yes
_rce93aee3ea401d,showWiggleEffect,yes
_r9bb9e8ef607fd5,showWindow,yes
_r8e61a425ffd0ac,showingIndicator,yes
_r2981de4f93987b,showingVideo,yes
_r353b118104c293,shownAssetsString,yes
_r8be93b69b9acde,sidesFromString,yes
_r747138634c4486,sidesToString,yes
_r0353b881921459,silverCost,yes
_r6e12966c2bcf77,silverFeeContainer,yes
_r594c25ebd1d6f8,silverFeeInfoText,yes
_r6690020445246a,silverProgress,yes
_r1e872ff0708a08,similarInFriends,yes
_rbc469c5cf08212,similarInRoom,yes
_r50421452cf750f,simulateLevelUpper,yes
_r93578c2403dc0d,skillTresholds,yes
_ra8662b86f7ecaf,skipComments,yes
_rdc7419825620ba,skipIgnored,yes
_r4df5abb9316ecd,skipMouseHandling,yes
_r88dcbf579ca9cf,skipSteps,yes
_r94983f761e2f41,sleeping,yes
_r64a1fa85e83234,slice,yes
_rfe582916977558,sliceLeftWidth,yes
_r32a52912755ef8,sliceRightWidth,yes
_r088fe0e696ebac,sliderButton,yes
_rd494f3317ea60c,slotId,yes
_re5ff80f6385857,slotTemplate,yes
_r6e1484e24838bd,slowUpdateLimit,yes
_r67929de72fc2e4,smallMode,yes
_ra3787139498a57,smallModeAllowed,yes
_ra9be92d717f5ef,snakeToTitle,yes
_re6c0f262360f64,snap,yes
_rb8097b500384be,snapShotRoomCanvas,yes
_r2a13c713425e03,snappedThickness,yes
_r9ed1eea6473d83,snowBallCount,yes
_rc9626f2c3d65d1,snowBallMachineReference,yes
_rd264e906ee6933,snowballCount,yes
_rf5dbfb2edd2456,snowballs,yes
_raa8b68fd5433c0,softTextColor,yes
_r09697771fee09a,songDisks,yes
_rba265a119dc41e,songId,yes
_ra743f8dd230229,songs,yes
_rb2b2a17605d63b,sortByVerticalPosition,yes
_r20579bff7c45e0,sortEntries,yes
_r74f7462332ce90,sortEntriesIfNeeded,yes
_r65408238d2cd51,sortQuadPoints,yes
_reab2d0e60a27fe,sortSelection,yes
_r4834b1f20a05c1,sortTypeMenu,yes
_r4fba8ef173e143,sortWindows,yes
_rb370a21b95bbff,sortedCachedVariables,yes
_r674c23bbca1372,soundId,yes
_r5911042b94c8bf,soundManager,yes
_rf4eb70c1cdf422,sourceEventId,yes
_r857618115a97b6,sourceOptionsList,yes
_rb1fe04c2e15dac,sourceType,yes
_r9cab3f5f369adb,sourceX,yes
_r9391ae4450058d,spacerColor,yes
_r8036d67c67b13e,specialType,yes
_rd4d88760df3639,spinnerValueChangedEventTrack,yes
_rf1f702b89b6f3a,splice,yes
_rc72db3b89be6d5,splitMessages,yes
_rf2e2d9507bd3e5,splitName,yes
_rc1f843ef016823,splitterLeft,yes
_re349540f52df79,splitterVisible,yes
_r261528dc827e7c,splittersPrebake,yes
_r159b1b6a11578c,spotlightBaseImg,yes
_rad5f1ec0308b52,spotlightImg,yes
_rf25f694467bfbe,spritesString,yes
_r37cce67d84cd56,stackingBlockedMaskBit,yes
_r0157198a20445e,stage,yes
_rf10fecdda97426,stageWidth,yes
_r5a2ec57247c7e8,stampBuyButton,yes
_rf5ce234a398735,stampPricingText,yes
_r1b04d089132dcf,stampPurchasingContainer,yes
_r7ae8c659d342c6,stampsPurchaseDropdown,yes
_r76344ef0abdcdb,start,yes
_r454355430dfaca,startAnimation,yes
_rd122aa6caf1506,startCollapseAnimation,yes
_r5d9f425b2c805d,startColor,yes
_r0c8def01a824ae,startConfirmCountdown,yes
_r87e49136f3eb04,startConversation,yes
_r689caff89c9dc2,startDefaultCampaign,yes
_rb98e3892bb5d84,startDepositButton,yes
_r12eef2280dfa23,startDisplay,yes
_r1b17068cce5764,startDownloading,yes
_r8aea61c86a39ec,startDragAndDrop,yes
_r167916e2dcdba5,startFade,yes
_rab9518f9459052,startFadeIn,yes
_r9919bf0d079113,startFadeOut,yes
_r876fe7e0c89d75,startHighlight,yes
_r5723370951ce15,startIdling,yes
_rdcf584c6de66f0,startInvisibleFade,yes
_r1606c44742ab9b,startLoad,yes
_r431219e4338d9a,startLoading,yes
_r4ae4a3cc545973,startOpening,yes
_rca6db796c8d9f5,startPlayHeadPos,yes
_r13b1a0a1fc02c8,startPollingForUnreadForumsCount,yes
_r4e41925aecc7b8,startResultsCountDown,yes
_r8aebde5be482be,startSearch,yes
_r11d5218cb40a3d,startSellablePurchase,yes
_rbeabc20bec88d3,startTakingPhoto,yes
_r67b3e32247cdb9,startTimer,yes
_r6007eee9daf565,startTrading,yes
_r7200173fc16395,startTransition,yes
_rb1407c0be7af44,startWaitingAnimation,yes
_r269332f7173763,startWaitingForSnowball,yes
_rc97bbbbd5cd8a9,startWeeklyResetTimer,yes
_r806acc8538aee0,statFloorCountHtml,yes
_r718a41854df8ce,statHeavyHtml,yes
_r42313de236b2a0,statPermFurniVarsHtml,yes
_r35d58e1ad62265,statPermGlobalVarsHtml,yes
_rd674819610433b,statPermUserVarsHtml,yes
_rd7e9df7f00a11a,statWallCountHtml,yes
_rbe13a0464e6ba1,statWiredUsageHtml,yes
_r4cef9d08f9a3d4,statesByRenderPriority,yes
_r93597a39695dd6,staticBitmap,yes
_r722120670e4da5,staticWidth,yes
_rc73c206fc785f5,statusActive,yes
_rd54d9e4d6cc1f7,statusAsString,yes
_rf84b9f69169f0f,statusDefinition,yes
_ra51401359d5d4a,statusFromVote,yes
_r02fb079159d6a8,statusString,yes
_r387c14329f1fdf,statusTime,yes
_rde042f612bad4b,statusesByConfig,yes
_rd9ef9a705b1305,staysVisible,yes
_r90a784c3366f19,stopCloseLockCountdown,yes
_r41381a185261d0,stopFlashing,yes
_r614c47e6f4bf26,stopHelpButtonHideTimer,yes
_r3d5b03dcbf976c,stopHideTimeout,yes
_rbdc37ae9ec3016,stopHighlight,yes
_r48775a9d083cf6,stopInternal,yes
_rd6f85a4ce5d96e,stopScrollWheel,yes
_r50637e33823747,stopSound,yes
_rc9acc7688117cd,stopTimer,yes
_r68a4af6dbe84a3,stopUsingAllEffects,yes
_r88b077cd550807,stopViewing,yes
_r7fd933632f80a1,stopWearingBadge,yes
_r838ba86f36762f,stopWithFadeout,yes
_redb4744a9e2474,storeAssets,yes
_rb79dea2c4704c3,storeClassificationRowWindow,yes
_reb550b7f39b277,storeInCache,yes
_r1613ddd1b07cf0,storeLeftMask,yes
_r0a85e405ae763d,storePreset,yes
_r9d4d5fa27a5aec,storeRightMask,yes
_r4f484b61476374,storeRoomRowWindow,yes
_r604ed1caa95bcc,storiesImageShareUrl,yes
_rfe7e5001ef519a,storiesImageUrlBase,yes
_rc7c61f0c61c7b5,stretchNewEntryIfNeeded,yes
_r4ee3fd435956e7,stringToItemType,yes
_r259da6b4987fff,stripAddonProducts,yes
_r3dc70220aba532,stripId,yes
_r202d653dca2229,stripInvalidSellableItems,yes
_r40ade34e2213e8,stripesOverlayPrebake,yes
_r19159281c8c678,stripesOverlayShapePrebake,yes
_r90736820c37156,strokeHsvShade,yes
_r5f1febe738b5ec,stuffData,yes
_r1ebe23f8f64e3e,stuffId,yes
_r43c3cb656d1652,stuffIds,yes
_rf600fbda9fd12d,stuffIds2,yes
_r5d6ff4651fb6db,style,yes
_r1b77b425b27f71,styleFromPreviewDefinition,yes
_r42ce42cae6d65e,styleId,yes
_r769d34875cd128,subMenuEventProc,yes
_rfd4ef57d1468d2,subViewWrapper,yes
_r12dcba0a1b4bd2,submitCallForHelp,yes
_ra0b42f04dceb53,submitMessage,yes
_rea1bda12572813,subturn,yes
_rc70c3735ac2912,suggestedPrice,yes
_re5e088adc5589d,summarize,yes
_rcefc34c03ac55c,supplyLeft,yes
_r64e6886b65e970,surroundingBorderStyleId,yes
_r91317b60aa1bbb,swapChars,yes
_r541f91140d578b,swapChildrenAt,yes
_r37e57d2c7a88d8,swapGridItems,yes
_rb62b70eb1ad1ba,switchCategory,yes
_r43f7bb11d367e3,switchCurrentWidget,yes
_r5ab7a18e0f13b2,switchToTab,yes
_r37995418804006,syncCompletionColor,yes
_r23c85515f4ddd8,syncToUserScreenPosition,yes
_r23765c1cefc6e0,syncToVisualization,yes
_r79475e8e5bbbc6,synchronize,yes
_raac70c0a456dd4,tabAllSets,yes
_r09db6839dddfa5,tabButtonName,yes
_red919aae180744,tabButtons,yes
_r0cdbca6495b860,tabConfig,yes
_r47de95aabfb2a8,tabContext,yes
_rfce85d5b0291a4,tabFavourited,yes
_rfb0418428a1266,tabHandleClickedEventHandler,yes
_r73a3a9633aee61,tabIdFromName,yes
_rd10da4bb796aab,tabOwned,yes
_r24efd4b64b9cbe,tabPageDecorator,yes
_rbf75e0da1de0e1,tabSelected,yes
_r6b54bf44d34a76,tabSelection,yes
_rb1582f7adb7dff,tableContents,yes
_r112d969b695660,tableItems,yes
_r63b8cd93346f48,tableView,yes
_r795b7e74ec9f9d,tableViewContainer,yes
_r4b260c5a80e97c,tags,yes
_r5c74f2723b7c0e,talentTrack,yes
_rb447fed93900f0,talentTrackName,yes
_ra916427a26b32f,targetIcon,yes
_r211d0de872225f,targetLoc,yes
_r5273fd76c65e63,targetRect,yes
_r3cf746c92ec5f4,targetRoomControllerLevel,yes
_r3a401790e2bc39,targetRoomObjectId,yes
_rcc263508bee3ea,targetZ,yes
_r6f945e46864c16,taskBorder,yes
_r163b5609db94be,taskDescTxt,yes
_r7b91800df3cd4a,taskDescriptionText,yes
_re4d8903aec3398,taskHintText,yes
_r3fc772b2614d08,taskId,yes
_r5c9f80d18981fa,taskImage,yes
_r3448d2ca54e728,taskImageStaticBitmap,yes
_rf28fb2163df358,taskInfoContainer,yes
_rea0d74f913db2f,taskListContainer,yes
_r4af5a09fd8ef97,taskNameBorder,yes
_r1cd3c00c629b71,taskNameRegion,yes
_r7cbaa463be8bf1,taskNameText,yes
_rfac1a1a5d954a9,taskPointsBoost,yes
_r4b24d0eac7f6a6,taskProgressUpdated,yes
_r839032ee78f79f,taskTitleTxt,yes
_rb18287af8b81db,tasksBenefitRow,yes
_r8e3714a89edc74,tasksBenefitText,yes
_ra02b73cfac4559,tasksCleared,yes
_r04fe1743e38bab,tasksCompletionText,yes
_re568b47cca44e7,tasksList,yes
_ra30190fe406f3e,teamId,yes
_rc0aa088a893724,teamReference,yes
_r2bc4053cc7d55a,tempCategoryMapping,yes
_r80e02a3ef71d52,testCollisionWithGround,yes
_r293a6602837df7,testCollisions,yes
_r70ccfc760f7b8e,testLatency,yes
_re0ca4af819f023,testTypeFlag,yes
_r2149700e28e760,textColour,yes
_rf2363d539ee7da,textElementName,yes
_r1601c40c0f939f,textPlaceholder,yes
_r3e260a589f1bd8,textWindow,yes
_r7cfed239ddce50,textsTableContainer,yes
_rc7b5317336f614,threadAuthorId,yes
_r4dddbd194b75b2,threadAuthorName,yes
_r18b6925268b61d,threads,yes
_r04461aad6eb507,thumbEventProc,yes
_rf8e7e1f1e3b2e2,tileBackground,yes
_r8e3f779f72f8f0,tileBorder,yes
_rd82261042a3d60,tileSizeX,yes
_rac6fbf2f1ee048,tileSizeY,yes
_rd105c175dbeb0b,tileXAsInt,yes
_r5dfbbbb6120cee,tileYAsInt,yes
_ra0dc55c3346f04,tile_preview_entry,yes
_re9af80c21e0479,time,yes
_r0697c4483f1dda,timeLeftMinutes,yes
_rb097478ca24ac1,timeStr,yes
_rf3532edb250e94,timeToNextState,yes
_r921461cd1fa7a5,timestampString,yes
_rf083d35408b908,timezoneContainer,yes
_r1c4411f7772feb,timezoneDropdown,yes
_read6850e2101fb,timingCode,yes
_r15b0caf4faf48d,titleLocalizationKey,yes
_rade05c3e334536,titleText,yes
_r1524cd6232e029,titleWindow,yes
_rb9d94633cae7c8,toHexString,yes
_r2b69feefbc5a8a,toIntParam,yes
_rbaf8c2b9f885fc,toLowerCase,yes
_r8d7f4453ec18b4,toPool,yes
_r6944844e3491fd,toRawString,yes
_r26df6da6ba1a37,toRuntimeConfig,yes
_r7d563e107589b2,toStatusData,yes
_r5475b6695aaf1d,toggleActive,yes
_rf1d3a051dcff79,toggleCategoryView,yes
_rb7c9f7499bbee5,toggleHistory,yes
_r06f016345d1968,toggleHistoryVisibility,yes
_r51e2aa41b1e914,toggleInventorySubPage,yes
_r50c362f055d6ef,toggleMode,yes
_r3633d8f9f81bb2,toggleOpen,yes
_r89c2a96acf3eb6,toggleSearchCodeViewMode,yes
_r75278e729ba863,toggleSelected,yes
_r027e77e1e5a1aa,toggleVisibility,yes
_r5bd7b473ad0a90,toggleVisible,yes
_r96564fff40b2c8,toggleVisibleFeedCategory,yes
_rac94ebb121476e,toggleWardrobe,yes
_rcb1aa3578a7d80,token,yes
_r7ec28adc0f0647,toolbarAttachEnabled,yes
_r358b04e4ef29e6,toolbarCheckbox,yes
_r48b31603bc4260,tooltipText,yes
_r3043a4ad25383c,topItemListInitialWidth,yes
_r23c663d59968f0,topViewSelectorButtonProcedure,yes
_r38ceb5f897cc1e,topY,yes
_r1b28a6528df5eb,totalEntries,yes
_r4b2055593b734b,totalHeight,yes
_r6209461f889e45,totalItemsFound,yes
_r7adb94ac232f5d,totalMemory,yes
_rfb8a2ac5f2293e,totalMessages,yes
_ra80e98745dd92d,totalRunningTime,yes
_r550af89be5f25e,trackAction,yes
_ra5ca26635f0dee,trackAuthor,yes
_r8a8a732334a7ab,trackContainer,yes
_r48698346fdedd1,trackDescText,yes
_r66e5afc7fc037d,trackEventLog,yes
_r0d2eb95f2ee685,trackInstructionsText,yes
_raef9813c3e6585,trackLoginStep,yes
_rf5d34c2f754bf8,trackName,yes
_r8c4629754d0e35,trackNavigationDataPoint,yes
_rb8163cc6d7c5e5,trackTalentTrackOpen,yes
_r959449cb2c063b,trackTitleRegion,yes
_re9b291eba41a52,trackTitleText,yes
_r031d80996d55b4,trackUpdate,yes
_r6023c5de29fbea,trackingLocation,yes
_rf9ca0ce1d9e8a6,trackingState,yes
_r408217e2aa59ad,tradeLockInfo,yes
_rdd3178dbca9470,tradeMode,yes
_r35752bfe3602b3,tradeTypeLocalization,yes
_r865bd7673c2ecb,tradeTypeSplitter,yes
_rc1c8ad40afc7af,tradedUserFigure,yes
_r5474f5c05265cb,tradedUserId,yes
_r61bf0b3cd3557b,traderAvatar,yes
_rf8bb0ba486901d,traderLabel,yes
_r1b8a25af071fcb,traderNameText,yes
_r3d3b8a8a6685a3,transactionsTableViewContainer,yes
_rdcf4df462f8e6c,transferButton,yes
_r13cc4aeec90048,transferLink,yes
_r6e563cb6ea6005,transitionFunc,yes
_r159f1391321f45,traxSamples,yes
_rc05a45e8c6e2fd,traxVolumeContainer,yes
_r2bc08914136a15,trayContainer,yes
_r647a665aae0ef1,trayGroupGrid,yes
_rc6e2ef9d4ae9be,trayGroupList,yes
_ra12a62125c99d2,trayGroupTitle,yes
_r917a462961ceef,traySummary,yes
_rff3f725c45a3b9,trayTileTemplate,yes
_r74350c8aa36d4f,trayTitle,yes
_r3c0c0335232aec,triggerGC,yes
_rf12db108c907c2,trimAdFurnitureExtramParam,yes
_r2c1b28b3079392,trimTag,yes
_r9f395fcc2d154d,trimTrailingInvisibleHearts,yes
_rff41d1ee9bb806,trimWhiteSpace,yes
_r7d107e9a152c0f,tryInitialize,yes
_r43caa9ea379c58,turnIntoGifting,yes
_rd2bdc56471f621,turnVisualizationOn,yes
_rb1f1e6c02fdd56,tween,yes
_r8583b6afa0a862,tweenTo,yes
_r7d5e97fc9055bb,typeCodeToString,yes
_rdd3e2c283fb6fc,typeDropdown,yes
_r0a57901dfc3c47,typeIcon,yes
_r829f368e77866c,typeId,yes
_rbc90a87cef0c45,typeImage,yes
_rbf2f5308e1d55a,typePickerContainer,yes
_r64ced1b3757ec0,uiStyle,yes
_rbfd18029fbd3cf,uiStyleDropdown,yes
_rfad433ad275dc7,uiVolumeContainer,yes
_rcf875d1c0afb99,uint,yes
_ra4ad7d61a2e18a,uintToHexColor,yes
_ref95b063c66e31,unclaimedButton,yes
_r82059809906dbd,unescapeString,yes
_rfc2da7d0ca2a31,unevenBackground,yes
_red603d9b267be1,unfocus,yes
_ra876bdeaf1fd01,unhighlightActiveWired,yes
_rd4f532756e315a,uniqueSerialNumber,yes
_r4d1c2713c910d3,uniqueSeriesSize,yes
_r218838430347b8,unknownImageWindow,yes
_rd3eae88c26a582,unknown_ca,yes
_rba1b6260755ce3,unlockYourChestsButton,yes
_rcc07d3103c926e,unreadMessageCount,yes
_r9060b50276aaeb,unreadMessages,yes
_rebffc57ff0858b,unregisterLinkEventTracker,yes
_r2d41ee040b09f4,unregisterUpdateEvents,yes
_r612eff479e6be4,unseenAchievementsCount,yes
_rd2651aab6383e7,unseenDailyTaskCount,yes
_r621fd6f3f7cda0,unseenForumsCount,yes
_rdebea12213d52b,unseenItemTracker,yes
_r1eb2190955cdc0,unseenMinimailsCount,yes
_rb32808b9697adc,unseenRewardTrackRewardsCount,yes
_r219cb1a8e3aab4,unselect,yes
_ra62fa086b6d2ae,upArrow,yes
_r60bc930687d8be,updateActionState,yes
_r311cfcb77ed6a7,updateActionView,yes
_rd176431fa44f29,updateAll,yes
_rfdaf2d81c05834,updateAllThumbDataVisuals,yes
_r1c0f17ed32b5e5,updateAmmoDisplay,yes
_r183a2d24f397e7,updateAmount,yes
_rcb0b69ce8dc8a7,updateAngle,yes
_rda1815659fd8aa,updateAreaSelecting,yes
_re19ff47753b55b,updateAvailablePalettes,yes
_rc3714de2a67f67,updateAvatarImage,yes
_rb8f9f851cf2319,updateAvatarImageContainer,yes
_rc284da2e66e3bd,updateBackgroundColors,yes
_ra0e035987a7176,updateBackgroundVisual,yes
_r85ed41669f6c1a,updateBadge,yes
_rc1ae01ff36aa3d,updateBalances,yes
_r726d780704f307,updateBitmapBlend,yes
_r1a86eda8fc15f5,updateBlockText,yes
_r0515c4eb6a7691,updateBottomActionButtons,yes
_r6fc1a4efd67ade,updateButtonStates,yes
_r1b27bf9aacfa72,updateButtons,yes
_rb338964dcec18a,updateButtonsUI,yes
_r878aec29889bca,updateBuyCaption,yes
_r70518c037305f0,updateCachedShopItemState,yes
_r2f07fda40c5253,updateChatPreferences,yes
_r1278f3e439b712,updateClaimState,yes
_r174c2542205bd5,updateClipMask,yes
_r79ba8051915ce2,updateCloseLockUI,yes
_r4bc5881304f46c,updateClubLevelView,yes
_r1bba2b06e78a16,updateColor,yes
_r7c888ecb7ff12b,updateColorGrid,yes
_r2280986a9b08c9,updateColorSliderTrack,yes
_r0184c4ea365ece,updateColoring,yes
_r605b5f10a49d2b,updateColorings,yes
_r36c82f9312985f,updateCommandButtonsViewState,yes
_r1beb030ee3c98f,updateCommonEntryElements,yes
_r5081b36695eac8,updateConfirmPreview,yes
_r7b4694ae3c22ae,updateContainerVisibility,yes
_r69f615796640dd,updateContent,yes
_r471edbb3bdaff5,updateContents,yes
_r0faca6ee1c80d3,updateCounter,yes
_r93306e12629851,updateCounterImage,yes
_r705df7f769d1ef,updateCreditAndPointValues,yes
_rd52ab2eaa58dc8,updateCurrencyIndicators,yes
_r42dcb09a74453a,updateCurrentIndex,yes
_r161b7fe1fcbcee,updateCustomReferenceSourceState,yes
_r9f9ef45de899ff,updateCustomVarsWindow,yes
_r55f0e901c2f07e,updateData,yes
_rfc925a1eb9d7e2,updateDecorations,yes
_r7d7a48c518e123,updateDeg,yes
_r1406f51bc61a83,updateDescription,yes
_r45dec4847eaed2,updateDialog,yes
_r23b817e1c681a0,updateDistanceLocalization,yes
_r0904c728a0bad2,updateDots,yes
_r0603b3a4a18256,updateEntityIndicatorPanel,yes
_r9177182ded8a8e,updateEntityVisibilities,yes
_r7c037b749cbb9b,updateEntryDirectionAvatar,yes
_r6557915126d860,updateEnvironment,yes
_rd9aed4b225d554,updateExperienceBubble,yes
_r7a5094fdfa309d,updateExpiresText,yes
_r648ef816566602,updateFade,yes
_r6c750286123818,updateFilterOptions,yes
_r8948747c63bf4f,updateFilteredFriends,yes
_re998c95e4ea501,updateFilters,yes
_r5533a9bd63f4b6,updateFontSizeSelectionHighlight,yes
_reccb283ece9ade,updateForumSettings,yes
_r1ba02aea6482d2,updateFrequency,yes
_r614a39c8552d70,updateFriendRequestCounter,yes
_r7735ebc213b2a2,updateFrom,yes
_r7acd4dd3062919,updateGameStartingStatus,yes
_rcf501680149c00,updateGamesLeft,yes
_rd35d0a56090cec,updateGarbageMonitor,yes
_redb11aa3ba3a71,updateGenderTab,yes
_ra1abb80e716155,updateGettingMoreGamesOption,yes
_r87e12e3ccaf16d,updateGiftDialogAvatarImage,yes
_r47129bb232ef34,updateGiftDialogLabels,yes
_rd7b81ca5da2f23,updateGrid,yes
_rc5aa9bb6b25cd5,updateGridFilters,yes
_r14bce7edcc796d,updateGridView,yes
_r889c0f686ae1c3,updateGroupItemCount,yes
_rceb9f98e53312e,updateGuideMarker,yes
_reeb6941b77a138,updateGuildId,yes
_rc02863455ae000,updateHabbiconUI,yes
_r98d68b0313f590,updateHabbiconUnseenCounter,yes
_r82d292825c011f,updateHostParameters,yes
_r64766ad83bcf01,updateIcon,yes
_re50994ad25291b,updateIconImage,yes
_r3cce40499fe0a8,updateId,yes
_ra40b008ac64f77,updateImage,yes
_r68d8080c5a6d96,updateInfo,yes
_r098a59a3d3c461,updateInfoBoxUI,yes
_rf824720bcac133,updateInputSurface,yes
_r0c704b67d226ed,updateInterface,yes
_rdbdf058a11e234,updateIssue,yes
_r2b682d00a15670,updateIssueList,yes
_r6814e33f63c86d,updateItemCount,yes
_r05d266037aec80,updateItemCountVisual,yes
_r28cee23297709b,updateItemGroupMaps,yes
_re748f7cacb38bf,updateItemImageVisual,yes
_r008dff8586dadd,updateItemList,yes
_r3c7a0d5781dcde,updateItemSizes,yes
_rab7d8b1d86c372,updateItemSizesInternal,yes
_ra5811048532cdb,updateItemStats,yes
_r2dcb0c2cccf1b0,updateItemWidths,yes
_rf8b30d06eafb3a,updateItemsGrid,yes
_radd6dbf2ce1f8b,updateLayout,yes
_rdb05162c1d2011,updateLevelProgressTarget,yes
_ra76124ce7aa11c,updateList,yes
_rc142cc72d9db8d,updateListItem,yes
_r5ea90cabddc8ec,updateListSummary,yes
_r0e570e426b3c1e,updateListViews,yes
_r3cc5dfb289ba53,updateListeners,yes
_r809b77aa932973,updateLoadingBar,yes
_rbc0bbd5d1a615e,updateLoadingState,yes
_rfb9ef6c99e5d67,updateLocalization,yes
_r8a56e611befcf2,updateLocalizations,yes
_r1dec5b86c98b55,updateLook,yes
_r004dca6c2a9a28,updateMatchesSection,yes
_r8ae44f82328b7e,updateMessageHint,yes
_r9bacae225afb0b,updateMessages,yes
_r9d9c0d70147d5b,updateMetadata,yes
_r88f8ac5cebca36,updateMeter,yes
_r223d6a749227b6,updateModel,yes
_r3e826bb977cc40,updateNameHint,yes
_rc7383953b8aa50,updateNftItems,yes
_r7eb3bbf918a343,updateNowPlaying,yes
_radee11bd6fa7c0,updateObject,yes
_r13e03d9049caa5,updateOfferInfoUI,yes
_r51792bb0c8fd76,updateOffset,yes
_r28dba674290ffe,updateOffsetField,yes
_ra21677745ee578,updatePaging,yes
_r2c8d64a8ede0a3,updatePaletteSelections,yes
_r84d1156280f829,updatePart,yes
_r3286122284b309,updatePetImage,yes
_r2b9aa2fab1bc38,updatePetRespect,yes
_rd62ac7f837ef97,updatePickupMode,yes
_r8b28be52e9f45f,updatePlaceholder,yes
_r4c918b57ddcafe,updatePlanes,yes
_r812121966bc589,updatePlaqueAndSpotlight,yes
_r9f1ea2b82255e3,updatePosition,yes
_r74a2307cbfa368,updatePremiumPurchaseViews,yes
_r05479023984823,updatePreview,yes
_re1da53418f8d2c,updatePreviewBitmap,yes
_r95ea145a0b20ef,updatePreviewImage,yes
_r19c52df9229b4a,updatePreviewScale,yes
_r0dedaeff9a4183,updatePriceStatLine,yes
_r325028acbf14f6,updatePriceText,yes
_rb009fdf12537af,updatePrizeClaimViews,yes
_r7f4b145d1ba85e,updateProgress,yes
_rb125c651ab94b3,updateProgressBar,yes
_r3e4ed3e8fb5b12,updateProgressViews,yes
_rb076acc91f3ec6,updatePropertiesTableUI,yes
_r4466b92a489bb3,updatePurchaseButtonVisibility,yes
_rf7d070a53b708b,updatePurchaseLabel,yes
_r6eb282ea4603e0,updatePurse,yes
_r406780b988c93d,updateRad,yes
_rc24221b31648e0,updateRarityFilterOptions,yes
_r285f4b2aac1b0c,updateRarityOverlay,yes
_r5d5a7843651d51,updateReadyState,yes
_r2e8f48dbac6192,updateRecycleButton,yes
_r8d624751d0ca06,updateRecycleStatusVisual,yes
_ra7f2cb413fc43f,updateRecyclerButton,yes
_rfd34871a007d4e,updateRecyclerSlots,yes
_r5b2116f25cae7b,updateRelationshipStatus,yes
_rce442f41e0c322,updateRentExpireField,yes
_re2855f11f0449b,updateRentStateVisual,yes
_r9e98164d457e8a,updateRentableBotView,yes
_ra801a35e503338,updateRentedItem,yes
_r8c5405be2132ba,updateResolutionButtonUI,yes
_rd2bc4989882989,updateRespectButton,yes
_ra768c672546a53,updateResults,yes
_r77fd0481d2d732,updateRewardsForCategory,yes
_r0b78d50641722f,updateRgb,yes
_rbb04908fe2854b,updateRoomAndInventoryButtons,yes
_r89a541f26cac23,updateRoomHistoryButtons,yes
_ra2c865d52bf88b,updateRoomMouseBlockRect,yes
_r91c22262ef6deb,updateRoomPreview,yes
_r93a4b2b5a5aabf,updateRoomStatsUI,yes
_r89715962ace5c0,updateRotationAnimation,yes
_r94c69629755de5,updateSanctionData,yes
_rf7cbe1eff9828a,updateScoreFlash,yes
_rc64e6d3cfd5a33,updateScrollAreaRegion,yes
_r0af3c862a99b3f,updateScrollBarPosition,yes
_r22b10792809ca5,updateSearchUiState,yes
_r12c5f6023626cd,updateSecondsLeftUI,yes
_r5c85ca857a02fc,updateSelected,yes
_r1558358a768201,updateSelectedBadgeDetails,yes
_r6ca92ef6516323,updateSelectedPart,yes
_r67e6a3fab4b795,updateSelections,yes
_r1a67022c06e2a3,updateSetUI,yes
_r453690b2e91a06,updateSize,yes
_rac9e6574205d2d,updateSlider,yes
_rd630ba9c2c83a6,updateSliderEffectInfo,yes
_rac0839cf5aac24,updateSlots,yes
_r329629530e3403,updateSongInfo,yes
_r4540962ab8d68d,updateSoundIcons,yes
_r85ac4caf855a9b,updateSpawnValueState,yes
_re0ca28d92f8981,updateSprite,yes
_r59be01d358f7e1,updateStandard,yes
_r2529c2c7d3700f,updateState,yes
_rebe8fed45b7e27,updateStateElement,yes
_r40f479d8415370,updateStateUI,yes
_r2dcbcd446ea9e5,updateStateWidget,yes
_r020bcfbf4d6551,updateStats,yes
_rf722a345228f15,updateStatusAndRepeatsUI,yes
_r76b7072064fae9,updateStatusDisplay,yes
_r6894df4491ff1e,updateStatusGraphics,yes
_rf21d7f82b5906b,updateSubscriptionInfo,yes
_rf6cdf21c6c02cb,updateSuggestions,yes
_r6cfcfc432695fb,updateTableUI,yes
_re37bebd585a6a5,updateTeamScores,yes
_r562bd772ae267e,updateThicknessSelection,yes
_rb8ebc1873f9883,updateThread,yes
_rb76d400051bb47,updateThumbData,yes
_rcd69c868ba2d20,updateThumbVisualization,yes
_r21a563ee8e1915,updateThumbnail,yes
_r607f4c71ad3f96,updateTime,yes
_r175fef931ab1c4,updateTimezoneUI,yes
_r7572de1a1d5a06,updateTransferButtonState,yes
_r29374bc59a461b,updateTypes,yes
_r347de40b12b464,updateUI,yes
_r5bd05a7009a6a3,updateUIOptions,yes
_r254b91f9017b0a,updateUnknownSenderAvatarImage,yes
_rfa4a1dee9a5d17,updateUnreadForumsCount,yes
_raf0663be2f6e56,updateUnreadMessages,yes
_r7d94ca4d7820e8,updateUnseenCounter,yes
_rf770ce4ad8ea89,updateUnseenItemCount,yes
_r400b9c6b97d705,updateUserData,yes
_rb28e25c385f8b7,updateUserInterface,yes
_re99a8d2e00a2eb,updateUserView,yes
_rb0dfe792313a0f,updateVideoStatus,yes
_rf66706296940e7,updateVisualizer,yes
_r04b0ac306bafd2,updateVisuals,yes
_r7ed51af211618b,updateVolumeSetting,yes
_rff01daf42b5ebe,updateWallHeight,yes
_r7ab2679196fc97,updateWarn,yes
_r538df9865c4edd,updateWeekSelection,yes
_r6f73e5560db605,updateWidgetState,yes
_ra09e079c4ca436,updateWindow,yes
_rab8b59e35aac8a,updateWindowPosition,yes
_rb6a2e2ff139e0b,updateZoomControls,yes
_r2770654b233e60,upgradeCapacityContainer,yes
_r3fe357292dd489,upgradeCapacityRegion,yes
_r1c3b90ac640f36,usagePolicy,yes
_r22ad4be27a67c6,usageTimeStamp,yes
_r54a876ef1ae97d,useCache,yes
_r927a6829b5bbd1,useDefaultLocalization,yes
_r2aae1984a8586d,useDistribution,yes
_ra593786497ca2f,useFilter,yes
_rf9262c5834aa28,useHashTags,yes
_rc7078ed8f92bf5,useMinimizedOwnAvatarMenu,yes
_rf513daf55e8a06,useNonTabbedCatalog,yes
_rd2a838c4f74f73,useNotificationFeed,yes
_r5adb3d6a7a672c,useNotifications,yes
_rff270ced1c0a30,useRectLimits,yes
_r7f44abd6a4aede,useWeakReference,yes
_rb67444ccc5e150,useWebApi,yes
_r3c5942614b67b4,userChatLinesAvailable,yes
_rf4182530c34568,userCountGoal,yes
_r969ec53f02f78c,userDataManager,yes
_r265387fa425168,userID,yes
_r782f955c9c4e48,userRoomId,yes
_re7054e48343929,userSelected,yes
_r193958ed76b63b,userSelectionTitle,yes
_r062cdbf167b07c,userType,yes
_rf0d11cab071f09,userTypeMenu,yes
_rfc8730aa33d39f,userUpdateCount,yes
_rf2cd41bffb6fa1,user_canceled,yes
_re3daeb1fe8c218,usernameDropDown,yes
_r2fe6a2e2841f6c,usernameInput,yes
_r552d9958e6178b,usernameText,yes
_rb97d7da0e60aff,usesSeparateBarEndOverlaySource,yes
_r9fd99f35992ff6,validPosition,yes
_rfc60eece806078,validateAvailableCategories,yes
_r3a9cce09e174d1,validateBrightness,yes
_rbea52c907dad85,validateInputs,yes
_re78bf7237baab6,validateLocalizationData,yes
_re40f7d0ba91a84,validateLocation,yes
_r5da4a76bae5180,validateReward,yes
_rd487409941fe42,validateToken,yes
_ra87a11317b522d,validateView,yes
_r3b1928310f43ce,value,yes
_rba84d9cf61fea8,valueInput,yes
_rbfaaef7ee95b68,valueInputBorder,yes
_r5557e6ff050d2d,valueSettingContainer,yes
_r31dc67de622620,valueText,yes
_r32b2eccdc6a540,varLimitColor,yes
_ra31a4a4217b88a,var_1004,no
_r23010d130b910b,var_1005,no
_r2eaeba8d45838d,var_1007,no
_r2c5a0d2ff84526,var_1010,no
_raf5ce7c864f667,var_1011,no
_r967bffa0f19f15,var_1013,no
_ra1fd499e0cdfc5,var_1018,no
_r613c8b9cdf54eb,var_102,no
_r8c04474ff06ece,var_1022,no
_r210b6203ec9cf7,var_1027,no
_r3d46ae40ece67f,var_1028,no
_r24733d11e3f07a,var_1030,no
_r8f85a8928f1ab8,var_1031,no
_r9dd8e2dc655170,var_1033,no
_rdba91ed1957e5d,var_1034,no
_r4a47ef696748cd,var_1036,no
_rad9285ab3cac1b,var_104,no
_rc6273a8d82fd36,var_1040,no
_rb248846ff80342,var_1042,no
_r7037ed24d52b55,var_1043,no
_reb6020a0b4f957,var_1045,no
_rb77ef01dccb5f5,var_1046,no
_rc5aa5b9377a562,var_1048,no
_r1fec8c635e4626,var_105,no
_r6e8ee3e0b7fd68,var_1051,no
_r4ecc4039890c8a,var_1056,no
_re127bfc52de70a,var_1058,no
_rca2661a7ed3aba,var_1059,no
_r6aeadaefc2ddc3,var_106,no
_r376687ae2118de,var_1062,no
_r878e5832782778,var_1063,no
_r974e88db04c055,var_1064,no
_r47a4c6ebf07154,var_1065,no
_rb8cabe3711dddb,var_1066,no
_rc25cb87405567d,var_1067,no
_rc568e765acc3c6,var_107,no
_r5110ccbc91c42e,var_1070,no
_r916e1ed8be8bbf,var_1072,no
_r84fd0590312590,var_1081,no
_ra32d6971d10685,var_1082,no
_r4b2c58797b6e3d,var_1085,no
_r56bb64e7d4e688,var_1086,no
_r1a9e352f7524fd,var_1088,no
_re3fc56bc812904,var_1090,no
_r49e7acaec39e0f,var_1091,no
_r988316e0214b02,var_1093,no
_rf1d3aa89292605,var_1095,no
_r8abb27255538fb,var_110,no
_r395bf5e9658b0c,var_1100,no
_r7dc487feb31565,var_1103,no
_re560a11fba5bba,var_1104,no
_rad827921d2f7e6,var_1105,no
_r72978bdeddaacc,var_1108,no
_rdd8373bfa238bd,var_1109,no
_r815c6e5434ed37,var_111,no
_r5a27cef1e2c473,var_1110,no
_r7d719fdd28c27c,var_1115,no
_rb33ad1f1f91add,var_1118,no
_r2cfa28f22e8435,var_1119,no
_rb65e0fd8d152d0,var_1120,no
_r15b7265a23cfe2,var_1123,no
_rb5192e3c8d6cb3,var_1124,no
_r7d2af6253cf776,var_1125,no
_rb5deb62e1d3daf,var_1127,no
_reb1a9c1db40569,var_1128,no
_r1ba39a0ab193ba,var_1129,no
_r2a127a9fdf96aa,var_113,no
_r001c09392a64bf,var_1131,no
_r57959f586acb88,var_1135,no
_rba4293fdf411e5,var_1137,no
_r4a91a6fe3390bb,var_114,no
_rd25523e30168d7,var_1142,no
_r6d4407089f89a4,var_1146,no
_r00250ab3837b32,var_1147,no
_rde165d6de11a42,var_1148,no
_r076c3f16e1730d,var_1149,no
_ra64036c35e6076,var_115,no
_rc9013293a3adc0,var_1151,no
_r102610dc063d33,var_1152,no
_r3f7f7ab141e7d1,var_1154,no
_r2103db05c33dcd,var_1155,no
_rc23b5ed6597c84,var_1157,no
_r79533329132745,var_1158,no
_r404aef460eec20,var_116,no
_rc21c6c50eb828f,var_1170,no
_r63f2d088407ab9,var_1172,no
_r622e978729b126,var_1173,no
_r918fd0d89455e7,var_1174,no
_r7a5b68e5b9c6cb,var_1175,no
_r405878339c1099,var_1177,no
_r5d56f4c71f598d,var_1181,no
_r8c3270071aa0da,var_1184,no
_r45c06f77350c88,var_1187,no
_r0aa68f0932b05b,var_1188,no
_rf8ffbdb8051a98,var_1189,no
_rcba04be02da79a,var_119,no
_r48187e95e07808,var_1190,no
_ra6900c987f9f8d,var_1191,no
_rb901da030f027f,var_1195,no
_r2a3c84947d4d2a,var_1198,no
_rf6fe92f5dcee07,var_120,no
_r98457d4c5ea2c8,var_1204,no
_r18390be435d267,var_1205,no
_rf32162f2a22c88,var_1208,no
_rb8c7001ac53396,var_121,no
_r9ab5c337da1744,var_1216,no
_r2e689ea25f9c52,var_1219,no
_r562b434dcab4af,var_122,no
_rbd96c1693f4fb8,var_1221,no
_rb8e1e59e25d22d,var_1223,no
_rb8d5c68eac4990,var_1226,no
_r7df3ce714cf494,var_1228,no
_r48ccaefa05b158,var_1229,no
_r75a3d8c2b8b341,var_123,no
_r0c9f556ec28564,var_1230,no
_r76a2ee14d1c2f7,var_1231,no
_rcf4e2c33e7a8a1,var_1232,no
_re3ce7e539b9801,var_1236,no
_re7c827138ff78d,var_1239,no
_r8fe7e5545311a8,var_124,no
_r49b21090cc3050,var_1241,no
_rd698b42c0f4a61,var_1244,no
_rbc342dd5c78357,var_1247,no
_r2916da1f2d6089,var_1248,no
_r7dc40d2ac5a2ce,var_1249,no
_rec514705433aad,var_1250,no
_r3fca9f3fdb1e4b,var_1252,no
_rc4fd15f7f7850c,var_126,no
_r1bf8fe71942b3e,var_1263,no
_r86a18ba3ec6865,var_1264,no
_r5a055ef13e6b0b,var_1265,no
_rbe7fbb35e8b62c,var_1268,no
_r9c4166db25aaff,var_1269,no
_r56dc8636415f59,var_127,no
_r0a88e1d18f06ed,var_1270,no
_r8809770c34e0ab,var_1271,no
_r4ee5039f389b10,var_1274,no
_r2ab238f0cb08e2,var_1279,no
_re3e107741d7abc,var_1284,no
_rdc4d4d50d86ad1,var_1285,no
_rf51ba72f751a4c,var_1286,no
_r1d3730f546fb9d,var_1287,no
_rcfc1fe12c014ce,var_1289,no
_re3c9f05c85a466,var_1290,no
_rffb94e78c13b6c,var_1298,no
_r8fea80e02325b9,var_1299,no
_r59d5d1cc186d8a,var_130,no
_rc8f320b5c24ad4,var_1300,no
_r3034ca286b1945,var_1301,no
_r9f6e6c9d27eb73,var_1302,no
_r8fb785f35bbd98,var_1303,no
_r327b22af77c044,var_1306,no
_r26acdaeabaea3e,var_1308,no
_r3c6150ab81736d,var_1310,no
_reef5e7f75de88c,var_1311,no
_r4c8bed3ed43ab9,var_1313,no
_r7fcfc120a4c5fd,var_1314,no
_rfabe8f2ca694f0,var_1315,no
_rd25b432bb09bc7,var_1317,no
_r7367f750d23509,var_1321,no
_rab377ed01cd108,var_1324,no
_rbc651176f77ddb,var_1325,no
_r76526d21b9615f,var_1327,no
_r747613e97b3af6,var_1328,no
_r6f20521aee19fb,var_1329,no
_r08d9b4f6798839,var_133,no
_rf9b2c1d287e6cb,var_1330,no
_r1d80ff5f62c3f5,var_1331,no
_r484df12c5bfafe,var_134,no
_r28da6f8390e82d,var_1341,no
_r535091176506cf,var_1342,no
_r2fa4fa3e1ea5bb,var_1343,no
_r269a0ed0d7437c,var_1346,no
_r942aaa7100d413,var_1348,no
_r42ef22a11ca564,var_1350,no
_r80fefe5aacc70e,var_1351,no
_r3e0794b658592b,var_1353,no
_ra77625ea1e8d18,var_1357,no
_r21966ca012df57,var_1358,no
_rebf5e2e131bd56,var_136,no
_r64e993a98f9ba6,var_1361,no
_r573bf2d9bb49c4,var_1362,no
_rbd05594afa04e1,var_1367,no
_r42c9e415a13929,var_1368,no
_r2f536f518f8c4c,var_1369,no
_rdc7684abf2aaff,var_1374,no
_r3b6743c4c96851,var_1375,no
_rc2aa917a40a470,var_1377,no
_r77836b118b6387,var_138,no
_r6bc024242b6fa2,var_1380,no
_r35bc8d4513bf3f,var_1386,no
_r216b341f589ac4,var_1387,no
_r0c224c04714ccd,var_1389,no
_r8a3b3cf16a666c,var_1390,no
_r36368523c4d760,var_1392,no
_r4475fe1ccf6318,var_1393,no
_r7f191cafef66f4,var_1395,no
_r9ece1ddad3bb53,var_1396,no
_rdce8ca02be526c,var_1397,no
_rfc1ddc32cfe91a,var_1398,no
_r9ddfd6e0b05ff7,var_140,no
_r6fc31a0626479a,var_1400,no
_r1e14576aee3ff5,var_1402,no
_r9baea4c6cfddb5,var_1404,no
_r14825794b9de2e,var_1407,no
_r18b6dc2531f109,var_1411,no
_r92fa53bbb43288,var_1412,no
_r609df763629872,var_1414,no
_rfe0a094239b86b,var_1416,no
_rc297adaea045a1,var_142,no
_r41c9f8aa250acb,var_1423,no
_rf46a270f3e5011,var_1425,no
_r6c16058a696bf6,var_1426,no
_rcdad1234f632e8,var_1427,no
_r48f04c9eed08cc,var_1429,no
_r59926dc6ae4848,var_143,no
_r150d7740b2d2b5,var_1430,no
_rc8e758848b2c69,var_1432,no
_r35abd242c7ea1d,var_1435,no
_r5c9647820f524d,var_1438,no
_rcb6f1f73fc411c,var_1439,no
_r13ae435db4f222,var_144,no
_r86564860a6c38f,var_1440,no
_r02c3b25f2cff91,var_1442,no
_r0bd2d50c42877e,var_1447,no
_r816402c44d3fab,var_1448,no
_rd991b880517059,var_1450,no
_r4a0bed8776c782,var_1451,no
_rd6f90daca2fc28,var_1454,no
_r61e32e5d203a12,var_1455,no
_rb1356166582c68,var_1457,no
_r1befdb20614c1f,var_146,no
_r7c4fb9aa4c27d6,var_1460,no
_ra6cb4f38afe657,var_1463,no
_rf53630f8c3870a,var_1464,no
_r944ef0c24107e4,var_1465,no
_rc624e43af9f346,var_1466,no
_r49b1fff5efc998,var_1469,no
_r42cb358bba1aeb,var_1470,no
_rbd2d1159674ede,var_1471,no
_r1ad07613eda21a,var_1472,no
_rb1b5ccd3591f6a,var_1473,no
_r61f56e2c79faf4,var_1474,no
_r56e4432b5e0f93,var_1475,no
_rb63a2c97c9041b,var_1477,no
_rb9ff0acbdeb6ed,var_1479,no
_rea0e382d7a509a,var_148,no
_r67e4f030c24bf5,var_1482,no
_r5f2bc20d954c1c,var_1483,no
_ref28f2f73ba0ce,var_1484,no
_r098d901fcdfb21,var_1486,no
_r259807dd91c949,var_149,no
_r751e18ddae4e13,var_1490,no
_ra2727ce0646f57,var_1493,no
_r7e55a9f06f1e78,var_1494,no
_r4f5897071819b2,var_1495,no
_r21eb635061b450,var_1496,no
_r190a454643eb2d,var_1497,no
_r1aa8bd0fc415c6,var_15,no
_r888d2961919646,var_150,no
_r733e0834ca4429,var_1501,no
_r9d448e39cf1ea2,var_1502,no
_r24d703e218fe95,var_1504,no
_r630a38bd0c0c8f,var_1505,no
_re4a1fdafd7383b,var_1506,no
_r7ed6ae47dfc34f,var_1507,no
_r0d56341a1269eb,var_1509,no
_r938b9d3789a000,var_151,no
_r842c2e884c1a8c,var_1513,no
_r18c35e032f3758,var_1514,no
_ra76dd211026c7a,var_1524,no
_rd3b14271709c2e,var_1528,no
_rdb096fbbf5b925,var_1529,no
_r6433016e9257f1,var_153,no
_r1043df37897037,var_1530,no
_r087732135876e3,var_1535,no
_r2991c495134c31,var_154,no
_rc406ea13c9ec2f,var_1542,no
_r57b60b878074ff,var_1543,no
_r77d6ce78241d53,var_1546,no
_rba823649c2c509,var_1549,no
_r57a586d74ad396,var_1550,no
_r98750df0296eb4,var_1552,no
_re4bb47f0c2cc9f,var_1554,no
_r5ebd0e10e1dd2a,var_1556,no
_r00a590f84c9c20,var_156,no
_reeb0ab9dbb8ad1,var_1562,no
_rb8fd74592a457a,var_1565,no
_r6f4e12ecefebc6,var_1568,no
_r0a28c8e437d39a,var_157,no
_r07aecc97b69f90,var_1571,no
_rf5d10de2bff1a5,var_1572,no
_r3ff8a39e210a0b,var_1573,no
_rf93700df557fed,var_1577,no
_rae39bfec201e57,var_158,no
_r3a52236f75bd2a,var_1582,no
_r54d34c0340cb9b,var_1585,no
_rff94ec0e6a16cf,var_159,no
_r62a785ddeeb27d,var_1590,no
_ra45ee824b53588,var_1594,no
_r4c34d58d11c613,var_1596,no
_rfd6f0746e2639e,var_1598,no
_r6733e896ac8fd3,var_1599,no
_r430178503b8303,var_160,no
_r1f5139bbcd75a6,var_1600,no
_r929dac0293897b,var_1602,no
_r1e523369723a58,var_1604,no
_ra8fcbe4caadaaa,var_161,no
_r44ff451d74f28f,var_1610,no
_r6ef8abd8f31f1d,var_1612,no
_rb093bc8ef1b4da,var_1614,no
_rb744d49107632b,var_1616,no
_r411d6830197681,var_1618,no
_re7c0dcbca0b327,var_1619,no
_r257bccd508adaf,var_162,no
_r0e008a67d33362,var_1622,no
_r32a15f5443bb0e,var_1623,no
_rf9697923170a45,var_1625,no
_r59d2a55ca5a0c9,var_1627,no
_rb2a9dc94720303,var_1629,no
_r923328270231eb,var_163,no
_r4c093f44920e2c,var_1631,no
_rd41e6961a0bd37,var_1632,no
_r5521758752b987,var_1633,no
_r166f1163c5d97c,var_1635,no
_r9826b78d790da6,var_1639,no
_r6cab6873e03c32,var_164,no
_r68960527342eba,var_1641,no
_r514493d8d3787c,var_1643,no
_r7c2099128614cd,var_1645,no
_r12b21c3393dc0b,var_1653,no
_r15f92cc5497beb,var_1655,no
_rbe0cb4d7f73c8f,var_1657,no
_r156607a5b4c961,var_1658,no
_rde9392b7cf6628,var_1659,no
_r1b335b44b3c374,var_166,no
_r428b2be5963b22,var_1660,no
_r76add1c15efae3,var_1661,no
_r13d975f04a4a36,var_1662,no
_r73a19f94237882,var_1664,no
_r1367560324a240,var_1666,no
_r95794d38f87c9b,var_1667,no
_rd065b47ae1c38b,var_1668,no
_r061bb976b25224,var_167,no
_r69471e4afa45f0,var_1672,no
_r302cc8044ed2e1,var_1676,no
_r837b3a06b5b4e0,var_1678,no
_r1dcb1a68b182bd,var_1679,no
_r49df3b29f3ec6f,var_1680,no
_r88634965729c8f,var_1681,no
_r135fd968a5c974,var_1687,no
_rd6f3880b0f3f3b,var_169,no
_rcd183c7ad886d6,var_1690,no
_rf840d8e2beafbf,var_1692,no
_r9fda5d97c6766c,var_1693,no
_rc75f2e162a2b91,var_1696,no
_rf291d3bf850ebd,var_1698,no
_r52352002ff0e07,var_1699,no
_ra02d387d1e8e8c,var_17,no
_rd261ce53ae67b3,var_170,no
_r63ac6813ff873c,var_1700,no
_r06c3f695147fa8,var_1701,no
_rf03bfb6e7bc4c8,var_1702,no
_rf36ae9464960b5,var_1703,no
_r7e5b0b26cd236a,var_1705,no
_rea54dd589c6417,var_1706,no
_r5be655d40fead9,var_1711,no
_r6d51781c7270ed,var_1712,no
_r1aa8d75594cbba,var_172,no
_r9d64a604625e76,var_1720,no
_r1cc86412db622f,var_1722,no
_r96e992476cc8b8,var_1724,no
_r25b57263f8ce7f,var_1727,no
_rd540ede998ea3f,var_1729,no
_r21298c121135b1,var_1730,no
_rabdcf153be0e54,var_1733,no
_raa9c678f910876,var_1734,no
_rf16ad8d275fe78,var_1735,no
_ra97c79dd5303ed,var_174,no
_r0da68c25144f14,var_1743,no
_r0cf3ee97ce8ac0,var_1748,no
_rd3c48fcfa2f637,var_175,no
_r4f50e3006805ba,var_1752,no
_r593a4d896577d1,var_1753,no
_r0ef5bb610e6e84,var_1756,no
_r91b4948c81b204,var_1759,no
_rbf99008fb49253,var_1764,no
_r8c63a1961e8ccb,var_1767,no
_r07044e7143944e,var_1769,no
_r11c5284bccb5be,var_1770,no
_r234ad14e56306d,var_1772,no
_r554ac756e82589,var_1774,no
_r229bf74c15663b,var_1775,no
_re0e37eab1c7706,var_1776,no
_r3873844618ca2c,var_1777,no
_rc237b19fdefb7d,var_178,no
_rb6e11a17038118,var_1788,no
_r4a94b350919aa8,var_179,no
_re90f921245d5b3,var_1790,no
_r07c97000ec8ce5,var_1797,no
_rd40bdc403b32ba,var_1798,no
_rc3f261790b0f00,var_180,no
_r0a0e2dcad24c84,var_1800,no
_r326adc56dc4352,var_1802,no
_r112c18f20c34db,var_1803,no
_r0bbc0e48671f57,var_1805,no
_rc38191e51bed96,var_1808,no
_r2491d5ca2b9d78,var_1809,no
_rae5d8e69e1730e,var_1810,no
_r82f492552aeeea,var_1811,no
_r8b895a91c989ed,var_1815,no
_rdea8343250e037,var_1816,no
_r1154930d6c84c8,var_1817,no
_r8aa9755e3e71c8,var_1822,no
_r67b1c81fb248a1,var_1823,no
_r0214ecf3a915e7,var_1827,no
_r811a5e1c6eb19d,var_183,no
_rec27710cc7ba3b,var_1835,no
_rf80a1145c678bc,var_1839,no
_r8c19de7c4ee66e,var_184,no
_r6eb03156a7101f,var_1841,no
_rd01fafa43ebeaa,var_1844,no
_r4d075ddc453508,var_1846,no
_r45a326b65b1913,var_1848,no
_r08dd47f2b9d8e2,var_185,no
_rd1ee4fe04f3eec,var_1851,no
_rd44ea436748f6d,var_1852,no
_r53f768d692059d,var_1854,no
_rcc60e3ca7255b8,var_1855,no
_r55090a7297eaea,var_1857,no
_r1d5bb2b4be8ed6,var_186,no
_r153a0462a0241a,var_187,no
_rc7aa5235d91961,var_1870,no
_r303b4d8a2a763b,var_1871,no
_r0a0878e2dfad47,var_1872,no
_r6d8218302ddfc6,var_1876,no
_rb8e17d224db178,var_1877,no
_r465ec95ae862c2,var_1878,no
_r2bbd122705c861,var_1881,no
_r76c9bd2836c02a,var_1886,no
_r0c6d1f3ab4c85c,var_1889,no
_r92762114520547,var_189,no
_rc91d2cffec6fbf,var_1892,no
_r92019aad12a13e,var_1895,no
_rf65bc6f27c22e7,var_1897,no
_r265932755e3ba8,var_1899,no
_rb073ac1ca7c16e,var_19,no
_r2cfcc1b0763c64,var_190,no
_r71507863fa9bf0,var_1903,no
_r678bc1c8be80b5,var_1905,no
_rbe31e00477625d,var_1906,no
_r4a75d681223750,var_1907,no
_r916befeefba7d9,var_1908,no
_rb8f0c05d163718,var_191,no
_r067c6165d92bb6,var_1911,no
_r11e9b4be32540c,var_1914,no
_rc59840c597cf3a,var_1918,no
_r9e9f703297e986,var_1920,no
_r7e9aef53f0413f,var_1921,no
_rc9eb572399b475,var_1923,no
_rb05298ea4e65fa,var_1927,no
_ra1eeb0ef92f599,var_193,no
_r829a491f022cc0,var_1931,no
_r7d9fc6943fcf66,var_1933,no
_r0a459f06dea253,var_1934,no
_r102570f8184a8c,var_1938,no
_ra96bc12908eddf,var_1939,no
_rdf2c60cee06c28,var_194,no
_rf0f4f8288d694b,var_1940,no
_r47106a1897e112,var_1946,no
_r69099c943d2347,var_195,no
_rbf12b80868410f,var_1951,no
_rb7e59b721c0ea5,var_1952,no
_r932ab5b2019879,var_1954,no
_r7fa4232ad223d8,var_1955,no
_r69fbdc28756af7,var_1957,no
_rb5bc333e1199fe,var_1960,no
_r16fbf47408c638,var_1961,no
_rcff3e11e63f6a1,var_1963,no
_ra687b0c4587993,var_1967,no
_re6676dbe8ef362,var_1971,no
_r9ab2c89385354e,var_1973,no
_r8642924b60e02a,var_1979,no
_r265183f67eff85,var_198,no
_rc37ebe40f099da,var_1980,no
_r8b20f22b692efb,var_1985,no
_r7cbe3137b079bb,var_1988,no
_r2a72a15464e5cd,var_1989,no
_rbd405ca48f063f,var_199,no
_re421daa0035765,var_1992,no
_rbd0c18bfed2ff6,var_1993,no
_rc5c9ecfae77cb6,var_1996,no
_rc9c31e3ec13ecf,var_1997,no
_r18e84f6935875d,var_1998,no
_refbb399969d35b,var_1999,no
_rdc0ba83bbe0a57,var_20,no
_r17deb7ee392e49,var_2003,no
_r40475e88a50297,var_2004,no
_rd538e38472319a,var_2005,no
_r0e4b316b4892ed,var_2007,no
_rddf9d5be681fc5,var_2008,no
_r32b3c30e7bc87e,var_201,no
_rbc26b3be1449e2,var_2010,no
_rf0e9508ef18dd8,var_2011,no
_rc71cd077681428,var_2012,no
_ra1d77240cc9b31,var_2015,no
_r66182b4ad74080,var_2016,no
_raa58e22d738725,var_2017,no
_r0d62624da926f6,var_2020,no
_rb2c3bb28725a46,var_2021,no
_rc89c4c87c91b75,var_2022,no
_rc4039a77e9985c,var_2024,no
_rd6a00592c0c716,var_2025,no
_rc8431a3885d845,var_2027,no
_r0a3c4f23e12d54,var_2028,no
_r281b2c24bd6cfb,var_203,no
_r9a376acecc190b,var_2030,no
_r60bed8906befbb,var_2031,no
_r737fb917649262,var_2033,no
_r8934ce15ba54ef,var_2036,no
_r895e153bbfd789,var_2037,no
_r92ee02bcf5fc9f,var_2039,no
_r6d28d3cb4b07ea,var_204,no
_r6c95fc143c02ee,var_2040,no
_r8d79b992150985,var_2043,no
_ra5f2da483ffdc5,var_2044,no
_r2958334c05ba91,var_2045,no
_r7bdef1b05ca18c,var_2048,no
_r1835cee1397ba8,var_205,no
_r898180c7f66257,var_2050,no
_r20acf822d6a6e1,var_2052,no
_rf02b835de13e81,var_2053,no
_r38d7934547470d,var_2054,no
_rf42fd045478749,var_2055,no
_r802653ff2e2efd,var_2058,no
_rf22d685986dcc1,var_206,no
_r9d89e623bf315f,var_2061,no
_r9bdf48970af888,var_2062,no
_rde7f60e5073092,var_2064,no
_r388105c97ed611,var_2065,no
_rc9196094796da8,var_2068,no
_r8f9e480104fe32,var_2072,no
_rb7bd79aa9e906b,var_2081,no
_r227b573c5628c2,var_2083,no
_r0ab69bdac27472,var_2086,no
_r07b1e94252c719,var_2091,no
_r7524ec3f6e4699,var_2093,no
_r5f4063e21195f8,var_2094,no
_r4be83e338c07e5,var_2095,no
_re6463dbb4fea19,var_2096,no
_r9b341501b71cd8,var_2098,no
_r5fcb76e22f2436,var_21,no
_rf80a203acc2d75,var_210,no
_rc0415daf1a14cc,var_2101,no
_r1f34141a234661,var_2102,no
_r91b2b7e534eca6,var_2103,no
_ra7cca41ba137c8,var_2106,no
_r43d4972214b4a4,var_2109,no
_r418323861d88cc,var_211,no
_r3b4cbbb7784d59,var_2116,no
_r28d90c6d170c34,var_2117,no
_rb855d7f0122cfb,var_2121,no
_r2ec5fd8ea16c12,var_2124,no
_ref0c737a9351cc,var_2128,no
_rf95dc16ebcb266,var_2129,no
_r1fac1823035fd9,var_213,no
_r45ea198aacacc7,var_2130,no
_rd349ea4d4448d9,var_2132,no
_raeee43e3b7ad5e,var_2136,no
_r90598b84ba5a26,var_214,no
_rbb82e18edb1abe,var_2141,no
_rebef9481bcfd57,var_2144,no
_r8c9409c9ff40a3,var_2146,no
_r543841589b7232,var_2147,no
_rcac36dd1269576,var_2148,no
_r9794cb0f17a7dc,var_215,no
_rf1ab7f61508d65,var_2150,no
_rfc69a1cf5e7807,var_2151,no
_rb017bbc29e8608,var_2152,no
_r90c68162f7b425,var_2154,no
_r1f9fb65e72d041,var_2155,no
_rc0094580c04f04,var_2160,no
_r577dbabd3c7171,var_2161,no
_r26f1cf9028e425,var_2162,no
_r3a63ebf0e5e2b3,var_2164,no
_r85da061b77a443,var_2168,no
_r5ee59d79ffdd68,var_217,no
_r04d7bcfb6b9cf6,var_2170,no
_r4505f6e69af3db,var_2171,no
_r8769e518673384,var_2173,no
_r2da7f66de0fe0d,var_2175,no
_r4d9c5102137bae,var_2176,no
_r3b4d95cd6e3a0c,var_2177,no
_rb151e9d7499341,var_218,no
_r91f19154361ebd,var_2180,no
_rf7f2d96931f9bf,var_2182,no
_rcb99049b22bcd5,var_2184,no
_r32634e7df919e3,var_2186,no
_r0e9a35e1b2cbfb,var_2187,no
_rf60ac153cb2c30,var_2189,no
_rb24b686c7959d1,var_2192,no
_r0d766a87357958,var_2196,no
_rf643a67bd5b712,var_2197,no
_r2ae6cc5ae51e75,var_2199,no
_r554df9d063fb83,var_22,no
_rb26f8cd90b0ba7,var_220,no
_rdb29e86bb033f1,var_2201,no
_ra550d14b0d3431,var_2203,no
_rb7b985d801a90d,var_2205,no
_ra80b8bf5dd55cd,var_2206,no
_rb481bb68bf338c,var_2207,no
_ree13df26e4a994,var_2209,no
_r846530b4c32a8c,var_2215,no
_r9616bbd373defa,var_2217,no
_r62efbda24ac34e,var_2219,no
_r4bb604f79ec329,var_2220,no
_rdfd9fc52186e43,var_2222,no
_r7421eca1fa1710,var_2223,no
_r9c8903aef64cbd,var_2224,no
_rb86379e039b8c7,var_2227,no
_r32334a3d19c6cd,var_2228,no
_rb7e71645d9e0b3,var_223,no
_rafbb3422295706,var_2231,no
_rd75082badb4d98,var_2234,no
_r3db201a593465b,var_2237,no
_r7e190089903a33,var_2239,no
_r822b5227bb760a,var_2242,no
_rd1ce94429954fb,var_2244,no
_rd178ceea3eaf96,var_2247,no
_ra0c47a44a9ef08,var_2249,no
_r2a848eb9e3d6a5,var_225,no
_r04aface983ec37,var_2252,no
_r4ca4b744d42f1c,var_2253,no
_r4d5d62703edc2c,var_2256,no
_r5a508f1a108044,var_2257,no
_r221916fa144037,var_2260,no
_rd86fb2c8d538d8,var_2261,no
_rf1fb4b9d5f0c9b,var_2263,no
_r428eda6f6ebf75,var_2266,no
_rdbb28029fb6298,var_2268,no
_ra4378fe6ab8bfb,var_2270,no
_r5f524771087f0d,var_2272,no
_r5c815e3dbc381d,var_2280,no
_rfec85c6fde5832,var_2281,no
_rd16405c24b7559,var_2282,no
_r4fc39d18366fd1,var_2287,no
_r087ae607cc8615,var_2288,no
_r5cbb8053bfeb16,var_229,no
_rcb1be406dc03c7,var_2291,no
_ra913bf63d03ce5,var_2300,no
_reefe6e1d7a5a1b,var_2302,no
_rcd0209bdafaa7b,var_2305,no
_r517158a6683dde,var_2306,no
_rb3fd3444a789c0,var_2307,no
_r025152daf38a8a,var_2308,no
_raf3f3348e2e9c5,var_231,no
_r77417fd8146c7b,var_2312,no
_re16093827db0e2,var_2313,no
_r90c58b88601120,var_2315,no
_rc2f25fa944262e,var_2319,no
_r5da29e0970f47f,var_232,no
_rad75dae7400904,var_2320,no
_r6bc2f88b595a38,var_2321,no
_r45f7241ae2a7a1,var_2323,no
_rf3e85c9d1b26b5,var_2327,no
_r990bdb143b58c6,var_2328,no
_r21a75be91668b9,var_2329,no
_rd0d853bcea2c0f,var_233,no
_r044b39de86f279,var_2332,no
_refd3e05752508f,var_2333,no
_rf81d8e6c874fb7,var_2334,no
_r685d197291f68a,var_234,no
_r6129c4146318bc,var_2343,no
_r1e67681bb981d8,var_2344,no
_r293e628a886db6,var_2346,no
_r69e8f7cee21c48,var_2347,no
_r99bca83a48ab9d,var_2349,no
_re14f8bc5f331ee,var_235,no
_r1cefc2ca57b3b2,var_2352,no
_r8b68ad5af692c2,var_2353,no
_rf0586925f3c50c,var_2355,no
_r803da21e78231a,var_2358,no
_r0ac2e394f64c3d,var_2359,no
_rf139ee0cf0da13,var_236,no
_r4f96af0f8766ac,var_2360,no
_r65c826c963dc7b,var_2361,no
_r4039e35c2801b9,var_2362,no
_r8a463cccd1403a,var_2363,no
_rad3e002c2c60c7,var_2364,no
_r08c883015aaa37,var_2369,no
_r136e5d4e3600d0,var_237,no
_r480fc4a5165497,var_2371,no
_r9d9da49d881794,var_2374,no
_rc14220e58b73c5,var_2376,no
_rf39b170111071a,var_2377,no
_r55901dddc218bb,var_2379,no
_r177c57876ded75,var_2383,no
_r2a119db0e6a46d,var_2384,no
_rfa92f2590229b4,var_2386,no
_re90c09e183a596,var_2390,no
_rba63eb94f1b8e6,var_2391,no
_r93b3d0d5f344fa,var_2395,no
_r212a1a8bed829a,var_2396,no
_r3dd3f911d14f73,var_2398,no
_ra4f494e476d1a0,var_2399,no
_r9413019ab3a622,var_2400,no
_r111256057df8a7,var_2401,no
_rea9e396a3c339c,var_2402,no
_r3a7302fb5f44a7,var_2405,no
_r36ebc41d329a18,var_2407,no
_r517d8d439a7c06,var_2408,no
_rc47c695c18b727,var_241,no
_r19fa45b34dae17,var_2410,no
_r0cde2a4b851409,var_2415,no
_rbc2c6dbe0996f2,var_2416,no
_re9b681d5addf04,var_2418,no
_r649328902250ab,var_2419,no
_rd0b0375af2acad,var_2425,no
_r7641130cf0cbcf,var_2427,no
_rc836271a84d423,var_2429,no
_r24579770dbb29b,var_243,no
_rf7ff9640a34ad8,var_2434,no
_r11d9d0e8187b9e,var_2435,no
_r2cd5491a3d0267,var_2436,no
_r036cd73501074b,var_2437,no
_rcbbe3fc6757bbb,var_244,no
_r978604914ca8f7,var_2440,no
_rfb6552b96b57b8,var_2443,no
_rb597749530c2e5,var_2445,no
_rf7df3277eb1175,var_2449,no
_rb5a0b191f21f9f,var_245,no
_r47bd09255a3380,var_2450,no
_r02584b055dc114,var_2458,no
_r0aea8af9bce280,var_2459,no
_r92b60e266db991,var_246,no
_r758eb94b10b61a,var_2462,no
_r7961b4cbbd658c,var_2466,no
_r00ee6a231d96e1,var_2468,no
_r5553f94aa73d74,var_2469,no
_r05af1f65cfeaa4,var_2470,no
_r519c966ead6eab,var_2471,no
_r6bf5a719884610,var_2474,no
_ra0dc093bf4f215,var_2475,no
_rc8f84cdddc6b12,var_2476,no
_ra999d1de870494,var_2477,no
_r173e1b5dc0695d,var_2479,no
_r63778d71c7bbfb,var_2481,no
_r3c615be9b34959,var_2482,no
_rf90a42480407c8,var_2487,no
_r5f04a3da84a5cc,var_2488,no
_re4fcb6fd96376f,var_249,no
_r835547f4a8cd49,var_2491,no
_r0469a841bc5e1b,var_2492,no
_r94d7cec8a99661,var_2493,no
_r41baef1ba99b7a,var_2494,no
_r2ba68553d49474,var_25,no
_r98fc4209f86248,var_2501,no
_rb33b0bcd2cdb4b,var_2502,no
_rb15fb292e94ce7,var_2503,no
_r2c3524c954bfba,var_2504,no
_rab342f3e1510d2,var_2505,no
_rf37fbd68ae7f04,var_2506,no
_r1f93cdfc10f4fd,var_2507,no
_rf277cf6aba2d11,var_2508,no
_r2903496d8b7e76,var_2509,no
_rc9db289ebd6687,var_2511,no
_r791f89c2b60e39,var_2513,no
_ra802f7b3a3a3e0,var_2517,no
_rd8f62bba597926,var_2518,no
_r92a2c07463f8c4,var_2519,no
_rf609e9eb614c2d,var_252,no
_r36e7fb0f0913f2,var_2520,no
_r724548ca96824a,var_2521,no
_r5f59feab9bad66,var_2522,no
_rd6207a3eb880cc,var_2523,no
_r20bd6a1e01c560,var_2526,no
_r2adf41880a7df6,var_2527,no
_rc5131699354fe6,var_2528,no
_rabceddb5239786,var_253,no
_rfcb3560e7efb5e,var_2531,no
_r39f3f81587c847,var_2539,no
_refed77404711d9,var_2540,no
_r18799f54a85f78,var_2541,no
_r75644be6c8121b,var_2547,no
_r03efbf64ae3ec2,var_2548,no
_rcca276955883e0,var_2549,no
_ra649b2da2069d4,var_2550,no
_r603fcf27b3d2b7,var_2552,no
_r48a9205a61f054,var_2554,no
_r3d2da5e564e51e,var_2555,no
_r6302bdc2854795,var_2557,no
_r3ca1a133ebdf14,var_2561,no
_r38860063d04cc4,var_2562,no
_r6d5f35354ef88e,var_2563,no
_r231423347be00e,var_2568,no
_r986f720eed64ac,var_2569,no
_r5ee3c6ebc1395b,var_257,no
_r16c6bef5ef3f74,var_2570,no
_r8083447c03337c,var_2571,no
_r481454430ed205,var_2573,no
_rad1207aa6f6e9a,var_2574,no
_r7a57117a92fbd1,var_2575,no
_rd23ae843b72720,var_2577,no
_rbdf73d5afc4b27,var_2578,no
_r43f475d24b8f4a,var_2579,no
_rd0e6bd2adebb5f,var_258,no
_r7d3a2d3c4cf41b,var_2581,no
_r140f774f2b28e0,var_2584,no
_r71be46d272bda4,var_2586,no
_r88149890566477,var_2588,no
_rc715b1af0d803d,var_2589,no
_ref5ead0d75ba6d,var_2594,no
_r4a533b5217f66a,var_2596,no
_r2d27fceb8c9710,var_2599,no
_rd2cab3d2664dd4,var_2605,no
_r41f9b5fe651827,var_2608,no
_r3f203868f14689,var_2609,no
_r2e2952864b29f7,var_261,no
_r7baf89334b9d00,var_2612,no
_r4d36ec22cb085e,var_2616,no
_r05772fd15c3231,var_2618,no
_r86cca559f113d2,var_2619,no
_rf0f8f6f45aba66,var_2621,no
_rb99809ad729a32,var_2623,no
_r3e1b8ef3620d88,var_2624,no
_ra1bfc1b1c9cedb,var_2627,no
_rcbae89fbfff370,var_263,no
_rc4c07bb1946799,var_2633,no
_r556153b0921f35,var_2634,no
_r0379b66c258efe,var_2635,no
_r50148ee3a8bf0c,var_2637,no
_r2737754b691a5a,var_2638,no
_rcd572b9c6a42a7,var_2640,no
_rca2e48e3fd5774,var_2641,no
_r3e162fc369fe53,var_2642,no
_r4f9415774a4707,var_2645,no
_r3b05be42d9f087,var_2647,no
_r9def8e771dac12,var_265,no
_rda8d4a38ca98dd,var_2650,no
_rbd07dfa4c58f33,var_2651,no
_r192062adb61051,var_2658,no
_rbc0966a1e3eff4,var_2660,no
_r4f4a9e51c2196d,var_2661,no
_r37490818699ed4,var_2663,no
_r88830b70e0dade,var_2665,no
_r41dbc35a09706a,var_2666,no
_rf1a47917776f28,var_2669,no
_r78679414057fc6,var_267,no
_r440254cbbd757e,var_2670,no
_rd705b5132cc01c,var_2671,no
_rd0ea15ec3a1e69,var_2673,no
_rda1a2449b4941b,var_2674,no
_r37546b563c2c10,var_2678,no
_ra6aaf991ca6206,var_2682,no
_reb98697a2266fd,var_2684,no
_r0c82f42714eddf,var_2686,no
_r8742085e37e2e0,var_2687,no
_r62ab2a411293a4,var_2688,no
_rc958e815e1629e,var_2689,no
_r67f9b65f954304,var_2691,no
_r7d7facc0faa694,var_2692,no
_r1e4ea5830ea0e3,var_2698,no
_r897e010141f10f,var_2699,no
_r610ce7693f4c1c,var_2700,no
_r549c983289afef,var_2703,no
_r604dc6a9c34dab,var_2705,no
_r1b2052c2650cff,var_2706,no
_r11e02360407734,var_2707,no
_re23eb75fc10bd6,var_2710,no
_r1e1180e30b9779,var_2712,no
_r9022ec8b6fabfb,var_2715,no
_r03c24bf8a6e7be,var_2716,no
_rf10d6ca5d67400,var_2719,no
_r66b71140c5315a,var_2720,no
_r43a2c0caeb55ab,var_2722,no
_r1a781979cc2dfa,var_2723,no
_r54034fec14d4f2,var_2724,no
_rf4efa8ac33a26a,var_2725,no
_r620a28a4d6db10,var_2728,no
_r91a50719773455,var_2730,no
_re9bde77b50e36b,var_2731,no
_r1d8c7dacae7479,var_2732,no
_r61465d8b53e067,var_2733,no
_r455f995dc78a95,var_2735,no
_rc34171f1a24b42,var_2736,no
_r12d2e5ee3d9a4f,var_2737,no
_r5e364d70166ab4,var_274,no
_r227e746f4889e6,var_2741,no
_r889629ec2a1e86,var_2742,no
_r897d4ac97311db,var_2746,no
_r0766111e22dccf,var_2749,no
_re8d83d0342e020,var_2750,no
_r1ed9b7a316a5c6,var_2751,no
_r42b4a245d13083,var_2752,no
_r622d15bd92d249,var_2753,no
_r993cf96cf1478e,var_2755,no
_rae289c696db6b9,var_2756,no
_r53e204774b5224,var_2757,no
_rb6df6b27131d05,var_2758,no
_r9fcffdc67109e1,var_2761,no
_r37e114bcd48cf0,var_2762,no
_radcdccf9fb95fa,var_2763,no
_re5615f6be5833d,var_2769,no
_r51b2e2617e354f,var_277,no
_re5e93a441fa289,var_2771,no
_r283a34de6e10d1,var_2772,no
_r968d386cbdb70b,var_2773,no
_r4f774bc69ff993,var_2775,no
_re1a0e373bb0ffc,var_2777,no
_r4f606c2424a0f2,var_278,no
_r0ca8ced8881ea8,var_2780,no
_r94b6f3910bb47b,var_2784,no
_r08f567bfca79b1,var_279,no
_r1b501e6c678ba9,var_2792,no
_refe7f8b6e4907f,var_2795,no
_ra181d3ffddf975,var_2799,no
_r93e4dd72d86d99,var_28,no
_r29732da5090a64,var_280,no
_r80e72a324b783a,var_2801,no
_rf39ced6dfdb97b,var_2803,no
_r0cd1343b6196ea,var_2805,no
_r3ee9cd248bda29,var_2807,no
_r406130c4fd59cb,var_2809,no
_rdc9945eeab8d16,var_281,no
_r1d12f13052c2a7,var_2810,no
_rb385e32676caf1,var_2811,no
_r2b6754d9f218c5,var_2812,no
_r771892ef823faa,var_2813,no
_r7e0c6eef4ccde1,var_2815,no
_rd4e86bb8ffa843,var_2816,no
_redca5ae059cf6a,var_2817,no
_rfe05e83546a7d7,var_2821,no
_r90dcd218536b3e,var_2822,no
_re40eee9e1203ca,var_2825,no
_r17e0af4e1aefda,var_283,no
_r2bfb0c10038363,var_2835,no
_ra73462c7f3cccf,var_2838,no
_ra9ca567f027245,var_284,no
_r6b2b397057e663,var_2841,no
_rc508897badddd2,var_2842,no
_r51b6865ce9cf40,var_2844,no
_rd2a6d0deed8058,var_2847,no
_r12928711b9c2fd,var_2848,no
_r15aad4e652db71,var_2851,no
_rbd6b252cd2643e,var_2853,no
_rc8b96f2477ff7a,var_2856,no
_r640267c5c6a8f8,var_2859,no
_r40728b5a3e2a7d,var_2860,no
_r4b51018620927e,var_2862,no
_r179946b3eb53b0,var_2864,no
_r45013e37b7efad,var_2865,no
_r4728fa254b9978,var_2868,no
_r21ab56cf4d79ae,var_287,no
_rffe87790396983,var_2870,no
_r10a35ae7088b9b,var_2874,no
_r212f384c53c99c,var_2876,no
_rf924f8f51912a4,var_2878,no
_ra620807fdb9d94,var_2880,no
_r4e2454f0822efd,var_2881,no
_r0019a462b0e616,var_2884,no
_rf395b9397ba215,var_2885,no
_rc71cae17b5fd1c,var_2886,no
_raaed5bb7918e67,var_2888,no
_r31f0882b4d5d77,var_289,no
_rcfb15334bf33f0,var_2897,no
_rfad7d79d29a21f,var_2898,no
_r205793c85d6561,var_2900,no
_rc69b4733435ed6,var_2901,no
_ra169ff8eecd5c7,var_2905,no
_r5d62e45aea018e,var_2907,no
_rd5daf8b541dec6,var_2910,no
_rccf00abe92c4b7,var_2911,no
_rb35fc7ce33c62d,var_2913,no
_r6e6e0205a182e1,var_2915,no
_r9e626843169ec1,var_2916,no
_rfeab401b57157e,var_2917,no
_r574425b146fd76,var_2918,no
_r3c36790a52958f,var_292,no
_r535623216b9984,var_2920,no
_r275289bb610bdd,var_2923,no
_ra76f6c57401c00,var_2929,no
_r5028b06a026257,var_2931,no
_r0beb4743d02dc5,var_2934,no
_r290197979b1815,var_2936,no
_rcffc8e42dca51e,var_2937,no
_r25e90e3d316a54,var_2938,no
_rb0ebb37849d93d,var_2939,no
_r940422a01ebd94,var_2942,no
_r22cce833b0caec,var_2945,no
_r79baaf5da64699,var_2946,no
_r4dd838ac5f3351,var_2948,no
_r6a7704bff229aa,var_2949,no
_r179cd414a3a279,var_295,no
_r6bcde139475bcd,var_2952,no
_re3b3091747b06f,var_2953,no
_rb387aafa0de115,var_2955,no
_rcc814260ef2a85,var_2956,no
_re054cfa4973e27,var_2960,no
_r33c026da890b57,var_2962,no
_r296078f3365c88,var_2964,no
_rad178e8d48167f,var_2966,no
_ra0e9df071c1248,var_2967,no
_r9f82944a38c0b1,var_2968,no
_read9f9702c9985,var_2969,no
_r7d34d3864ef7b4,var_2970,no
_r3a35af571e3d83,var_2971,no
_r29ad67dc415af0,var_2973,no
_r144cc9909505f5,var_2975,no
_r57966e1ad35f49,var_2977,no
_r818b3c5fb04982,var_2978,no
_r35b9e305fb24ff,var_298,no
_rfdac9c77e51a22,var_2984,no
_r78b049e30c1dd8,var_2985,no
_r57ff11936469cd,var_2986,no
_r31f96dddbc4972,var_2987,no
_r51ba4442388f0a,var_2989,no
_r5d00742cae007a,var_2990,no
_rfdf1998adc30be,var_2991,no
_r44c937d06bae40,var_2992,no
_r8be91fdde05d4e,var_2993,no
_ra3374a67ffd382,var_2995,no
_ra766b183ad0f63,var_2996,no
_ref16c613c71f8e,var_2997,no
_r778ae8a57e296d,var_2998,no
_r030d51ea77afd3,var_2999,no
_re0f1f3a529f501,var_30,no
_r550eeae0a4fc18,var_300,no
_rc9ef5571d7f6e9,var_3003,no
_r7d8a06a582934b,var_3004,no
_r36bca5724e2270,var_3005,no
_rde4467b13972fc,var_301,no
_r9a1b4f5f354bd3,var_3011,no
_rfa361c8608a1ab,var_3014,no
_r7d8768f7569c88,var_3016,no
_r35e9feb5deaa4e,var_3017,no
_rf83c0d02d566d2,var_3018,no
_r7154c4ec5fd93a,var_3019,no
_r1cfbe69528aaf9,var_302,no
_r765cf3b6f3ddea,var_3020,no
_r50f0e150b9f96b,var_3022,no
_rc7a99b1d2ca1f6,var_3023,no
_r98d7a5b603b61f,var_3026,no
_rc4face1e348f65,var_3027,no
_r1e4fb47ce955e2,var_3029,no
_re8c1b52f2867de,var_303,no
_r3bbf53752d1e11,var_3030,no
_rf7f1ca63de16ae,var_3032,no
_r648725a331f53c,var_3033,no
_r74b7f3840fbe4e,var_3034,no
_r138700d926265f,var_3036,no
_r5c4fb698f3340f,var_3037,no
_rca0cb0dd284182,var_304,no
_r6987b58dce3391,var_3046,no
_r31b4fb9e761174,var_3049,no
_r63736a04b5f54e,var_305,no
_rdbf2bd30d11d58,var_3050,no
_rc81a8ee07a8db7,var_3051,no
_raa54083fd5979f,var_3055,no
_rf88c103a9e477b,var_3057,no
_r8d6081cd770c32,var_3063,no
_re073b6790e8ad1,var_3065,no
_re97d652bfbce86,var_307,no
_ra97970d434d0b0,var_3070,no
_rc5e887446457c0,var_3072,no
_r6b1f007a3b36ad,var_3073,no
_r4a64593d11d85f,var_3074,no
_r1d3d8c17cdec0c,var_3075,no
_r9b5c406d123be9,var_3076,no
_raf67109aca1a0e,var_3079,no
_r6155dd02df6457,var_3084,no
_r650332a99ac829,var_3085,no
_re5719280c7bc35,var_3087,no
_rd063ce9971a570,var_3088,no
_rd7be78c7c6f56f,var_3089,no
_r3d687bddf323cb,var_3092,no
_r435ccbf4d5f287,var_3093,no
_ra0e0c1fb12de94,var_3096,no
_r25fcf46d9a5689,var_3099,no
_r4da5a036583fc2,var_31,no
_r529193cdfe28d3,var_310,no
_r25a7449e4f356a,var_3103,no
_r805f47dbed0145,var_3106,no
_rf4631defae1af1,var_3109,no
_r8d1f3f41e22582,var_3110,no
_r66ee7b92721f9f,var_3113,no
_r59f6c046345fef,var_3114,no
_re45d66a95e7b1d,var_3115,no
_re376fe52e0201e,var_3117,no
_rae3e60c466a2aa,var_3118,no
_rda6fd8d416216b,var_3119,no
_rad1632ff3f68bb,var_3123,no
_re7927165a65ac5,var_3125,no
_r5c4ac336b9c6c0,var_3126,no
_r4d8a9b6b618898,var_3128,no
_r65165a6fd67ee6,var_3129,no
_r7889fee6acd217,var_313,no
_r8f5cfa2be8c0c1,var_3130,no
_r86569c62fb8f50,var_3131,no
_r3f7ba9a1473870,var_3132,no
_r5a4329c18e28ce,var_3133,no
_r21bd2bb82c7d2d,var_3134,no
_r176e746da766f2,var_3135,no
_rf8172230b91039,var_314,no
_ra8253f6e792bca,var_3140,no
_rb92b5a85449ebe,var_3144,no
_r8b8a46abdadbcf,var_3150,no
_r8caad6b3c31d8b,var_3152,no
_r8d1a693329c13b,var_3154,no
_r606238cdcb78a8,var_3155,no
_re4af521a4e3f11,var_3156,no
_r9249ac27c4459a,var_3157,no
_r2a73cb8d5bf3d6,var_3158,no
_r385addffb8e773,var_3159,no
_r947fe061e0810b,var_316,no
_r92d6781f67a20a,var_3162,no
_re8b67f104a33d9,var_3163,no
_re14eeca7ce5aa6,var_3164,no
_r01f2fa522985d6,var_3165,no
_r0d65a16c553fdf,var_317,no
_r8ec11fef4dd704,var_3170,no
_r93ec800224be4f,var_3172,no
_r5c8f84f9dd9354,var_3173,no
_r5cd638039ad8d4,var_3174,no
_r943aaecc65ec38,var_3175,no
_re8c93eeb523816,var_3176,no
_r4ef57f79fc6f2b,var_3177,no
_r7a7b3a5ba8247e,var_3179,no
_ra51bc892524a09,var_3180,no
_r3b6edffe859553,var_3181,no
_r0b01c7639f0d65,var_3182,no
_r403bd9cfa0faf4,var_3183,no
_r2d8f093d69d1af,var_3185,no
_r9c01abd1a79f5a,var_3186,no
_r3aa7a5743bdde8,var_319,no
_r739133d5d14746,var_3190,no
_rd14ee40b9d7b18,var_3191,no
_rc730a9b7f39c21,var_3192,no
_r9699c9e666e411,var_3195,no
_r2873adad99e4b8,var_3199,no
_r36df5b7e3ec3c6,var_32,no
_r3b704efbe95c86,var_3200,no
_rd2483e156fdbd8,var_3201,no
_r78ca7bba7e9ce0,var_3202,no
_r37be46ce401a40,var_3203,no
_rdb5ad32d825be0,var_3204,no
_rc82f2f354f9c8b,var_3205,no
_r0182cd67a71663,var_3206,no
_ra341e4064b070d,var_3207,no
_r21cb09db862866,var_3208,no
_racaec45eab9a0a,var_321,no
_r005c83e2e66c51,var_3210,no
_r4fa0593b21a8e9,var_3211,no
_r879d1950657800,var_3212,no
_ra778d393b70544,var_3213,no
_r0aa7ba34fe2e21,var_3214,no
_r0f40b712182ed2,var_3215,no
_r278e0cbe5ef302,var_3216,no
_re570a283164833,var_3223,no
_r59d2e7364ecd08,var_3225,no
_r3585865c6e6fd1,var_3228,no
_r643d171a0abf2e,var_3229,no
_r7f970f313c79e3,var_3230,no
_r2d3c8db980f9a6,var_3231,no
_r5a1ea19d698830,var_3233,no
_r6a7416411ca803,var_3234,no
_ra45248b6eae38a,var_3236,no
_ra48ff652f8b101,var_3237,no
_r5a8f7d766a03a1,var_3238,no
_rc085cb7ce91c4e,var_3239,no
_reedc28a74bfacc,var_324,no
_r7a0ae452d9e050,var_3240,no
_r6450225ef92739,var_3241,no
_r8c7814b15b3a1c,var_3244,no
_r2bf282ad994247,var_3245,no
_r475f4dc77fc4ca,var_3246,no
_r79ae6780a4d924,var_325,no
_r9fd04b2ad7f4db,var_3253,no
_ra97b4c2141d260,var_3257,no
_r3ce405148f013d,var_3258,no
_r3dd9f57c9b4f10,var_3259,no
_raeec56a2a5b7ce,var_3260,no
_r7ae136bf253b3a,var_3264,no
_r05b048b163d344,var_3266,no
_re175b9c6213e2e,var_3267,no
_r2976b517dccff2,var_3268,no
_r3b575e35a24da7,var_3270,no
_r7cc5e99685d823,var_3271,no
_rf09c4177cc6df3,var_3272,no
_r15be1cca57bddf,var_3276,no
_rf79478d739aeb3,var_3277,no
_rc67668e049a99e,var_328,no
_r52b3069263db0e,var_3281,no
_rd09759d38965f8,var_3283,no
_re5058d98d0e516,var_3284,no
_red8a11f2311015,var_3286,no
_r38b5dfc0409638,var_3287,no
_r180e0f4eccf2d0,var_3288,no
_rffc54de6306f20,var_3289,no
_r7200b8fc7040b4,var_329,no
_r8415df1f03a308,var_3290,no
_r89610be44be1f2,var_3292,no
_r3c58c918cde31a,var_3293,no
_r14c28649a434d2,var_3294,no
_rca5858f742e912,var_3295,no
_recf5da4027f08d,var_3296,no
_rda6fc88a3f0281,var_3299,no
_raf1a79a1ba3d6e,var_33,no
_rb5704de7c15050,var_330,no
_rf21172269e1ea2,var_3302,no
_r63b321013339e4,var_3303,no
_rc46ba34b4f79cb,var_3305,no
_rf3208e5f616c79,var_3307,no
_r59e562216aabb1,var_3309,no
_r7f349487640e42,var_3310,no
_r93a0caa854dfbc,var_3312,no
_r80f3ea2c426c23,var_3316,no
_r9a9f016655d942,var_3318,no
_r18a0e5ec91afff,var_3319,no
_r120adbbf001cd5,var_3321,no
_r34d48b6f1d0196,var_3322,no
_r7e2d319a1fc41e,var_3323,no
_r781a6b7f4c8655,var_3324,no
_r59ba80b41fc95b,var_3325,no
_r7a3573dd15c98e,var_3326,no
_r52c71d680dbb98,var_3327,no
_rf306dbd6de4ace,var_3329,no
_rad1684aaeb4e83,var_3330,no
_r58915d16fd28b9,var_3331,no
_rc541849b91d153,var_3332,no
_r67472702466b9d,var_3335,no
_r9ede44c5c0ef69,var_3337,no
_ref262f3bb533f7,var_3338,no
_r86cc0d925b96c5,var_3339,no
_r78400b15ab84e2,var_334,no
_r7e03f0784c67f5,var_3340,no
_r6fa70990b3ca01,var_3341,no
_raed90448f00c8d,var_3343,no
_r1a530feb5265ab,var_3344,no
_r6c2561be6edb3d,var_3345,no
_rca9c8b708d0900,var_3346,no
_rcdc8d3885e7843,var_3350,no
_r75d0d0c43fa475,var_3354,no
_r26c2767fa66d88,var_3355,no
_rbd0f3d064c5308,var_3358,no
_rf4deced491304b,var_336,no
_r8641907524a258,var_3361,no
_rcd0bd71d01e1d3,var_3364,no
_r375b5c234e53f3,var_3365,no
_r96f18a081a8fd7,var_3366,no
_r5b9770b2a23850,var_3368,no
_r656bd405a14fbd,var_3372,no
_r0b009ab27c0a56,var_3374,no
_r1f983e820fecb9,var_3375,no
_r60bf6c1f26d8ba,var_3376,no
_rd9076811f33218,var_3377,no
_r922a52c14deb75,var_3378,no
_rb0fd6725e16b40,var_3379,no
_r1954e08aa32c6e,var_338,no
_ra4e10ae8508dae,var_3380,no
_r800fb8f0419061,var_3382,no
_radd8b13d490ba0,var_3384,no
_r053fc22c202f4d,var_3385,no
_rb43c5b4555c6a9,var_3386,no
_r0f9ca638d68d9d,var_3387,no
_re2b529007f6550,var_3388,no
_re0cfa0b2ede294,var_3389,no
_rbf8481fe952cfc,var_339,no
_r7105c557d0f25c,var_3390,no
_rea52b1b52401ff,var_3391,no
_rb74a3d71513509,var_3392,no
_rfb46eef91f9417,var_3393,no
_r526cfd0939fc10,var_3394,no
_r2599d8d68172ae,var_3395,no
_r29c9b1f031d62d,var_3397,no
_r10e12d2d305a13,var_3399,no
_re2fdb76d37ced5,var_34,no
_rcc4130ad837503,var_3400,no
_r4357a6ec41aa46,var_3401,no
_r343c3bc9b48063,var_3402,no
_r3e2a0b6ca2c847,var_3403,no
_r0f211761b12b20,var_3406,no
_rdaee664363fd4e,var_3407,no
_rfcb71a034ad1c5,var_341,no
_rc965dec0532288,var_3411,no
_r5c9355878d09a2,var_3412,no
_rd64075899ecfea,var_3413,no
_r07184c1d17be62,var_3415,no
_rae12e52bf49d1e,var_3417,no
_r0ccccc33acce8a,var_3418,no
_r54cf2d06acf16d,var_3420,no
_rfa5a2d1c939015,var_3422,no
_r40d654b31c7b18,var_3423,no
_r618bac72c8f918,var_3424,no
_rf732abf36be085,var_3425,no
_rb814fd48306a9b,var_3427,no
_r7a5c69c7386ce6,var_3428,no
_rbe2a317d079d16,var_343,no
_reb46254a65c8f4,var_3430,no
_rcf80c1bfbf63e6,var_3434,no
_rf15341bf9d709c,var_3436,no
_r1f6cdc7a0a7c01,var_3437,no
_r0710713b380dc8,var_3439,no
_r8411d4d94ff1a1,var_344,no
_racf89a8265ff7a,var_3440,no
_r6894190bf0f2ce,var_3443,no
_rd91e7f599bb5ab,var_3445,no
_r8921a73c27ea5b,var_3448,no
_r5502f5e30ad262,var_3449,no
_ref9222d643c42c,var_3450,no
_re101bba67f14da,var_3452,no
_r7da62e8a30d143,var_3454,no
_r3271cd009ed6dd,var_3455,no
_r2c21af3d3e648e,var_3458,no
_rc0fa29d50c0414,var_346,no
_r8666310937bc70,var_3460,no
_r1b920ccbd3c040,var_3464,no
_r7d08e3cc45922b,var_3465,no
_r348dbef38885b1,var_3466,no
_rcf8fbb6d897d55,var_3467,no
_rb6bf45224fb869,var_3468,no
_r3f3d1dda16b2a7,var_3471,no
_rdd4b7e6c1c19de,var_3473,no
_r165c31913c14af,var_3477,no
_r1d69f4bef9b1d7,var_3478,no
_r065f94f9e4b4ba,var_3479,no
_r562a619bb2b627,var_3480,no
_r76a20e87bee692,var_3481,no
_r19c00e75819125,var_3482,no
_r56d19157d60ee2,var_3484,no
_rb26092f823756b,var_3485,no
_rf58fcdfc614745,var_3486,no
_r233727e857f24f,var_349,no
_r641cf471faca2d,var_3497,no
_r99f6426fc44d8f,var_3498,no
_rcfc840d7823940,var_35,no
_r9665c3e5b750cb,var_350,no
_r053cf4ed45c7fd,var_3501,no
_r9967dc738bba83,var_3503,no
_ra21fd4b9f609a6,var_3507,no
_r2f4fc5b3cb3e56,var_3508,no
_rf2ec053f1cd176,var_3511,no
_r19fa5d4ceae083,var_3512,no
_rf72fb62a4dfa65,var_3514,no
_r0ec9f1c2110ca0,var_3515,no
_r209d00c8f33110,var_3520,no
_r9b246ca53c25a4,var_3521,no
_r09a8c88ea0e67f,var_3524,no
_r342754e8068efc,var_3525,no
_re80192fff2912c,var_3526,no
_rd0eff999e45dd9,var_3530,no
_r69515bcb16a68a,var_3531,no
_r322b3166b068e8,var_3532,no
_r7ca72116d771f3,var_3533,no
_r777d79f07041a4,var_3535,no
_r95ea6bd95ee527,var_3537,no
_r8f865f4b1a4b3a,var_354,no
_r1ffd81e4fa6696,var_3540,no
_r5b8afdb2c689fc,var_3542,no
_r5405b33586b1d0,var_3543,no
_ra4e9ccc6a76f26,var_3545,no
_r37ae55c5c19323,var_355,no
_r8278ae64fe83ff,var_3550,no
_ra14297947404eb,var_3552,no
_r5b4cdf0edbe372,var_3553,no
_re5a90740b6f4a7,var_3558,no
_r7558212566dd8e,var_3559,no
_r9795c409b1580f,var_356,no
_r1cda961b94faa8,var_3563,no
_rc5e7cd21d572ea,var_3568,no
_r7f151ea7382e6a,var_3569,no
_r4061eb98d29fcb,var_357,no
_ref0dddde204754,var_3570,no
_rb22807784f8097,var_3572,no
_r92a191f3d940bd,var_3573,no
_r46d695a89afe0f,var_3574,no
_r5a7e34ccec48f5,var_3575,no
_re56118053c7632,var_3576,no
_rb474b0158c9769,var_3577,no
_rc1fa21c88cb2cb,var_3581,no
_r5bcae9a59c5595,var_3582,no
_r30dd8dccca105c,var_3585,no
_rf6ed1455565e4b,var_3587,no
_r943d74425be161,var_3591,no
_r40bfe781483f1a,var_3592,no
_rdb151ddef4bc18,var_3593,no
_rc6d5ed8d8c4f8e,var_3594,no
_r93b9477a4f68b1,var_3595,no
_re1cb70a73a2a36,var_3596,no
_racdf1790add19e,var_3597,no
_r3bb99cb5752eb2,var_3598,no
_r36066864216045,var_36,no
_rb3c62fdbb442c4,var_3600,no
_r537b1e2bd7d711,var_3602,no
_ra4b9d3b85d6aab,var_3605,no
_ra74c94e84b1d75,var_3607,no
_r13976caaf7ebcd,var_3609,no
_r07bf86261d1476,var_3610,no
_r2252b7b5fc95d4,var_3613,no
_r32980ff6846c1d,var_3615,no
_r9ff0ffc7cebd12,var_3616,no
_r621211d32bbe71,var_3617,no
_r574128ac96b3ea,var_3619,no
_r350659dc412319,var_3621,no
_rf347a421e7e2a3,var_3623,no
_r077d6e5a477f31,var_3626,no
_racefab584bcc1e,var_3627,no
_rac7579c80649bd,var_3628,no
_rf194c49946079b,var_3629,no
_rde96581768177e,var_363,no
_r34f7dda277e6bd,var_3630,no
_r68beed015fe98d,var_3631,no
_r98f4800cd5d3a5,var_3632,no
_rc8c9a63a5030d9,var_3634,no
_re21d85f9909d6d,var_3635,no
_r320030bb75e200,var_3636,no
_r9ffbb46766dc44,var_3638,no
_r2f963598af7027,var_364,no
_r7c082f914527f2,var_3640,no
_rfda1f2dc4014a8,var_3642,no
_r3de8b80c243ef7,var_3644,no
_rd78ef29d439db9,var_3645,no
_re30299afcb2a5a,var_3646,no
_rb750182d6994ec,var_3647,no
_rd9eaf81b5a82a6,var_3649,no
_r075e4b289629f8,var_3650,no
_rf00cd15b26e5f1,var_3651,no
_r360f6f873316fb,var_3654,no
_reaeaca6c6c4cdf,var_3655,no
_r5657b8709a4667,var_3656,no
_r1246896855cf22,var_3657,no
_rc189dc475a164e,var_3658,no
_r78d1a3ea4f3930,var_3660,no
_rfbde718696093b,var_3662,no
_r0268a6a621884e,var_3664,no
_rdc3b9c38c603e3,var_3667,no
_r2c79583e952d08,var_3668,no
_re35259c25b580b,var_3670,no
_rc9fa38bccd7bd9,var_3672,no
_r1480b5db9fba26,var_3673,no
_r90209f5f2e17bd,var_3674,no
_rf1e7d17ea472ad,var_3678,no
_rbb77742fca9044,var_368,no
_rd6077547122421,var_3680,no
_rb41bee7578c08a,var_3683,no
_rbc628d2994fd81,var_3684,no
_r3aba6666bca34f,var_3685,no
_r53e9c71dab79b0,var_3686,no
_r1fa216c1531b19,var_3688,no
_rda3d58b72ddd05,var_3691,no
_rb42babd4c58931,var_3694,no
_r1db8d6e1d29097,var_3695,no
_r6b0cc8d7a06cac,var_370,no
_rbe75fd83d22447,var_3700,no
_r46bd4042d31d16,var_3701,no
_rb36fbd450204b1,var_3703,no
_rfdda134a4abce8,var_3704,no
_r1467b91adf696d,var_3705,no
_ra525ad0bc2a6c7,var_3706,no
_r220dcd58d808bb,var_3707,no
_r7d9a031b401d30,var_3709,no
_r6cd3537dfc63da,var_371,no
_r2508a0925c62ea,var_3710,no
_re0948854057602,var_3711,no
_rc74c4cc11a1844,var_3712,no
_r65edea0a5ab5a7,var_3713,no
_r0953e2db3acba5,var_3715,no
_r8c741fa9fafc03,var_3717,no
_r4b6b6401f08b49,var_3719,no
_r232dbaa1f63516,var_3720,no
_rea40853279de82,var_3722,no
_r6831cd743091aa,var_3723,no
_rcea67c93501bc4,var_3724,no
_rb9c0b42e52d13b,var_3725,no
_rc0dbb8421dc2be,var_3726,no
_r53a25cf94b4052,var_3727,no
_r3466cc2718c2fd,var_3732,no
_r52e9b1f6de4dc8,var_3734,no
_r10a40acd381163,var_3736,no
_r2814a44168378d,var_3739,no
_r9fc0e283d87862,var_374,no
_ra9aeb0512670c0,var_3742,no
_r641299b1ea6a6c,var_3743,no
_rf114ea86840a2d,var_3744,no
_rbb635adba75102,var_3745,no
_r21dc0a733d34c1,var_3746,no
_rfdc1e35c50a257,var_3747,no
_r1e09eda2e8558a,var_3748,no
_r43690a8ecaddec,var_375,no
_r8d1575ba2723c1,var_3752,no
_reb3b4cc726ef46,var_3753,no
_r773e69de4b1773,var_3754,no
_r726570d52bb263,var_3756,no
_rf05bee463bc2e9,var_3757,no
_re1c3f484613577,var_3759,no
_r1a6786cc2b4456,var_376,no
_r396387dae7f405,var_3760,no
_r801ca13480e189,var_3761,no
_ra826fa5d9ceb20,var_3765,no
_re53a89ce35369a,var_3766,no
_r3c354b4647fd99,var_3768,no
_r0076508702dc78,var_3769,no
_r2fe51ebd2730ce,var_3770,no
_r19bff94fe4c5f7,var_3772,no
_r1dd76eeda5dd9d,var_3773,no
_re99f0b08448cad,var_3776,no
_r042ab8fe3f0d59,var_3777,no
_rf3c956bda1a8cf,var_3778,no
_ref86687c9d8674,var_3783,no
_rcce7eb62af2138,var_3785,no
_r7deb7c81af44de,var_3786,no
_rec753539ed3b19,var_3787,no
_r37a9efdb989b6a,var_379,no
_ref8b830001a6c5,var_3796,no
_r9db58e30fef488,var_3797,no
_r25bc901fdd3957,var_3798,no
_r24c6d2738b5240,var_3799,no
_r96c54bea450a4a,var_38,no
_r0fce716f15dc63,var_3800,no
_r70a70ff9a50919,var_3803,no
_r334d1099791a1d,var_3805,no
_r0b1919207c80a2,var_3807,no
_rd74a027529ab64,var_3810,no
_rb85effc2206b62,var_3815,no
_re2e906a0b949a1,var_3816,no
_r956143a21bf24f,var_3818,no
_r503a3d41c66a09,var_3819,no
_r8b2d7235c9f79c,var_382,no
_r0adb77bfc535e8,var_3820,no
_r056806475a5f4d,var_3821,no
_r091579945da585,var_3824,no
_r643f5bbf5265d2,var_3825,no
_r225c583f2bb946,var_3827,no
_re09b7902f2e669,var_3828,no
_rcfcbeed8b10ccd,var_3829,no
_r5f57e9c43eac06,var_3833,no
_r5bae325beb3daf,var_3834,no
_r22665946354272,var_3835,no
_r87a71345436ed6,var_3838,no
_ra53e2685e77269,var_3840,no
_rb05f34fe198140,var_3844,no
_r48837673112441,var_3846,no
_r76e4b00f4ef678,var_3847,no
_r55fd78be4a0fa8,var_3848,no
_r179ac38d12e036,var_3849,no
_r55d0aebfe161c8,var_3850,no
_r5e6a1b0b9a920a,var_3854,no
_re34d93582f9af7,var_3856,no
_rc34384755684dd,var_3858,no
_r687fa8b830bba4,var_3861,no
_rd151c99d9546a3,var_3862,no
_r1731880f73469c,var_3864,no
_r0ee884e0e17a95,var_3865,no
_r2407de5446ffb8,var_3867,no
_r64cd0c639adddb,var_3868,no
_r0a18614de69f08,var_3869,no
_rdf468d249ae161,var_3870,no
_ra200ac41076a86,var_3871,no
_raddeac52b47e68,var_3873,no
_r6354dddfa6ea39,var_3874,no
_rbf2bcf7249f914,var_3875,no
_r620c794735846c,var_3880,no
_r12c6be67a526a3,var_3881,no
_r0078edcd07e226,var_3882,no
_r221fc68e60ec66,var_3883,no
_r20234b7a3a5190,var_3884,no
_rf09af6b7cfe47f,var_3887,no
_r505835e01015cb,var_389,no
_r20921577355a5c,var_3893,no
_rbab8db797bd066,var_3894,no
_r72905b68a6173d,var_3896,no
_re07088e7f2aed0,var_3897,no
_r3e5ce2102d77c1,var_39,no
_ra5a70b1f6e8e12,var_390,no
_r320ef1ab832838,var_3900,no
_r4aaf15c8369f0e,var_3901,no
_r1bb396ecafa614,var_3902,no
_re637a8d5fefc0c,var_3903,no
_r2f3ac38b3522c1,var_3904,no
_rb0850f29ef22ea,var_3905,no
_r2ecf691128cb1c,var_3907,no
_r409df737e870fc,var_391,no
_rc60aa0cfb3577d,var_3910,no
_r368afc83314096,var_3911,no
_rb7975d3ac59ea5,var_3913,no
_r6c90279b377700,var_3915,no
_rfa120a30f320f3,var_3916,no
_rc41efa0ee34a44,var_3917,no
_r28ff10367fb0cf,var_392,no
_r93600b0c8aaa2f,var_3921,no
_reea204c4d826b1,var_3922,no
_ra33b297fdd4948,var_393,no
_rd91532e292c2be,var_3930,no
_r34450f388fcf7b,var_3932,no
_r7a82b638a6442f,var_3936,no
_rad0e01444d2c78,var_3938,no
_r019f2c8f6ddfab,var_3939,no
_r6efa10c4ad360e,var_3941,no
_r4096dbd4cbe6af,var_3944,no
_r3e69cacbf8ff9f,var_3948,no
_r9fd67239ac9041,var_3950,no
_r3435aed77f5c9d,var_3952,no
_r7975d75df868d0,var_3954,no
_r0527cf0387563c,var_3955,no
_r15e6caff5dad03,var_3959,no
_rae7588326f4892,var_396,no
_ra9bafabab633f8,var_3960,no
_r01a5e68e835e97,var_3962,no
_r77b5500907b74c,var_3963,no
_r66c73fa0053979,var_3965,no
_raea23a077f71cb,var_3967,no
_r2c70d970c52af1,var_397,no
_r2749f2d09017c2,var_3972,no
_r8747f43411e02a,var_3973,no
_r792864f9978f21,var_3974,no
_r23b76759aacd64,var_3978,no
_r683bffbee56476,var_3983,no
_rcecdb2d1629a72,var_3984,no
_r7a421ddea7d603,var_3987,no
_rf3e2ced1c52d5a,var_3989,no
_r7d5886d05eebb0,var_399,no
_r9d586d31019982,var_3990,no
_r036e445050eb71,var_3993,no
_r659d7369d5dd24,var_3994,no
_ra1be1765a20065,var_3995,no
_r675f2add931eda,var_3996,no
_r577ef60ace8613,var_40,no
_r435ecb39bf7696,var_400,no
_r420fc8eaddbbc1,var_4000,no
_r2f75e66cd454d8,var_4001,no
_r94f1e70f72970e,var_4007,no
_r1599035f1d0147,var_4008,no
_r6b9c6afd4ed878,var_4009,no
_r764d2b58ee66ed,var_4010,no
_r7ec9bdbb02fde9,var_4014,no
_rfb721559e6070a,var_4015,no
_re1e3fd3ec1c6c8,var_4018,no
_redcfc59a4df7f9,var_4019,no
_rc8d64f01344f4c,var_402,no
_ra8a0f04695f08e,var_4020,no
_r9fcf9cd00f8d2f,var_4022,no
_raabc920a6d2b1f,var_4023,no
_r34816aaf92c281,var_4024,no
_ra75ee3d0c8af65,var_4026,no
_rd5f9eb32aed650,var_4027,no
_rac27cffb04d2ac,var_4029,no
_r13e608ac43ac5d,var_403,no
_r2fca8e001bbf08,var_4035,no
_r789c187365cd13,var_4036,no
_rccebe254f97a93,var_4038,no
_r7a5b985d6c4549,var_4039,no
_reed9362ab0df8f,var_4040,no
_r604aeb95920312,var_4043,no
_r64573878e260b7,var_4049,no
_rc1da63920be6c9,var_4051,no
_r27b0baa06b1eea,var_4054,no
_r7cad00e415def6,var_406,no
_r3b7d64c81afbcd,var_4061,no
_r5561057fd80443,var_4063,no
_rc2e153925761a6,var_4064,no
_r3673b4e6ca8366,var_4067,no
_r27b30d8811435d,var_4069,no
_rd04c40b0bc7c21,var_4071,no
_r15666210cd1e7b,var_4074,no
_rc9bb58fae83dd3,var_4076,no
_r2dc4596e4acc50,var_408,no
_r02460049d42f89,var_4080,no
_r3652297563be1d,var_4081,no
_ra52882af277058,var_4082,no
_r733acfb916af11,var_4083,no
_r25b856747f0e71,var_4084,no
_ra211d44f1cc248,var_4089,no
_r21a6fc78642efa,var_4094,no
_re4b9adf91c8160,var_4097,no
_rf70338738b752d,var_4098,no
_rc439bff29f111f,var_41,no
_r334d22be8c95c0,var_410,no
_r08da292012315d,var_4101,no
_r9c0031f1c885cb,var_4102,no
_r8fb6f7071d280b,var_4103,no
_r22a9bae171981d,var_4104,no
_r30c3816bbea774,var_4107,no
_r749bd7572b20ed,var_4108,no
_r964f68bf954de7,var_411,no
_r0d29811038688e,var_4110,no
_r06e2d088e5120b,var_4111,no
_r5ba144dc7b5a67,var_4118,no
_r6174eb15deb23e,var_4119,no
_r6e97808ccacf4c,var_412,no
_r3bb8e8768dc21e,var_4121,no
_r04a8efddac9e78,var_4122,no
_r98ed2b53b8d51a,var_4123,no
_rf4ee71cd14e458,var_4127,no
_r6ba8d999319d38,var_4129,no
_r8f4373badc822c,var_413,no
_r003be5a00cd812,var_4131,no
_rfbe7a654f32dd8,var_4132,no
_r420e9a91b22446,var_4134,no
_rd055d1215fcb53,var_4138,no
_r9bddcc05d14c85,var_414,no
_rc95bee155cf824,var_4141,no
_rc5cf619fecf930,var_4142,no
_r8d9c7b2b6cb754,var_4143,no
_r96d04a4e76c74f,var_4144,no
_re2a6bd304c53aa,var_4145,no
_rc952777377fe1a,var_4146,no
_re9dfe6d3622030,var_4147,no
_rb4fd00083b3fbc,var_4148,no
_r7646ebe5ea8be4,var_415,no
_rb61d8517021368,var_4150,no
_r2ecb38eb130eb0,var_4151,no
_r961e1b7404abdb,var_4154,no
_r9343876a1424b3,var_4155,no
_r73ad0730b62fac,var_4158,no
_r370b663f4167ad,var_416,no
_r6cca9c3aa14ece,var_4161,no
_ra8a808cf63100f,var_4162,no
_rc0e65f1ce6e87a,var_4163,no
_rcceb34ac727af5,var_4164,no
_rcb3ceed602369d,var_4165,no
_r6553b9e9c5dcbd,var_4168,no
_re4bf6e78abe3e4,var_4170,no
_rf9a3b2ce64839c,var_4172,no
_rf547efd20ef30b,var_4179,no
_rbee2bd301037d0,var_418,no
_r7044254fd67fb8,var_4182,no
_r71b1f6dd69bfac,var_4184,no
_rc0dc65d32ce579,var_4187,no
_r41e197e069b5b8,var_4189,no
_r187160789c071a,var_419,no
_rdc99a7df58df42,var_4191,no
_r85e336cb581cca,var_4192,no
_r018d34912b3d6b,var_4193,no
_r237936a1381cbd,var_4195,no
_rbad0c3507be90d,var_4199,no
_r4503d3a1c6dace,var_42,no
_r5593fb126fd858,var_420,no
_rbe02ca045885f9,var_4202,no
_r42bc3dd9a7af5e,var_4203,no
_r4a240578dac98f,var_4206,no
_r55f18dae428421,var_4207,no
_r958948d50b40f5,var_4208,no
_r47269170002fc2,var_421,no
_r4d5fe1903aaf72,var_4215,no
_re5280d92752560,var_4216,no
_raf3c5876bfcabd,var_4219,no
_r03cf8eaf15f424,var_422,no
_r879c4738b5e315,var_4225,no
_rbd9bf7c8de3332,var_4228,no
_r4c9574921e4bcc,var_423,no
_re869ccfc1f7c41,var_4231,no
_r33e4452f778f54,var_4232,no
_r990167c0074a06,var_4240,no
_r93d7adf60dc26f,var_4241,no
_r27c1397c0d08ad,var_4244,no
_r7d73446481d6bb,var_4246,no
_r275b6f5d908a43,var_4247,no
_r6834617f32065c,var_425,no
_rc0199a48ff3969,var_4254,no
_rcfce0abe4c3d68,var_4256,no
_rf914e52b5a027f,var_4258,no
_r4784d3c3df22eb,var_4259,no
_red66bb191aa54c,var_426,no
_ra08bdd9867636f,var_4265,no
_r5a6beecab4e169,var_4268,no
_r44914a9c2ac973,var_4269,no
_r3ccc27744a9260,var_4270,no
_r2a6b6a70590b01,var_4273,no
_rf42d3f3956ff90,var_4275,no
_rd84b47f98dce5d,var_4278,no
_rd1e45710b918c7,var_428,no
_rf94eac36f597a7,var_4280,no
_ra56c5e51e7dd42,var_4283,no
_r3b8ccab7301bdf,var_4285,no
_r81f757232ce835,var_4288,no
_r4bdae5d2eb7a0f,var_429,no
_r0367274986a5dc,var_4294,no
_r022676c9fa192a,var_4297,no
_r9dc9fb776f9ae3,var_4301,no
_ra246fda9fef22f,var_4303,no
_r16864ee241203c,var_431,no
_r4869bd1085985e,var_4311,no
_r7ae031edc1fe60,var_4313,no
_rdf86f9162be919,var_4314,no
_rd3c849e7e2fbee,var_4316,no
_r7bf0540458865f,var_4318,no
_r8ccfd8d47a12ff,var_432,no
_r443ca96c83c1e4,var_4324,no
_r3c4a7c00530749,var_4325,no
_r356535837d7e93,var_433,no
_r5cbc5bc6bbed15,var_4332,no
_rb095f2f363c868,var_4336,no
_r1ee991f638b0b0,var_4337,no
_r28fd64ee5178cf,var_4339,no
_r8902a6faf1964b,var_434,no
_r4aca721c593c5d,var_4340,no
_r6603270c34ccd4,var_4343,no
_rdbfd129ea0b023,var_4347,no
_rfe4def4011be44,var_4349,no
_r350dc044a584e5,var_435,no
_rc7896f9534a84d,var_4351,no
_r64986edd83c9d9,var_4352,no
_re521b39d69832f,var_4355,no
_rd235111b213e79,var_4357,no
_r50edc42707fa61,var_4358,no
_rc2bb05c47965ce,var_4365,no
_rdf4792bb48f01d,var_4366,no
_r294c974cfcac57,var_4367,no
_r758115c7d133da,var_4368,no
_r7a6f90c01a504c,var_4369,no
_r5eddda9087bffe,var_4371,no
_rc5388a39488afc,var_4373,no
_rd82540b063d751,var_4374,no
_rdae4b6862750fd,var_4375,no
_rc6e5e9bd7584d6,var_4376,no
_re815154e648569,var_4378,no
_r82610b91a5fc2b,var_438,no
_re73c22ad0f1abc,var_4383,no
_ra0b3a55f1aa1b9,var_4384,no
_r91b55f58a64a6f,var_4386,no
_r24050c1d3abb73,var_4388,no
_r867e8664e1b3ef,var_4389,no
_rd85adb12a12d3e,var_4390,no
_rd7cc793257d42c,var_4391,no
_r6e40c2ff8e29ec,var_4392,no
_rf24a6a21137dd1,var_4393,no
_r903c1ec627ee12,var_4394,no
_r354eff6ffa3708,var_4395,no
_rdd8331b745b443,var_4397,no
_reef90f0460a5bf,var_44,no
_r394ecb62264fc4,var_440,no
_re2c89cacbbbd85,var_4400,no
_r4437175d232a82,var_4404,no
_r6afdc984cbce82,var_4405,no
_rb21df3620c903f,var_4406,no
_rc646a402d65ca4,var_4407,no
_r7b0ae0eeb79136,var_4408,no
_rc8db977c81d499,var_4410,no
_r257e99de8a9f17,var_4411,no
_r5422f0cd18dbc4,var_4412,no
_r7f9498426066ef,var_4413,no
_ra704654418b38f,var_4414,no
_rfde8aca193bc87,var_4416,no
_r9d4d8520607383,var_4417,no
_r6a350b99a54496,var_4418,no
_rb9846affd06367,var_4419,no
_r1c0d6228b75a4f,var_4420,no
_rd8cf80225c1359,var_4421,no
_r401b239cfda6ad,var_4422,no
_r496f4975f87040,var_4423,no
_rdbeca4497efd97,var_4424,no
_r9f200a6bf7b94a,var_4427,no
_r5c6c831b881eb4,var_4428,no
_ra4fdd358086aa0,var_4430,no
_reb436b9cd464ab,var_4434,no
_r24305fc8954c5f,var_4435,no
_r23946374541d05,var_4436,no
_rfaa9ebb45e2c23,var_4439,no
_r8c9a0d05b51b9f,var_4440,no
_r173f29398974db,var_4441,no
_r18797d7d7a9a81,var_4443,no
_r27a26ff5457f1f,var_4444,no
_rdb5b16c0c85cf2,var_4445,no
_rf1e7206c06d7b2,var_4447,no
_rca5161f058183b,var_4448,no
_rab88cdba5a791a,var_445,no
_r7810883749dfd6,var_4453,no
_r26128bb222ba5b,var_4454,no
_rfb296a23d2ad15,var_4456,no
_rb7176f0a0c5524,var_4458,no
_r709ff27158887a,var_446,no
_r5a1cc432d10a5c,var_4460,no
_r5ee78fc3ac9a07,var_4462,no
_rcfd9b196813c06,var_4463,no
_r4e2741b2c9f33f,var_4466,no
_r29334f55b3b491,var_4467,no
_rd9ebb63ed6a934,var_4470,no
_re1313bf1fe863a,var_4471,no
_r96071af64cd110,var_4472,no
_r3aaa59e881d4fd,var_4473,no
_rb9d48093cec62f,var_4476,no
_r27ab4c358f6bf3,var_4478,no
_r59949acbc6ec4b,var_448,no
_r1a2dc8444ca5ef,var_4486,no
_rf4ec93a7b39f9d,var_4487,no
_raef189a0fa6b4c,var_4488,no
_r7acdb573909cf3,var_4489,no
_rc8186697cf28dc,var_449,no
_r021294a88cbaa1,var_4492,no
_r4a272f074c4f77,var_4493,no
_r3d9dd29f7ca8d6,var_4494,no
_r705809dbfeb003,var_4496,no
_r8a21e866e3a983,var_4499,no
_rf91d3c88c410a2,var_45,no
_re0327a0d15e72f,var_450,no
_rf7b5c284760cc1,var_4500,no
_r8cf9769e977a43,var_4501,no
_rb21cfd866e51db,var_4507,no
_r999bf80f60384b,var_4508,no
_r2b66e8bf6a0706,var_451,no
_rbccd70003162f5,var_4510,no
_r1e881b2aff661b,var_4511,no
_r7fdd2a02f48ee7,var_4513,no
_rf5d5d0cd9f8dd3,var_4516,no
_rc3c138c5ac6e29,var_4518,no
_r5f3eee4576d7ad,var_4521,no
_rb62d81dd82d5e3,var_4522,no
_r90e24de51e6406,var_4526,no
_rbd1eb9fcb17277,var_4528,no
_r5f065eaae0fc49,var_4529,no
_r28f2c8911dce62,var_453,no
_rc79e4b26109195,var_4531,no
_re5b6924d331864,var_4532,no
_re39af47caa6400,var_4534,no
_rb82b0b23da871a,var_4535,no
_r49c86be62e016d,var_4536,no
_r04445bc9237500,var_4537,no
_rc93281b24b2f90,var_4538,no
_rc72fce05704375,var_4539,no
_r7240cfe1f10c67,var_4540,no
_r2139fe5316e8bf,var_4542,no
_r6e49abaeef91a6,var_4543,no
_rfb9ae088fdf45a,var_4545,no
_r7062950a486577,var_4546,no
_r01e2ae3d4868c3,var_4550,no
_rda2724b749f981,var_4551,no
_r24867c85888b5d,var_4553,no
_r3384fc5fa14691,var_4554,no
_r91f0d0f6d022e5,var_4557,no
_rc44fbb5253b8c5,var_4559,no
_ra9bd5342249533,var_456,no
_r56aba69fc04dfe,var_4560,no
_r4a35b2ff50e173,var_4561,no
_r165b9cefa6bd19,var_4562,no
_r8b251adb4f9c65,var_4566,no
_r48d01e5b044ec1,var_4568,no
_rb9ffc08002fec5,var_4569,no
_rfb3db5984e8d6e,var_457,no
_rc61885ec89d732,var_4574,no
_r473211ccd48b00,var_4575,no
_ref2407ff4845ba,var_4576,no
_rfdb3ca133b2e4a,var_4577,no
_rc1be3922300052,var_4578,no
_re5fe91d97a4273,var_4579,no
_r3b31e1930125eb,var_458,no
_r88fea02fcb1c7d,var_4581,no
_r5b6b2179790b98,var_4582,no
_rfe1cf380395b70,var_4586,no
_r7406247227c3a4,var_4587,no
_rb9f8c57bd8697a,var_4589,no
_r77c0a6c7498d15,var_4592,no
_rca99c2b08e30bc,var_4593,no
_r8c5616a3b5522e,var_4594,no
_r3e5eb71625019e,var_4595,no
_r5fc25065e58dda,var_4597,no
_rc6033f3191c1b2,var_4598,no
_rf9d9a92f717454,var_4599,no
_ra4818983e512ef,var_46,no
_rb5c621cafcc295,var_4601,no
_raf8fdd7cd5114b,var_4603,no
_rcccefdf0460702,var_4605,no
_r9efd2bbe9c5e9d,var_4606,no
_rfce354ec1d3924,var_4607,no
_r7995e8f93dbe03,var_4608,no
_r8aadd24672e2de,var_4611,no
_re8c57e2edce59b,var_4613,no
_r953b4bdf58dde4,var_4618,no
_rf4facdf5c506f3,var_4621,no
_r397314bf23970f,var_4622,no
_r0cab241c8d6888,var_4623,no
_re7bad5925a68d6,var_4624,no
_r60d5f061a27c67,var_4626,no
_r753fff121a26d2,var_4630,no
_rafce11fcfa4c86,var_4632,no
_r69f1bd92cb151c,var_4635,no
_r4cffbca31a6ab4,var_4639,no
_re2ec9e56cf3872,var_464,no
_r5e6244681f8afe,var_4642,no
_r1362b5d644ecaf,var_4643,no
_r9515894d758f13,var_4647,no
_rcd846fbd0812f7,var_465,no
_r7ab57d2d32ed3e,var_4650,no
_r7429ab0e3d38c3,var_4652,no
_rd8f818521ab6da,var_4655,no
_r7b33de47b227ce,var_4658,no
_rde515cf9b9b771,var_4659,no
_rbe5449e4a0af58,var_4661,no
_reb2f63bc14baa4,var_4663,no
_r4c02e000a74f5a,var_4664,no
_r0602daa6a742bf,var_4666,no
_rbebe6dadad6537,var_4667,no
_r3efcba14af061f,var_4670,no
_ra9486ea8cb3e79,var_4671,no
_r3b8a421666db80,var_4674,no
_ra3608f43a15f7c,var_4675,no
_r134ffca1e9a1c8,var_4676,no
_r4eb7ad09ae51a0,var_4678,no
_rcca7ce01bfe816,var_4679,no
_r0d2e63d772b868,var_4680,no
_r5d79bf8b14cd90,var_4682,no
_r272905edb0c471,var_4683,no
_rbf35c23c01fe1e,var_4684,no
_r7a22e30582da95,var_4685,no
_r2416f7380ecbc1,var_4686,no
_rfb7925eb9ed158,var_4687,no
_rbbc20fd53b9dfd,var_469,no
_r7ff035392b9b18,var_4690,no
_r2216d5f4cc01a0,var_4692,no
_raf2e26f7ea567a,var_4693,no
_ra86b05b1f998f7,var_4694,no
_r0b20da540fe630,var_4695,no
_rb607b4efd91e83,var_4696,no
_r1209606ce9538f,var_47,no
_r8d35cca6fe4f91,var_4702,no
_r95caf700ff0df2,var_4704,no
_r14daee5257da1c,var_471,no
_r8717ee9bf69194,var_4710,no
_rd540ae5c72e167,var_4711,no
_r447481f34e8304,var_4715,no
_rb280bfd8f5cfcc,var_472,no
_r6b8512e84bd4d6,var_4726,no
_ref0b6492dd0e64,var_4727,no
_r440fab0c0a0123,var_4728,no
_r724f6cbbdcd55a,var_473,no
_r4421489065a1cf,var_4730,no
_rb95a579cc9dfef,var_4731,no
_rf874678bcf9edf,var_4733,no
_r7f2625321ff5bd,var_4736,no
_r48dc7ceb54b580,var_4737,no
_r3531fedaa44492,var_4738,no
_r86e2eefaee817b,var_474,no
_r9b9e400e3f3127,var_4742,no
_rcff3700494f93a,var_4744,no
_r562b488ff26f49,var_4746,no
_r1cb78fb275c0c5,var_4748,no
_r418197e005aaf0,var_4749,no
_r75c51eb55bdeb5,var_4752,no
_rfca91015cdf95f,var_4754,no
_r3d641d517743ef,var_4756,no
_r8cdcbb7a3e0d3a,var_4757,no
_r98283ff3cc0497,var_476,no
_r3d5b82c78dbc0e,var_4761,no
_r4b2a5ba14f22e3,var_4764,no
_reed8d8b7010e5e,var_4765,no
_r06dae017dfc969,var_4772,no
_r53509b80863e11,var_4773,no
_r19f43f419372e6,var_4775,no
_r7954705830d7c8,var_4777,no
_rce2bd051d743c4,var_4779,no
_r371897496f9e56,var_478,no
_rf8889463a144cf,var_4780,no
_rc1301c961e3de6,var_4783,no
_r83177980de3ce5,var_4784,no
_r9e73411752ae8a,var_4785,no
_r96862d2907b915,var_4787,no
_r9d06567074b865,var_4789,no
_r335f31c32e1ac1,var_479,no
_r4387f6b0fc7c31,var_4791,no
_re78f2da6d8e2fa,var_4794,no
_rd83dfa33b53581,var_4795,no
_reb014456fbaff7,var_4797,no
_r6f09bed37e0ba8,var_4798,no
_r85b3101f8877a7,var_4799,no
_rb06d8cf0c65c51,var_480,no
_rbf10a6d8bb2ef0,var_4801,no
_r5e945a6de33498,var_4803,no
_r901831d0904e38,var_4805,no
_rb8a3d137d3a135,var_4806,no
_rf2a4a061156aa0,var_4812,no
_rb6391c1b41f2b1,var_4813,no
_re1bec80602d85d,var_4814,no
_r7bd26fa488ba0d,var_4819,no
_r8812a7f4d2ca9d,var_482,no
_ra7607e21601852,var_4820,no
_rc3d0a034c1b053,var_4823,no
_r06d1e63142225f,var_4825,no
_rea04766d313e71,var_4832,no
_re832afa4cdcbbf,var_4833,no
_rb5ad2088bdf1f4,var_4834,no
_r96c37d9a2e2f0c,var_4836,no
_r39e26cb7f8c275,var_4837,no
_r8ae193b77c0101,var_4841,no
_r922496d811828a,var_4845,no
_r59eef5adba6325,var_4846,no
_r302654f1c00fc1,var_485,no
_re85f11607ccd08,var_4851,no
_rb01360c2aff277,var_4856,no
_rada0faadd10abe,var_4861,no
_r4cd4331772de6b,var_4862,no
_ra1e713c5b8e8bb,var_4865,no
_r67250a4489293a,var_4867,no
_r7c33a675c24226,var_4869,no
_re5680787b4c923,var_487,no
_r399885138fb6b6,var_4870,no
_ra0aa7864f3c153,var_4872,no
_re56f2d76ae4d56,var_4873,no
_r493a7acaee20cc,var_4874,no
_r7fb7f3a22275b6,var_4876,no
_r36c1f4267cc224,var_4877,no
_r2b19adfc47ca98,var_4878,no
_rff7672cd519881,var_4879,no
_ref211f3e9eea8e,var_4881,no
_r8bb7502ec166ab,var_4882,no
_r3e9c6c37802662,var_4883,no
_rd1677d80d7527b,var_4885,no
_raab5f40f406d99,var_4887,no
_r9ce8743cb80471,var_4888,no
_r0b541c041047bd,var_4889,no
_r6d6c8aab8aebc5,var_4890,no
_rabdc4a21dbe134,var_4892,no
_r17bbf04693aaa4,var_4893,no
_rcd1fc60271c9a5,var_4896,no
_r9a4fe65d6cee42,var_4899,no
_r5a528e11b38c76,var_490,no
_rcb13f39426a436,var_4901,no
_r4e83fd05f99eae,var_4902,no
_r87a0dcd4b739c6,var_4903,no
_rac5d8e2cd05fee,var_4905,no
_r244a29d8df6ed4,var_4910,no
_r743dd533ba3062,var_4912,no
_rd7f8d519b598df,var_4915,no
_r24abcc37d0dcef,var_4918,no
_rdfb6e593bd72d5,var_4919,no
_rccae5676d729c2,var_4920,no
_rb5605c2f91c3a8,var_4923,no
_r90bc7663293498,var_4927,no
_r8f13517493014c,var_493,no
_r269b38e52c168b,var_4930,no
_rc58e9f06d38d1c,var_4931,no
_rbbf524771c0663,var_4932,no
_r90a40d1bfbbcfa,var_4935,no
_r9ea0e7eaa577a3,var_4936,no
_rb207e987a29931,var_4937,no
_r9a4514f22084fb,var_4939,no
_r1b940a8bebea34,var_494,no
_r8bb32aed888724,var_4941,no
_r872c6faf6d3e46,var_4944,no
_r8215605f20ae51,var_4945,no
_r49ccb16f4994d6,var_4948,no
_r3a8a66a78402b6,var_495,no
_rca48d70585c5da,var_4950,no
_rcbac756e56e011,var_4951,no
_rd740f118130210,var_4952,no
_r604245e342d5ab,var_4953,no
_r8b3a861d2efc55,var_4955,no
_r1e0d8a9f5d6f41,var_4957,no
_rd323da65ac6443,var_496,no
_rabf415527d802c,var_4960,no
_r63c406875caeb5,var_4962,no
_r03862053d7cbeb,var_4965,no
_re8a492c63b2fc4,var_4967,no
_r3cd43fbc4ad481,var_4969,no
_rfd2f4195f399e9,var_497,no
_re1b0f651794fb6,var_4975,no
_re12e12f151fc05,var_4976,no
_r2aad933ac15299,var_4977,no
_r2bc6cf35d99fbe,var_4982,no
_r6ebcad5d191638,var_4987,no
_rec520c4b220663,var_4988,no
_r5d607a0107ce66,var_4990,no
_rfd0b98467e9d4b,var_4994,no
_rfbb7543ede80b6,var_4996,no
_rc5f098c00c5c46,var_4997,no
_rc6536c83e73dad,var_4999,no
_rfab2fb293a1628,var_500,no
_r0f5e302df33726,var_5000,no
_rc03e2f4fcd6a76,var_5002,no
_r6477c319c11093,var_5006,no
_r772faa5bd17494,var_501,no
_re2b53df9c3c978,var_5010,no
_r35b39ca933ef0b,var_5012,no
_r2f95d9a127f8f2,var_5013,no
_r160c153edaffbf,var_5016,no
_rb5ac6f1c818c4f,var_5017,no
_rd61c129ef173d3,var_5018,no
_r40faf09e292a18,var_502,no
_r232a591b015bad,var_5021,no
_r2c13b46f0deb66,var_5025,no
_rc41ea459707e19,var_5027,no
_rc693b82e91e8d3,var_5031,no
_r14f9ba65946d6b,var_5033,no
_ree8f3ab5073119,var_5034,no
_r072cf93fafa409,var_5035,no
_radc8ca75bf25b6,var_5041,no
_r39dd7fa7ab109c,var_5042,no
_r5d89425c5a1ae0,var_5045,no
_r49a4523fdd4154,var_5046,no
_r7842c2eddc8051,var_5047,no
_r71c964b4f8e628,var_5049,no
_rc73f94423d9979,var_505,no
_r321bd82939eba3,var_5050,no
_rbeea2730c942f4,var_5054,no
_r79f5fa1d62ac7a,var_5055,no
_rb47b08f7dfa0cc,var_5057,no
_rd773a21d096d04,var_5058,no
_r8933ba39c83c7e,var_5059,no
_rc53ddb160274fe,var_506,no
_r91df726b11d669,var_5062,no
_r34da164d88ee1a,var_5063,no
_r9c50286c4533c9,var_5064,no
_r520d8973f82182,var_5065,no
_ra8304420420735,var_5067,no
_r4bedb210563b09,var_5069,no
_r6dbd8888909a32,var_5070,no
_r21f4d778546fac,var_5071,no
_raf24c6bd850633,var_5073,no
_race533034818e4,var_5075,no
_r95abd7c8678939,var_5079,no
_r76b8d9614011e8,var_5084,no
_r90f26d7820d64f,var_5088,no
_r90ac8dcf2ab535,var_5089,no
_rf26d9fcf719cdd,var_5092,no
_r27b797e8320169,var_5093,no
_r10ab8d6025d85d,var_5096,no
_r8e7120edc30645,var_5097,no
_r14fdfb9762aea3,var_5098,no
_rf750ae0e0f1cbf,var_5104,no
_rb6ecfc1b4b2e57,var_5105,no
_ra742fb7d6f95d9,var_5106,no
_rc62a37f1320c23,var_5107,no
_r693cfbae88d400,var_5108,no
_rfc7b634287da59,var_5113,no
_r7ec52a3be4d902,var_5119,no
_r008005622de3f5,var_512,no
_rb8ef03c2b8ac83,var_5121,no
_r82edf8bc3caaed,var_5123,no
_r730cb3991524a6,var_5124,no
_r4587ac23dbd8f7,var_5130,no
_r77fc7e7faf2a56,var_5131,no
_r6c29665147333f,var_5133,no
_r32d1b46896da31,var_5138,no
_r06f05b261db89a,var_5139,no
_raffb4ea00f12ca,var_5142,no
_r0207c3618c77cf,var_5143,no
_r699bfb5ab84771,var_5144,no
_rcda35b562ac366,var_5145,no
_re83aa4a7ae0ac0,var_5146,no
_rd21b8d9a0d7ddd,var_5147,no
_r1982990f7a405a,var_5148,no
_r4e418cdb377078,var_515,no
_r5a7636130238d9,var_5151,no
_r5c46f7d1e9fe39,var_5152,no
_r298eaf751b70af,var_5153,no
_rfa2248cf99eb59,var_5154,no
_rd19afe139ae96d,var_5155,no
_r042742cef61f33,var_5156,no
_r5dae15a3fe52c0,var_5157,no
_rd93b75088cbd8c,var_516,no
_r130982e21c8fd7,var_5160,no
_rdc3c11fbb8d6d7,var_5163,no
_r466cabe67e4b8f,var_5164,no
_r1a9807fec8afa8,var_5166,no
_r3a3a216162e2c2,var_5168,no
_rbb9c7ea841f89d,var_517,no
_r28c6bfd97cd864,var_5171,no
_r54232618ca4a98,var_5172,no
_r3fe03d31b712b6,var_5173,no
_r4d90ec29d2d8b7,var_5176,no
_rcb3949731cbffe,var_5178,no
_r952241e5225ed8,var_518,no
_r60c3e1a2731271,var_5183,no
_r68e8410144fb20,var_5185,no
_r6592511cf2a8d1,var_5187,no
_r5fe7c54fd2753c,var_5188,no
_r4a5c826f1e6a48,var_5189,no
_r4be469945506ce,var_5194,no
_radbd0695ffeac8,var_5195,no
_r4e86524b976a87,var_5196,no
_r827d4d7b7213dd,var_5197,no
_r86a249ac144da2,var_5198,no
_r5a3a448eedfe24,var_5199,no
_rbc26435405a81e,var_52,no
_r6b413f9ad87bb1,var_5201,no
_r81d43dc5eccb6a,var_5206,no
_ra20d2e3962c3c4,var_5209,no
_r65bfab8837a876,var_521,no
_r76df0774e0e281,var_5215,no
_rfb6a53e282a9cc,var_5216,no
_ra0eebe73ddb6e5,var_5219,no
_r6a1fe873f2e2d3,var_5222,no
_rd47da11a4a07ce,var_5223,no
_rd4305383f6d2b1,var_5224,no
_rec95ec533c5e33,var_5226,no
_r8c81f6c0094032,var_5227,no
_r2d66aeb7b976cd,var_523,no
_r311fee85b656b3,var_5231,no
_rdbee1665e476aa,var_5232,no
_r0097e5d93a1e53,var_5234,no
_r0ce9ed5cebce4c,var_5235,no
_r3e6929dd8c428d,var_5237,no
_r97eddc32eb9882,var_5239,no
_r03a135a136d0e3,var_524,no
_rb499a73ba0d5ec,var_5241,no
_r23a0c787ee1a67,var_5245,no
_r773e94fcd5a9c7,var_5246,no
_rd86760162261d7,var_525,no
_rf913a7ad81d019,var_5250,no
_r77c1b5ccd44bc7,var_5251,no
_ra6ddb734302e1a,var_5253,no
_r1aa9991225eeea,var_5258,no
_r30059a05176a74,var_5259,no
_r2d3e93565a871c,var_526,no
_rdebc0bf7ecf78d,var_5260,no
_r8126fc2b5d2df8,var_5261,no
_rabb4de83146ecd,var_5265,no
_r7b0b920d28db19,var_5267,no
_r86236b940f4f80,var_5268,no
_r6f5707e0f1f1e3,var_5270,no
_r8816e236f7e332,var_5271,no
_r01e621cacc4fee,var_5273,no
_r85ea42ad7e9e80,var_5275,no
_r2c4cb9ca577e0c,var_5276,no
_r71848f17dd01b3,var_5278,no
_r62b05eadc27ac6,var_5279,no
_r59977bea902fb9,var_5282,no
_r6ad8924e948ba7,var_5283,no
_r554b02b79896c1,var_5284,no
_r71f0bc23dc82dc,var_5285,no
_rac74e315b3c4c8,var_5288,no
_ra74614b5201e79,var_5292,no
_rd2f16e2c416bd8,var_5294,no
_r4701148c4d9e78,var_5295,no
_rab56a35e6bdde5,var_5296,no
_r8e118ca56aced7,var_5297,no
_r612666d520aae7,var_5300,no
_r76daea16241ade,var_5305,no
_r76ac3140cfa477,var_5307,no
_r61fdc1b165ca8e,var_5309,no
_rcf03a855dfb323,var_5310,no
_r48676402e98280,var_5313,no
_re07ac08006b210,var_5314,no
_r61c99c78c81b45,var_5316,no
_ra0d901a865c154,var_5317,no
_r5c90bd253333c7,var_5318,no
_r7e6b4fbfd493f5,var_532,no
_r9f62cfddbafa12,var_5323,no
_rda689843d88e61,var_5324,no
_rca67d246986340,var_533,no
_rda52a0ec10573a,var_5330,no
_rdb521ad0161296,var_5332,no
_r11849825a4ca05,var_5333,no
_r6ea5b47a8aea8e,var_5335,no
_r4597d3ba71b9b4,var_5338,no
_rc83d2f94f6fd57,var_5341,no
_r4719ab0a16c100,var_5343,no
_ree24d0e8d18aa7,var_5344,no
_r60e5aa29071c5a,var_5347,no
_re469796a92702b,var_5351,no
_r02af911bb8c197,var_5352,no
_rad81521b124570,var_5353,no
_r3681501c518af2,var_5354,no
_r0c944126d57022,var_5355,no
_r47075a3b46fc68,var_5358,no
_ra8773d81e124bc,var_5359,no
_r84867ce02ad1c5,var_536,no
_r9b1e6ceacdfb25,var_5365,no
_rd6ce3094007401,var_5366,no
_r3fe6bf1ba3900f,var_5367,no
_r0793297cc73201,var_5368,no
_r989eb18e58602e,var_537,no
_rb51f87b0d510ea,var_5370,no
_r4168b7d513b631,var_5372,no
_r8c8b65d5ec33d7,var_5376,no
_r341661d3d4a0ec,var_5378,no
_r0a1fb5ea9d82bc,var_538,no
_rb2183af03cd3f0,var_5383,no
_r7c9ad597123ce5,var_5388,no
_r31311c20af703d,var_539,no
_rc806fff124e582,var_5392,no
_rb0bab75514b173,var_5393,no
_r30705577fb78c7,var_5394,no
_rd3912e611167ec,var_5396,no
_r4f86247353df70,var_5397,no
_r94b9e912a4018d,var_5399,no
_r121e399db6bbea,var_540,no
_r9ce99709194b95,var_5400,no
_rd4461480e796a7,var_5402,no
_r6ee3799986a771,var_5405,no
_re8380e7389ab9b,var_5406,no
_r8582c24616baba,var_5408,no
_rc87b6576f3884f,var_541,no
_r983a3bb73a2262,var_5410,no
_r60da4fdba5c363,var_5412,no
_rf6021e3aa2e7b5,var_5414,no
_r55647f9ea8245c,var_5416,no
_r41a7571bb555dd,var_5417,no
_r43248c7afabedb,var_5418,no
_r8dfeb76a384e8d,var_5424,no
_r1b501148222ed0,var_5425,no
_r7e0ff5f557a1dc,var_5426,no
_r06cc0c0526551e,var_5431,no
_rcaca5dfb2189c3,var_5432,no
_r029eb1774bcef1,var_5439,no
_rbb20f4f600e9be,var_544,no
_rde568c9805be68,var_5445,no
_ra2f6c79946e3cd,var_5447,no
_rc637b35ae905e6,var_5448,no
_rf638b07e4c0f8f,var_545,no
_rb5746541bd3416,var_5450,no
_rcda2d772e35181,var_5455,no
_ra19156e77bd1a9,var_5457,no
_r04a0a6ea21f591,var_5461,no
_r777dd9620a8c21,var_5463,no
_r257b9545c15326,var_5466,no
_r5a59aab9087be1,var_5467,no
_r77fae6e0094d19,var_5468,no
_r627b01e1f2e66d,var_547,no
_r2a121454845563,var_5470,no
_rb0956fc3176158,var_5472,no
_ra31ec809e90afd,var_5479,no
_r1234726474b4fe,var_548,no
_r966b6cb351c06e,var_5482,no
_rb3d96689577202,var_5483,no
_r4f5b14d739456a,var_5484,no
_rfb3a8ba250e0c0,var_5488,no
_r4227a7e2853e57,var_5489,no
_rdfb6d5392f4e0f,var_5490,no
_rabdc2a5e09f374,var_5493,no
_rbcd6d1af6b8afd,var_5494,no
_rf46fbe5613b804,var_5495,no
_r41e65e8ba0bee2,var_5499,no
_r2e0c0af49b67fb,var_55,no
_rebe306753b5dfa,var_5501,no
_rfd572577bf50c7,var_5502,no
_r046f09cc45aa70,var_5505,no
_r14c38124298785,var_5507,no
_r6a0469749879a0,var_5508,no
_rc44ef0868684e4,var_5509,no
_rb532f8fd591b34,var_551,no
_r1a020e39f451cb,var_5510,no
_r32d4f27dde7dac,var_5513,no
_r69802d40f8ae75,var_5516,no
_r719fe8572c3f2a,var_5518,no
_r7ee448f60280f5,var_552,no
_r2b46bef4a5af4f,var_5520,no
_r268930ce064f98,var_5521,no
_r574c2e50b2977c,var_5522,no
_r05eee36e532c4d,var_5526,no
_r23246bc430da6e,var_5528,no
_rce68a17c27ceae,var_5533,no
_r96178c2e4b26ef,var_5537,no
_r5b70a535d3bf6f,var_5541,no
_rf8c24c246b3349,var_5545,no
_r0f69e4cebe632e,var_5547,no
_reb2e3dd3245d59,var_555,no
_r26741474ac6469,var_5555,no
_r264b7db5df9585,var_5556,no
_rfc4c89da8dcc7c,var_556,no
_r883885d5e3ebb1,var_5562,no
_raea0b8ece16468,var_5563,no
_r5367da1059a9e2,var_5564,no
_r442aed35648224,var_5565,no
_r4bb9efc2d597d4,var_5567,no
_rad02cf258850dc,var_5568,no
_rdd1dc7cd6c9a49,var_5570,no
_rded7cdcd870896,var_5571,no
_rc203369249e555,var_5573,no
_r2d43e4c4c34e3e,var_5577,no
_ra4aa7f241da558,var_5580,no
_rdb44cfde28130d,var_5583,no
_ra1aa17025f140b,var_5587,no
_r8db19694119b7f,var_5588,no
_r9ef78cde16df70,var_5590,no
_rf4fe4b3b330c9a,var_5592,no
_r813cba41710903,var_5594,no
_rf5553f2fda2971,var_5596,no
_r68ce139bc56865,var_5597,no
_r930500fd5f89fc,var_5598,no
_rd33c62f08b96c1,var_5599,no
_rf716e5f28dccab,var_5600,no
_r7d9f8beb9f7216,var_5602,no
_r78e1430e9a732e,var_5606,no
_ra7bea6cf88cd2f,var_5609,no
_r9c1d9c4f12704d,var_5611,no
_r3cab27678e9a8c,var_5612,no
_r961d5b344fbbcd,var_5614,no
_reaa22f6ec7bbb3,var_5617,no
_rc900f36788dd57,var_5618,no
_rb2e7b5823e960c,var_5620,no
_rb5b72ebdbc2a04,var_5622,no
_ra6818502967fb0,var_5623,no
_r7aa05835649b24,var_5625,no
_r756e3b43dd9edc,var_5627,no
_r818f87501aefd6,var_5628,no
_r18b91ec1f80fe0,var_563,no
_r06d1f91c5a0e2a,var_5630,no
_r89087092216e7d,var_5633,no
_r386332d40244bd,var_5634,no
_r138870a7373996,var_5638,no
_rbf68e9e3f52df9,var_5639,no
_rbebeb0531eda23,var_5645,no
_rf17aa6ed4a5b9e,var_5647,no
_r67e79f6432b45d,var_5648,no
_r2ded293c2bf3e5,var_5649,no
_r73ed4f9ac89f4f,var_5653,no
_r67537ef6734e8b,var_5655,no
_r66645f8b7f80ae,var_5656,no
_rdabd412c5ee63b,var_566,no
_r5d4747b856462e,var_5660,no
_rf01339f640d088,var_5662,no
_r4f3bbd17523f49,var_5663,no
_rfad1c80811fe44,var_5666,no
_raed769e51783e4,var_5669,no
_r56e936db1aa7f7,var_5672,no
_r51654b11581844,var_5673,no
_r218164d73f3113,var_5676,no
_r8f2a12d48b7e0d,var_5677,no
_r0ed7f681175174,var_5678,no
_rb827ec957216c1,var_5679,no
_rd3643c3c0c758d,var_5680,no
_r85b1682eb92616,var_5683,no
_rf27bd660a39996,var_5684,no
_r4f7c242de781bd,var_5685,no
_r2ec15b80a15c99,var_5687,no
_r69a194dcc6d169,var_5688,no
_radd0647b18d777,var_5689,no
_r1004e39225a05b,var_569,no
_r6b7fdd240306b6,var_5690,no
_rad4a62b7cb0061,var_5691,no
_r3e451bb923c5ef,var_5693,no
_rd6ee6dc05346c6,var_5694,no
_r06457f647edf95,var_5697,no
_r3774529347b08a,var_5701,no
_r920cebbe26c9dd,var_5703,no
_rd1adc67ca562d7,var_5704,no
_re995db62ae20f3,var_5705,no
_r2d9a2fc8dacbf2,var_5706,no
_rbbdd61939515a6,var_5707,no
_r16748bb09d1e97,var_5708,no
_rd5bb4ba78640a6,var_5710,no
_r538bbe40a3d99c,var_5714,no
_r86500624428551,var_5715,no
_ra9d1de4030da97,var_5718,no
_r7fe8360dd3e9c2,var_5719,no
_r561e506a8d8a4a,var_5720,no
_r319b223ff1f0c8,var_5722,no
_rb136f1d949d66f,var_5723,no
_r3ea18cf2973a43,var_5725,no
_rc5a7c65a55bde3,var_5728,no
_rd2c79a9263e01e,var_573,no
_r0fab157feb6cfd,var_5730,no
_raa71ca4af0af40,var_5732,no
_r3ec9552278e77f,var_5737,no
_rdb82a8efea4499,var_5738,no
_r30e73c1ed4beaf,var_574,no
_r4acbc48b8d550f,var_5741,no
_rbf69a6db156fcf,var_5744,no
_r71cd70086a7cb9,var_5746,no
_r82539358975282,var_5747,no
_rae13304fd28d73,var_5748,no
_r350e37c9b3ba83,var_5749,no
_r6a427b3db4fb7f,var_5750,no
_r27c77638277219,var_5751,no
_rda9dfe7e116438,var_5752,no
_r233d36fed67a1c,var_5756,no
_rec4a1d353668be,var_5758,no
_r3a790b629ea991,var_5759,no
_r926276158bdccb,var_576,no
_r548121ab079100,var_5760,no
_rd878997fb5844b,var_5761,no
_r3268998d727c9b,var_5762,no
_r3d7d4177c8482b,var_5765,no
_r68a5b28d3759cb,var_5766,no
_ra5814d0f935bb4,var_5767,no
_r779f3db14481c5,var_5768,no
_r518128351a7871,var_577,no
_r0ac9d51e44f9f3,var_5771,no
_r4209a3dd7a1c83,var_5773,no
_r51b5e6b6c2bb5d,var_5774,no
_rb5bda594e157de,var_5775,no
_rf5cde1531a2dad,var_5778,no
_reebc1741972e04,var_5779,no
_raebcef3bb2acf2,var_5780,no
_r00348492aa4cf0,var_5784,no
_r795e6173e20d51,var_5789,no
_r17260c74d213fc,var_579,no
_rda20c4582fbb36,var_5790,no
_rb6054f7fd05b23,var_5792,no
_rf6670245205029,var_5793,no
_rcdba65098b8189,var_5794,no
_ra175a4b8ac95c7,var_5795,no
_rf5e24671db0afc,var_5797,no
_r253686e689fa40,var_5798,no
_r7dd1a96fa18023,var_5799,no
_r3c6fce5533eea5,var_58,no
_r253f4ed0f8c584,var_580,no
_r251377096a17b8,var_5802,no
_r5ac348ace8406c,var_5806,no
_r22e1ecf7ba161e,var_5807,no
_re863c5cb217bae,var_5808,no
_r964ad21a502e15,var_5809,no
_r6b6c0f1377be12,var_581,no
_r308a0b218695f3,var_5811,no
_r1ca474d492eb69,var_5812,no
_r24e9fb8c16a412,var_5814,no
_re1066a33eb81a1,var_5816,no
_rb8903aefc5170e,var_5818,no
_rb965afe70e6ce5,var_582,no
_r895935815b9979,var_5820,no
_r39a43cd83c1cfc,var_5822,no
_r2d9da59d9fc720,var_5823,no
_rd7fb979b6a3fd4,var_5824,no
_rcea37379741fd4,var_5825,no
_r04d2234eb12d70,var_5827,no
_r7bc65e2d4f5735,var_5828,no
_r18ef4850ffbae9,var_583,no
_r0b5dba41874f7e,var_5830,no
_rd6280ea8bcaf1d,var_5831,no
_red6d5c0e030f15,var_5839,no
_r824baf9a051541,var_584,no
_r28fde6421468e9,var_5842,no
_rf3aaf9c97fcefc,var_5844,no
_ra1cf837b059d7f,var_5845,no
_rd1e7391b829363,var_5849,no
_r80895648d6226e,var_585,no
_rc03fe5f83c01e5,var_5851,no
_r5a51295d0f9cfc,var_5852,no
_r2cf57c192b0e75,var_5853,no
_r8d594abfe49d0f,var_5856,no
_r441fa358b6fdec,var_5860,no
_r98abf579116873,var_5863,no
_r8b676ab1ab5320,var_5865,no
_r43b198e8f65ea6,var_5866,no
_r0da8fe65fd3587,var_5868,no
_r51bff649e70ada,var_5869,no
_rbea9a2874b874d,var_5870,no
_rac57d0e43a529a,var_5871,no
_re6fab8ba1a6036,var_5874,no
_r6cf93dd98c805a,var_5875,no
_r6102e72e84bfc2,var_5876,no
_r895257026a1b56,var_5877,no
_rece2b58af786a1,var_5880,no
_re4aab1481dcd86,var_5881,no
_r0e44dd15d83e8c,var_5882,no
_r16f20d6af81b99,var_5883,no
_r7f8f56372fce56,var_5884,no
_r90fbb57bd9bf34,var_5885,no
_rca4f02297a6ab8,var_5886,no
_r1dd7e63da273da,var_5887,no
_r4a8c7c01303ddc,var_5889,no
_r0e1e5cc44c36ad,var_589,no
_r90cd01463615f6,var_5890,no
_r1801a0ebd318e6,var_5891,no
_r32fad3791417bf,var_5892,no
_r018136589579eb,var_5893,no
_r1466603ae1b0b3,var_5894,no
_r6d31f90aa4e7e2,var_5897,no
_r04af1bcd37ac3f,var_5898,no
_r9b97d5dbf44769,var_5901,no
_re2a4f71d299162,var_5902,no
_re98512b5fc6e1b,var_5903,no
_r09f17a4a8be644,var_5904,no
_r34412344b68746,var_5905,no
_r403e6746cf7e61,var_5906,no
_r39da8dd0df8e4c,var_5907,no
_r535ede732e394b,var_5908,no
_rc9cbfede444b62,var_5909,no
_r51de9e1853f35b,var_591,no
_r0b94c3e79de106,var_5910,no
_rf8117820875d4a,var_5911,no
_rf084ed0a4b0fcb,var_5914,no
_rbcc534284d3833,var_5916,no
_r3dc6dcb903a3d2,var_5917,no
_ref77a50d0f8a00,var_5918,no
_rd3ad969e4e946c,var_5919,no
_r11052fcd54a58f,var_592,no
_r4fde681ad67b14,var_5920,no
_r4698c2060a6262,var_5921,no
_r2fb09be37d02aa,var_5922,no
_r3c75cca1cb6ea9,var_5924,no
_r15552f3932ff07,var_5925,no
_r258f03235c50b2,var_5926,no
_r4cf59fab02853f,var_5927,no
_r70093eeaf090eb,var_5928,no
_rede6e56d17ef13,var_5929,no
_ra71aad2071af5d,var_5930,no
_rdeeeb040187a8b,var_5931,no
_rd8b1d587a191ee,var_5933,no
_r8cd7beb35ae2f7,var_5934,no
_r6ae7351a5614dc,var_5935,no
_r40f5e6fada2de5,var_5936,no
_r8bea95b237e2a2,var_5937,no
_r32590469ae669f,var_5938,no
_r4f257797fb425f,var_5939,no
_r5f90734bcbd8a1,var_594,no
_r6073ac616ffabb,var_5940,no
_rf481b4e0380c8f,var_5941,no
_r2dd62a94637c5e,var_5942,no
_r796090e4adcb70,var_5943,no
_rcedb4f486e9130,var_5944,no
_r3f072d52c93486,var_5945,no
_r84b1f5564c82e6,var_5946,no
_r102bdb1152d1e9,var_5948,no
_r22c34008a3fe36,var_595,no
_r6c5033a4518ed3,var_5950,no
_re700c6e4b64deb,var_5952,no
_r91ad1ab7d740ea,var_5953,no
_r68b9d024985cf5,var_5955,no
_r49b87025c7145f,var_596,no
_r76d265a3c81c83,var_5960,no
_r5be0c6b50178c3,var_5963,no
_r9075ab57e5e188,var_5967,no
_r5815fc25f2ed60,var_5970,no
_r569fac56084649,var_5971,no
_reb4d6dab46071e,var_5972,no
_r1cb66de774ac0a,var_5973,no
_r8eea25a2d25417,var_5979,no
_rc14c2c158d944d,var_598,no
_r083d2e6ed96096,var_5981,no
_rcb0975587e0811,var_5986,no
_r97d5d85cdf9126,var_5987,no
_r16fef12be24bee,var_599,no
_r7f570f2945ec38,var_5993,no
_rfa8ab38765ba88,var_5994,no
_r2c18c8bb443fed,var_5996,no
_rb413805557c718,var_601,no
_r9d05a36b6613da,var_602,no
_rfe92ffd6183ca3,var_603,no
_r804a35712c18a4,var_605,no
_rc484f0b53c97cf,var_606,no
_r4cf4e003117129,var_61,no
_r2e5e2deb83b01d,var_610,no
_r4ac939f1c79ee8,var_611,no
_r09a1036e07448e,var_612,no
_rde1035a81493bf,var_613,no
_rbae05f947868e4,var_614,no
_rc7866cbfcc97bc,var_620,no
_rabcfd565f68825,var_621,no
_r8f90e79f69c298,var_622,no
_r66e9c5cf94d7a6,var_627,no
_r613d9c45af1014,var_629,no
_rd82f9ba4160cfa,var_63,no
_rf2765afb4f9c6b,var_630,no
_r988388c8e37eed,var_637,no
_rea0418bfc157cc,var_64,no
_r9b92ba0b68d758,var_641,no
_r2c86c6d429b339,var_642,no
_r8192431e44ca89,var_645,no
_rb8c6c1ba99fabd,var_652,no
_rce83ea7e2b872c,var_654,no
_rcbe9d4dcb34db1,var_659,no
_r5fb8a6653732c5,var_660,no
_re79c2dc3c24819,var_661,no
_r4d1341caedd643,var_662,no
_r528ee3c51f3b9c,var_663,no
_r0945126149b4ac,var_664,no
_r2d57a5fd3d2e3c,var_67,no
_r724a0a04511902,var_670,no
_r1e9a48f424d2d8,var_676,no
_r4b81c4083e5408,var_677,no
_r11b1930ecc586c,var_679,no
_r798d0fc99dcac8,var_68,no
_r87bd8ca453ce5e,var_680,no
_rc939bb245d8784,var_686,no
_r0af0bd2e0cd5ca,var_687,no
_rfa2d8f60759880,var_688,no
_rd81b82f58cc5e7,var_689,no
_rf83ca3327977f1,var_69,no
_r3fb555ededa63a,var_692,no
_r71d5102dd89c79,var_694,no
_r08597577b9c22f,var_700,no
_rba5142bef0c073,var_702,no
_r2ddce95b774f8f,var_703,no
_re32feb8616b598,var_704,no
_r297802879bf0bb,var_707,no
_rb9b2fce2a2ede3,var_71,no
_r4bf2f2252074d1,var_712,no
_r7a6d27a8c842ac,var_718,no
_rbc943e8a5d552b,var_720,no
_rc10782e5163fc3,var_722,no
_ra0825520512972,var_725,no
_r24c096ace991cb,var_726,no
_r9cb0861b32ead4,var_728,no
_ra0ffdba7ba1076,var_73,no
_rfc882afcdcdccc,var_734,no
_rca6fc7dd3df8bf,var_738,no
_ra60fa5cb55b483,var_741,no
_r517a2d1dd5485f,var_742,no
_r08e00d67c9a23d,var_744,no
_rdbfce69dd475d9,var_745,no
_r64be98eeb2412d,var_748,no
_rea86cd7da6a7ed,var_751,no
_r02de92f1fa0540,var_752,no
_re084979aa137fe,var_753,no
_r60cf72ba89cf1a,var_754,no
_rcf67a3a45cc348,var_755,no
_r0a9eb7357330ab,var_756,no
_re64c7e1a2d1bb5,var_76,no
_r759bfaa9b001fc,var_763,no
_rcc2f3d57bb3e82,var_764,no
_ra1ff2e21ee611e,var_769,no
_r265bdab0fdeb32,var_77,no
_r0596ee8c1f3bc7,var_770,no
_rca350b8be20963,var_775,no
_r42f8811827ccd2,var_776,no
_r25bd7fc1fa61d7,var_777,no
_r0d7c170fdaecbe,var_778,no
_r9c335cff079d65,var_780,no
_re5179ad21ddec7,var_781,no
_r26e6baddc574e6,var_783,no
_raf807b6e64b639,var_786,no
_r87441b706b1752,var_789,no
_r828957b27f8137,var_79,no
_r314d8075e12997,var_791,no
_rde8e52423e9160,var_792,no
_r257b0288d6a2e2,var_793,no
_r709ca1d0cf693a,var_794,no
_r4cf227d60d09cd,var_795,no
_r4d9606a5c4b6aa,var_798,no
_rd33399bb3a9523,var_799,no
_r2e3cfdb5022cc2,var_80,no
_rca6699feb2eb33,var_800,no
_r75b24c3bb10327,var_805,no
_rccc2ea88aff29b,var_81,no
_r62e546f5b283e5,var_810,no
_rc3fdbbfedf5047,var_811,no
_r13a1ac120bacd1,var_815,no
_r94134d38431652,var_817,no
_r3cee83617abb07,var_82,no
_r10521833177465,var_820,no
_r39ee05b8ecad02,var_821,no
_r53f26d3ea9b479,var_824,no
_ra7d702fbc87275,var_826,no
_rb37b7c3d544abe,var_827,no
_rc48cb5a072e71e,var_828,no
_r193d4f45d79a97,var_830,no
_r4df9895d28251c,var_832,no
_rf26b94265ef8ec,var_833,no
_rfaeec5883df2b2,var_837,no
_rdf1928a8cebbf8,var_838,no
_rc8df53e044068b,var_840,no
_rfdaeca7f321313,var_841,no
_rf49bbff0fb169a,var_842,no
_r528b628ee67fc2,var_845,no
_re4b567b51411d6,var_847,no
_r1c98824835b4fc,var_849,no
_r38e0b0c443f1fa,var_851,no
_re16dc58057dcda,var_852,no
_r1baecc1d481319,var_854,no
_r60412932e164ce,var_855,no
_r324b506c99efcd,var_857,no
_r838994892c5021,var_86,no
_r67da827dfb6d10,var_861,no
_r29e6ac988429a7,var_868,no
_r9a96c9a1509272,var_87,no
_r6df7f2569630c6,var_871,no
_r6df32d216963f0,var_872,no
_reab604b4594fbc,var_873,no
_r8766cf1e7da317,var_877,no
_r98f49805245c07,var_878,no
_r6279fe2c475afa,var_880,no
_r33beb0116c8af3,var_882,no
_r39a355ddb60b6e,var_884,no
_rf6977cd2eabc70,var_887,no
_r4dda5cdf975cfa,var_888,no
_r616bc0c14d062b,var_889,no
_r40cf886ce09747,var_891,no
_r845632a5004498,var_894,no
_r8dda0b5ef51c47,var_895,no
_r42b0b428821aa0,var_901,no
_rbb8d97e57dccba,var_905,no
_r870376d4b74acc,var_906,no
_r7d677256c95183,var_907,no
_rce71b6edebb27f,var_909,no
_r7fa3a0ea8a21e5,var_91,no
_r966d8c26490774,var_911,no
_r2b747bf8e4d52d,var_912,no
_r49da838793f9c9,var_914,no
_r73fe185617daf7,var_915,no
_r03f87c4c6237ad,var_918,no
_r370832ed2ac35d,var_92,no
_rec7628d591b864,var_920,no
_r2d7745e5b321b8,var_924,no
_rb0cf635d3ac654,var_927,no
_redc87b0e055fdd,var_928,no
_reca51482529bb9,var_93,no
_rfecdf913680900,var_930,no
_r2ae246f84e953f,var_931,no
_rfbf2be796a7d59,var_933,no
_reb42445118192b,var_935,no
_r5fefe31ee1f51e,var_938,no
_r296c8bb047d8dc,var_939,no
_rc82088e4620377,var_94,no
_r7959e913f876c6,var_940,no
_rac98c5da6567c8,var_941,no
_r3c5259577be9cf,var_942,no
_rd737cc9a3fb7cf,var_943,no
_rde59b61210d305,var_948,no
_r83062cc693c5d6,var_949,no
_r458563569c68dc,var_95,no
_r45cc58876a3408,var_953,no
_rdbcf3449769db2,var_954,no
_rbcd129de9e741c,var_958,no
_r66b03b163991cd,var_961,no
_r1234a8e48b2b87,var_962,no
_r2b2d5302b828ac,var_965,no
_r130958b735c459,var_966,no
_r96fbeb9a49db25,var_967,no
_rd3cd8b075063a7,var_969,no
_re509b62f24d061,var_97,no
_ra13581f43359c3,var_970,no
_r4767e6bc4820a1,var_971,no
_r5411476fd56b96,var_974,no
_r93f930483b7e29,var_977,no
_rf8d251303fe407,var_978,no
_r01d8106829a1ea,var_979,no
_ra2bc9a0be8a535,var_98,no
_ree60a9cdd25919,var_980,no
_r6fd2af29a5eae0,var_981,no
_rc14b22d2122cc6,var_982,no
_r39abb724c83606,var_983,no
_rd6884309384184,var_986,no
_rc6f9865b132119,var_988,no
_rfd1a0e3ceeac62,var_989,no
_r2880afcb1a152d,var_99,no
_r334a3ffb9fb176,var_990,no
_r1843b04658b658,var_991,no
_rdd51cd68daaa9b,var_993,no
_r45393eaa07db7a,var_994,no
_r8aaf055a1db65b,var_997,no
_re36c8e5892c8e5,var_998,no
_r282932ba1ca681,variableAudienceOptionText,yes
_r4626838231d856,variableFilter,yes
_r73a44593002ceb,variableListContainer,yes
_r7317581c55b106,variableNameSection,yes
_r678eb217e4e49a,variableNameValue,yes
_r4093d38e8b444a,variableNode,yes
_r7eca2c68bec849,variablePickerContainer,yes
_r3efde0c2657c43,variableSelectionFilter,yes
_re4793f0359c6e6,variableSelectionFilter1,yes
_r2e09436be27607,variableSource,yes
_r244bd942a7ccf0,variableValueWithString,yes
_r94daf1f5193787,variableValuesTableContainer,yes
_rb3120d6b022725,varyingDepth,yes
_r716c6367d66ba7,vectorMultiplication,yes
_r09a1290c37c74d,verifyRoomSessionStatus,yes
_r6b50224ac52ca2,verifySelectedChatLines,yes
_r931a48863202bf,verifyUserSelected,yes
_r88d2a03dbf680c,view,yes
_rd825399cc31ac1,viewInDetailButton,yes
_ra7a95fb0975ea4,viewInMenuCallback,yes
_r1698bad44f09aa,viewLogsButton,yes
_r476a1d807c26ef,viewMode,yes
_r3b3d50aedcedfe,viewProduct,yes
_r4d5868d96666c0,viewer,yes
_r5f6b406ec81029,vipDays,yes
_rde5529626c8f77,visibleHeartCount,yes
_r2655a0ef27d98d,visibleName,yes
_r22c0838267dce8,visibleRegion,yes
_r7f42dc4fcddc60,visualizationMode,yes
_rf86bbcbf35c98a,waitPeriodSeconds,yes
_rad1823f4dfd156,walkTileContainer,yes
_reb78d87927dd04,wallItemCount,yes
_r2f5e923e4be3f2,wallItemsEnabledCheckbox,yes
_r6e920124481b98,wallX,yes
_r7397cf5758c81f,walletSelection,yes
_r0ff2c8e2ee5148,walletText,yes
_r1ca6caeecbfada,warningDisplay,yes
_r99e89380f8f3f4,warningInput,yes
_rb370e722b83e90,warningInterval,yes
_rdb2a963ea051a4,warningText,yes
_r0dbbe21dcc3d03,web3tradeEnabled,yes
_r636b37b1fd7028,webID,yes
_r20704ab54f2b4b,webId,yes
_r2eaada733361ad,wideRectOffset,yes
_r1f0585599bccb6,widgetWindow,yes
_r3f71bb1d888815,widthByRuntimeValue,yes
_r5ff55c4ac74e14,widthModifier,yes
_rf617504efd0e31,widthOptions,yes
_r4c8ffdaa22e8a3,willRejoin,yes
_rd20d21946f0d63,windowEventProc,yes
_r03da290f663de5,windowEventProcessor,yes
_re2f7f04626d643,windowManager,yes
_r70f6145a49028b,windowMininizedEventProc,yes
_r2612028a3bc6d6,windowPreferencesChanged,yes
_r4521cb9df35c8e,windowProc,yes
_ra58ba7f748f8e8,windowProcedure,yes
_r2d2080e2b5b8ed,windowXML,yes
_r969618547b6205,winnerId,yes
_r588c69d2c43bd0,wiredCreditCountText,yes
_rc749eb18498b99,wiredCtrl,yes
_r6e9b7b854aa590,wiredInspectButton,yes
_r3f9d777acd55f6,wiredItemCountText,yes
_r28da3c93a7b049,wiredItemGrid,yes
_r79fd14a1afecee,wiredOfferings,yes
_rf504b14dbb3499,wiredPaymentPlaceholder,yes
_reca035021ea8ea,wiredStyle,yes
_r98606b1e1b5967,wiredStyleBorder,yes
_rc213f1a6750157,wiredVariable,yes
_rfb05b1c10feb45,withNameSpace,yes
_r99c5f94f226ffd,withValue,yes
_re4c8ba7fb3d17f,withdrawAllButton,yes
_r3f5f2099accf86,withdrawButton,yes
_r8a781758309eca,withdrawFurniCount,yes
_re462a8c59611cc,withdrawInput,yes
_r64e6180bf14120,withdrawItemsWithType,yes
_rf6e9069bc11d78,withdrawalsContainer,yes
_rd32c24b959a58e,withoutNameSpace,yes
_r303a8749d4f149,wrappingPrice,yes
_r06bdf4a0672790,writeCachedAssetData,yes
_r70998ce56f80c8,writeStringParam,yes
_r802e8c9283c4b1,x,yes
_r3ffdf57829e25c,xmlAssetName,yes
_r8e30336d3a1cf9,yellowColorHex,yes
_r2108ae8402090e,youGetContainer,yes
_r596f367317bb1a,youGiveContainer,yes
_rd7958077aa2767,youGiveRule,yes
_re3c2d4a580673b,yourCreditCountText,yes
_r3fb0a1c4c9c824,yourItemCountText,yes
_r671ba1e8c07b23,yourItemGrid,yes
_r696180287075eb,yourSilver,yes
_r8295da9dea1899,z_scale,yes
_rae9f2a7d83a68e,zeroOffsetFor,yes
_rad175076609d6a,zoomBitmapData,yes
_ra5e20ac33fd9cd,zoomLevel,yes
_r897bb28ee8abad,zoomString,yes
