direction,header,name,obfuscated,status,air15_source,air15_header,parser,parser_reads,structure,args,air15_arg_types
incoming,1,UnkMessageEvent_4415b3,_i4415b3d7ee4fd1,placeholder,,,UnkMessageParser_SI_1db00d,readString readInteger,string int,,
incoming,3,UnkMessageEvent_2ca0a0,_i2ca0a0d4fe29c0,placeholder,,,UnkMessageParser_empty_bd76f6,-,GameLobbyData{ int string int int int int string int int [ GameLobbyPlayerData{ int string string string int int int int } ] },,
incoming,13,UnkMessageEvent_36edae,_i36edaeb24c5b6c,placeholder,,,UnkMessageParser_SIII_7c7c6f,readString readInteger readInteger readInteger,string int int int,,
incoming,15,class_2788,_i25cb5b0353bd95,matched,package_118/class_2788.as,3308,class_4215,readInteger,int [ class_4332{ int string string int long } ],,
incoming,24,class_3567,_i168aeaea1b9c98,matched,package_180/class_3567.as,2629,class_3907,readString,string,,
incoming,27,class_3784,_ic9b47e0005229d,matched,package_164/class_3784.as,1319,class_3428,readInteger readInteger readInteger readInteger readString readInteger readInteger,int int int [ int string int int ],,
incoming,31,class_2414,_ic01db82145e245,matched,package_64/class_2414.as,126,class_3001,readInteger readInteger readString readInteger,int [ int string ] int [ class_4263{ string int string string int int int } ],,
incoming,41,class_3074,_ie4abe1ed0df5f4,matched,package_164/class_3074.as,3159,class_3631,readInteger readString readInteger readInteger,int string int int,,
incoming,44,class_3222,_i845e46a841bb9e,matched,package_32/class_3222.as,182,class_2636,readString readInteger readInteger,string int [ int ],,
incoming,56,UnkMessageEvent_4e118c,_i4e118c0ea307e0,placeholder,,,UnkMessageParser_II_57eb83,readInteger readInteger,int int,,
incoming,64,UnkMessageEvent_7b5700,_i7b57001d88c28a,placeholder,,,UnkMessageParser_S_9cae0d,readString,string,,
incoming,67,Game2AccountGameStatusMessageEvent,_i222f1288271984,matched,package_95/Game2AccountGameStatusMessageEvent.as,1173,Game2AccountGameStatusMessageParser,readInteger readInteger readInteger,int int int,,
incoming,68,class_1921,_i2fb675c524c3ec,matched,package_5/class_1921.as,1171,class_2960,readBoolean readInteger readInteger readInteger readInteger readInteger readInteger readInteger readInteger readInteger,bool int int [ int ] int [ int ] int [ int ] int [ int ],,
incoming,76,class_3408,_i8dc78947ad4baa,matched,package_32/class_3408.as,1399,class_4130,readBoolean,bool,,
incoming,83,class_2968,_ia8ca2db6a174c5,matched,package_98/class_2968.as,1331,class_3507,readInteger readBoolean readString,int bool string,,
incoming,87,class_3030,_ia78c24d15785ef,matched,package_52/class_3030.as,719,class_3755,readBoolean readInteger,bool int,,
incoming,89,UnkMessageEvent_029ea8,_i029ea87ccad1a2,placeholder,,,UnkMessageParser_B_9222ec,readBoolean,bool,,
incoming,96,UnkMessageEvent_5280e8,_i5280e8a5b406a3,placeholder,,,UnkMessageParser_I_152516,readInteger,?{ int },,
incoming,99,class_3442,_i39c074dfc6c01a,matched,package_128/class_3442.as,2080,class_3725,readInteger readInteger,?{ int int },,
incoming,106,UnkMessageEvent_644b29,_i644b29f3da956d,placeholder,,,UnkMessageParser_S_f40c83,readString,string,,
incoming,113,UnkMessageEvent_9acd66,_i9acd6673ea83b1,placeholder,,,UnkMessageParser_I_241be8,readInteger,int,,
incoming,116,class_3603,_i7cba348ba12221,matched,package_5/class_3603.as,3372,class_3901,readString readString readInteger,string string int,,
incoming,117,class_3639,_i897305bb6c43d1,matched,package_118/class_3639.as,781,class_2851,readInteger readBoolean readInteger readString readInteger readInteger,int bool int [ string ] int [ int WiredVariable{ string int string int int bool bool bool bool bool bool bool bool bool ?{ int [ int string ] } } ],,
incoming,145,class_3083,_i6a779bfc734e49,matched,package_128/class_3083.as,1142,class_3804,readInteger readInteger,?{ int int },,
incoming,147,class_2889,_if26462c0a7ecdf,matched,package_50/class_2889.as,1571,class_2780,readShort readString readInteger readString,short string int string,,
incoming,169,class_2196,_i171b244378b7ae,matched,package_65/class_2196.as,2129,class_2214,readShort,short,,
incoming,183,class_2351,_i30f781989c3d6a,matched,package_2/class_2351.as,1693,class_2556,readInteger,int,,
incoming,188,class_3412,_i7be2fb9dcff9ef,matched,package_64/class_3412.as,3111,class_3560,readInteger readInteger readString readString,?{ int int string string },,
incoming,197,UnkMessageEvent_93d26d,_i93d26d58cde8a4,placeholder,,,UnkMessageParser_I_d6edaa,readInteger,int,,
incoming,198,class_3186,_i73b1dc9d145f9d,matched,com/sulake/habbo/communication/messages/incoming/userdefinedroomevents/class_3186.as,378,class_3360,readBoolean readInteger readString,bool ?{ int [ string ] },,
incoming,205,UnkMessageEvent_3b3d54,_i3b3d54daecb86e,placeholder,,,UnkMessageParser_I_edc9e4,readInteger,int,,
incoming,213,UnkMessageEvent_f3269e,_if3269eba5c526e,placeholder,,,,,,,
incoming,214,class_2387,_i07c4273201d575,matched,package_100/class_2387.as,3942,class_3914,readInteger,int,,
incoming,231,UnkMessageEvent_42cb04,_i42cb04572014a4,placeholder,,,UnkMessageParser_I_cefa1b,readInteger,int,,
incoming,251,UnkMessageEvent_85dbfb,_i85dbfb33814d2d,placeholder,,,UnkMessageParser_I_8af715,readInteger,int [ class_2564{ long long string int string long bool bool byte long long } ],,
incoming,261,class_3692,_i514ef2bb0ab29e,matched,package_50/class_3692.as,2141,class_3563,readInteger readInteger readInteger readInteger readInteger readInteger readInteger readInteger readString readInteger readString readInteger readString readString readInteger readInteger,int int int int int int int int string int string int string string int int [ class_4007{ string int int } ],,
incoming,262,class_3118,_i7e5a2eb65a968c,matched,package_155/class_3118.as,63,class_3673,readInteger,int,,
incoming,266,class_2859,_i6e68b11472e025,matched,package_172/class_2859.as,2876,class_2841,readString readBoolean,string bool,,
incoming,272,Game2JoiningGameFailedMessageEvent,_id639bcf8146784,matched,package_95/Game2JoiningGameFailedMessageEvent.as,1178,Game2JoiningGameFailedMessageParser,readInteger,int,,
incoming,307,UnkMessageEvent_48b9cb,_i48b9cb9585f2e2,placeholder,,,UnkMessageParser_empty_b9e3d3,-,class_1843{ int [ int string bool ] bool int string string int int int int int bool string int [ class_2482{ int int int } ] string int },,
incoming,308,UnkMessageEvent_3a233d,_i3a233dda94e81c,placeholder,,,,,,,
incoming,313,UnkMessageEvent_07ae48,_i07ae484c56c170,placeholder,,,UnkMessageParser_I_d614a2,readInteger,int,,
incoming,316,UnkMessageEvent_3345a2,_i3345a2b7845767,placeholder,,,UnkMessageParser_ISIS_1b7110,readInteger readString readInteger readString,int string int string,,
incoming,317,UnkMessageEvent_4761be,_i4761becefc83ba,placeholder,,,,,,,
incoming,325,UnkMessageEvent_413e6f,_i413e6f7cfa92e2,placeholder,,,UnkMessageParser_II_c935c8,readInteger readInteger,int int,,
incoming,334,class_1964,_i1aa8bace183530,matched,package_38/class_1964.as,2398,class_3217,readInteger readInteger readBoolean,int [ int ] bool,,
incoming,337,UnkMessageEvent_d2c042,_id2c042a647e995,placeholder,,,UnkMessageParser_B_035fbc,readBoolean,GameLobbyPlayerData{ int string string string int int int int } bool,,
incoming,339,UnkMessageEvent_cadc4d,_icadc4da8a72468,placeholder,,,UnkMessageParser_IS_a44d28,readInteger readString,int [ string ],,
incoming,340,UnkMessageEvent_390f9c,_i390f9c2ead4c93,placeholder,,,UnkMessageParser_I_81aa89,readInteger,int [ UnkClass_ca1162{ int int int bool int bool short } ],,
incoming,350,class_3300,_i4c8c31027c3652,matched,package_205/class_3300.as,2092,class_4190,readString readString readString,string string string,,
incoming,361,class_3104,_i8bf819d65fc922,matched,package_73/class_3104.as,670,class_2813,readInteger readString readInteger readInteger readInteger readString readString readBoolean readInteger readInteger readInteger,int string int int int ?{ [ string string bool ] } int ?{ int } ?{ int },,
incoming,364,class_2988,_ic23b98fd693ee5,matched,package_77/class_2988.as,2913,class_4136,readInteger readInteger readInteger readInteger,int int int int GameLevelData{ int int string int },,
incoming,371,class_3303,_i6cb42570f2f02e,matched,package_64/class_3303.as,552,class_2725,readInteger readInteger readInteger readInteger readString readInteger readInteger readInteger readString,int [ int int int string int int int string ],,
incoming,373,UnkMessageEvent_2a67f7,_i2a67f7caf53350,placeholder,,,UnkMessageParser_III_b43ac9,readInteger readInteger readInteger,int int int,,
incoming,384,class_3461,_i873eb7aebe97ce,matched,package_11/class_3461.as,3930,class_3482,readInteger readString readInteger readInteger readInteger readInteger readInteger readInteger readInteger readInteger readInteger readInteger readInteger readString readInteger readBoolean readBoolean readInteger readInteger readInteger readBoolean readBoolean readBoolean readInteger readInteger readInteger readInteger readBoolean,int string int int int int int int int int int int int string int bool bool int [ int ] int bool bool bool int int int int bool,,
incoming,400,class_2901,_ia42edd767784a1,matched,package_65/class_2901.as,1285,class_4154,readString readInteger readString,string int [ string ],,
incoming,402,class_3468,_ie47caa92bfbcfb,matched,package_180/class_3468.as,1151,class_4248,readInteger readInteger readInteger,int int ?{ int },,
incoming,419,class_1935,_i9c16bbe8704388,matched,package_20/class_1935.as,604,class_1895,readInteger readInteger readString readInteger readInteger readString readString,int int string int int string string,,
incoming,422,UnkMessageEvent_0b2eff,_i0b2effc8edbf07,placeholder,,,UnkMessageParser_II_ea9e96,readInteger readInteger,int int [ class_4349{ string string string int int } ],,
incoming,426,UnkMessageEvent_070f79,_i070f79082ee244,placeholder,,,UnkMessageParser_IIS_2c547c,readInteger readInteger readString,int int string,,
incoming,443,class_2844,_i63df6630f9fddc,matched,package_32/class_2844.as,1001,class_3983,readInteger,int,,
incoming,444,UnkMessageEvent_2169e5,_i2169e5513150a7,placeholder,,,UnkMessageParser_empty_3ee66a,-,GameLobbyData{ int string int int int int string int int [ GameLobbyPlayerData{ int string string string int int int int } ] },,
incoming,477,UnkMessageEvent_5e011a,_i5e011abd474592,placeholder,,,UnkMessageParser_II_0bd32d,readInteger readInteger,int [ class_3142{ int string bool int int int bool int int bool int int int int } ] int,,
incoming,478,UnkMessageEvent_ed33e7,_ied33e722835efb,placeholder,,,UnkMessageParser_II_c83319,readInteger readInteger,int int,,
incoming,482,UnkMessageEvent_6e59e3,_i6e59e343aa7447,placeholder,,,,,,,
incoming,487,UnkMessageEvent_047c26,_i047c268381a763,placeholder,,,UnkMessageParser_empty_890bab,-,TreasureHuntWinnerInfo{ string int string string string },,
incoming,492,UnkMessageEvent_00aa3a,_i00aa3a6d8f8ba7,placeholder,,,UnkMessageParser_I_8b7545,readInteger,int,,
incoming,493,class_2197,_if0044c71f3c580,matched,package_74/class_2197.as,2328,class_1768,readInteger readInteger,int [ int ],,
incoming,496,class_3523,_i89ad150fdf1a27,matched,package_210/class_3523.as,108,class_3997,readInteger readInteger,int int,,
incoming,497,UnkMessageEvent_7d9fe5,_i7d9fe50ce66b98,placeholder,,,UnkMessageParser_I_33fbfd,readInteger,int,,
incoming,501,UnkMessageEvent_40791a,_i40791aa2e4482e,placeholder,,,UnkMessageParser_SSB_faca0f,readString readString readBoolean,string string bool,,
incoming,505,class_1909,_i899ab648050f05,matched,package_9/class_1909.as,2015,class_3646,readInteger,int,,
incoming,507,class_2220,_i741bf3c21dd46d,matched,package_77/class_2220.as,465,class_2235,readInteger readString readInteger,int string int GameObjectsData{ int [ int int ] },,
incoming,510,Game2GameDirectoryStatusMessageEvent,_i972eabd3489125,matched,package_95/Game2GameDirectoryStatusMessageEvent.as,2793,Game2GameDirectoryStatusMessageParser,readInteger readInteger readInteger readInteger,int int int int,,
incoming,513,UnkMessageEvent_bad8da,_ibad8da8c3bf9fc,placeholder,,,UnkMessageParser_SI_d38499,readString readInteger,string int [ class_3833{ int int int bool bool } ],,
incoming,514,UnkMessageEvent_14986c,_i14986cf5ab76b2,placeholder,,,UnkMessageParser_B_e2b073,readBoolean,bool,,
incoming,520,UnkMessageEvent_bc8b6e,_ibc8b6e129be42d,placeholder,,,UnkMessageParser_empty_b57d6c,-,class_2205{ int int [ string ] int [ string ] bool bool bool bool bool bool bool int [ string ] },,
incoming,523,UnkMessageEvent_b1d1be,_ib1d1bec3371957,placeholder,,,,,,,
incoming,527,UnkMessageEvent_09c27a,_i09c27a840c1984,placeholder,,,UnkMessageParser_empty_304c9a,-,-,,
incoming,536,UnkMessageEvent_36dccb,_i36dccb24cccbd9,placeholder,,,UnkMessageParser_I_7ce10c,readInteger,?{ int },,
incoming,537,class_3772,_i9b1eaf30c3b9f9,matched,package_73/class_3772.as,33,class_2813,readInteger readString readInteger readInteger readInteger readString readString readBoolean readInteger readInteger readInteger,int string int int int ?{ [ string string bool ] } int ?{ int } ?{ int },,
incoming,560,class_2117,_i2a0b2de4f18f66,matched,package_64/class_2117.as,789,class_2161,readInteger readBoolean,int bool,,
incoming,566,class_3383,_i3786989997606c,matched,package_32/class_3383.as,292,,,,,
incoming,569,class_3735,_ib9078df4136962,matched,package_164/class_3735.as,2426,class_4221,readInteger readString readInteger readInteger,int string int int,,
incoming,577,UnkMessageEvent_8b984d,_i8b984ddd2c5fb7,placeholder,,,UnkMessageParser_III_e97abf,readInteger readInteger readInteger,int [ int int ],,
incoming,587,class_2612,_iaa66240b8cce24,matched,package_143/class_2612.as,2164,class_4111,readInteger,int,,
incoming,595,UnkMessageEvent_006f0a,_i006f0ab168a85d,placeholder,,,,,,,
incoming,598,class_2066,_i7478d29442c322,matched,package_51/class_2066.as,1126,class_2269,readInteger readInteger,int int,,
incoming,599,class_3690,_iffe8131de4fdfa,matched,package_150/class_3690.as,844,class_3629,readString readString readInteger readInteger,string string int int,,
incoming,602,class_2753,_ie72dc85f23e09f,matched,package_52/class_2753.as,3600,class_4088,readInteger readInteger,int int,,
incoming,604,class_2836,_ie10addb00ec430,matched,package_54/class_2836.as,3080,class_2874,readInteger readInteger,int int,,
incoming,612,class_3810,_i637d0e702c30ec,matched,package_50/class_3810.as,2666,class_2428,readInteger,int,,
incoming,619,class_3680,_i43c2673331c3e7,matched,package_151/class_3680.as,447,class_3263,readInteger readString readString readInteger readInteger readBoolean,int string string int [ int int int string int int int ?{ [ string string int ] } int [ int int int string int int int ?{ [ string string int ] } ] ] bool,,
incoming,621,UnkMessageEvent_ca3be0,_ica3be0c2d26e07,placeholder,,,UnkMessageParser_empty_7d266f,-,-,,
incoming,627,UnkMessageEvent_78b2ff,_i78b2ff4ad9002b,placeholder,,,,,,,
incoming,651,class_3018,_idb60bf9f15ae7d,matched,package_85/class_3018.as,1743,class_4070,readInteger readInteger readInteger readInteger readString readString,int int [ int int string string ],,
incoming,652,UnkMessageEvent_9f9ad5,_i9f9ad51a94e0cb,placeholder,,,UnkMessageParser_I_7e0d9e,readInteger,int,,
incoming,653,class_2585,_i19845cecd22a6f,matched,package_110/class_2585.as,268,class_4303,readInteger readInteger readInteger readInteger,int int int int [ ChestStorage{ int int long bool int ?{ int } } ],,
incoming,656,class_3613,_id5289c6c22771e,matched,package_150/class_3613.as,917,class_3402,readString readInteger readInteger,string int int,,
incoming,657,UnkMessageEvent_69fb68,_i69fb6829a2fa77,placeholder,,,UnkMessageParser_empty_dc9795,-,-,,
incoming,658,class_2815,_ie62ba58ccf9b4e,matched,package_5/class_2815.as,3287,class_3899,readBoolean readInteger readInteger readString readBoolean,bool int [ int string bool ],,
incoming,667,UnkMessageEvent_ce7773,_ice77737aeb5e73,placeholder,,,UnkMessageParser_I_92089c,readInteger,int,,
incoming,668,class_2746,_icf4150702df95e,matched,package_118/class_2746.as,913,class_3093,readShort,short,,
incoming,670,UnkMessageEvent_37437a,_i37437a4491d3a2,placeholder,,,UnkMessageParser_B_02c315,readBoolean,bool,,
incoming,671,class_3450,_i0387ce225e6a9b,matched,package_44/class_3450.as,3226,class_3105,readBoolean readBoolean readBoolean readBoolean,bool ?{ bool } ?{ bool } ?{ bool },,
incoming,672,UnkMessageEvent_27b0d9,_i27b0d986576df1,placeholder,,,UnkMessageParser_empty_ec5959,-,-,,
incoming,684,class_3294,_idcbd045f26c3f0,matched,package_85/class_3294.as,2870,class_2796,readInteger readInteger readString readString readString readInteger readString,int [ int string string string int string ],,
incoming,685,class_2913,_id81849a53cb2f7,matched,package_180/class_2913.as,2261,class_4095,readBoolean readBoolean,?{ bool bool },,
incoming,689,class_2427,_ib4f4bfe22a4fab,matched,package_77/class_2427.as,425,class_4286,readInteger,int,,
incoming,693,Game2StartingGameFailedMessageEvent,_i1a3d335c882fc1,matched,package_95/Game2StartingGameFailedMessageEvent.as,736,Game2StartingGameFailedMessageParser,readInteger,int,,
incoming,700,class_3555,_id1d3e7c306f364,matched,package_1/class_3555.as,3003,class_3929,readString,string,,
incoming,702,class_2675,_i2dac588e642183,matched,package_49/class_2675.as,132,class_4251,readInteger,int [ class_4336{ int string int string bool string } ],,
incoming,712,class_3347,_i40d3970436ef51,matched,package_53/class_3347.as,954,class_2600,readString readInteger readString readString,string int [ string string ],,
incoming,713,class_3338,_ic57f5afedc4488,matched,package_186/class_3338.as,1842,class_3427,readString readInteger readInteger,string int int,,
incoming,721,UnkMessageEvent_f9ccc8,_if9ccc82a9f2520,placeholder,,,UnkMessageParser_I_8633af,readInteger,int,,
incoming,722,UnkMessageEvent_acffa7,_iacffa79a4f9052,placeholder,,,,,,,
incoming,725,class_2016,_iaec07f2e0f6516,matched,package_1/class_2016.as,731,class_2886,readInteger readInteger readShort readInteger,int int [ short ] int,,
incoming,726,class_2114,_i88a77230578806,matched,package_64/class_2114.as,3615,class_2279,readInteger readInteger readString readString readString readInteger readInteger readInteger readString readInteger readInteger readString readInteger readInteger readString readString readInteger readBoolean readInteger readInteger readInteger readString readInteger readBoolean readBoolean readBoolean readBoolean readBoolean readBoolean readInteger readString readString readInteger readString readInteger readShort,int [ int string string string int int int string int int ?{ string int int string string int bool int | ?{ int int string int bool bool bool bool bool bool int string | ?{ ?{ string int string int ?{ [ short ] } } } } } ],,
incoming,732,class_3619,_i6797ab7be9328f,matched,package_143/class_3619.as,1446,class_4124,readInteger readBoolean,int bool,,
incoming,739,class_3837,_i2c59a174ae0cca,matched,package_100/class_3837.as,1074,class_3385,readInteger readInteger readInteger readInteger readString readInteger readBoolean readInteger,int int [ int int string int ] bool int,,
incoming,745,UnkMessageEvent_5bf337,_i5bf33746155f34,placeholder,,,UnkMessageParser_I_b908ea,readInteger,int [ UnkClass_5563ae{ int string int int } ],,
incoming,750,class_2469,_i0e3270261fee8e,matched,package_99/class_2469.as,150,UnkMessageParser_empty_e64c41,-,-,,
incoming,784,WeeklyGameRewardEvent,_i559e79f2e01ad0,matched,package_107/WeeklyGameRewardEvent.as,2130,class_4119,readInteger readInteger readInteger readBoolean,int int int bool,,
incoming,793,class_2533,_ic686cbd417ee94,matched,package_131/class_2533.as,2959,UnkMessageParser_III_7cb272,readInteger readInteger readInteger,int [ int int ],,
incoming,794,class_3712,_ia296643bdd2079,matched,package_52/class_3712.as,3708,class_3477,readInteger readInteger readInteger,int int [ int ],,
incoming,796,class_2568,_i1979b52f8e75ab,matched,com/sulake/habbo/communication/messages/incoming/userdefinedroomevents/class_2568.as,267,,,,,
incoming,802,class_3355,_ia37cc9ed2caba4,matched,package_20/class_3355.as,2242,class_2938,readString readInteger readString,string int string,,
incoming,829,UnkMessageEvent_ebe499,_iebe499c1c79b63,placeholder,,,UnkMessageParser_IB_a670a3,readInteger readBoolean,int bool,,
incoming,832,class_3246,_i12b5d528d29b22,matched,package_110/class_3246.as,2341,class_4086,readInteger readInteger readInteger readInteger,int int [ int ] int [ ChestStorage{ int int long bool int ?{ int } } ],,
incoming,843,class_2616,_i99839d483cc6bd,matched,package_145/class_2616.as,3339,class_3204,readBoolean readString readString readString,bool string string string,,
incoming,848,class_3252,_id6a679a6911adf,matched,package_187/class_3252.as,2440,class_3480,readBoolean readBoolean readInteger,bool bool int,,
incoming,850,class_2970,_i4fcd027beb3e59,matched,package_151/class_2970.as,1211,class_2903,readInteger readString readInteger readString readInteger,int string int [ string int ],,
incoming,856,class_3757,_icc5acf8ffcabb9,matched,package_100/class_3757.as,2518,class_2899,readInteger readInteger readInteger,?{ int int int },,
incoming,864,class_3275,_i779b2476fd9827,matched,package_118/class_3275.as,1860,class_4132,readInteger readInteger readString,int int string,,
incoming,870,UnkMessageEvent_38a86b,_i38a86b3f3520e2,placeholder,,,UnkMessageParser_III_769903,readInteger readInteger readInteger,int ?{ int [ int ] },,
incoming,877,class_3298,_if338795bf95be2,matched,package_172/class_3298.as,963,class_3814,readString readInteger,string int,,
incoming,882,class_3745,_i8553fc92380a3d,matched,package_11/class_3745.as,1607,class_3351,readInteger readInteger readInteger readInteger readInteger,int int [ int ] int [ int ],,
incoming,883,UnkMessageEvent_38e2de,_i38e2dee0044afc,placeholder,,,UnkMessageParser_I_246a2c,readInteger,int,,
incoming,892,class_2794,_i2061c828301e84,matched,package_52/class_2794.as,3790,class_2963,readInteger readInteger,int int,,
incoming,898,class_3058,_i36dfff3c7b6647,matched,package_52/class_3058.as,3113,class_3759,readInteger readBoolean,int bool,,
incoming,910,class_3483,_ib57333a8b81dba,matched,com/sulake/habbo/communication/messages/incoming/userdefinedroomevents/class_3483.as,59,class_4085,readInteger readBoolean readString,int bool string,,
incoming,916,class_3793,_i584d9dadba29f7,matched,package_1/class_3793.as,2503,class_4069,readInteger readInteger readString,int [ int string ],,
incoming,917,class_2969,_iff6b2eab466b6d,matched,package_64/class_2969.as,2902,class_3913,readInteger readString readInteger readInteger,int string int int,,
incoming,923,UnkMessageEvent_e4765c,_ie4765c1358a27d,placeholder,,,UnkMessageParser_I_722cca,readInteger,int,,
incoming,926,UnkMessageEvent_fce129,_ifce129bfe9880b,placeholder,,,UnkMessageParser_I_43cb82,readInteger,int,,
incoming,931,class_3301,_iadcc6145a02d00,matched,com/sulake/habbo/communication/messages/incoming/userdefinedroomevents/class_3301.as,808,class_2972,readInteger readInteger,int int,,
incoming,954,class_3032,_i4fa9849131d385,matched,package_65/class_3032.as,504,class_3980,readShort,short,,
incoming,955,UnkMessageEvent_394d4c,_i394d4cfba97538,placeholder,,,UnkMessageParser_I_475712,readInteger,int,,
incoming,958,class_2896,_i36ea4d2a1afa60,matched,package_178/class_2896.as,3620,class_4240,readInteger readInteger,int int,,
incoming,961,UnkMessageEvent_12d5f6,_i12d5f62c6cb227,placeholder,,,,,,,
incoming,963,UnkMessageEvent_616fb7,_i616fb7f8578499,placeholder,,,UnkMessageParser_II_5f9c64,readInteger readInteger,int int,,
incoming,964,UnkMessageEvent_12480f,_i12480f54755d91,placeholder,,,,,,,
incoming,967,UnkMessageEvent_5072b4,_i5072b4449533fd,placeholder,,,UnkMessageParser_SS_8a3351,readString readString,string string,,
incoming,969,class_3528,_i453c97efc3b9ec,matched,package_64/class_3528.as,1799,class_2697,-,?{ class_4263{ string int string string int int int } },,
incoming,974,class_3292,_iad684609f3af5a,matched,package_44/class_3292.as,1621,class_3085,readInteger readInteger readString readInteger readInteger readString readInteger,int int [ string int int [ string int ] ],,
incoming,982,class_2665,_ib3a416aba94dcc,matched,package_114/class_2665.as,625,class_2363,readInteger,int,,
incoming,988,class_2648,_i04cdbf7c7b9ce9,matched,package_150/class_2648.as,2614,class_2543,readBoolean readInteger readBoolean,bool int [ class_2548{ string string int bool ?{ double int int int } bool bool bool int [ class_4147{ string string string int bool int [ UnkClass_a8ceca{ int int bool } ] } ] int [ class_4050{ string int short string string int bool bool bool } ] } ] bool,,
incoming,990,class_3464,_i23a3b4a12a2867,matched,package_99/class_3464.as,1877,class_4171,readString readString,string string,,
incoming,993,UnkMessageEvent_66f8f8,_i66f8f84cd04aab,placeholder,,,UnkMessageParser_I_a0afa3,readInteger,int,,
incoming,1001,class_3693,_i9f91105ed548dd,matched,com/sulake/habbo/communication/messages/incoming/userdefinedroomevents/class_3693.as,3349,class_3112,readInteger,int,,
incoming,1006,UnkMessageEvent_747af9,_i747af906850f2d,placeholder,,,UnkMessageParser_empty_4c8262,-,UnkClass_486f84{ int string bool int int int bool int int bool },,
incoming,1010,class_3839,_i68e1990b3bf37d,matched,package_100/class_3839.as,1258,class_4235,readInteger,?{ int },,
incoming,1012,UnkMessageEvent_cac49e,_icac49ea648b05c,placeholder,,,UnkMessageParser_empty_6d2c2b,-,-,,
incoming,1024,class_3129,_if98f83eb4f7bb1,matched,package_32/class_3129.as,3153,class_3878,readString readInteger,string int,,
incoming,1029,UnkMessageEvent_210f43,_i210f431bca6a51,placeholder,,,UnkMessageParser_IB_540fc4,readInteger readBoolean,int bool,,
incoming,1030,UnkMessageEvent_8df262,_i8df262159e97f4,placeholder,,,UnkMessageParser_I_d3aef1,readInteger,int,,
incoming,1035,class_2288,_ia4bb8063f21a52,matched,package_20/class_2288.as,3097,class_2211,readInteger readInteger,int [ UnkClass_67ec3c{ int string string bool bool string int string string } ] int [ UnkClass_67ec3c{ int string string bool bool string int string string } ],,
incoming,1036,UnkMessageEvent_e72a0e,_ie72a0e871bd4a9,placeholder,,,UnkMessageParser_empty_ec5697,-,-,,
incoming,1038,class_1991,_ie5ff19aa4d48e0,matched,package_9/class_1991.as,3133,class_1997,readInteger,int,,
incoming,1048,UnkMessageEvent_cc8083,_icc80836214d321,placeholder,,,UnkMessageParser_SSB_d6320a,readString readString readBoolean,string string bool,,
incoming,1059,class_2955,_ida03b16f85c38f,matched,package_2/class_2955.as,1489,class_3579,readInteger readString readString readInteger readInteger readInteger readInteger readInteger readString readInteger readInteger readInteger readInteger readInteger readInteger readInteger readInteger readBoolean readBoolean readInteger readBoolean readInteger readBoolean readBoolean,int string string int int int int int [ string ] int int int int int int int int bool bool int bool int bool class_2849{ int int int } bool,,
incoming,1070,UnkMessageEvent_6ebdd0,_i6ebdd041f0c965,placeholder,,,UnkMessageParser_empty_305618,-,-,,
incoming,1078,UnkMessageEvent_c01c57,_ic01c572432c1f6,placeholder,,,UnkMessageParser_empty_211304,-,class_2979{ int string int bool },,
incoming,1081,class_3007,_i4cadac7c36d512,matched,package_155/class_3007.as,1935,class_3052,readInteger readInteger,int int,,
incoming,1087,class_2989,_iba534832a99304,matched,package_11/class_2989.as,609,class_3597,readInteger readInteger readBoolean readBoolean readBoolean readBoolean,int int bool bool bool bool,,
incoming,1088,class_3627,_ib0865605325548,matched,package_100/class_3627.as,1300,class_3799,readString readInteger readString readInteger readString readBoolean readString,?{ string int string int string bool string },,
incoming,1106,class_3223,_ief58a03b78badf,matched,package_86/class_3223.as,2323,class_3657,readInteger,int,,
incoming,1115,class_2964,_i3a3904fa5178d3,matched,package_155/class_2964.as,324,class_2677,readInteger readInteger readInteger,int int int,,
incoming,1119,class_3761,_i0d4d29d48ca28a,matched,package_32/class_3761.as,2115,class_3923,readBoolean readInteger readInteger readInteger,bool int int int,,
incoming,1120,class_3803,_i84135a65ac73b2,matched,package_11/class_3803.as,3712,class_2458,readInteger readInteger,?{ int int },,
incoming,1121,UnkMessageEvent_fab257,_ifab2576440fce2,placeholder,,,UnkMessageParser_empty_07483d,-,FullGameStatusData{ int int int GameObjectsData{ int [ int int ] } int int GameStatusData{ int int int [ int [ int ] ] } },,
incoming,1125,UnkMessageEvent_1d49f0,_i1d49f0db22b849,placeholder,,,UnkMessageParser_B_8945f6,readBoolean,bool,,
incoming,1130,class_3422,_i7cfee73a1b5345,matched,package_196/class_3422.as,2365,class_3663,readBoolean,bool,,
incoming,1132,UnkMessageEvent_12fa1e,_i12fa1ee961f95a,placeholder,,,UnkMessageParser_empty_4e5dd5,-,GameLobbyData{ int string int int int int string int int [ GameLobbyPlayerData{ int string string string int int int int } ] },,
incoming,1143,class_2404,_ia01c62c0509552,matched,package_9/class_2404.as,1467,class_3883,readInteger readInteger,int int,,
incoming,1147,class_3110,_id358edf7f0111a,matched,package_50/class_3110.as,1667,class_2499,readInteger readInteger readInteger readString readBoolean readInteger,int [ int int string ] bool int,,
incoming,1148,UnkMessageEvent_1e9bcb,_i1e9bcb2c9b9557,placeholder,,,UnkMessageParser_I_0cbfc0,readInteger,int [ class_4338{ int string string string int string string } ],,
incoming,1154,UnkMessageEvent_542707,_i5427072e8a5867,placeholder,,,UnkMessageParser_empty_e9696d,-,-,,
incoming,1155,UnkMessageEvent_73ae21,_i73ae2149b50892,placeholder,,,UnkMessageParser_I_572a71,readInteger,int,,
incoming,1156,class_3689,_i46355507e2739a,matched,package_73/class_3689.as,3812,UnkMessageParser_IS_b74751,readInteger readString,int [ string ],,
incoming,1159,class_2513,_ie1b08a29965bf7,matched,package_128/class_2513.as,2282,class_3228,readInteger readInteger readInteger,?{ int int int },,
incoming,1160,class_1815,_ife08d9f130516e,matched,package_5/class_1815.as,3407,class_2808,readBoolean readString,bool string,,
incoming,1169,UserGameAchievementsMessageEvent,_ic909ad7273decb,matched,package_196/UserGameAchievementsMessageEvent.as,3029,UserGameAchievementsMessageParser,readInteger,int,,
incoming,1172,class_3039,_i88118a2f6e6f64,matched,package_32/class_3039.as,3110,class_4044,readInteger readInteger readString readInteger,int [ int string int ],,
incoming,1180,UnkMessageEvent_2ae9aa,_i2ae9aa9297838e,placeholder,,,UnkMessageParser_empty_f7073f,-,UnkClass_2283bf{ int int string int int string string int int int },,
incoming,1196,UnkMessageEvent_71ce07,_i71ce07f1d9b7d6,placeholder,,,UnkMessageParser_empty_a4ba0e,-,-,,
incoming,1203,UnkMessageEvent_1ef5e0,_i1ef5e023aca108,placeholder,,,UnkMessageParser_empty_efd565,-,UnkClass_2ada9e{ int string int [ class_4250{ byte short [ string byte bool int string ] short [ class_4238{ string int string string bool } ] } ] },,
incoming,1210,class_3174,_idd03d0eca00fd9,matched,package_50/class_3174.as,3136,class_3583,readInteger readBoolean,int bool,,
incoming,1226,class_3660,_i71b8a32f8c5bfe,matched,package_98/class_3660.as,1267,class_3221,readInteger,int,,
incoming,1230,UnkMessageEvent_34127d,_i34127d9d412d20,placeholder,,,UnkMessageParser_empty_5b123f,-,-,,
incoming,1233,class_3424,_i22e933da7530c1,matched,package_77/class_3424.as,1271,class_4008,readInteger,int,,
incoming,1234,class_3703,_if06afcaa0cc639,matched,package_64/class_3703.as,2116,class_2454,-,-,,
incoming,1240,class_2361,_ie8500c4078afbf,matched,com/sulake/habbo/communication/messages/incoming/userdefinedroomevents/class_2361.as,940,class_3191,readString readInteger,string int [ class_3079{ string string } ],,
incoming,1241,class_3115,_i1dc36ae6eda356,matched,package_110/class_3115.as,2338,class_4209,readInteger readInteger,int int,,
incoming,1258,class_3033,_id2e0600cccbc41,matched,package_49/class_3033.as,880,class_4012,readInteger readInteger readInteger,int int int,,
incoming,1275,class_2407,_i7a176696c76042,matched,com/sulake/habbo/communication/messages/incoming/userdefinedroomevents/class_2407.as,1426,class_2876,readInteger,int,,
incoming,1276,UnkMessageEvent_21cd6f,_i21cd6f57b655eb,placeholder,,,,,,,
incoming,1288,class_2259,_ia84bc63ed6864f,matched,package_20/class_2259.as,2655,class_2183,readInteger readInteger readString,int int string,,
incoming,1320,UnkMessageEvent_class_2880,_i2c7b489ce44a85,placeholder,,,class_2880,readInteger readString readString readBoolean,int [ string string bool ],,
incoming,1325,UnkMessageEvent_d4ba75,_id4ba75047d765c,placeholder,,,UnkMessageParser_I_979d53,readInteger,int VariableInfoAndHolders{ WiredVariable{ string int string int int bool bool bool bool bool bool bool bool bool ?{ int [ int string ] } } int [ UnkClass_08106d{ int int } ] },,
incoming,1333,UnkMessageEvent_Game2LeaderboardParser_,_iaf19f39f1dd36a,placeholder,,,Game2LeaderboardParser,readInteger readInteger readInteger,int [ class_4169{ int int int string string string } ] int int,,
incoming,1343,class_3339,_idec8819eaf68ed,matched,package_64/class_3339.as,683,class_2799,readInteger readInteger readInteger readString,int int int string,,
incoming,1346,UnkMessageEvent_684452,_i684452d3e19adb,placeholder,,,UnkMessageParser_empty_02ab60,-,UnkClass_42de16{ int string string int int bool int int int int int string string int int string string ?{ string int } },,
incoming,1347,class_3504,_ic04ced62d6107b,matched,package_42/class_3504.as,2936,class_4103,readInteger readInteger readInteger,int int [ int ],,
incoming,1369,class_2637,_i4b88bb53b3853a,matched,package_133/class_2637.as,1460,class_4273,readString readInteger readInteger readInteger,string int int [ UnkClass_a3a76c{ string } ] int [ class_4223{ string int } ],,
incoming,1373,class_2386,_i0376c4c17e8399,matched,package_99/class_2386.as,3213,UnkMessageParser_empty_f1f80e,-,class_3624{ int int string int int int int int bool string string int int short },,
incoming,1378,class_3073,_ie99be8e2c537e1,matched,package_53/class_3073.as,2965,class_3996,readString,string,,
incoming,1379,UnkMessageEvent_4ef98a,_i4ef98a42adfd94,placeholder,,,UnkMessageParser_empty_178047,-,-,,
incoming,1381,class_2003,_i5493ebcf183ecf,matched,package_53/class_2003.as,3002,class_3182,readInteger readString readInteger readInteger readString readInteger readString,int string int int [ string ] int [ string ],,
incoming,1387,UnkMessageEvent_6d077c,_i6d077c3986f1b2,placeholder,,,UnkMessageParser_IS_769d7e,readInteger readString,int [ string ],,
incoming,1392,class_3526,_i14295bcf30f403,matched,package_211/class_3526.as,2847,class_3367,readInteger readByte readByte readInteger readString,int [ byte byte int string ],,
incoming,1405,UnkMessageEvent_Game2WeeklyLeaderboardParser___,_i42d57019cca8bd,placeholder,,,Game2WeeklyLeaderboardParser,readInteger readInteger readInteger readInteger readInteger,int int int int int,,
incoming,1411,UnkMessageEvent_f39b73,_if39b73b30322ee,placeholder,,,UnkMessageParser_I_bf7003,readInteger,int,,
incoming,1416,class_1831,_iad33049e3d5f57,matched,package_29/class_1831.as,367,class_2297,readString,string,,
incoming,1418,class_2372,_i6837d6bbb6f804,matched,package_64/class_2372.as,1752,class_3827,readString,string,,
incoming,1426,UnkMessageEvent_f3e0ff,_if3e0ff935c227a,placeholder,,,UnkMessageParser_I_c13999,readInteger,int,,
incoming,1442,UnkMessageEvent_99d432,_i99d432c9e0a309,placeholder,,,UnkMessageParser_I_dbc206,readInteger,int,,
incoming,1443,class_2544,_ib0d79dcc447278,matched,package_109/class_2544.as,2071,class_2860,readInteger readInteger readBoolean,int int bool,,
incoming,1449,UnkMessageEvent_70fd7b,_i70fd7bff0643dd,placeholder,,,UnkMessageParser_II_3cf205,readInteger readInteger,int int,,
incoming,1451,class_3225,_i5089bf494e5c28,matched,package_32/class_3225.as,3156,class_4247,readInteger readString readInteger readInteger readString,int string int [ int string ],,
incoming,1464,UnkMessageEvent_fd1e8c,_ifd1e8cc4ffa142,placeholder,,,UnkMessageParser_IS_1dcc58,readInteger readString,int string,,
incoming,1475,UnkMessageEvent_e8aa52,_ie8aa52246b3965,placeholder,,,UnkMessageParser_II_aa04a2,readInteger readInteger,int [ UnkSubclassOf_class_2508_04a79d{ long } ] int [ UnkSubclassOf_class_2508_04a79d{ long } ],,
incoming,1478,class_2639,_i71d06ece98f957,matched,package_11/class_2639.as,1352,class_3400,readInteger readInteger,int int,,
incoming,1480,class_2935,_ie49a83b40da4be,matched,package_141/class_2935.as,3592,class_4164,readShort readInteger,short int,,
incoming,1485,class_2835,_i7daccf3462aacb,matched,package_100/class_2835.as,1563,class_3190,readInteger readInteger,?{ int int },,
incoming,1497,class_3770,_i515bbbadc1cb37,matched,package_211/class_3770.as,1628,class_3882,readByte,byte,,
incoming,1501,class_3707,_i3655dc424401b1,matched,package_100/class_3707.as,2090,class_3927,readInteger readString readInteger readInteger readInteger,int string int int int,,
incoming,1513,UnkMessageEvent_392f26,_i392f2699762e51,placeholder,,,UnkMessageParser_empty_da3634,-,-,,
incoming,1519,UnkMessageEvent_7cb02b,_i7cb02b4935d42f,placeholder,,,UnkMessageParser_II_610993,readInteger readInteger,int int class_3377{ string int int bool ?{ string } ?{ string } },,
incoming,1521,class_2494,_i5296867811560c,matched,package_85/class_2494.as,238,class_3906,readInteger readInteger readInteger readInteger readInteger,int int int int int,,
incoming,1522,class_2906,_i709fd3ac6fd2ae,matched,package_77/class_2906.as,577,class_4022,readInteger readString,int string,,
incoming,1524,class_3237,_ib2a5114a5d9cc4,matched,package_180/class_3237.as,3491,class_4239,-,-,,
incoming,1532,class_3588,_ic80c2cd86401b1,matched,com/sulake/habbo/communication/messages/incoming/userdefinedroomevents/class_3588.as,1355,class_3387,readInteger readBoolean,int bool,,
incoming,1542,class_3318,_idef3f981323bd5,matched,package_109/class_3318.as,3908,class_3520,readInteger readInteger readInteger readBoolean,int int int bool,,
incoming,1545,UnkMessageEvent_8f6c20,_i8f6c202c9a982a,placeholder,,,UnkMessageParser_empty_4c85b1,-,-,,
incoming,1546,UnkMessageEvent_0b8d88,_i0b8d8826797985,placeholder,,,UnkMessageParser_I_4d75d2,readInteger,int [ class_3178{ string int [ SavedSearch{ int string string string } ] } ],,
incoming,1551,class_2294,_i35d47a465a159c,matched,package_53/class_2294.as,1090,class_2934,readString readString,string string,,
incoming,1553,class_2159,_i0bb9d4139252f2,matched,package_5/class_2159.as,815,class_1775,readInteger readString readString readInteger readInteger readBoolean readInteger,int string string UnkClass_011a96{ int [ string ] int [ string ] } int [ UnkClass_e671c5{ int string bool int int int int bool int int bool bool string } ] int bool ?{ int },,
incoming,1557,class_2700,_i01d33cbab4dc5e,matched,package_100/class_2700.as,27,class_4011,readBoolean readInteger readInteger readString readInteger readInteger,bool int int string int int,,
incoming,1569,class_3411,_i4d2e5682e1507d,matched,package_64/class_3411.as,1017,class_2493,readString readString,?{ string string },,
incoming,1574,UnkMessageEvent_7d769e,_i7d769ef2e2262e,placeholder,,,,,,,
incoming,1577,class_3463,_ie6969b055dc931,matched,package_19/class_3463.as,2702,class_2916,readInteger readString readInteger readString,int string int [ string ],,
incoming,1593,UnkMessageEvent_1c4599,_i1c4599466b1715,placeholder,,,UnkMessageParser_SS_43982c,readString readString,string string,,
incoming,1599,class_2467,_ib630828f6e7228,matched,package_52/class_2467.as,2752,class_2871,readInteger,int [ class_3177{ int string bool bool string string bool } ],,
incoming,1600,UnkMessageEvent_79de7a,_i79de7a731b0d75,placeholder,,,UnkMessageParser_I_52df2e,readInteger,int [ class_3017{ int string string string string } ],,
incoming,1601,UnkMessageEvent_1ae15a,_i1ae15ab7df0120,placeholder,,,UnkMessageParser_II_536f18,readInteger readInteger,int int,,
incoming,1613,class_2939,_i2144c040a18a29,matched,package_11/class_2939.as,358,class_2729,readInteger readInteger readInteger,int int int,,
incoming,1615,class_1926,_iff341aa35f3326,matched,package_1/class_1926.as,3884,class_1833,readInteger readString readString readString readString readString readBoolean readInteger readInteger readInteger readBoolean readString readBoolean readBoolean readBoolean readString readInteger readInteger,int string string string string string bool int int int bool string bool bool ?{ bool string } ?{ int int },,
incoming,1616,class_2250,_ie4ba3dd4257fc9,matched,package_20/class_2250.as,2531,class_1788,readInteger readString,int string,,
incoming,1619,UnkMessageEvent_d2a2e2,_id2a2e258b40b46,placeholder,,,UnkMessageParser_empty_a01e06,-,UnkClass_eb5a8a{ string string int [ class_2005{ string string int bool int int } ] },,
incoming,1634,UnkMessageEvent_c48121,_ic481212b20eb1a,placeholder,,,UnkMessageParser_III_d7faae,readInteger readInteger readInteger,int int int,,
incoming,1636,UnkMessageEvent_d520c6,_id520c60d4ff77d,placeholder,,,UnkMessageParser_empty_6901a0,-,-,,
incoming,1642,class_2530,_i67f003b00ba277,matched,package_9/class_2530.as,331,class_4249,readInteger readInteger,int int,,
incoming,1643,UnkMessageEvent_f28d95,_if28d95af6cb9ea,placeholder,,,UnkMessageParser_BII_cdc91b,readBoolean readInteger readInteger,bool int int,,
incoming,1645,UnkMessageEvent_718e5e,_i718e5e4cc23d8a,placeholder,,,UnkMessageParser_SI_8d8b7c,readString readInteger,string int,,
incoming,1651,UnkMessageEvent_5869bc,_i5869bc689198bd,placeholder,,,UnkMessageParser_empty_fd5968,-,class_3815{ int [ class_3942{ string int } ] },,
incoming,1655,UnkMessageEvent_b01f21,_ib01f21c98c825c,placeholder,,,UnkMessageParser_empty_2497be,-,-,,
incoming,1659,UnkMessageEvent_e039af,_ie039af5c00d36e,placeholder,,,UnkMessageParser_B_b6a1c5,readBoolean,bool,,
incoming,1669,class_3806,_i29b7de2e965528,matched,package_221/class_3806.as,3193,class_3895,readBoolean,bool,,
incoming,1671,UnkMessageEvent_Game2WeeklyLeaderboardParser_,_iff0f7fa469c474,placeholder,,,Game2WeeklyLeaderboardParser,readInteger readInteger readInteger readInteger readInteger,int int int int int,,
incoming,1677,UnkMessageEvent_c3a485,_ic3a4859a0fe886,placeholder,,,UnkMessageParser_empty_4aea24,-,class_2719{ int string double int int int int int int },,
incoming,1687,UnkMessageEvent_f38065,_if38065527251e4,placeholder,,,UnkMessageParser_I_3810c1,readInteger,int,,
incoming,1699,UnkMessageEvent_2eb2d5,_i2eb2d5ba553a6b,placeholder,,,UnkMessageParser_IIISII_7d2b0b,readInteger readInteger readInteger readString readInteger readInteger,int int [ int string int int ],,
incoming,1706,class_2121,_i2868ffc9406deb,matched,package_67/class_2121.as,1428,class_1928,readInteger readInteger readInteger readBoolean readBoolean readBoolean readInteger readInteger readBoolean readBoolean readBoolean readInteger readBoolean readBoolean readString readInteger readInteger readInteger readInteger readInteger,int int int bool bool bool int int bool bool bool int bool ?{ bool } ?{ string } ?{ int } ?{ int } ?{ int } ?{ int } ?{ int },,
incoming,1708,class_2703,_ifdbd8adb3a7dda,matched,package_104/class_2703.as,1108,class_3974,readBoolean,bool ?{ class_3380{ string string string } },,
incoming,1712,class_2255,_i4b3d8ee4c1d543,matched,package_38/class_2255.as,1297,class_2061,readInteger,int,,
incoming,1719,class_2395,_i5e36180de766c3,matched,package_32/class_2395.as,1983,class_3609,readInteger readString,int string,,
incoming,1721,class_3481,_ie1fb4d908174be,matched,package_44/class_3481.as,2714,class_3704,readInteger readString,int string,,
incoming,1722,UnkMessageEvent_b6e5bd,_ib6e5bd32bc7209,placeholder,,,UnkMessageParser_IIII_0fe179,readInteger readInteger readInteger readInteger,int [ int int [ int ] ],,
incoming,1724,class_3543,_i82c360d4f8b1e6,matched,package_2/class_3543.as,2367,class_3283,readInteger readInteger,int int,,
incoming,1738,class_2420,_i4589808de514fa,matched,package_52/class_2420.as,2382,class_2509,readInteger readString,int ?{ string },,
incoming,1751,UnkMessageEvent_b1141e,_ib1141ecc6df028,placeholder,,,UnkMessageParser_I_fa26ba,readInteger,int,,
incoming,1756,class_3495,_i76d1fe8794bd50,matched,package_74/class_3495.as,3017,class_4006,-,-,,
incoming,1761,class_2285,_i83d67dd51890d0,matched,package_9/class_2285.as,2633,class_1990,readBoolean readBoolean readBoolean,bool bool ?{ bool },,
incoming,1779,class_2418,_i5022aa8b48c9b6,matched,package_110/class_2418.as,3806,class_4236,readInteger readBoolean,int bool,,
incoming,1786,UnkMessageEvent_bd2246,_ibd224616b4ce29,placeholder,,,UnkMessageParser_I_a654a5,readInteger,int [ class_3746{ int string } ],,
incoming,1789,class_2651,_ice88b11326b67f,matched,package_65/class_2651.as,2953,class_3880,readInteger readInteger readInteger,int int int,,
incoming,1815,UnkMessageEvent_59d999,_i59d9998ba26b33,placeholder,,,UnkMessageParser_I_1b4398,readInteger,?{ int },,
incoming,1818,class_2271,_i1411a28887b2ff,matched,package_1/class_2271.as,121,class_3031,readInteger readInteger readBoolean,int int bool,,
incoming,1820,UnkMessageEvent_fdf85a,_ifdf85a61afccf4,placeholder,,,UnkMessageParser_empty_59db89,-,class_2024{ int string string },,
incoming,1824,UnkMessageEvent_f3a502,_if3a5029401f43a,placeholder,,,UnkMessageParser_empty_50d50d,-,class_3979{ int int int int class_4250{ byte short [ string byte bool int string ] short [ class_4238{ string int string string bool } ] } },,
incoming,1830,UnkMessageEvent_29c900,_i29c90049d208d5,placeholder,,,UnkMessageParser_empty_bfd688,-,-,,
incoming,1835,class_2867,_i7e043ef829530f,matched,package_9/class_2867.as,3636,class_3909,readInteger readInteger,int [ int ],,
incoming,1837,class_2783,_idd75cfd106a046,matched,package_64/class_2783.as,3588,class_2398,readString readInteger,?{ string int },,
incoming,1841,UnkMessageEvent_3bddd9,_i3bddd9a4c6c103,placeholder,,,UnkMessageParser_I_aca387,readInteger,int,,
incoming,1846,UnkMessageEvent_eef5e9,_ieef5e9e4651fc7,placeholder,,,UnkMessageParser_empty_31e5c9,-,-,,
incoming,1851,class_2917,_i3078418b4d4fd4,matched,package_32/class_2917.as,2622,class_3596,readString readInteger readInteger,string int [ int ],,
incoming,1865,UnkMessageEvent_886e5b,_i886e5bb4df3751,placeholder,,,UnkMessageParser_empty_2bb62a,-,UnkClass_c2a8cf{ int int int int [ WiredLogEntry{ long byte byte string long string } ] bool ?{ byte } bool ?{ byte } bool ?{ string } },,
incoming,1866,UnkMessageEvent_39f258,_i39f258482a441c,placeholder,,,UnkMessageParser_I_93b99e,readInteger,int,,
incoming,1873,UnkMessageEvent_4ac32c,_i4ac32cf75005a5,placeholder,,,UnkMessageParser_BII_74713b,readBoolean readInteger readInteger,bool int int,,
incoming,1884,class_3607,_id2819e209f9ac3,matched,package_32/class_3607.as,3627,class_4002,readInteger readString,int string,,
incoming,1891,class_3139,_ib130293c0e07b3,matched,package_118/class_3139.as,2058,class_3868,-,WiredRoomStatsData{ double double bool int int int int int int int int int int },,
incoming,1892,class_3818,_i36c19177a3bb23,matched,package_155/class_3818.as,501,class_2412,readInteger readInteger readInteger readInteger,int int int int,,
incoming,1894,class_2137,_i469b8c83ededb6,matched,package_20/class_2137.as,3854,class_2256,readInteger readInteger,int int [ class_3143{ int string string int string } ],,
incoming,1896,class_3013,_if04bde3daf238a,matched,package_128/class_3013.as,3424,class_3264,readInteger readInteger,?{ int int },,
incoming,1897,class_3443,_i82f01479bcee72,matched,package_209/class_3443.as,1617,GetCustomFilterResultMessageEventParser,readInteger readString,int [ string ],,
incoming,1907,UnkMessageEvent_189d98,_i189d98a84ee30a,placeholder,,,UnkMessageParser_empty_f90b3d,-,-,,
incoming,1912,class_2360,_i8c1a1524be34d3,matched,package_86/class_2360.as,919,class_3236,readInteger,int,,
incoming,1916,UnkMessageEvent_d359bd,_id359bd871ce177,placeholder,,,UnkMessageParser_empty_f05521,-,class_3358{ int int int int },,
incoming,1919,class_2931,_i04d763532823cc,matched,package_52/class_2931.as,3021,class_3053,readInteger readInteger,int int,,
incoming,1920,UnkMessageEvent_e76ece,_ie76ece84242987,placeholder,,,UnkMessageParser_IS_0133ad,readInteger readString,int string,,
incoming,1924,class_3541,_i9f03e2a9f624c0,matched,package_210/class_3541.as,2956,class_4079,readInteger readInteger,int int,,
incoming,1926,class_2734,_if0e185f414362f,matched,package_109/class_2734.as,1694,class_3739,readInteger readInteger readInteger readInteger readInteger readInteger readBoolean,int [ int int int int int bool ],,
incoming,1977,class_3159,_ica282074b3a1ca,matched,package_100/class_3159.as,3068,class_4189,readInteger readInteger,int int,,
incoming,1979,class_2739,_i932febcc4cb502,matched,package_128/class_2739.as,1273,class_2426,readInteger readBoolean,?{ int bool },,
incoming,1983,UnkMessageEvent_072f71,_i072f71f04d8b3d,placeholder,,,UnkMessageParser_II_331f6b,readInteger readInteger,int [ int ],,
incoming,1994,UnkMessageEvent_class_2771,_i7bf684929835b9,placeholder,,,class_2771,readInteger readInteger readInteger,int int int,,
incoming,1996,UnkMessageEvent_9c953a,_i9c953a9ec76d4d,placeholder,,,UnkMessageParser_II_509d0d,readInteger readInteger,int int [ UnkClass_0e4112{ int string } ],,
incoming,2002,class_3674,_i61928864024c77,matched,package_196/class_3674.as,2813,class_3492,readInteger,int,,
incoming,2010,class_3305,_i3e37704471107b,matched,package_54/class_3305.as,3578,class_3471,readInteger readInteger readBoolean,int int bool,,
incoming,2012,UnkMessageEvent_2593ef,_i2593effb1cb5a7,placeholder,,,UnkMessageParser_empty_736d39,-,-,,
incoming,2020,class_3740,_ib46ebb5a5f571c,matched,package_21/class_3740.as,1846,class_2843,readInteger readString,int string,,
incoming,2041,class_2694,_i0f45e7226a0cae,matched,package_53/class_2694.as,3866,class_3449,readInteger readString readInteger,int string int class_3800{ int int string int int [ int int int ] },,
incoming,2045,UnkMessageEvent_8991cf,_i8991cf7c25e9e5,placeholder,,,UnkMessageParser_I_1b536a,readInteger,int,,
incoming,2086,class_2914,_i948aff81aea9ec,matched,package_33/class_2914.as,3566,class_1829,readInteger,int [ class_2495{ int int string string } ],,
incoming,2090,UnkMessageEvent_e9ed5c,_ie9ed5c966609e8,placeholder,,,UnkMessageParser_SBB_8a56ac,readString readBoolean readBoolean,string bool bool,,
incoming,2091,UnkMessageEvent_c47825,_ic478259c7e25c9,placeholder,,,UnkMessageParser_II_044ecd,readInteger readInteger,int int [ class_3136{ int int int string string } ],,
incoming,2100,UnkMessageEvent_7d64a1,_i7d64a17887e3a5,placeholder,,,UnkMessageParser_I_5b34e9,readInteger,int,,
incoming,2103,class_3547,_i52c3ca2a760aed,matched,package_210/class_3547.as,2151,class_4016,readInteger readInteger readInteger,int int int,,
incoming,2109,UnkMessageEvent_5c77a0,_i5c77a0e9cf37d5,placeholder,,,UnkMessageParser_I_8f3b42,readInteger,int [ class_3200{ int string bool } ],,
incoming,2113,class_1929,_iab4193f190bd65,matched,package_44/class_1929.as,3568,class_3401,-,-,,
incoming,2125,class_3683,_ic0cb427337ef41,matched,package_32/class_3683.as,3286,,,,,
incoming,2130,UnkMessageEvent_fbc9cd,_ifbc9cdd69a1bdf,placeholder,,,UnkMessageParser_II_118a91,readInteger readInteger,int int,,
incoming,2141,class_2711,_i3c2ff6ed116c0c,matched,package_156/class_2711.as,3112,class_4027,readInteger,int [ class_4208{ string string } ],,
incoming,2146,UnkMessageEvent_836b5b,_i836b5bdd8796ac,placeholder,,,UnkMessageParser_I_b751d4,readInteger,int,,
incoming,2156,UnkMessageEvent_40e2d1,_i40e2d1bafd240b,placeholder,,,UnkMessageParser_empty_256cdc,-,-,,
incoming,2162,class_2381,_iecd91f1dc54deb,matched,package_64/class_2381.as,1105,class_3203,readByte,?{ byte },,
incoming,2190,class_2084,_i7f3a023225bb2c,matched,package_52/class_2084.as,611,class_3065,readInteger,int,,
incoming,2192,class_3344,_i6165faffb13c04,matched,package_32/class_3344.as,3557,class_3918,readInteger readString,int string,,
incoming,2195,class_3059,_i1461727aaf97cc,matched,package_141/class_3059.as,3760,class_3893,-,-,,
incoming,2207,UnkMessageEvent_1f6401,_i1f64010219fea1,placeholder,,,UnkMessageParser_I_eec6a5,readInteger,int [ UnkClass_c18c5f{ int int } ],,
incoming,2209,class_2212,_ib7fc35b3bbfb83,matched,package_32/class_2212.as,1043,class_2133,readInteger readString readString readString,int [ string string string ],,
incoming,2210,UnkMessageEvent_ad699d,_iad699d16c5635d,placeholder,,,UnkMessageParser_I_c97e7f,readInteger,int [ class_3487{ int string string string string bool int bool } ],,
incoming,2216,class_3314,_i960d17ccd52bf8,matched,package_157/class_3314.as,550,class_3439,readLong readInteger readByte readInteger,long int byte int,,
incoming,2218,class_2453,_i1a60001b804e9c,matched,package_32/class_2453.as,3046,class_4089,readInteger readInteger,int [ int ],,
incoming,2219,class_3574,_i5ae78aefa16901,matched,package_49/class_3574.as,3822,UnkMessageParser_SIIIIBBIII__02f7b3,readString readInteger readInteger readInteger readInteger readBoolean readBoolean readInteger readInteger readInteger readInteger,string int int int int bool bool int int int ?{ int },,
incoming,2220,class_2709,_ib0de04d0ea5e6a,matched,package_155/class_2709.as,1920,UnkMessageParser_I_faacf6,readInteger,int,,
incoming,2231,UnkMessageEvent_1e7c70,_i1e7c703a9c139c,placeholder,,,UnkMessageParser_S_9e0797,readString,string,,
incoming,2235,class_3658,_i62a5a6ac2023b1,matched,package_128/class_3658.as,2753,class_2442,readInteger readInteger,?{ int int },,
incoming,2236,class_3782,_i34469718d00c69,matched,package_205/class_3782.as,3305,class_4131,readInteger,int [ NftWardrobeItem{ string string string string string } ],,
incoming,2249,UnkMessageEvent_78c686,_i78c68676f6e9bc,placeholder,,,UnkMessageParser_III_9af129,readInteger readInteger readInteger,int int int [ class_2503{ int string class_3800{ int int string int int [ int int int ] } int int } ],,
incoming,2251,class_2286,_i7958bb94fccddf,matched,package_64/class_2286.as,2240,UnkMessageParser_II_859a75,readInteger readInteger,int [ int ],,
incoming,2258,UnkMessageEvent_06c02b,_i06c02bfc96c8fe,placeholder,,,UnkMessageParser_III_2af927,readInteger readInteger readInteger,int int [ int ],,
incoming,2265,class_2004,_i99eb22403753c2,matched,package_53/class_2004.as,401,class_3840,readInteger readInteger readInteger,int int int,,
incoming,2268,class_3681,_i901cdd59a5b4dc,matched,package_73/class_3681.as,1463,class_2813,readInteger readString readInteger readInteger readInteger readString readString readBoolean readInteger readInteger readInteger,int string int int int ?{ [ string string bool ] } int ?{ int } ?{ int },,
incoming,2273,UnkMessageEvent_ba739b,_iba739b5e35adfa,placeholder,,,UnkMessageParser_empty_338fee,-,-,,
incoming,2282,UnkMessageEvent_c8b8a2,_ic8b8a2e1aadb4d,placeholder,,,UnkMessageParser_I_6724c8,readInteger,int,,
incoming,2288,class_3195,_ia54e71ab39a2d6,matched,package_11/class_3195.as,131,class_2617,-,int int string int string int bool int int string int string int bool,,
incoming,2290,class_2463,_i120388c21a5381,matched,package_64/class_2463.as,1959,class_3274,readInteger readInteger readInteger readInteger readInteger readInteger readString readString readInteger readInteger readInteger readString readString,int int int int int [ int string string ] int int int string string,,
incoming,2293,class_2676,_i007697f3eafaa7,matched,package_100/class_2676.as,2045,class_4210,readInteger readInteger readString readInteger readBoolean readBoolean,?{ int int string int bool bool },,
incoming,2296,class_2732,_i7183ff57557630,matched,package_32/class_2732.as,1356,class_3922,readInteger readInteger readString readInteger readInteger readString,int [ int string ] int [ int string ],,
incoming,2301,UnkMessageEvent_11a7ec,_i11a7ecc0c9219e,placeholder,,,UnkMessageParser_empty_18a4b2,-,class_3956{ int int bool int string },,
incoming,2302,class_2189,_i6726e656999c4f,matched,package_20/class_2189.as,3656,class_2063,readInteger,int,,
incoming,2305,class_3354,_i302bf236dfc688,matched,package_64/class_3354.as,3638,class_2344,readInteger readInteger,int [ int ],,
incoming,2307,class_3741,_i313125107b624c,matched,package_100/class_3741.as,2598,class_3620,-,?{ AreaHideMessageData{ int bool int int int int bool } },,
incoming,2330,class_2480,_ie9204873a7bfb0,matched,package_49/class_2480.as,2184,class_4034,-,class_4345{ string int [ class_4363{ int string string int int } ] },,
incoming,2334,class_3193,_i5edcb64cb693c2,matched,package_100/class_3193.as,247,class_3558,readInteger,?{ int ?{ class_3800{ int int string int int [ int int int ] } } },,
incoming,2346,UnkMessageEvent_b78ac2,_ib78ac2d5d326c5,placeholder,,,UnkMessageParser_empty_aa31d1,-,class_3382{ int int string string int int int int int string string string string int int [ string ] },,
incoming,2348,UnkMessageEvent_a7fb74,_ia7fb74965a267d,placeholder,,,UnkMessageParser_empty_9d4bed,-,-,,
incoming,2350,UnkMessageEvent_e96651,_ie96651bf17ed66,placeholder,,,UnkMessageParser_empty_26a5cf,-,UnkClass_e671c5{ int string bool int int int int bool int int bool bool string },,
incoming,2362,UnkMessageEvent_a5595f,_ia5595f8ffbb41f,placeholder,,,UnkMessageParser_empty_46d122,-,UnkClass_d9b43d{ string int int int int [ WiredUserVariablesElement{ int int string WiredVariableStorageParameter{ ?{ string } int long string long string } } ] int int },,
incoming,2384,class_1939,_i2d89ba33af1592,matched,package_17/class_1939.as,1021,class_2046,readInteger,int [ class_1989{ string int [ UnkClass_772b30{ string int string } ] } ],,
incoming,2387,class_2027,_ic4c38a7ceda683,matched,package_57/class_2027.as,3939,class_2052,readBoolean readBoolean readBoolean readBoolean readBoolean readBoolean readInteger readBoolean,bool bool bool bool bool class_2849{ int int int } bool int bool,,
incoming,2389,class_2068,_ib4746b7387ff4c,matched,package_1/class_2068.as,1019,class_2693,readString,string,,
incoming,2392,UnkMessageEvent_602c5f,_i602c5f9885df25,placeholder,,,UnkMessageParser_I_46888f,readInteger,int,,
incoming,2394,UnkMessageEvent_333a8d,_i333a8da3a5d6bf,placeholder,,,UnkMessageParser_SI_283c79,readString readInteger,string int,,
incoming,2395,class_2717,_i470b864fad1fa0,matched,package_77/class_2717.as,2405,class_4299,readInteger readInteger,int Game2GameResult{ bool int int } int [ Game2TeamScoreData{ int int int [ Game2TeamPlayerData{ string int string string int Game2PlayerStatsData{ int int int int int int int int int int } } ] } ] Game2SnowWarGameStats{ int int },,
incoming,2402,class_2368,_i852071e2e7ed6a,matched,package_49/class_2368.as,2096,class_4278,readString,string,,
incoming,2408,class_2578,_i6453f5e83f17b8,matched,package_49/class_2578.as,3892,UnkMessageParser_IS_0e323a,readInteger readString,int [ class_3624{ int int string int int int int int bool string string int int short } ] string,,
incoming,2410,UnkMessageEvent_0acb51,_i0acb510f063690,placeholder,,,UnkMessageParser_empty_87cd02,-,-,,
incoming,2411,UnkMessageEvent_a9eb9b,_ia9eb9b8c1ae7d8,placeholder,,,UnkMessageParser_empty_547bd4,-,class_4250{ byte short [ string byte bool int string ] short [ class_4238{ string int string string bool } ] },,
incoming,2412,UnkMessageEvent_dca033,_idca03328283d6c,placeholder,,,UnkMessageParser_II_a3ce54,readInteger readInteger,int int [ UnkClass_ec27db{ int string } ],,
incoming,2417,class_2954,_i9a3b6bd4270c33,matched,package_52/class_2954.as,3277,class_4155,readString,string,,
incoming,2427,class_2391,_i5d2a909f80a87d,matched,package_32/class_2391.as,3288,class_4145,readBoolean readInteger readString readInteger,bool int string int,,
incoming,2428,class_2382,_i78cb3e3dc3cc84,matched,package_98/class_2382.as,2157,,,,,
incoming,2434,UnkMessageEvent_afe066,_iafe06658443a57,placeholder,,,UnkMessageParser_empty_33d5ac,-,UnkClass_d7315d{ int int int int int [ int ] },,
incoming,2437,UnkMessageEvent_237f42,_i237f422c918cba,placeholder,,,UnkMessageParser_I_353f04,readInteger,int,,
incoming,2446,class_1767,_ibeae802d8d99f0,matched,package_11/class_1767.as,3157,class_3787,readBoolean readInteger,bool int,,
incoming,2458,UnkMessageEvent_345dd7,_i345dd7afec0a63,placeholder,,,UnkMessageParser_I_d69420,readInteger,int,,
incoming,2462,class_2411,_i42e984d4e60ca1,matched,package_100/class_2411.as,1511,class_3359,readInteger readInteger readString,?{ int int string },,
incoming,2464,UnkMessageEvent_c5da2c,_ic5da2ce80ee069,placeholder,,,UnkMessageParser_I_ca35b7,readInteger,int,,
incoming,2468,UnkMessageEvent_aa37f4,_iaa37f4c37fa68e,placeholder,,,UnkMessageParser_I_869ea2,readInteger,int,,
incoming,2478,UnkMessageEvent_9bce94,_i9bce940520b924,placeholder,,,UnkMessageParser_I_f03fa1,readInteger,int UnkClass_e671c5{ int string bool int int int int bool int int bool bool string },,
incoming,2485,class_2852,_ic499550de35720,matched,package_118/class_2852.as,1111,class_4230,readInteger,int,,
incoming,2487,class_2073,_i33afba737ed0fd,matched,package_38/class_2073.as,3318,class_1931,readInteger readInteger readInteger readInteger readInteger readInteger readInteger readInteger readInteger readInteger readInteger,int int int int [ int int int ] int int int int,,
incoming,2494,class_2538,_i54ec42d9e88c8c,matched,package_44/class_2538.as,2373,class_2737,readInteger,int,,
incoming,2505,UnkMessageEvent_b1cf72,_ib1cf729ef555ec,placeholder,,,UnkMessageParser_III_be23a9,readInteger readInteger readInteger,int int int [ DummyFriend{ int string int bool bool string int string string string bool bool bool short } ],,
incoming,2510,class_2879,_i9d441bee70a8c2,matched,package_114/class_2879.as,256,class_3210,readInteger readInteger,int int [ class_4105{ int string } ],,
incoming,2515,UnkMessageEvent_c92f6a,_ic92f6a40398893,placeholder,,,UnkMessageParser_SI_2aa263,readString readInteger,string int,,
incoming,2525,class_3510,_i5220f5b47e2288,matched,package_73/class_3510.as,1577,class_3371,readInteger readInteger,?{ int int },,
incoming,2534,UnkMessageEvent_dba656,_idba656405e2f9a,placeholder,,,UnkMessageParser_I_c88079,readInteger,int,,
incoming,2539,UnkMessageEvent_a12f97,_ia12f97c777cc01,placeholder,,,UnkMessageParser_I_23d2e8,readInteger,int [ UnkSubclassOf_class_2508_04a79d{ long } ],,
incoming,2542,UnkMessageEvent_8091a0,_i8091a04e22920a,placeholder,,,UnkMessageParser_ISI_34a079,readInteger readString readInteger,int [ string int [ class_3733{ int int } ] ],,
incoming,2546,UnkMessageEvent_0e477d,_i0e477d1f6eed32,placeholder,,,UnkMessageParser_I_33761f,readInteger,int [ UnkClass_61846c{ int int int [ PrizeMessageData{ string int ?{ string int | [ PrizeMessageSubProduct{ string int } ] } } ] } ],,
incoming,2551,class_3103,_i2ccbad3d5f772b,matched,package_180/class_3103.as,184,class_3872,readBoolean readInteger readString,bool int ?{ string },,
incoming,2556,UnkMessageEvent_3c3ba4,_i3c3ba4f983ad09,placeholder,,,UnkMessageParser_empty_5c1bd2,-,UnkClass_058c8f{ int [ int int int ] },,
incoming,2559,UnkMessageEvent_454807,_i4548075efc9292,placeholder,,,,,,,
incoming,2565,class_3153,_i739d0a8a11dfc1,matched,package_64/class_3153.as,3480,class_3426,readInteger readInteger readString,int [ int string ],,
incoming,2566,class_3615,_ibb1782cb4628ee,matched,package_54/class_3615.as,196,class_2422,readInteger,int,,
incoming,2570,class_3698,_ided01bcf801f51,matched,package_216/class_3698.as,330,class_3798,readInteger readInteger readString,int int string,,
incoming,2571,UnkMessageEvent_36eca7,_i36eca766b4ea99,placeholder,,,UnkMessageParser_B_0de40d,readBoolean,bool class_3017{ int string string string string },,
incoming,2579,class_2827,_ia3ad036f8c1b54,matched,package_64/class_2827.as,790,class_2681,readString readString,string string,,
incoming,2582,class_2824,_i0cd7f401d9812c,matched,package_164/class_2824.as,3984,class_3916,readString readBoolean,string bool,,
incoming,2595,UnkMessageEvent_f13c15,_if13c155905c50d,placeholder,,,UnkMessageParser_H_b5b4c5,readShort,short,,
incoming,2613,class_3726,_i17ec4d9aec7063,matched,package_49/class_3726.as,3181,class_3972,-,class_4354{ bool int int int int int int string int int [ int ] },,
incoming,2629,class_2898,_i7127e658a74546,matched,package_64/class_2898.as,1333,class_2814,readInteger readInteger readString readInteger,int [ int string ] int,,
incoming,2643,class_2991,_i44599ec43489ff,matched,package_5/class_2991.as,3983,class_4014,readString readInteger readString,string int string,,
incoming,2658,UnkMessageEvent_fd7c36,_ifd7c367f3271fd,placeholder,,,UnkMessageParser_empty_226663,-,-,,
incoming,2663,UnkMessageEvent_24ff5c,_i24ff5ca033ae89,placeholder,,,UnkMessageParser_empty_ae823c,-,UnkClass_353035{ int [ UnkClass_fcb46a{ int string string } ] int [ UnkClass_fcb46a{ int string string } ] int [ UnkClass_6529ec{ int string } ] int [ UnkClass_6529ec{ int string } ] int [ UnkClass_6529ec{ int string } ] },,
incoming,2667,UnkMessageEvent_7a9ed4,_i7a9ed44e70e487,placeholder,,,UnkMessageParser_IIII_577cbb,readInteger readInteger readInteger readInteger,int int int [ UnkClass_e671c5{ int string bool int int int int bool int int bool bool string } ] int [ class_3518{ int bool int bool } ],,
incoming,2670,UnkMessageEvent_8e18b6,_i8e18b6b8e0aaf9,placeholder,,,UnkMessageParser_empty_a8525a,-,-,,
incoming,2671,class_2997,_i8240c927e43f3c,matched,package_178/class_2997.as,734,class_4062,readInteger readBoolean,int bool,,
incoming,2674,class_3738,_i18df14154df596,matched,package_64/class_3738.as,2318,UnkMessageParser_IIBB_ba2277,readInteger readInteger readBoolean readBoolean,int int class_3800{ int int string int int [ int int int ] } bool bool,,
incoming,2676,class_3577,_i47188f5a89c296,matched,package_44/class_3577.as,2553,class_3276,readBoolean,bool,,
incoming,2683,UnkMessageEvent_7a147e,_i7a147ec87c5d87,placeholder,,,UnkMessageParser_I_9bad5f,readInteger,int,,
incoming,2684,Game2WeeklyGroupLeaderboardEvent,_iaf523dd9a17676,matched,package_107/Game2WeeklyGroupLeaderboardEvent.as,2869,Game2WeeklyGroupLeaderboardParser,readInteger readInteger readInteger readInteger readInteger readInteger,int int int int int int,,
incoming,2692,class_3167,_iedab17b4a6a89e,matched,package_65/class_3167.as,3684,class_3287,readShort,short,,
incoming,2697,class_3098,_iba6e85b49dccd4,matched,package_64/class_3098.as,2566,class_2666,readInteger,int,,
incoming,2700,UnkMessageEvent_7e9943,_i7e994378209718,placeholder,,,UnkMessageParser_II_5c8b90,readInteger readInteger,int int [ UnkClass_30c4d3{ int string string } ],,
incoming,2712,UnkMessageEvent_225953,_i225953376774e7,placeholder,,,UnkMessageParser_I_a9eaf3,readInteger,int,,
incoming,2725,UnkMessageEvent_931f33,_i931f3384353c0c,placeholder,,,UnkMessageParser_SI_41cb7b,readString readInteger,string int,,
incoming,2727,UnkMessageEvent_7be017,_i7be0170ea9e0b3,placeholder,,,UnkMessageParser_B_2c617e,readBoolean,class_3017{ int string string string string } bool,,
incoming,2766,UnkMessageEvent_df59df,_idf59dfc0ac38b3,placeholder,,,UnkMessageParser_II_4e4f19,readInteger readInteger,int int,,
incoming,2779,class_2785,_i2b4262929e16ee,matched,package_64/class_2785.as,222,class_3576,readInteger readString,?{ int string },,
incoming,2797,class_2671,_i4776b256b7c1a2,matched,package_151/class_2671.as,3844,class_2614,readInteger readInteger readString readInteger,int int [ string int ],,
incoming,2809,UnkMessageEvent_9faf68,_i9faf6818d048e2,placeholder,,,UnkMessageParser_empty_a66d73,-,UnkClass_2ddca0{ int string int [ UnkClass_93a0b7{ int string int int } ] },,
incoming,2813,class_3254,_i092ce85e4213c6,matched,package_133/class_3254.as,1649,class_3928,readString readInteger readInteger,string int int,,
incoming,2814,UnkMessageEvent_8ca825,_i8ca8255923a0e9,placeholder,,,UnkMessageParser_SS_b0d0b8,readString readString,string string,,
incoming,2818,class_3040,_i68e8dac8ecf26b,matched,package_100/class_3040.as,2593,class_3650,readInteger readString readInteger,int string int,,
incoming,2821,UnkMessageEvent_8cbe0f,_i8cbe0f6f5f797e,placeholder,,,UnkMessageParser_II_29d15e,readInteger readInteger,int int,,
incoming,2837,class_3455,_iec55048a16ab77,matched,package_100/class_3455.as,3562,class_4031,readInteger readInteger readString readString readString readString,int int [ string string string ] string,,
incoming,2840,class_3311,_i0379ec3bc4d512,matched,package_9/class_3311.as,499,class_3743,readInteger readInteger readInteger readInteger readInteger readInteger readBoolean,int int int int int int [ class_3095{ int string string int int } ] bool ?{ class_3095{ int string string int int } },,
incoming,2851,class_3516,_iadf8eecf974f0e,matched,package_155/class_3516.as,564,UnkMessageParser_I_b77fa6,readInteger,int,,
incoming,2854,UnkMessageEvent_b3840d,_ib3840df6ca1431,placeholder,,,UnkMessageParser_B_72b18e,readBoolean,class_2503{ int string class_3800{ int int string int int [ int int int ] } int int } bool,,
incoming,2870,UnkMessageEvent_4aae56,_i4aae569b8113be,placeholder,,,UnkMessageParser_empty_06b2b3,-,class_2044{ int int [ int string bool ] int [ class_2482{ int int int } ] },,
incoming,2873,class_3670,_ib83e43e64aae01,matched,package_64/class_3670.as,2738,UnkMessageParser_empty_ebbf99,-,class_3168{ int int int string int int int int int string string bool int int },,
incoming,2880,class_2146,_i41c38df0ba6be8,matched,package_19/class_2146.as,642,class_1877,readInteger readString readInteger readString,int string int [ string ],,
incoming,2881,UnkMessageEvent_4b9b0a,_i4b9b0ad4cdd299,placeholder,,,UnkMessageParser_empty_87a6fb,-,-,,
incoming,2889,class_2974,_i3ebe989cffbadf,matched,package_186/class_2974.as,1509,class_3812,readString readInteger readInteger readBoolean,string int int bool,,
incoming,2890,UnkMessageEvent_ca12af,_ica12afd8b037d2,placeholder,,,UnkMessageParser_empty_d96687,-,-,,
incoming,2898,UnkMessageEvent_128551,_i1285515765b0f7,placeholder,,,,,,,
incoming,2899,UnkMessageEvent_3ad34e,_i3ad34ed691c5d1,placeholder,,,UnkMessageParser_B_5866d8,readBoolean,bool class_2503{ int string class_3800{ int int string int int [ int int int ] } int int },,
incoming,2901,UnkMessageEvent_296493,_i2964937c6b4cd6,placeholder,,,UnkMessageParser_I_a3a5fe,readInteger,int UnkClass_ec27db{ int string },,
incoming,2902,class_2540,_i9c89d75a40ee50,matched,package_64/class_2540.as,2576,class_2848,readInteger readString readString,int [ string string ],,
incoming,2909,class_2927,_if40c396405294d,matched,package_49/class_2927.as,2393,class_3896,readBoolean readInteger readInteger,bool ?{ int int },,
incoming,2911,class_2187,_iddd5e23e59a360,matched,package_38/class_2187.as,1107,class_3829,readInteger readInteger readInteger readInteger,int int int int,,
incoming,2912,class_3794,_id35ce46acb9760,matched,package_42/class_3794.as,1836,class_4029,readInteger,int,,
incoming,2935,UnkMessageEvent_Game2LeaderboardParser,_ia7fb80597504f6,placeholder,,,Game2LeaderboardParser,readInteger readInteger readInteger,int [ class_4169{ int int int string string string } ] int int,,
incoming,2951,class_2547,_i0bb70b850ac6ae,matched,package_64/class_2547.as,1879,class_2425,readString,?{ string },,
incoming,2955,UnkMessageEvent_d00f03,_id00f038bc86c19,placeholder,,,UnkMessageParser_BII_8838ea,readBoolean readInteger readInteger,bool int ?{ int },,
incoming,2963,UnkMessageEvent_741270,_i741270ac161d9f,placeholder,,,UnkMessageParser_S_c9f2dd,readString,string,,
incoming,2967,UnkMessageEvent_f94150,_if941508a322674,placeholder,,,UnkMessageParser_I_6b4cbd,readInteger,int,,
incoming,2972,UnkMessageEvent_1b96fa,_i1b96fa1df6dd68,placeholder,,,UnkMessageParser_III_cac81d,readInteger readInteger readInteger,int int int,,
incoming,2980,class_3000,_i7793bbf982e316,matched,package_32/class_3000.as,3699,class_2760,readInteger readString,int string,,
incoming,2984,class_3556,_i1ac19765e4681d,matched,package_32/class_3556.as,3242,class_4200,readInteger readInteger readInteger readInteger,int int int [ int ],,
incoming,2992,class_2945,_i3c2408ee22fbe8,matched,package_77/class_2945.as,3762,class_4080,readInteger,int,,
incoming,2998,UnkMessageEvent_70e8bc,_i70e8bc355971df,placeholder,,,,,,,
incoming,3008,SelfDonationResultMessageEvent,_i57291da3846856,matched,package_111/SelfDonationResultMessageEvent.as,2685,class_3566,readInteger,int,,
incoming,3016,class_2599,_i139e9740eca52f,matched,package_92/class_2599.as,1570,class_2864,readInteger readInteger readInteger,int [ int int ],,
incoming,3023,class_3029,_ibe243eabf9d571,matched,package_110/class_3029.as,1325,class_2417,readInteger,int,,
incoming,3034,UnkMessageEvent_348055,_i34805531355e08,placeholder,,,UnkMessageParser_BS_636000,readBoolean readString,bool ?{ string },,
incoming,3035,class_3365,_ib576a07989ed06,matched,package_90/class_3365.as,2422,class_3192,readInteger,int,,
incoming,3051,class_3213,_i260a6025ae9b23,matched,package_44/class_3213.as,3950,class_3288,readInteger readInteger,?{ int int },,
incoming,3053,class_3175,_i11eae4b2937320,matched,package_90/class_3175.as,128,class_3158,readInteger,int,,
incoming,3057,class_1789,_ib749e3a1343af8,matched,package_21/class_1789.as,2103,class_1756,readBoolean,bool,,
incoming,3059,UnkMessageEvent_fa0c37,_ifa0c37dc3667f4,placeholder,,,UnkMessageParser_B_28fc31,readBoolean,bool,,
incoming,3060,UnkMessageEvent_69841c,_i69841c0ce5242d,placeholder,,,UnkMessageParser_BIIIIIIIII__527c67,readBoolean readInteger readInteger readInteger readInteger readInteger readInteger readInteger readInteger readInteger readInteger,bool int int int int int int int int int int,,
incoming,3070,class_3319,_i6f6c850a9af01a,matched,package_64/class_3319.as,2100,class_3413,readString,?{ class_4263{ string int string string int int int } string },,
incoming,3073,UnkMessageEvent_class_3671,_i45556df1194836,placeholder,,,class_3671,readString readBoolean readInteger readInteger,?{ string bool int int },,
incoming,3078,class_2539,_i0103124e5d884b,matched,package_9/class_2539.as,163,class_3881,-,-,,
incoming,3083,class_3527,_ia5c5b1db31565a,matched,package_155/class_3527.as,1041,class_2649,readInteger readInteger readInteger readInteger,int int int int,,
incoming,3089,class_2727,_iafd83c564a18ea,matched,package_44/class_2727.as,57,class_2620,readInteger,int,,
incoming,3092,class_2276,_id9d4f339b3c304,matched,package_9/class_2276.as,711,class_1898,readString readString,string string,,
incoming,3104,UnkMessageEvent_Game2WeeklyLeaderboardParser,_i5a6a2d6313d369,placeholder,,,Game2WeeklyLeaderboardParser,readInteger readInteger readInteger readInteger readInteger,int int int int int,,
incoming,3105,UnkMessageEvent_d99543,_id9954399da6829,placeholder,,,UnkMessageParser_II_22161f,readInteger readInteger,int int,,
incoming,3111,class_2464,_i4b9faab4ec4006,matched,package_117/class_2464.as,1773,class_3055,readInteger readInteger readString readString,int [ int string string ],,
incoming,3116,UnkMessageEvent_eb5a37,_ieb5a37a133d35f,placeholder,,,UnkMessageParser_ISBI_90029f,readInteger readString readBoolean readInteger,int [ string int int string bool int string int int ],,
incoming,3148,class_3049,_i7747cf4c2deed4,matched,package_191/class_3049.as,114,class_2557,-,WiredTransactionDetails{ WiredTransactionInfo{ long int int string int string long string int int int int int } int [ int ] int [ int ] int [ int ] bool },,
incoming,3149,class_2248,_ib8eeb01ad96763,matched,package_20/class_2248.as,2476,class_2023,readInteger readInteger readInteger readInteger,int int int int [ class_2832{ int string } ],,
incoming,3150,class_2408,_i0352a8edc697d8,matched,package_64/class_2408.as,555,class_3084,readInteger readInteger readInteger,int [ int ] int,,
incoming,3153,class_2446,_i1455af3b2de857,matched,package_1/class_2446.as,2662,class_4196,readString readBoolean,string ?{ bool },,
incoming,3157,class_3826,_ib7ba2c17bf77ba,matched,package_42/class_3826.as,1736,class_3930,-,-,,
incoming,3175,UnkMessageEvent_f8dc94,_if8dc94f99b03d0,placeholder,,,UnkMessageParser_II_2f0193,readInteger readInteger,int int,,
incoming,3184,UnkMessageEvent_d91476,_id914761a015ed9,placeholder,,,UnkMessageParser_II_9cd5c9,readInteger readInteger,int int [ class_2024{ int string string } ],,
incoming,3194,UnkMessageEvent_46c620,_i46c62027044726,placeholder,,,,,,,
incoming,3202,class_3398,_ifbf7d8101b2cad,matched,package_143/class_3398.as,679,class_4244,readInteger,int,,
incoming,3207,NftEmeraldConvertResultMessageEvent,_i45c141eb9c12de,matched,package_205/NftEmeraldConvertResultMessageEvent.as,743,class_3388,readInteger readShort,int short,,
incoming,3209,class_3407,_ie3778e7da8cd53,matched,package_85/class_3407.as,3492,class_4077,readInteger readInteger readInteger readInteger,int int [ int int ],,
incoming,3210,UnkMessageEvent_f4b027,_if4b027519d11b1,placeholder,,,UnkMessageParser_I_46fc96,readInteger,int [ UnkClass_29cd44{ int string int int int } ],,
incoming,3218,class_1958,_ie1a23953368245,matched,package_20/class_1958.as,325,class_3397,-,-,,
incoming,3255,UnkMessageEvent_a71dbc,_ia71dbc487774ce,placeholder,,,,,,,
incoming,3257,class_2243,_i91a32f049120e3,matched,package_5/class_2243.as,362,class_2074,readBoolean readBoolean readInteger,bool bool ?{ int },,
incoming,3289,class_2577,_ib70cdbc7a0f5c7,matched,package_100/class_2577.as,1921,class_3565,readBoolean readString readBoolean readInteger readInteger readInteger,bool string bool int int int,,
incoming,3292,UnkMessageEvent_8a993f,_i8a993f783b6b58,placeholder,,,UnkMessageParser_IIS_67a76d,readInteger readInteger readString,int [ int string ],,
incoming,3308,class_2478,_iff71e410b68fbe,matched,package_38/class_2478.as,14,class_3409,readInteger readInteger,int int,,
incoming,3319,class_2688,_ibfe1988ee55093,matched,package_92/class_2688.as,2388,class_2961,readBoolean,bool,,
incoming,3332,class_2894,_i60be988ace846e,matched,package_5/class_2894.as,2667,class_4053,readInteger readInteger readInteger readString,int int int string,,
incoming,3344,class_3304,_i15ed02417b3adf,matched,package_191/class_3304.as,3909,class_3205,-,class_3240{ int long int int int int [ WiredTransactionInfo{ long int int string int string long string int int int int int } ] },,
incoming,3349,class_3742,_ic608c2168d22ab,matched,package_110/class_3742.as,2420,class_4293,readInteger readInteger readBoolean,int int bool,,
incoming,3364,UnkMessageEvent_632e58,_i632e5887b054b2,placeholder,,,UnkMessageParser_II_a98fa1,readInteger readInteger,int int,,
incoming,3371,class_3164,_i12d726d7f4510d,matched,package_198/class_3164.as,3146,class_4116,readInteger readInteger readInteger readString,int [ int ] int [ string ],,
incoming,3374,class_3652,_i09c50634ea814d,matched,package_65/class_3652.as,2431,class_2528,readShort readInteger,short int class_2508{ short string int string int [ int ] string string },,
incoming,3376,UnkMessageEvent_e0ed71,_ie0ed71f2dadfde,placeholder,,,,,,,
incoming,3378,class_2035,_i6980fd77be9a73,matched,package_38/class_2035.as,3886,class_2371,readInteger readBoolean,int bool,,
incoming,3379,class_2518,_i3aea4eded5e947,matched,package_114/class_2518.as,2599,class_4292,readInteger readInteger readString,int int string,,
incoming,3383,UnkMessageEvent_c13e93,_ic13e9312a21c59,placeholder,,,UnkMessageParser_S_036bbf,readString,string,,
incoming,3386,class_3628,_ia9357f4a7b5287,matched,package_118/class_3628.as,1363,class_2685,readBoolean readBoolean,bool bool,,
incoming,3399,UnkMessageEvent_477c5e,_i477c5e932feef5,placeholder,,,UnkMessageParser_I_246c5b,readInteger,int [ SavedSearch{ int string string string } ],,
incoming,3402,class_3469,_if77425abcbc0fd,matched,package_99/class_3469.as,416,class_3919,readString readInteger,string int,,
incoming,3404,UnkMessageEvent_2e47b0,_i2e47b0596384b3,placeholder,,,UnkMessageParser_B_19fbbf,readBoolean,bool,,
incoming,3420,class_2684,_id8ba45d9391dbe,matched,package_151/class_2684.as,643,class_3141,readString readInteger readInteger readInteger readInteger readInteger readInteger readString readInteger readInteger readString readString,string int int int int int int string ?{ int int [ string string ] },,
incoming,3425,UnkMessageEvent_19340c,_i19340cdc8053a5,placeholder,,,UnkMessageParser_I_10eb75,readInteger,int,,
incoming,3432,UnkMessageEvent_77aa81,_i77aa81f5649add,placeholder,,,,,,,
incoming,3433,UnkMessageEvent_447a8f,_i447a8f96f655ed,placeholder,,,UnkMessageParser_I_29fa57,readInteger,int,,
incoming,3435,UnkMessageEvent_f1f31f,_if1f31fca64114d,placeholder,,,UnkMessageParser_II_ddc3a4,readInteger readInteger,int int,,
incoming,3441,class_3248,_i9d29990384e0a7,matched,package_150/class_3248.as,3381,class_2558,readString readString readInteger,string string int,,
incoming,3465,class_3853,_icd49e3a583e8d9,matched,package_74/class_3853.as,3997,class_3925,-,-,,
incoming,3477,class_3616,_i1584206d80d239,matched,package_85/class_3616.as,2292,class_4009,readInteger readInteger readString readString,int int string string,,
incoming,3480,class_1783,_i710df9a8dc32a0,matched,package_19/class_1783.as,3673,class_2919,readString readString,string string,,
incoming,3490,class_3691,_i5f5942a2e9c6ad,matched,package_100/class_3691.as,2031,class_4174,readInteger readString,?{ int string },,
incoming,3491,class_3697,_i5fe13505ab3d96,matched,package_99/class_3697.as,1449,class_3870,readBoolean readInteger,bool int,,
incoming,3492,class_3653,_i068a230e2cb4f2,matched,package_209/class_3653.as,3602,ModifyCustomFilterResultMessageEventParser,readInteger readString,int string,,
incoming,3494,UnkMessageEvent_e8c30e,_ie8c30e3f7339c9,placeholder,,,UnkMessageParser_IIS_982dda,readInteger readInteger readString,int [ class_3380{ string string string } ] int [ string ],,
incoming,3495,UnkMessageEvent_cdd01d,_icdd01d421b375d,placeholder,,,UnkMessageParser_I_71abed,readInteger,int [ UnkClass_4e740e{ string int bool bool int int class_2508{ short string int string int [ int ] string string } } ],,
incoming,3504,UnkMessageEvent_b019fd,_ib019fd527eda9d,placeholder,,,UnkMessageParser_IIII_7720fd,readInteger readInteger readInteger readInteger,int [ class_2832{ int string } ] int [ int ?{ int | ?{ DummyFriend{ int string int bool bool string int string string string bool bool bool short } | ?{ DummyFriend{ int string int bool bool string int string string string bool bool bool short } } } } ],,
incoming,3511,UnkMessageEvent_0fd38c,_i0fd38c6577b72b,placeholder,,,UnkMessageParser_empty_24e747,-,GameStatusData{ int int int [ int [ int ] ] },,
incoming,3515,class_3835,_ia4f81024d4e980,matched,package_74/class_3835.as,931,class_4055,readString readInteger,string int,,
incoming,3516,class_3542,_i7df42eb60bdf71,matched,package_49/class_3542.as,1772,class_3343,readInteger readInteger readInteger,int int int,,
incoming,3529,class_2000,_i35626c3c85d67e,matched,package_51/class_2000.as,639,class_2145,readInteger readInteger,int int,,
incoming,3540,UnkMessageEvent_84af07,_i84af077d891f1f,placeholder,,,UnkMessageParser_empty_bcbf08,-,-,,
incoming,3544,UnkMessageEvent_96d243,_i96d2438960f2e6,placeholder,,,UnkMessageParser_empty_bb9016,-,-,,
incoming,3560,UnkMessageEvent_563d85,_i563d8510bc6917,placeholder,,,UnkMessageParser_I_364e8a,readInteger,int,,
incoming,3572,class_2805,_ie24ccba3d4d697,matched,package_86/class_2805.as,583,class_3364,readInteger readInteger readInteger,int class_4010{ int string int string string } class_4010{ int string int string string } int [ class_3926{ int int [ int ] } ] int,,
incoming,3575,UnkMessageEvent_7f480a,_i7f480a4bc1b794,placeholder,,,UnkMessageParser_I_8dc8b9,readInteger,int,,
incoming,3578,UnkMessageEvent_d63a1a,_id63a1a466ddf5e,placeholder,,,UnkMessageParser_I_115e08,readInteger,int,,
incoming,3581,class_3637,_i0f1010423cd3ec,matched,package_211/class_3637.as,1296,class_3332,readByte readBoolean,byte bool,,
incoming,3583,UnkMessageEvent_784d51,_i784d51a4871662,placeholder,,,UnkMessageParser_BI_ac35d5,readBoolean readInteger,bool int,,
incoming,3586,class_2802,_i3917bc68e4dbc1,matched,package_155/class_2802.as,2555,class_3894,-,-,,
incoming,3592,UnkMessageEvent_class_2944,_idf78f49c2487cb,placeholder,,,class_2944,readInteger readInteger readInteger,int [ int ] int,,
incoming,3601,class_3595,_ide6b3fc257ff95,matched,package_42/class_3595.as,3310,UnkMessageParser_II_acf370,readInteger readInteger,int int,,
incoming,3605,class_2590,_if44219313cc44a,matched,package_141/class_2590.as,1731,class_3753,readInteger,int [ class_3241{ int int int [ class_4122{ string int [ class_4182{ string string } ] } ] } ],,
incoming,3606,class_3106,_i0c9aad7a6e2134,matched,package_44/class_3106.as,1532,class_2664,readInteger,int,,
incoming,3611,UnkMessageEvent_f3384a,_if3384a62ff50a2,placeholder,,,UnkMessageParser_IS_62ab49,readInteger readString,int string,,
incoming,3612,UnkMessageEvent_37d86d,_i37d86de6645bc1,placeholder,,,UnkMessageParser_IB_ef5d8c,readInteger readBoolean,int bool,,
incoming,3616,UnkMessageEvent_class_2562,_ic493e19be4b81c,placeholder,,,class_2562,readInteger readString readString readString readInteger readString readInteger readInteger readInteger readInteger readInteger,int string string string int string int [ int int int ] int,,
incoming,3631,UnkMessageEvent_54a032,_i54a032e9dd8c0a,placeholder,,,UnkMessageParser_empty_651f4f,-,WiredUserPermanentVariablesList{ int int string string ?{ int string string } int [ WiredVariableStorageParameter{ ?{ string } int long string long string } ] },,
incoming,3636,UnkMessageEvent_f762d2,_if762d29ee5d513,placeholder,,,UnkMessageParser_I_e6ae00,readInteger,int,,
incoming,3637,UnkMessageEvent_7cbd2a,_i7cbd2aa57cd932,placeholder,,,UnkMessageParser_S_a296ac,readString,?{ string },,
incoming,3638,UnkMessageEvent_56094b,_i56094b68cfe828,placeholder,,,UnkMessageParser_I_385ac0,readInteger,int,,
incoming,3651,class_3525,_i758457965ed5dc,matched,package_32/class_3525.as,2482,class_3960,readInteger,int,,
incoming,3655,class_3155,_ib6dd67ed84f43e,matched,package_33/class_3155.as,3448,class_1866,readInteger readInteger readInteger readInteger readBoolean readInteger,int int int int bool int,,
incoming,3670,class_3465,_idf95189f34c10b,matched,package_180/class_3465.as,3956,class_3886,readBoolean readString,bool string,,
incoming,3683,UnkMessageEvent_e56360,_ie5636094231a56,placeholder,,,UnkMessageParser_IS_12e422,readInteger readString,int [ string ],,
incoming,3686,Game2TotalGroupLeaderboardEvent,_if827dff373e2e9,matched,package_107/Game2TotalGroupLeaderboardEvent.as,2150,Game2GroupLeaderboardParser,readInteger readInteger readInteger readInteger,int [ class_4169{ int int int string string string } ] int int int,,
incoming,3691,UnkMessageEvent_60fd17,_i60fd177d8ab95b,placeholder,,,UnkMessageParser_I_481bcf,readInteger,int,,
incoming,3706,class_2980,_i15e89e3fd9f023,matched,package_57/class_2980.as,952,class_3965,-,-,,
incoming,3720,UnkMessageEvent_977235,_i977235da9592f3,placeholder,,,UnkMessageParser_H_9b5800,readShort,short,,
incoming,3726,UnkMessageEvent_Game2WeeklyLeaderboardParser__,_i25fdf5c7fc157b,placeholder,,,Game2WeeklyLeaderboardParser,readInteger readInteger readInteger readInteger readInteger,int int int int int,,
incoming,3738,class_2882,_ifa01236e57f3b4,matched,package_2/class_2882.as,3564,class_3716,readInteger readInteger readString,int int string,,
incoming,3742,class_2086,_iac6bc042856386,matched,package_64/class_2086.as,1392,class_3302,readInteger readInteger readInteger readInteger,int int int ?{ int },,
incoming,3745,class_2940,_if236d12e5d7533,matched,package_32/class_2940.as,922,class_2740,readInteger readString readString readInteger readString readString,int string string int string string,,
incoming,3762,class_3530,_if4d7bfde3e70de,matched,package_86/class_3530.as,1817,class_3877,readInteger readInteger,int int,,
incoming,3773,UnkMessageEvent_fdba1a,_ifdba1a736260b7,placeholder,,,UnkMessageParser_SS_7a1181,readString readString,string string,,
incoming,3777,class_2461,_ic4d7c78664a55a,matched,package_64/class_2461.as,699,class_3389,readInteger readBoolean,int bool,,
incoming,3780,UnkMessageEvent_920848,_i920848b8e62603,placeholder,,,UnkMessageParser_empty_066c3d,-,class_2277{ ?{ int int int } },,
incoming,3781,class_2735,_i7ed91623d9e948,matched,package_64/class_2735.as,186,class_4093,readInteger readInteger,int int,,
incoming,3786,class_3454,_i8cf6e5cf4afa6d,matched,package_49/class_3454.as,563,class_3132,readInteger readInteger readString readInteger readInteger readInteger,int int string int int int,,
incoming,3796,class_2925,_id8c23e4e43e821,matched,package_50/class_2925.as,1868,class_3496,readInteger readInteger readInteger readInteger,int int int int,,
incoming,3797,UnkMessageEvent_bca29e,_ibca29e50529564,placeholder,,,UnkMessageParser_empty_a8a144,-,-,,
incoming,3804,UnkMessageEvent_cf0d15,_icf0d158d49b7cc,placeholder,,,UnkMessageParser_II_349c04,readInteger readInteger,int int,,
incoming,3809,class_3534,_i07befce5fcefc2,matched,package_64/class_3534.as,1589,class_3819,readBoolean readInteger readString readInteger readInteger readInteger readFloat,bool int string int [ AreaHideMessageData{ int bool int int int int bool } ] int int float,,
incoming,3825,class_3846,_i38cac2b5f52329,matched,package_64/class_3846.as,3869,,,,,
incoming,3833,class_2999,_i7a4192c135a4a7,matched,package_147/class_2999.as,3384,class_3080,readInteger readInteger,?{ int int },,
incoming,3853,class_2723,_i492babfb59eda3,matched,package_9/class_2723.as,2882,class_4146,readInteger readInteger readString,int [ int string ],,
incoming,3855,class_2485,_iec3c5fe3082c79,matched,package_53/class_2485.as,514,class_3571,readString readInteger readString readString,string int string string,,
incoming,3864,class_2507,_i5ebe0352717aad,matched,com/sulake/habbo/communication/messages/incoming/userdefinedroomevents/class_2507.as,3388,class_2855,readBoolean readInteger readString readBoolean readBoolean readInteger readLong readBoolean readLong readLong readInteger readString readString,bool int [ string bool bool int long bool ?{ long long } int [ string string ] ],,
incoming,3865,UnkMessageEvent_88cbf5,_i88cbf57ca7400f,placeholder,,,UnkMessageParser_I_b64747,readInteger,int [ UnkClass_e0a85e{ string int int int long long long long string string string UnkSubclassOf_class_2508_889878{ string string } } ],,
incoming,3869,class_2792,_i6b4ea36b67fe43,matched,package_86/class_2792.as,1349,class_2484,readInteger readInteger,int int,,
incoming,3877,class_3242,_ieed118e558ca7f,matched,package_178/class_3242.as,3553,class_3943,-,-,,
incoming,3880,class_3121,_i0dd3d056dd5fe3,matched,package_155/class_3121.as,220,class_2826,readInteger readInteger,int int,,
incoming,3884,UnkMessageEvent_85dfdd,_i85dfddeef9dd8d,placeholder,,,UnkMessageParser_I_276987,readInteger,int,,
incoming,3909,UnkMessageEvent_0dcf7a,_i0dcf7a058fc778,placeholder,,,UnkMessageParser_I_f482a8,readInteger,int,,
incoming,3913,class_2728,_i49f6a036b391a5,matched,package_9/class_2728.as,1256,class_4290,readInteger readInteger,int [ int ],,
incoming,3919,class_3021,_iabb8ef282c4ead,matched,package_100/class_3021.as,1292,class_4110,readInteger,int,,
incoming,3931,UnkMessageEvent_10ac99,_i10ac993234f5bf,placeholder,,,UnkMessageParser_empty_3b2d49,-,-,,
incoming,3932,class_2713,_i7d30d3e3e59c57,matched,com/sulake/habbo/communication/messages/incoming/userdefinedroomevents/class_2713.as,3889,class_2524,readInteger readInteger,int [ int ],,
incoming,3939,class_3553,_ie16192e8d2a372,matched,package_151/class_3553.as,3447,class_3559,readInteger readString readString readString,int string string string,,
incoming,3976,UnkMessageEvent_850f17,_i850f17bdd49d43,placeholder,,,UnkMessageParser_S_832f16,readString,string,,
incoming,3984,class_3451,_ib48423e2f30f04,matched,package_52/class_3451.as,2378,class_2706,readInteger,UnkClass_db4946{ int } int UnkClass_bc77fe{ int [ class_4153{ string string int } ] },,
incoming,3986,class_3202,_iaab525aa310ac1,matched,com/sulake/habbo/communication/messages/incoming/userdefinedroomevents/class_3202.as,1200,class_2784,readInteger readInteger readBoolean readInteger readInteger readBoolean readInteger readInteger readInteger readInteger readInteger readInteger readLong readLong readInteger readString readString,int [ int bool int int bool int int int int int int long long int [ string string ] ],,
incoming,3992,class_3128,_ia58fb44abac372,matched,package_196/class_3128.as,2114,UnkMessageParser_I_2d3ddc,readInteger,int,,
incoming,3993,UnkMessageEvent_655cc8,_i655cc820b95e43,placeholder,,,UnkMessageParser_empty_f945d9,-,-,,
outgoing,1,UnkMessageComposer_1args_bf6bc5,_ibf6bc51ecb3da9,placeholder,,,,,,1,
outgoing,3,UnkMessageComposer_1args_cbf4ea,_icbf4ea4986b279,placeholder,,,,,,1,
outgoing,24,UnkMessageComposer_1args_497b48,_i497b484c272653,placeholder,,,,,,1,
outgoing,35,UnkMessageComposer_4args_79a63e,_i79a63e6c277902,placeholder,,,,,,4,
outgoing,42,UnkMessageComposer_3args_857159,_i857159cb91dc97,placeholder,,,,,,3,
outgoing,46,class_3832,_i3b7731b3553038,matched,package_188/class_3832.as,3514,,,,1,int
outgoing,51,UnkMessageComposer_0args_bd28e4,_ibd28e43fec77ad,placeholder,,,,,,0,
outgoing,55,class_2195,_ib71e540bdebf74,matched,package_25/class_2195.as,569,,,,0,
outgoing,63,UnkMessageComposer_3args_b8c93b,_ib8c93bf3254201,placeholder,,,,,,3,
outgoing,65,UnkMessageComposer_1args_0dfe00,_i0dfe00091c25fc,placeholder,,,,,,1,
outgoing,74,UnkMessageComposer_0args_59423f,_i59423f967be57c,placeholder,,,,,,0,
outgoing,78,UnkMessageComposer_1args_3bf318,_i3bf318c9c7f5e4,placeholder,,,,,,1,
outgoing,81,UnkClass_7de45b,_i7de45bac109bbc,placeholder,,,,,,5,
outgoing,84,class_2726,_i4ddc2869bae0db,matched,package_142/class_2726.as,2563,,,,1,String
outgoing,87,UnkMessageComposer_2args_b36705,_ib367058c952aed,placeholder,,,,,,2,
outgoing,89,UnkMessageComposer_0args_9ec97d,_i9ec97d56cb81a8,placeholder,,,,,,0,
outgoing,91,UnkMessageComposer_3args_55471e,_i55471e72414634,placeholder,,,,,,3,
outgoing,92,class_3253,_i2555d7981db170,matched,package_26/class_3253.as,3059,,,,2,"int, int"
outgoing,101,class_2134,_i2d9f50e69462ef,matched,package_25/class_2134.as,3953,,,,2,"int, Boolean"
outgoing,112,UnkMessageComposer_4args_f9763f,_if9763f879f916b,placeholder,,,,,,4,
outgoing,121,UnkMessageComposer_1args_87f2c6,_i87f2c6e2f5f6a5,placeholder,,,,,,1,
outgoing,122,class_3384,_i79dc8f14ac6f56,matched,com/sulake/habbo/communication/messages/outgoing/quest/class_3384.as,1981,,,,2,"Boolean, int"
outgoing,123,UnkMessageComposer_0args_7e040c,_i7e040c9df5548d,placeholder,,,,,,0,
outgoing,126,class_2840,_i7ccf36d780c758,matched,package_130/class_2840.as,2117,,,,2,"int, String"
outgoing,128,class_2946,_ib7700ceb78cad6,matched,package_140/class_2946.as,2983,,,,0,
outgoing,132,UnkMessageComposer_0args_e575d8,_ie575d8b466a6b4,placeholder,,,,,,0,
outgoing,133,UnkMessageComposer_1args_3b334c,_i3b334c840d7acd,placeholder,,,,,,1,
outgoing,149,UnkMessageComposer_2args_31311e,_i31311e8950de32,placeholder,,,,,,2,
outgoing,153,UnkMessageComposer_0args_f001e3,_if001e314dd407c,placeholder,,,,,,0,
outgoing,172,class_2569,_i2118b4fb204601,matched,package_70/class_2569.as,2015,,,,1,int
outgoing,177,UnkMessageComposer_1args_1e3620,_i1e3620b98ed6ac,placeholder,,,,,,1,
outgoing,178,UnkMessageComposer_1args_bfc074,_ibfc07441a05e77,placeholder,,,,,,1,
outgoing,183,class_2444,_i20c619f30be6cf,matched,package_26/class_2444.as,1675,,,,2,"int, Boolean"
outgoing,184,UnkMessageComposer_2args_2f0c56,_i2f0c5652e4bcae,placeholder,,,,,,2,
outgoing,189,UnkMessageComposer_2args_366d0e,_i366d0e96f30cf4,placeholder,,,,,,2,
outgoing,197,UnkMessageComposer_4args_ea5f21,_iea5f21bce03b75,placeholder,,,,,,4,
outgoing,206,UnkMessageComposer_2args_5ad8ab,_i5ad8ab28093e10,placeholder,,,,,,2,
outgoing,224,UnkMessageComposer_4args_fbe8d1,_ifbe8d1f78e21ac,placeholder,,,,,,4,
outgoing,230,UnkMessageComposer_1args_2f9a6b,_i2f9a6b5a181f37,placeholder,,,,,,1,
outgoing,231,UnkMessageComposer_2args_3043dd,_i3043ddc0e64aa0,placeholder,,,,,,2,
outgoing,235,UnkMessageComposer_1args_ec400b,_iec400ba3827765,placeholder,,,,,,1,
outgoing,238,UnkMessageComposer_1args_052e0c,_i052e0c6eb1e12a,placeholder,,,,,,1,
outgoing,251,UnkMessageComposer_2args_61cf81,_i61cf81490334cd,placeholder,,,,,,2,
outgoing,253,UnkMessageComposer_1args_155bad,_i155badb9742492,placeholder,,,,,,1,
outgoing,255,UnkMessageComposer_2args_825701,_i825701823414ca,placeholder,,,,,,2,
outgoing,259,UnkMessageComposer_1args_3d035c,_i3d035c65d2b98d,placeholder,,,,,,1,
outgoing,261,UnkMessageComposer_1args_ec45f4,_iec45f45ee775ab,placeholder,,,,,,1,
outgoing,268,UnkMessageComposer_0args_36053f,_i36053fecbbe29a,placeholder,,,,,,0,
outgoing,283,UnkMessageComposer_1args_4aee1d,_i4aee1d5eab98cf,placeholder,,,,,,1,
outgoing,292,UnkMessageComposer_3args_af730a,_iaf730ace5aff2d,placeholder,,,,,,3,
outgoing,300,UnkMessageComposer_1args_332802,_i3328024d70ceb5,placeholder,,,,,,1,
outgoing,314,UnkMessageComposer_2args_aa6550,_iaa65501a4a1a53,placeholder,,,,,,2,
outgoing,331,class_3386,_ieadb8f99ca1d0e,matched,package_153/class_3386.as,3611,,,,1,int
outgoing,344,class_3211,_i4f56aec2b8b737,matched,package_142/class_3211.as,2405,,,,2,"String, int"
outgoing,352,UnkMessageComposer_0args_7b84a2,_i7b84a2384a743d,placeholder,,,,,,0,
outgoing,364,UnkMessageComposer_1args_2f07f9,_i2f07f95651d352,placeholder,,,,,,1,
outgoing,374,UnkMessageComposer_0args_2d3a5a,_i2d3a5a2748f7f4,placeholder,,,,,,0,
outgoing,381,UnkMessageComposer_1args_c4eacb,_ic4eacbe96fa0b1,placeholder,,,,,,1,
outgoing,395,UnkMessageComposer_1args_efb9c5,_iefb9c57bef1d1c,placeholder,,,,,,1,
outgoing,403,UnkMessageComposer_2args_585389,_i585389d6b9e716,placeholder,,,,,,2,
outgoing,407,UnkMessageComposer_2args_21c19f,_i21c19f3567d2a4,placeholder,,,,,,2,
outgoing,412,UnkMessageComposer_1args_299bf9,_i299bf932cfbc24,placeholder,,,,,,1,
outgoing,413,UnkMessageComposer_0args_637b4a,_i637b4a048c872d,placeholder,,,,,,0,
outgoing,429,class_3315,_i90bf5f7f0b2bed,matched,com/sulake/habbo/communication/messages/outgoing/quest/class_3315.as,3743,,,,1,String
outgoing,437,class_3259,_i44be4d85ed1b8f,matched,package_82/class_3259.as,455,,,,1,String
outgoing,444,class_2432,_ic79da8d1ce39d3,matched,package_26/class_2432.as,750,,,,0,
outgoing,445,class_1875,_i3571ea1b6c6d20,matched,package_31/class_1875.as,332,,,,0,
outgoing,446,UnkMessageComposer_1args_eb6736,_ieb6736d26d7391,placeholder,,,,,,1,
outgoing,451,UnkMessageComposer_0args_d5e5cd,_id5e5cd02e470d1,placeholder,,,,,,0,
outgoing,467,UnkMessageComposer_5args_295cc0,_i295cc0f54ad8ea,placeholder,,,,,,5,
outgoing,477,class_3706,_i2879b602d13605,matched,package_25/class_3706.as,135,,,,1,int
outgoing,497,UnkMessageComposer_1args_8ad390,_i8ad39019a728c9,placeholder,,,,,,1,
outgoing,498,class_3150,_i254cd737313458,matched,package_152/class_3150.as,43,,,,0,
outgoing,509,class_3808,_i270f967000158c,matched,package_66/class_3808.as,687,,,,2,"int, int"
outgoing,516,UnkMessageComposer_1args_8bad4e,_i8bad4e3e9496fc,placeholder,,,,,,1,
outgoing,517,class_2490,_i36bbf13b6d5db1,matched,package_16/class_2490.as,2014,,,,0,
outgoing,518,class_3286,_idd921d35e45ae3,matched,com/sulake/habbo/communication/messages/outgoing/userdefinedroomevents/wiredmenu/class_3286.as,1357,,,,0,
outgoing,523,UnkMessageComposer_0args_bc5573,_ibc557335789d37,placeholder,,,,,,0,
outgoing,532,UnkMessageComposer_1args_f967ff,_if967ff62fdb963,placeholder,,,,,,1,
outgoing,545,UnkMessageComposer_1args_bf6921,_ibf69215346d76f,placeholder,,,,,,1,
outgoing,553,UnkMessageComposer_1args_29fde5,_i29fde5f30c747f,placeholder,,,,,,1,
outgoing,555,class_1766,_ibb47b78f28b0ab,matched,package_10/class_1766.as,2566,,,,2,"String, int"
outgoing,564,class_2586,_ie91f54e9766822,matched,package_36/class_2586.as,3947,,,,1,String
outgoing,577,UnkMessageComposer_0args_9b3dfa,_i9b3dfa785e362b,placeholder,,,,,,0,
outgoing,581,UnkMessageComposer_1args_7da07d,_i7da07d2b22cc2b,placeholder,,,,,,1,
outgoing,585,UnkMessageComposer_1args_fcfff3,_ifcfff33b14b31b,placeholder,,,,,,1,
outgoing,590,UnkMessageComposer_0args_c9ff57,_ic9ff57b6577507,placeholder,,,,,,0,
outgoing,603,UnkMessageComposer_0args_f27b6c,_if27b6c280bca60,placeholder,,,,,,0,
outgoing,609,class_3634,_id9833b3ff80004,matched,com/sulake/habbo/communication/messages/outgoing/userdefinedroomevents/wiredmenu/class_3634.as,582,,,,3,"int, int, String"
outgoing,610,UnkMessageComposer_1args_9a5617,_i9a561748de040a,placeholder,,,,,,1,
outgoing,612,UnkMessageComposer_0args_2bfae3,_i2bfae339b75ebe,placeholder,,,,,,0,
outgoing,616,class_2370,_i4353025774e3ae,matched,package_93/class_2370.as,516,,,,0,
outgoing,635,UnkMessageComposer_3args_b7a2f8,_ib7a2f8c19e1626,placeholder,,,,,,3,
outgoing,637,Game2GetTotalLeaderboardComposer,_i309273511a430e,matched,package_89/Game2GetTotalLeaderboardComposer.as,3759,,,,5,"int, int, int, int, int"
outgoing,638,class_2687,_iafb393f349c99a,matched,package_72/class_2687.as,1914,,,,1,String
outgoing,641,UnkMessageComposer_2args_fa4b75,_ifa4b75e22ed5b9,placeholder,,,,,,2,
outgoing,649,UpdateSelectorMessageComposer,_i01e9ff4bf7194f,matched,com/sulake/habbo/communication/messages/outgoing/userdefinedroomevents/UpdateSelectorMessageComposer.as,125,,,,10,"int, Array, Array, String, Array, Array, Boolean, Boolean, Array, Array"
outgoing,661,UnkMessageComposer_0args_20939e,_i20939e6d310fb1,placeholder,,,,,,0,
outgoing,667,class_3778,_ie640adf85b8c62,matched,package_8/class_3778.as,2830,,,,0,
outgoing,672,class_2523,_i671071d9a891e5,matched,package_83/class_2523.as,2696,,,,2,"int, int"
outgoing,685,UnkInterface_32a722,_i32a722309d7200,placeholder,,,,,,0,
outgoing,698,UnkMessageComposer_1args_627479,_i62747946b4dd48,placeholder,,,,,,1,
outgoing,705,UnkMessageComposer_6args_39add9,_i39add9547e1f1c,placeholder,,,,,,6,
outgoing,706,UnkMessageComposer_1args_cecbc1,_icecbc11f9f2b51,placeholder,,,,,,1,
outgoing,708,UnkMessageComposer_4args_86258f,_i86258ff7bd9dc1,placeholder,,,,,,4,
outgoing,735,UnkMessageComposer_1args_7ba091,_i7ba0910c7b342f,placeholder,,,,,,1,
outgoing,747,class_2474,_i0f77c514bcea0d,matched,package_25/class_2474.as,237,,,,1,int
outgoing,763,UnkMessageComposer_3args_7e3b21,_i7e3b2187bfe1ec,placeholder,,,,,,3,
outgoing,765,UnkMessageComposer_3args_b0ef4c,_ib0ef4c8a91ae1c,placeholder,,,,,,3,
outgoing,774,UnkMessageComposer_2args_d8a23b,_id8a23b05942664,placeholder,,,,,,2,
outgoing,777,UnkMessageComposer_0args_38847f,_i38847f0d1efae9,placeholder,,,,,,0,
outgoing,803,UnkMessageComposer_2args_93dfd5,_i93dfd5fdbe959d,placeholder,,,,,,2,
outgoing,806,UnkMessageComposer_0args_b10a93,_ib10a93cd76b749,placeholder,,,,,,0,
outgoing,811,class_3734,_id0e1bcd8a6994f,matched,package_130/class_3734.as,1533,,,,2,"int, int"
outgoing,826,class_1807,_ic07e12591158e5,matched,package_25/class_1807.as,506,,,,1,int
outgoing,847,class_1776,_i9f64884426ed24,matched,package_16/class_1776.as,444,,,,5,"int, int, String, String, Boolean"
outgoing,848,class_3590,_i58a00f2455c7c8,matched,package_80/class_3590.as,3943,,,,0,
outgoing,850,UnkMessageComposer_1args_d30c13,_id30c13571de965,placeholder,,,,,,1,
outgoing,852,UnkMessageComposer_3args_0175aa,_i0175aac20a5ccc,placeholder,,,,,,3,
outgoing,854,UnkMessageComposer_0args_51ac13,_i51ac136ba7aa6a,placeholder,,,,,,0,
outgoing,855,class_2072,_i7ffb0617d00fcb,matched,package_25/class_2072.as,576,,,,3,"int, int, Boolean"
outgoing,858,UnkMessageComposer_6args_222609,_i222609ab66ee55,placeholder,,,,,,6,
outgoing,861,UnkMessageComposer_0args_56b3ff,_i56b3ff5fd5bb97,placeholder,,,,,,0,
outgoing,863,class_2510,_iaf8edaf6a1d83b,matched,package_126/class_2510.as,1451,,,,2,"int, Boolean"
outgoing,875,class_3623,_i002bddafff0e01,matched,package_13/class_3623.as,2465,,,,0,
outgoing,883,class_3659,_i91d8a6f47dd539,matched,package_26/class_3659.as,1617,,,,1,int
outgoing,885,UnkMessageComposer_1args_980d5e,_i980d5eea32f983,placeholder,,,,,,1,
outgoing,897,UnkMessageComposer_1args_9a110d,_i9a110df22147ef,placeholder,,,,,,1,
outgoing,910,UnkMessageComposer_1args_f19dab,_if19dab94558cb8,placeholder,,,,,,1,
outgoing,921,UnkMessageComposer_0args_42ab14,_i42ab1490f71b7a,placeholder,,,,,,0,
outgoing,925,class_1949,_i494540f04bf21d,matched,package_25/class_1949.as,340,,,,2,"int, Boolean"
outgoing,935,UnkMessageComposer_2args_6456b8,_i6456b87e910ff5,placeholder,,,,,,2,
outgoing,950,UnkMessageComposer_1args_edd83f,_iedd83fc9b191da,placeholder,,,,,,1,
outgoing,953,class_2943,_idef52bb351f838,matched,package_96/class_2943.as,2020,,,,2,"int, int"
outgoing,962,class_2352,_i7cb32d07b01cfe,matched,package_83/class_2352.as,619,,,,1,int
outgoing,963,UnkMessageComposer_3args_1e136a,_i1e136a9cb5d399,placeholder,,,,,,3,
outgoing,974,class_2678,_i49c187f28189ca,matched,package_39/class_2678.as,1199,,,,1,String
outgoing,982,class_2983,_ia6b0c0a7ea7024,matched,package_66/class_2983.as,1734,,,,1,int
outgoing,984,UnkMessageComposer_0args_8e4540,_i8e4540b23306ee,placeholder,,,,,,0,
outgoing,986,UnkMessageComposer_0args_69f783,_i69f7832adac48c,placeholder,,,,,,0,
outgoing,989,UnkMessageComposer_1args_554493,_i554493ea6e3661,placeholder,,,,,,1,
outgoing,991,class_3517,_i2fd6ecd56b59ed,matched,package_26/class_3517.as,3371,,,,3,"int, String, String"
outgoing,996,UnkMessageComposer_3args_c9dcc5,_ic9dcc5b7c1f3de,placeholder,,,,,,3,
outgoing,1009,UnkMessageComposer_1args_31de52,_i31de52d25b43de,placeholder,,,,,,1,
outgoing,1011,UnkMessageComposer_0args_abfc90,_iabfc904dc09eee,placeholder,,,,,,0,
outgoing,1017,class_3101,_i9bb0026b8e8f1e,matched,package_101/class_3101.as,3212,,,,4,"int, int, String, String"
outgoing,1044,class_2127,_i320f160dd05f45,matched,package_15/class_2127.as,3897,,,,3,"int, int, String"
outgoing,1049,class_2491,_ic39612f808607e,matched,package_122/class_2491.as,3000,,,,2,"int, int"
outgoing,1053,class_2823,_ib33ce9cf2a1c34,matched,package_163/class_2823.as,2924,,,,3,"int, int, String"
outgoing,1060,UnkMessageComposer_1args_643860,_i643860b2a2f5a4,placeholder,,,,,,1,
outgoing,1061,UnkMessageComposer_1args_5350dd,_i5350dd6737d4d5,placeholder,,,,,,1,
outgoing,1066,class_3369,_if3d6cb2d92f53a,matched,package_70/class_3369.as,2446,,,,3,"int, int, int"
outgoing,1070,class_2638,_i1d41947217e2e8,matched,package_101/class_2638.as,2314,,,,3,"int, int, int"
outgoing,1079,class_3123,_icab8ca277cd1d1,matched,package_142/class_3123.as,1101,,,,0,
outgoing,1110,UnkMessageComposer_0args_4e36d9,_i4e36d9ac411515,placeholder,,,,,,0,
outgoing,1112,UnkMessageComposer_0args_d6e4e5,_id6e4e5ed7732d2,placeholder,,,,,,0,
outgoing,1118,UnkMessageComposer_2args_f6b08d,_if6b08dd932b8a3,placeholder,,,,,,2,
outgoing,1119,UnkMessageComposer_0args_b53fc6,_ib53fc69bf50a2b,placeholder,,,,,,0,
outgoing,1124,UnkMessageComposer_0args_216d1c,_i216d1ce6a70035,placeholder,,,,,,0,
outgoing,1132,class_2550,_ieb62edca94a5e8,matched,com/sulake/habbo/communication/messages/outgoing/userdefinedroomevents/wiredmenu/class_2550.as,712,,,,0,
outgoing,1133,UnkMessageComposer_0args_5b94ad,_i5b94ad0d410410,placeholder,,,,,,0,
outgoing,1143,UnkMessageComposer_1args_287999,_i2879997623e0a9,placeholder,,,,,,1,
outgoing,1147,class_3066,_ifb690402b07e09,matched,package_8/class_3066.as,1779,,,,1,int
outgoing,1157,UnkMessageComposer_0args_199680,_i199680adb683cf,placeholder,,,,,,0,
outgoing,1160,UnkMessageComposer_1args_241f2a,_i241f2a71dc6d05,placeholder,,,,,,1,
outgoing,1162,UnkMessageComposer_1args_4c6322,_i4c63226fadd911,placeholder,,,,,,1,
outgoing,1166,UnkMessageComposer_3args_b79f99,_ib79f99d7c700a7,placeholder,,,,,,3,
outgoing,1167,UnkMessageComposer_1args_43f663,_i43f6637a747191,placeholder,,,,,,1,
outgoing,1170,UnkMessageComposer_1args_d5c0ee,_id5c0eee15394ff,placeholder,,,,,,1,
outgoing,1179,UnkMessageComposer_4args_645e3c,_i645e3c079f9dd6,placeholder,,,,,,4,
outgoing,1180,UnkMessageComposer_1args_48ff45,_i48ff4540498101,placeholder,,,,,,1,
outgoing,1188,UnkMessageComposer_0args_daee12,_idaee125ca566cc,placeholder,,,,,,0,
outgoing,1211,class_2097,_i5b2c25eb23f1c7,matched,package_62/class_2097.as,1259,,,,6,"int, int, int, int, Boolean, int"
outgoing,1218,UnkMessageComposer_0args_7e4884,_i7e48847e87b1ec,placeholder,,,,,,0,
outgoing,1230,UnkMessageComposer_2args_5ddae5,_i5ddae5b249cc8f,placeholder,,,,,,2,
outgoing,1243,UnkMessageComposer_0args_0d1a05,_i0d1a051d668283,placeholder,,,,,,0,
outgoing,1244,UnkMessageComposer_1args_149c94,_i149c940b38d6ab,placeholder,,,,,,1,
outgoing,1246,UnkMessageComposer_1args_a271d2,_ia271d2b3b31a5e,placeholder,,,,,,1,
outgoing,1248,UnkMessageComposer_4args_3fc7ca,_i3fc7caf549514e,placeholder,,,,,,4,
outgoing,1250,UnkMessageComposer_1args_198dc8,_i198dc87a94b54e,placeholder,,,,,,1,
outgoing,1255,class_3393,_iff9743ea9d37e8,matched,package_26/class_3393.as,209,,,,0,
outgoing,1266,UnkMessageComposer_1args_cd0b31,_icd0b312fa0b980,placeholder,,,,,,1,
outgoing,1267,class_2472,_i894d4d6a00b70e,matched,package_36/class_2472.as,2005,,,,7,"String, int, int, int, Array, String, String"
outgoing,1301,class_1917,_ie14551096efc1e,matched,package_8/class_1917.as,1739,,,,2,"int, int"
outgoing,1306,UnkMessageComposer_2args_353435,_i3534352cbe9bf6,placeholder,,,,,,2,
outgoing,1316,UnkMessageComposer_2args_2f7f53,_i2f7f5309ac5d95,placeholder,,,,,,2,
outgoing,1317,UnkMessageComposer_0args_536f63,_i536f63c716ef36,placeholder,,,,,,0,
outgoing,1318,class_2142,_ie1e47437f2c80c,matched,package_26/class_2142.as,1954,,,,3,"int, Boolean, Boolean"
outgoing,1338,class_3513,_i6c04e8214933d7,matched,package_63/class_3513.as,2531,,,,0,
outgoing,1345,UnkMessageComposer_1args_c7a0c3,_ic7a0c32ff5642b,placeholder,,,,,,1,
outgoing,1347,class_2656,_i9de6ed12f601a2,matched,package_26/class_2656.as,2060,,,,1,String
outgoing,1349,class_2290,_ia837533cd13326,matched,package_31/class_2290.as,2295,,,,1,int
outgoing,1354,class_3293,_i8d83ccfff3955d,matched,package_36/class_3293.as,2609,,,,1,int
outgoing,1355,class_2959,_iff6c0fdc6ea3c4,matched,package_184/class_2959.as,2995,,,,1,int
outgoing,1358,UnkMessageComposer_8args_6e707f,_i6e707fe66c1cf6,placeholder,,,,,,8,
outgoing,1363,class_3325,_i51de8ff8f724f6,matched,com/sulake/habbo/communication/messages/outgoing/quest/class_3325.as,2414,,,,0,
outgoing,1365,UnkMessageComposer_1args_b9c7ad,_ib9c7adb098da4a,placeholder,,,,,,1,
outgoing,1367,class_1814,_i20c3ca28e4a1e4,matched,package_16/class_1814.as,3684,,,,9,"int, int, String, String, String, int, int, int, Boolean"
outgoing,1375,UnkMessageComposer_2args_d12462,_id12462c0dbfe2d,placeholder,,,,,,2,
outgoing,1387,UnkMessageComposer_1args_63fdcf,_i63fdcfd7dda743,placeholder,,,,,,1,
outgoing,1397,UnkMessageComposer_2args_56c2e9,_i56c2e94c3339f7,placeholder,,,,,,2,
outgoing,1407,class_2704,_i58bae92fbd9cc4,matched,package_26/class_2704.as,1048,,,,0,
outgoing,1446,class_2483,_i5f43d8504747a3,matched,package_25/class_2483.as,1509,,,,1,int
outgoing,1448,UnkMessageComposer_1args_16b46c,_i16b46cb7122b10,placeholder,,,,,,1,
outgoing,1454,UnkMessageComposer_0args_b88ab9,_ib88ab973206df7,placeholder,,,,,,0,
outgoing,1458,UnkMessageComposer_7args_558888,_i558888606ccb6a,placeholder,,,,,,7,
outgoing,1464,UnkMessageComposer_1args_25b16c,_i25b16c52c60064,placeholder,,,,,,1,
outgoing,1473,class_1906,_i0bacd0970743ae,matched,package_3/class_1906.as,285,,,,3,"String, String, String"
outgoing,1487,UnkMessageComposer_1args_119583,_i1195833e7b07dc,placeholder,,,,,,1,
outgoing,1489,UnkMessageComposer_1args_897c73,_i897c73ba5e3772,placeholder,,,,,,1,
outgoing,1500,UnkMessageComposer_5args_aeffca,_iaeffcadf896430,placeholder,,,,,,5,
outgoing,1503,UnkMessageComposer_2args_d34f33,_id34f337efc6435,placeholder,,,,,,2,
outgoing,1508,UnkMessageComposer_2args_7fc65c,_i7fc65cf3ba69f7,placeholder,,,,,,2,
outgoing,1509,UnkMessageComposer_1args_dbfc64,_idbfc64837a0ec4,placeholder,,,,,,1,
outgoing,1527,UnkInterface_3a0f00,_i3a0f00330d0f8a,placeholder,,,,,,0,
outgoing,1529,class_3171,_id15ef5b6055a58,matched,com/sulake/habbo/communication/messages/outgoing/inventory/trading/class_3171.as,3076,,,,1,Vector.<int>
outgoing,1542,UnkMessageComposer_2args_83882f,_i83882ffc49bb0d,placeholder,,,,,,2,
outgoing,1545,class_3729,_i549f2779a06aa8,matched,package_16/class_3729.as,400,,,,0,
outgoing,1560,UnkMessageComposer_1args_d98c80,_id98c8041b57695,placeholder,,,,,,1,
outgoing,1562,UnkMessageComposer_1args_d0e50c,_id0e50c04990840,placeholder,,,,,,1,
outgoing,1564,UnkMessageComposer_0args_8035f3,_i8035f340016615,placeholder,,,,,,0,
outgoing,1574,class_2154,_i516ef888fd5b57,matched,package_70/class_2154.as,742,,,,5,"String, String, String, String, int"
outgoing,1584,UnkMessageComposer_4args_0a24f7,_i0a24f78b563654,placeholder,,,,,,4,
outgoing,1585,UnkMessageComposer_0args_a0cb16,_ia0cb16b5bb16d1,placeholder,,,,,,0,
outgoing,1587,UnkMessageComposer_3args_39ec6e,_i39ec6ea3d05a02,placeholder,,,,,,3,
outgoing,1606,UnkMessageComposer_0args_dceb00,_idceb00bbba29ab,placeholder,,,,,,0,
outgoing,1610,UnkMessageComposer_0args_03a745,_i03a745a4cafcd1,placeholder,,,,,,0,
outgoing,1611,UnkMessageComposer_1args_2d7b64,_i2d7b643b6837b1,placeholder,,,,,,1,
outgoing,1613,UnkMessageComposer_0args_1e2f08,_i1e2f088e7f8248,placeholder,,,,,,0,
outgoing,1615,UnkMessageComposer_0args_6a30e7,_i6a30e753af0e10,placeholder,,,,,,0,
outgoing,1632,UnkMessageComposer_0args_674066,_i6740669a906427,placeholder,,,,,,0,
outgoing,1637,class_2028,_i40952933f199cc,matched,package_25/class_2028.as,3361,,,,0,
outgoing,1638,UnkMessageComposer_0args_ba0555,_iba0555195a66cf,placeholder,,,,,,0,
outgoing,1642,UnkMessageComposer_1args_fec17d,_ifec17d30d39976,placeholder,,,,,,1,
outgoing,1645,UnkMessageComposer_2args_005f5c,_i005f5c7f12e414,placeholder,,,,,,2,
outgoing,1656,UnkMessageComposer_1args_75bee1,_i75bee1e5164159,placeholder,,,,,,1,
outgoing,1665,UnkMessageComposer_0args_591c5f,_i591c5f10fa34d3,placeholder,,,,,,0,
outgoing,1670,class_3002,_i176476b4c93914,matched,com/sulake/habbo/communication/messages/outgoing/quest/class_3002.as,1942,,,,0,
outgoing,1672,class_2922,_id3ca6e96fb5cb2,matched,com/sulake/habbo/communication/messages/outgoing/quest/class_2922.as,1423,,,,1,String
outgoing,1677,UnkMessageComposer_0args_6c0568,_i6c05689a74a374,placeholder,,,,,,0,
outgoing,1686,UnkMessageComposer_1args_9e3ff8,_i9e3ff8d34a8e36,placeholder,,,,,,1,
outgoing,1688,UnkMessageComposer_1args_40b48b,_i40b48b3aaac8f3,placeholder,,,,,,1,
outgoing,1705,UnkMessageComposer_2args_8704fc,_i8704fcb55b80b0,placeholder,,,,,,2,
outgoing,1720,UnkMessageComposer_1args_b772df,_ib772df94818969,placeholder,,,,,,1,
outgoing,1725,class_3022,_i172feca0df7fb1,matched,package_26/class_3022.as,3241,,,,2,"int, int"
outgoing,1731,UnkMessageComposer_0args_c4056f,_ic4056f39ab9d5a,placeholder,,,,,,0,
outgoing,1733,UnkMessageComposer_4args_66016d,_i66016d8353be37,placeholder,,,,,,4,
outgoing,1735,class_2293,_idc6ac4c1b9aa02,matched,package_80/class_2293.as,3645,,,,1,int
outgoing,1737,UnkMessageComposer_1args_f2cae5,_if2cae551890679,placeholder,,,,,,1,
outgoing,1741,class_2437,_i303a4dae2d2a9a,matched,package_16/class_2437.as,1652,,,,0,
outgoing,1751,UnkMessageComposer_7args_30b02d,_i30b02d832f72c5,placeholder,,,,,,7,
outgoing,1762,UnkMessageComposer_0args_de44a8,_ide44a8541ccc2e,placeholder,,,,,,0,
outgoing,1765,class_1916,_ibb749a80c96f3c,matched,package_16/class_1916.as,900,,,,7,"int, int, String, int"
outgoing,1766,UnkMessageComposer_1args_9b16f6,_i9b16f6efcf0c1c,placeholder,,,,,,1,
outgoing,1767,UnkMessageComposer_0args_8e4d2a,_i8e4d2a9ee39ff7,placeholder,,,,,,0,
outgoing,1774,class_2592,_i58134011e0869b,matched,package_25/class_2592.as,1872,,,,1,int
outgoing,1780,Game2GetAccountGameStatusMessageComposer,_i5dd11c8c1c20f0,matched,package_63/Game2GetAccountGameStatusMessageComposer.as,1717,,,,1,int
outgoing,1786,class_2059,_ida1321bb83645a,matched,package_16/class_2059.as,2108,,,,1,int
outgoing,1794,class_3621,_i2d307f770cda47,matched,com/sulake/habbo/communication/messages/outgoing/quest/class_3621.as,1732,,,,0,
outgoing,1815,class_3189,_i6aa81c6531f434,matched,package_26/class_3189.as,1069,,,,0,
outgoing,1816,class_3754,_idfd43e03d67b49,matched,package_25/class_3754.as,773,,,,0,
outgoing,1817,class_3503,_i2684a10ba70286,matched,package_130/class_3503.as,322,,,,4,"int, String, String, String"
outgoing,1820,class_3667,_i19cc0bbaf51bb3,matched,package_94/class_3667.as,3325,,,,2,"int, int"
outgoing,1823,UnkMessageComposer_1args_0c6eab,_i0c6eab3864085a,placeholder,,,,,,1,
outgoing,1849,UnkMessageComposer_1args_ac32b5,_iac32b57cb47aaf,placeholder,,,,,,1,
outgoing,1857,class_2660,_ied320fb3c7fd86,matched,package_13/class_2660.as,3340,,,,1,String
outgoing,1863,class_2702,_i10dded797945c7,matched,package_70/class_2702.as,3843,,,,11,"int, String, String, String, String, Boolean, int, int, int, int, int"
outgoing,1868,UnkMessageComposer_5args_024537,_i024537317bf672,placeholder,,,,,,5,
outgoing,1874,UnkMessageComposer_2args_a82291,_ia82291dd3a385b,placeholder,,,,,,2,
outgoing,1895,UnkMessageComposer_1args_a34226,_ia34226ef4c8e50,placeholder,,,,,,1,
outgoing,1901,UnkMessageComposer_0args_ea321a,_iea321aa930506c,placeholder,,,,,,0,
outgoing,1902,UnkMessageComposer_2args_4a93ef,_i4a93efd1b68d0b,placeholder,,,,,,2,
outgoing,1904,UnkMessageComposer_1args_3b1131,_i3b11312e23bcb5,placeholder,,,,,,1,
outgoing,1915,UnkMessageComposer_5args_cb1434,_icb14348d6e5af0,placeholder,,,,,,5,
outgoing,1917,UnkMessageComposer_1args_6c3581,_i6c3581b43177e9,placeholder,,,,,,1,
outgoing,1918,UnkMessageComposer_3args_f09c5a,_if09c5ad91a1823,placeholder,,,,,,3,
outgoing,1934,class_1968,_i9883ae17629e02,matched,package_25/class_1968.as,117,,,,1,int
outgoing,1943,UnkMessageComposer_1args_9fa391,_i9fa39129a040f7,placeholder,,,,,,1,
outgoing,1944,class_3850,_i1c5ed67d831252,matched,package_26/class_3850.as,2893,,,,1,int
outgoing,1947,UnkMessageComposer_1args_258b76,_i258b76dd182e43,placeholder,,,,,,1,
outgoing,1957,class_3289,_iacd58d0d88b872,matched,com/sulake/habbo/communication/messages/outgoing/userdefinedroomevents/wiredmenu/class_3289.as,3141,,,,0,
outgoing,1961,UnkMessageComposer_1args_1d2021,_i1d202138ce76cd,placeholder,,,,,,1,
outgoing,1963,UnkMessageComposer_1args_408b01,_i408b01f630b2e2,placeholder,,,,,,1,
outgoing,1968,UnkMessageComposer_4args_a6a9b2,_ia6a9b233f8d42d,placeholder,,,,,,4,
outgoing,1969,UnkMessageComposer_2args_703229,_i703229ab5f3c3c,placeholder,,,,,,2,
outgoing,1973,UnkMessageComposer_3args_a7c295,_ia7c2952eebca15,placeholder,,,,,,3,
outgoing,1977,UnkMessageComposer_2args_40e657,_i40e6572ee8180d,placeholder,,,,,,2,
outgoing,1982,class_2576,_ibf4d6b42857ac3,matched,package_101/class_2576.as,3280,,,,5,"int, int, int, int, int"
outgoing,2012,UnkMessageComposer_1args_38e25d,_i38e25d5014ab83,placeholder,,,,,,1,
outgoing,2015,UnkMessageComposer_1args_51aaaf,_i51aaafbed7ebd3,placeholder,,,,,,1,
outgoing,2018,UnkMessageComposer_1args_8f6157,_i8f615776c95622,placeholder,,,,,,1,
outgoing,2024,class_3219,_i28262cf03f6003,matched,package_26/class_3219.as,1108,,,,0,
outgoing,2029,UnkMessageComposer_1args_7b79c2,_i7b79c2a8da9f97,placeholder,,,,,,1,
outgoing,2038,UnkMessageComposer_2args_6a0b5b,_i6a0b5b598ec292,placeholder,,,,,,2,
outgoing,2041,class_3057,_id700d3804bea17,matched,package_94/class_3057.as,3017,,,,9,"int, String, String, Boolean, Boolean, int, int, int, Boolean"
outgoing,2046,Game2GetWeeklyFriendsLeaderboardComposer,_iaeeda4a1f12d4a,matched,package_89/Game2GetWeeklyFriendsLeaderboardComposer.as,2445,,,,6,"int, int, int, int, int, int"
outgoing,2053,class_2393,_i111fa859750bc2,matched,package_26/class_2393.as,3812,,,,1,String
outgoing,2059,UnkMessageComposer_1args_b86093,_ib86093a06ccce0,placeholder,,,,,,1,
outgoing,2064,UnkMessageComposer_1args_4ef6b0,_i4ef6b032f45ef6,placeholder,,,,,,1,
outgoing,2066,UnkMessageComposer_1args_d74f2e,_id74f2e4882fbcb,placeholder,,,,,,1,
outgoing,2068,UnkMessageComposer_1args_0dc938,_i0dc938c014aed7,placeholder,,,,,,1,
outgoing,2069,UnkMessageComposer_1args_9b8b50,_i9b8b50b47a24b1,placeholder,,,,,,1,
outgoing,2083,UnkMessageComposer_1args_a7fac5,_ia7fac5e913f81f,placeholder,,,,,,1,
outgoing,2095,class_2683,_ia94ac43be4b1ac,matched,package_152/class_2683.as,2944,,,,3,"int, String, String"
outgoing,2103,UnkMessageComposer_6args_60e6b3,_i60e6b3515ace27,placeholder,,,,,,6,
outgoing,2107,UnkMessageComposer_5args_b5af5c,_ib5af5c68bb04e7,placeholder,,,,,,5,
outgoing,2128,UnkMessageComposer_0args_21ea3c,_i21ea3c3b179e73,placeholder,,,,,,0,
outgoing,2132,UnkMessageComposer_0args_8f3e95,_i8f3e95ae3d4c7d,placeholder,,,,,,0,
outgoing,2134,UnkMessageComposer_1args_395056,_i395056e4b5a800,placeholder,,,,,,1,
outgoing,2137,class_1959,_if635b6d25e2848,matched,package_47/class_1959.as,3031,,,,3,"int, String, int"
outgoing,2151,UnkMessageComposer_1args_c73ebf,_ic73ebf6b748666,placeholder,,,,,,1,
outgoing,2170,UnkMessageComposer_9args_0904d6,_i0904d659df733d,placeholder,,,,,,9,
outgoing,2177,UnkMessageComposer_3args_69d2f5,_i69d2f563614870,placeholder,,,,,,3,
outgoing,2181,class_2078,_id2c0b3a6962819,matched,package_63/class_2078.as,3103,,,,1,String
outgoing,2183,class_3207,_i87064d5a1f4f00,matched,package_8/class_3207.as,808,,,,0,
outgoing,2184,UnkMessageComposer_0args_16c8d7,_i16c8d7b2a33039,placeholder,,,,,,0,
outgoing,2189,UnkMessageComposer_1args_4f047f,_i4f047f2557116b,placeholder,,,,,,1,
outgoing,2190,class_3278,_icc0884762c926f,matched,package_130/class_3278.as,1338,,,,6,"int, int, String, int, Boolean, int"
outgoing,2193,UnkMessageComposer_0args_df297a,_idf297adeaf6432,placeholder,,,,,,0,
outgoing,2208,UnkMessageComposer_5args_7d4374,_i7d43746c1cd8c8,placeholder,,,,,,5,
outgoing,2209,UnkMessageComposer_2args_9ca163,_i9ca1638af6efb8,placeholder,,,,,,2,
outgoing,2213,class_2596,_ie1047121510b39,matched,package_142/class_2596.as,3153,,,,1,String
outgoing,2225,class_2215,_id3e8d38c12f623,matched,package_61/class_2215.as,2949,,,,0,
outgoing,2231,class_2787,_i153366067fccfc,matched,package_153/class_2787.as,2784,,,,3,"int, Boolean, String"
outgoing,2232,UnkMessageComposer_0args_ff3ab2,_iff3ab266e03e68,placeholder,,,,,,0,
outgoing,2234,UnkMessageComposer_1args_1f682e,_i1f682e97fee556,placeholder,,,,,,1,
outgoing,2269,UnkMessageComposer_0args_590efe,_i590efe792305dc,placeholder,,,,,,0,
outgoing,2276,UnkMessageComposer_6args_826cee,_i826cee1cafa171,placeholder,,,,,,6,
outgoing,2288,class_2755,_i499233386e0ca0,matched,package_25/class_2755.as,2093,,,,1,int
outgoing,2293,UnkMessageComposer_4args_67b371,_i67b3718f8d8fe2,placeholder,,,,,,4,
outgoing,2297,UnkMessageComposer_4args_0a423a,_i0a423addb7de1c,placeholder,,,,,,4,
outgoing,2305,UnkMessageComposer_1args_359cdf,_i359cdfd5b9508a,placeholder,,,,,,1,
outgoing,2314,class_2552,_i3f015a31ca62f9,matched,package_26/class_2552.as,2463,,,,3,"int, String, int"
outgoing,2315,class_3710,_i276eaa14bc739b,matched,package_80/class_3710.as,281,,,,0,
outgoing,2321,class_2402,_icf670888c8f505,matched,package_16/class_2402.as,3615,,,,0,
outgoing,2322,class_2520,_i3c02d970ba0941,matched,package_94/class_2520.as,167,,,,1,int
outgoing,2325,UnkMessageComposer_0args_38fbd8,_i38fbd8de4844ea,placeholder,,,,,,0,
outgoing,2330,UnkMessageComposer_0args_258e60,_i258e60b63fd68d,placeholder,,,,,,0,
outgoing,2331,UnkMessageComposer_1args_74bcb1,_i74bcb14398be73,placeholder,,,,,,1,
outgoing,2335,UnkMessageComposer_1args_7007e8,_i7007e88b3530c9,placeholder,,,,,,1,
outgoing,2341,UnkMessageComposer_2args_555ac0,_i555ac0097e7881,placeholder,,,,,,2,
outgoing,2346,class_2806,_ic66fd215d7f8f5,matched,package_140/class_2806.as,3079,,,,2,"String, String"
outgoing,2347,class_3418,_i93d2a7278197fb,matched,package_26/class_3418.as,2001,,,,0,
outgoing,2362,UnkMessageComposer_1args_f95bde,_if95bdecb9283fe,placeholder,,,,,,1,
outgoing,2367,class_1847,_i15407411d2e6fe,matched,package_31/class_1847.as,767,,,,0,
outgoing,2371,UnkMessageComposer_0args_457c98,_i457c9897429adb,placeholder,,,,,,0,
outgoing,2372,class_2182,_ic5f96377243aa5,matched,package_72/class_2182.as,3626,,,,0,
outgoing,2378,UnkMessageComposer_1args_1bfda9,_i1bfda9f3049c99,placeholder,,,,,,1,
outgoing,2381,UnkMessageComposer_5args_d175ed,_id175ed44ce8bea,placeholder,,,,,,5,
outgoing,2384,UnkMessageComposer_2args_99629c,_i99629c68f7a80e,placeholder,,,,,,2,
outgoing,2386,UnkMessageComposer_3args_edffb9,_iedffb9898d210d,placeholder,,,,,,3,
outgoing,2394,UnkMessageComposer_1args_94bac7,_i94bac7601f451c,placeholder,,,,,,1,
outgoing,2413,UnkMessageComposer_2args_501038,_i501038fc0f426f,placeholder,,,,,,2,
outgoing,2419,UnkMessageComposer_2args_f46dd3,_if46dd33bded642,placeholder,,,,,,2,
outgoing,2459,UnkMessageComposer_1args_5a0637,_i5a0637cc0c06ce,placeholder,,,,,,1,
outgoing,2462,UnkMessageComposer_1args_377c09,_i377c09cb08439d,placeholder,,,,,,1,
outgoing,2467,UnkMessageComposer_1args_28dbab,_i28dbaba3435a60,placeholder,,,,,,1,
outgoing,2468,class_2738,_i93c8b5bb30d532,matched,package_25/class_2738.as,982,,,,0,
outgoing,2470,class_2868,_i40c8cbe3cea2be,matched,package_16/class_2868.as,2864,,,,0,
outgoing,2482,UnkMessageComposer_0args_5cbd2b,_i5cbd2b4196a1c0,placeholder,,,,,,0,
outgoing,2487,class_3610,_ie8fe5ed3e859b5,matched,package_26/class_3610.as,3946,,,,2,"String, int"
outgoing,2489,Game2GetWeeklyLeaderboardComposer,_ia98d618ecbd059,matched,package_89/Game2GetWeeklyLeaderboardComposer.as,2993,,,,6,"int, int, int, int, int, int"
outgoing,2494,UnkMessageComposer_2args_795930,_i79593064f96e0f,placeholder,,,,,,2,
outgoing,2514,UnkMessageComposer_4args_eb224a,_ieb224a67b9cea6,placeholder,,,,,,4,
outgoing,2520,class_1992,_ic2244ed1484893,matched,package_16/class_1992.as,2649,,,,7,"int, int, String, int, int, int, Boolean"
outgoing,2530,UnkMessageComposer_1args_366b24,_i366b245dd73fdf,placeholder,,,,,,1,
outgoing,2542,class_2622,_i3ec53e560b62e3,matched,package_16/class_2622.as,3952,,,,1,String
outgoing,2552,UnkMessageComposer_4args_263d98,_i263d9886677b96,placeholder,,,,,,4,
outgoing,2555,UnkMessageComposer_3args_b652a2,_ib652a2a837b978,placeholder,,,,,,3,
outgoing,2571,UnkMessageComposer_1args_01e867,_i01e8673c5d0d4e,placeholder,,,,,,1,
outgoing,2577,UnkMessageComposer_1args_e95634,_ie95634b0bf54c2,placeholder,,,,,,1,
outgoing,2600,class_3851,_i469f4bbfad3d9a,matched,package_8/class_3851.as,2792,,,,1,String
outgoing,2603,UnkMessageComposer_1args_2a0f86,_i2a0f86a73b0c16,placeholder,,,,,,1,
outgoing,2610,class_3766,_i9952afc71ecd6a,matched,package_13/class_3766.as,917,,,,1,String
outgoing,2614,UnkMessageComposer_1args_10fe46,_i10fe46a4b278f3,placeholder,,,,,,1,
outgoing,2617,class_2521,_i95c95556db026d,matched,package_129/class_2521.as,1762,,,,1,int
outgoing,2622,UnkMessageComposer_1args_c0fc28,_ic0fc284a263b4f,placeholder,,,,,,1,
outgoing,2628,UnkMessageComposer_1args_9c6de6,_i9c6de6db05d388,placeholder,,,,,,1,
outgoing,2630,UnkMessageComposer_1args_2857d9,_i2857d96bae427d,placeholder,,,,,,1,
outgoing,2637,UnkMessageComposer_1args_7db185,_i7db185761b39e1,placeholder,,,,,,1,
outgoing,2655,UnkMessageComposer_8args_8f7de2,_i8f7de2cb7af146,placeholder,,,,,,8,
outgoing,2661,UnkMessageComposer_1args_b71115,_ib71115acb7b3bb,placeholder,,,,,,1,
outgoing,2672,UnkMessageComposer_1args_32ef05,_i32ef0592c0130c,placeholder,,,,,,1,
outgoing,2673,class_3256,_if7f38fb896c556,matched,package_26/class_3256.as,1715,,,,1,int
outgoing,2679,class_1914,_id5f24a593101e5,matched,package_40/class_1914.as,3757,,,,1,int
outgoing,2689,class_3672,_i0b07d9a48f16c4,matched,package_142/class_3672.as,1329,,,,1,String
outgoing,2696,class_3524,_ida3a00c54d0b9a,matched,package_8/class_3524.as,806,,,,1,String
outgoing,2709,UnkMessageComposer_4args_b2c61f,_ib2c61fc0e0aecc,placeholder,,,,,,4,
outgoing,2725,UnkMessageComposer_2args_d5cf77,_id5cf77d7d34d55,placeholder,,,,,,2,
outgoing,2730,class_2213,_i1de01be4adceb5,matched,package_76/class_2213.as,2004,,,,3,"String, int, int"
outgoing,2734,UnkMessageComposer_1args_642b73,_i642b73d3185b8f,placeholder,,,,,,1,
outgoing,2735,class_2804,_ifc7105c16041b8,matched,package_25/class_2804.as,1933,,,,4,"int, int, String, int"
outgoing,2736,class_2993,_ie58c634a539e01,matched,package_188/class_2993.as,3313,,,,1,Array
outgoing,2737,class_2551,_i4972e10d1dc3b2,matched,package_47/class_2551.as,3929,,,,0,
outgoing,2747,class_2433,_i3a572da23dd3d6,matched,package_25/class_2433.as,3145,,,,6,"String, String, int, int, int, Array"
outgoing,2749,class_2579,_ia54f60450c9bf1,matched,package_26/class_2579.as,94,,,,2,"String, String"
outgoing,2751,UnkMessageComposer_0args_5d4c85,_i5d4c8592e4af12,placeholder,,,,,,0,
outgoing,2768,class_2748,_i3c3e363d479c82,matched,package_55/class_2748.as,708,,,,0,
outgoing,2788,UnkMessageComposer_0args_564035,_i5640350515a481,placeholder,,,,,,0,
outgoing,2799,UnkMessageComposer_3args_50dade,_i50dadeb8467fa3,placeholder,,,,,,3,
outgoing,2805,UnkMessageComposer_3args_166ebe,_i166ebeb6f1a42b,placeholder,,,,,,3,
outgoing,2810,class_3773,_iff8249d1c3f58b,matched,package_70/class_3773.as,174,,,,1,int
outgoing,2813,UnkMessageComposer_3args_6b253e,_i6b253e2d925f0c,placeholder,,,,,,3,
outgoing,2839,UnkMessageComposer_0args_ec9d12,_iec9d12f8b70e1c,placeholder,,,,,,0,
outgoing,2841,UnkMessageComposer_0args_e4a895,_ie4a895b3b8acb3,placeholder,,,,,,0,
outgoing,2842,UnkMessageComposer_0args_9b50c0,_i9b50c0a2664562,placeholder,,,,,,0,
outgoing,2850,Game2GetWeeklyGroupLeaderboardComposer,_ie562585d80a083,matched,package_89/Game2GetWeeklyGroupLeaderboardComposer.as,3278,,,,6,"int, int, int, int, int, int"
outgoing,2864,class_2108,_ib54084573c6655,matched,package_16/class_2108.as,1676,,,,4,"int, int, int, String, Boolean, String, int"
outgoing,2869,UnkMessageComposer_1args_09ed2f,_i09ed2f481bee78,placeholder,,,,,,1,
outgoing,2873,UnkMessageComposer_2args_7e7c59,_i7e7c592b72dcca,placeholder,,,,,,2,
outgoing,2877,UnkMessageComposer_1args_edbb78,_iedbb78e14cd78e,placeholder,,,,,,1,
outgoing,2887,UnkMessageComposer_0args_6f5e4e,_i6f5e4e71f90a9f,placeholder,,,,,,0,
outgoing,2888,UnkMessageComposer_0args_52e774,_i52e7741545d912,placeholder,,,,,,0,
outgoing,2901,UnkMessageComposer_1args_d39a1c,_id39a1c669a8146,placeholder,,,,,,1,
outgoing,2902,class_3508,_ic6e7fb9dd87740,matched,package_13/class_3508.as,792,,,,1,String
outgoing,2903,class_3183,_i2ea6a714468f41,matched,package_121/class_3183.as,1247,,,,2,"String, Boolean"
outgoing,2909,UnkMessageComposer_8args_d32620,_id32620b36e94c1,placeholder,,,,,,8,
outgoing,2917,class_2537,_i541847de7ebf79,matched,package_26/class_2537.as,1428,,,,1,int
outgoing,2921,UnkMessageComposer_0args_b9e29b,_ib9e29bb5d8d15c,placeholder,,,,,,0,
outgoing,2923,UnkMessageComposer_0args_79f02c,_i79f02c7108c183,placeholder,,,,,,0,
outgoing,2940,UnkMessageComposer_2args_a047a4,_ia047a48fe961a2,placeholder,,,,,,2,
outgoing,2941,UnkMessageComposer_0args_50278e,_i50278e3bde524f,placeholder,,,,,,0,
outgoing,2942,UnkMessageComposer_1args_124c19,_i124c19d85b1fd0,placeholder,,,,,,1,
outgoing,2950,UnkMessageComposer_4args_7274f8,_i7274f8467d765d,placeholder,,,,,,4,
outgoing,2968,UnkMessageComposer_2args_2f1a3e,_i2f1a3ef69779ad,placeholder,,,,,,2,
outgoing,2972,class_2373,_i8fca3f51a5f57a,matched,package_94/class_2373.as,369,,,,3,"int, ChestItemType, int"
outgoing,2987,UnkMessageComposer_1args_f2374f,_if2374ffb1f6bf4,placeholder,,,,,,1,
outgoing,3008,UnkMessageComposer_3args_6467d8,_i6467d87e5ba4d8,placeholder,,,,,,3,
outgoing,3009,UnkMessageComposer_1args_1e382b,_i1e382bf8b33232,placeholder,,,,,,1,
outgoing,3014,UnkMessageComposer_1args_717f6e,_i717f6ebaa10ac2,placeholder,,,,,,1,
outgoing,3015,class_2690,_iea06b44be4f89a,matched,package_153/class_2690.as,1703,,,,3,"int, int, int"
outgoing,3023,UnkMessageComposer_1args_933fbf,_i933fbff4e3f319,placeholder,,,,,,1,
outgoing,3024,class_3152,_ie0bcf3981c4590,matched,package_26/class_3152.as,2843,,,,1,int
outgoing,3027,UnkMessageComposer_1args_cf4364,_icf4364c12405b9,placeholder,,,,,,1,
outgoing,3034,UnkMessageComposer_1args_9aee4c,_i9aee4cde0d1471,placeholder,,,,,,1,
outgoing,3037,UnkMessageComposer_1args_8947c2,_i8947c23c0697ea,placeholder,,,,,,1,
outgoing,3045,class_3197,_i76ab2c8b2abfa5,matched,package_122/class_3197.as,3291,,,,1,int
outgoing,3047,UnkMessageComposer_1args_fe672a,_ife672a4e8f8bec,placeholder,,,,,,1,
outgoing,3061,UnkMessageComposer_0args_c38a5f,_ic38a5f77138194,placeholder,,,,,,0,
outgoing,3071,UnkMessageComposer_1args_9760cc,_i9760cc7dd0ca3a,placeholder,,,,,,1,
outgoing,3072,UnkMessageComposer_1args_6c9431,_i6c943197aa0b8c,placeholder,,,,,,1,
outgoing,3074,UnkMessageComposer_2args_dc4eba,_idc4ebaaeb6fc2f,placeholder,,,,,,2,
outgoing,3077,UnkMessageComposer_0args_104bce,_i104bceecbdd90f,placeholder,,,,,,0,
outgoing,3078,class_2598,_i4640617aeeb3e0,matched,package_91/class_2598.as,2804,,,,1,Number
outgoing,3079,class_2888,_i99c3db34c2bde1,matched,package_176/class_2888.as,19,,,,2,"String, String"
outgoing,3085,UnkMessageComposer_1args_38d883,_i38d88376f52afe,placeholder,,,,,,1,
outgoing,3092,UnkMessageComposer_2args_7be3e6,_i7be3e6378eefce,placeholder,,,,,,2,
outgoing,3100,UnkMessageComposer_1args_0f924b,_i0f924b52b1ddcb,placeholder,,,,,,1,
outgoing,3108,class_3239,_i0457b11bad2e73,matched,package_3/class_3239.as,2239,,,,1,String
outgoing,3112,UnkMessageComposer_2args_88712c,_i88712c8d45f638,placeholder,,,,,,2,
outgoing,3113,UnkMessageComposer_1args_d7b33c,_id7b33cdbc2ea0d,placeholder,,,,,,1,
outgoing,3117,class_3326,_i7ffaea7ce81ce5,matched,package_36/class_3326.as,3323,,,,2,"int, String"
outgoing,3120,UnkMessageComposer_1args_d020d8,_id020d8d4e9af94,placeholder,,,,,,1,
outgoing,3127,UnkMessageComposer_1args_4ee8fc,_i4ee8fc56f28855,placeholder,,,,,,1,
outgoing,3142,UnkMessageComposer_8args_351508,_i351508ea93ba1a,placeholder,,,,,,8,
outgoing,3149,UnkMessageComposer_2args_f914b3,_if914b3161943a3,placeholder,,,,,,2,
outgoing,3157,UnkMessageComposer_0args_ffad2b,_iffad2b6e0bfc9b,placeholder,,,,,,0,
outgoing,3160,class_2438,_ica6842743080e2,matched,package_83/class_2438.as,787,,,,4,"int, Boolean, Boolean, Boolean"
outgoing,3166,class_3823,_if3d945eac95bd2,matched,com/sulake/habbo/communication/messages/outgoing/userdefinedroomevents/class_3823.as,2019,,,,1,int
outgoing,3175,UnkMessageComposer_1args_18a3be,_i18a3bec9bb8eea,placeholder,,,,,,1,
outgoing,3178,class_2011,_i0be7dd9566680f,matched,package_55/class_2011.as,301,,,,0,
outgoing,3189,UnkMessageComposer_0args_b141ad,_ib141ad27f9cd59,placeholder,,,,,,0,
outgoing,3200,class_3366,_ic5cd4b46479178,matched,package_121/class_3366.as,1014,,,,0,
outgoing,3206,GetUserNftWardrobeMessageComposer,_i05e2bf25b0974b,matched,package_34/GetUserNftWardrobeMessageComposer.as,276,,,,0,
outgoing,3212,UnkMessageComposer_1args_aaec2d,_iaaec2d157986c1,placeholder,,,,,,1,
outgoing,3215,UnkMessageComposer_2args_a5d395,_ia5d39536ded6bc,placeholder,,,,,,2,
outgoing,3225,UnkMessageComposer_2args_99974c,_i99974c3a76c03d,placeholder,,,,,,2,
outgoing,3230,UnkMessageComposer_0args_2ab1df,_i2ab1df6991b4d0,placeholder,,,,,,0,
outgoing,3242,class_3140,_i683ccdfe6a0863,matched,package_15/class_3140.as,2796,,,,0,
outgoing,3248,UnkMessageComposer_1args_c25925,_ic25925ab3f16cf,placeholder,,,,,,1,
outgoing,3249,UnkMessageComposer_0args_d8a83c,_id8a83c8e155fd7,placeholder,,,,,,0,
outgoing,3257,UnkMessageComposer_1args_8f295e,_i8f295e4bca1993,placeholder,,,,,,1,
outgoing,3273,class_2928,_i791c5625aba659,matched,package_76/class_2928.as,3841,,,,2,"String, int"
outgoing,3276,UnkMessageComposer_0args_c0905c,_ic0905c4104eb87,placeholder,,,,,,0,
outgoing,3285,class_3327,_i63ed097d6c2af1,matched,com/sulake/habbo/communication/messages/outgoing/userdefinedroomevents/wiredmenu/class_3327.as,2030,,,,1,Boolean
outgoing,3293,UnkMessageComposer_0args_86ce82,_i86ce8246ea4c2b,placeholder,,,,,,0,
outgoing,3299,UnkMessageComposer_0args_5d30c5,_i5d30c520badf2b,placeholder,,,,,,0,
outgoing,3326,class_3107,_ib59b2112f0b82a,matched,com/sulake/habbo/communication/messages/outgoing/inventory/trading/class_3107.as,567,,,,1,int
outgoing,3331,class_1995,_i34f48f6b26b117,matched,package_10/class_1995.as,2490,,,,1,int
outgoing,3332,UnkMessageComposer_1args_3e8d23,_i3e8d2318872e79,placeholder,,,,,,1,
outgoing,3343,class_3185,_i3e1d0dddfe0743,matched,package_26/class_3185.as,2878,,,,0,
outgoing,3347,class_3258,_ib058384eff53f4,matched,package_82/class_3258.as,1596,,,,1,int
outgoing,3351,class_3109,_i9cb04933339b0a,matched,package_83/class_3109.as,592,,,,3,"int, String, String"
outgoing,3352,UnkMessageComposer_1args_568437,_i5684371a7646fd,placeholder,,,,,,1,
outgoing,3358,UnkMessageComposer_0args_bd9689,_ibd9689174107e7,placeholder,,,,,,0,
outgoing,3361,UnkMessageComposer_1args_845dac,_i845dac8fb8244e,placeholder,,,,,,1,
outgoing,3375,UnkMessageComposer_3args_361537,_i36153760447fe6,placeholder,,,,,,3,
outgoing,3381,UnkMessageComposer_1args_08ea7a,_i08ea7a9f9bb449,placeholder,,,,,,1,
outgoing,3406,UnkMessageComposer_1args_51137a,_i51137a269b2e9f,placeholder,,,,,,1,
outgoing,3408,UnkMessageComposer_1args_35156d,_i35156ddcc38f98,placeholder,,,,,,1,
outgoing,3411,UnkMessageComposer_0args_f24fdc,_if24fdc485aeaf9,placeholder,,,,,,0,
outgoing,3412,Game2GameChatMessageComposer,_i8a27c2a719f439,matched,package_190/Game2GameChatMessageComposer.as,3856,,,,1,String
outgoing,3417,UnkMessageComposer_4args_9b2115,_i9b211549994061,placeholder,,,,,,4,
outgoing,3418,UnkMessageComposer_1args_e28d2d,_ie28d2ddaf2a468,placeholder,,,,,,1,
outgoing,3426,UnkMessageComposer_2args_d08ec3,_id08ec37bc0c190,placeholder,,,,,,2,
outgoing,3435,UnkMessageComposer_2args_bfcc88,_ibfcc88bd37e593,placeholder,,,,,,2,
outgoing,3445,UnkMessageComposer_6args_0c6cfe,_i0c6cfe2f5218c7,placeholder,,,,,,6,
outgoing,3448,UnkMessageComposer_1args_4e4d0b,_i4e4d0b0146aede,placeholder,,,,,,1,
outgoing,3461,UnkMessageComposer_0args_9606fa,_i9606fa8e9670ab,placeholder,,,,,,0,
outgoing,3470,UnkMessageComposer_1args_d67cc3,_id67cc3c2d28dfd,placeholder,,,,,,1,
outgoing,3497,UnkMessageComposer_2args_156482,_i15648295779f69,placeholder,,,,,,2,
outgoing,3508,UnkMessageComposer_5args_da09ce,_ida09ce64db7da5,placeholder,,,,,,5,
outgoing,3512,UnkMessageComposer_0args_96e861,_i96e8617361a17f,placeholder,,,,,,0,
outgoing,3515,UnkMessageComposer_0args_bef879,_ibef879024cf91b,placeholder,,,,,,0,
outgoing,3520,UnkMessageComposer_1args_2aab97,_i2aab97f8361721,placeholder,,,,,,1,
outgoing,3545,UnkMessageComposer_0args_652735,_i652735f75cee55,placeholder,,,,,,0,
outgoing,3560,UnkMessageComposer_0args_bb461b,_ibb461b262e8e6d,placeholder,,,,,,0,
outgoing,3562,UnkMessageComposer_1args_8f877f,_i8f877f6063d9ec,placeholder,,,,,,1,
outgoing,3567,UnkMessageComposer_3args_8c8542,_i8c8542dd18e45a,placeholder,,,,,,3,
outgoing,3573,UnkMessageComposer_9args_2240eb,_i2240ebf3d49845,placeholder,,,,,,9,
outgoing,3580,UnkMessageComposer_2args_bd0d7b,_ibd0d7b095c65ff,placeholder,,,,,,2,
outgoing,3586,UnkMessageComposer_1args_9833fa,_i9833fa914bec89,placeholder,,,,,,1,
outgoing,3602,class_2506,_ib4ef788e38c114,matched,package_125/class_2506.as,234,,,,7,"String, int, int, int, int, int, int"
outgoing,3603,Game2GetTotalGroupLeaderboardComposer,_ife5f8c1b91fcd5,matched,package_89/Game2GetTotalGroupLeaderboardComposer.as,2603,,,,5,"int, int, int, int, int"
outgoing,3612,UnkMessageComposer_0args_b21bdb,_ib21bdbf443f89e,placeholder,,,,,,0,
outgoing,3613,class_3282,_iaefa4a28e3f62b,matched,package_163/class_3282.as,1903,,,,2,"int, int"
outgoing,3617,UnkMessageComposer_0args_32db5b,_i32db5beecb3ff0,placeholder,,,,,,0,
outgoing,3632,UnkMessageComposer_0args_0f5d86,_i0f5d864ce4ee2d,placeholder,,,,,,0,
outgoing,3640,UnkMessageComposer_0args_670ded,_i670dedbbf6b136,placeholder,,,,,,0,
outgoing,3649,class_1869,_i78e5a6cee892f0,matched,package_25/class_1869.as,1545,,,,1,String
outgoing,3651,class_2718,_i24ffcb42b6733b,matched,package_94/class_2718.as,1524,,,,7,"int, int, Boolean, Boolean, Boolean, Boolean, Boolean"
outgoing,3659,UnkMessageComposer_2args_10b537,_i10b537753bd456,placeholder,,,,,,2,
outgoing,3661,UnkMessageComposer_1args_9cd25c,_i9cd25c94155053,placeholder,,,,,,1,
outgoing,3686,UnkMessageComposer_2args_77c58e,_i77c58ef847037c,placeholder,,,,,,2,
outgoing,3702,UnkMessageComposer_0args_dadf93,_idadf93c63efd20,placeholder,,,,,,0,
outgoing,3703,class_3119,_i0655b5b86c90ce,matched,package_130/class_3119.as,3487,,,,2,"int, String"
outgoing,3710,UnkMessageComposer_3args_0b97a2,_i0b97a25d7308cb,placeholder,,,,,,3,
outgoing,3717,UnkMessageComposer_0args_1f252e,_i1f252eaa5e02e0,placeholder,,,,,,0,
outgoing,3720,UnkMessageComposer_3args_7df365,_i7df3652d17398b,placeholder,,,,,,3,
outgoing,3722,class_3375,_if3eb3ee6114e37,matched,package_25/class_3375.as,898,,,,0,
outgoing,3723,class_1874,_ib3a4f5dec8e17b,matched,package_25/class_1874.as,2840,,,,0,
outgoing,3724,UnkMessageComposer_2args_8e8810,_i8e8810e8ce9a4c,placeholder,,,,,,2,
outgoing,3728,class_2982,_ic445d3b0d84321,matched,com/sulake/habbo/communication/messages/outgoing/quest/class_2982.as,1670,,,,0,
outgoing,3731,UnkMessageComposer_1args_f9faca,_if9facacd89b741,placeholder,,,,,,1,
outgoing,3734,UnkMessageComposer_2args_3e403d,_i3e403da36678a5,placeholder,,,,,,2,
outgoing,3735,UnkMessageComposer_0args_f730f5,_if730f53b497d89,placeholder,,,,,,0,
outgoing,3741,UnkMessageComposer_0args_7baf13,_i7baf13eee858fc,placeholder,,,,,,0,
outgoing,3749,UnkMessageComposer_0args_573deb,_i573deb9bd6ff3a,placeholder,,,,,,0,
outgoing,3751,UnkMessageComposer_2args_7654b6,_i7654b6ff1d4042,placeholder,,,,,,2,
outgoing,3752,UnkMessageComposer_1args_aab880,_iaab880822b368e,placeholder,,,,,,1,
outgoing,3764,UnkMessageComposer_4args_5990fc,_i5990fcb8a7a3e8,placeholder,,,,,,4,
outgoing,3766,UnkMessageComposer_4args_bad7a3,_ibad7a3c36c1818,placeholder,,,,,,4,
outgoing,3775,UnkMessageComposer_2args_47dc6f,_i47dc6f879948bc,placeholder,,,,,,2,
outgoing,3776,UnkMessageComposer_1args_85b5fd,_i85b5fd8fd7b890,placeholder,,,,,,1,
outgoing,3779,UnkMessageComposer_2args_355926,_i355926e34de17b,placeholder,,,,,,2,
outgoing,3784,UnkMessageComposer_1args_8badd5,_i8badd57faab2e3,placeholder,,,,,,1,
outgoing,3792,UnkMessageComposer_1args_e52ad3,_ie52ad3675cef64,placeholder,,,,,,1,
outgoing,3794,class_2854,_i200331110539e9,matched,package_96/class_2854.as,1415,,,,1,int
outgoing,3795,UnkMessageComposer_1args_9bda71,_i9bda7121a95267,placeholder,,,,,,1,
outgoing,3810,UnkMessageComposer_0args_56dae5,_i56dae50eda62b0,placeholder,,,,,,0,
outgoing,3811,class_3157,_ic57fa5f0555767,matched,package_197/class_3157.as,3179,,,,0,
outgoing,3821,Game2ExitGameMessageComposer,_ied976cfb0cf69f,matched,package_190/Game2ExitGameMessageComposer.as,1347,,,,1,Boolean
outgoing,3827,UnkMessageComposer_3args_150670,_i150670db2b6cc7,placeholder,,,,,,3,
outgoing,3828,UnkMessageComposer_5args_3d9f3a,_i3d9f3af732b347,placeholder,,,,,,5,
outgoing,3834,UnkMessageComposer_1args_232303,_i2323035bb96b14,placeholder,,,,,,1,
outgoing,3835,UnkMessageComposer_2args_ce9155,_ice9155d1abd6fd,placeholder,,,,,,2,
outgoing,3836,class_2774,_i3be8d874c5a05e,matched,package_13/class_2774.as,3188,,,,2,"String, String"
outgoing,3839,UnkMessageComposer_3args_019510,_i0195104c8c3160,placeholder,,,,,,3,
outgoing,3846,UnkMessageComposer_2args_ef7686,_ief768640ae3f8a,placeholder,,,,,,2,
outgoing,3854,UnkMessageComposer_2args_7c06f8,_i7c06f8e9d30b13,placeholder,,,,,,2,
outgoing,3857,class_2710,_i01d970b69e56a4,matched,package_25/class_2710.as,1587,,,,1,int
outgoing,3859,class_2996,_i542fbbe593fdf2,matched,package_26/class_2996.as,3655,,,,0,
outgoing,3861,UnkMessageComposer_0args_56053f,_i56053fa6cf346c,placeholder,,,,,,0,
outgoing,3863,class_3843,_i73220c00c66d0b,matched,package_222/class_3843.as,3579,,,,4,"Boolean, int, String, int"
outgoing,3864,UnkMessageComposer_0args_095739,_i095739533b458e,placeholder,,,,,,0,
outgoing,3868,UnkMessageComposer_3args_7df25a,_i7df25a8484d009,placeholder,,,,,,3,
outgoing,3873,UnkMessageComposer_9args_5d6aac,_i5d6aac3b2da798,placeholder,,,,,,9,
outgoing,3908,class_3758,_i12872edce3ca45,matched,package_36/class_3758.as,3988,,,,1,int
outgoing,3909,UnkMessageComposer_0args_fdcc6e,_ifdcc6e8791f84f,placeholder,,,,,,0,
outgoing,3924,UnkMessageComposer_0args_67c3b6,_i67c3b66fb73094,placeholder,,,,,,0,
outgoing,3935,UnkMessageComposer_1args_61003c,_i61003cdcdaebec,placeholder,,,,,,1,
outgoing,3939,UnkMessageComposer_1args_17f216,_i17f2164582ac32,placeholder,,,,,,1,
outgoing,3949,class_3720,_ia770db14448b0e,matched,package_25/class_3720.as,2145,,,,0,
outgoing,3968,UnkMessageComposer_0args_5d612e,_i5d612eaa458bb5,placeholder,,,,,,0,
outgoing,3973,class_3378,_i852598ff24c391,matched,package_26/class_3378.as,1240,,,,0,
outgoing,3976,class_1900,_ia58b6945b9ac84,matched,package_8/class_1900.as,153,,,,0,
outgoing,3988,UnkMessageComposer_0args_caa89f,_icaa89fdd44fb00,placeholder,,,,,,0,
outgoing,3993,class_1975,_if01a0ed3fe4e6a,matched,package_31/class_1975.as,2526,,,,0,
outgoing,4100,UnkMessageComposer_0args_cc7acf,_icc7acf3f572e66,placeholder,,,,,,0,
outgoing,4101,UnkMessageComposer_1args_4224c6,_i4224c672ee4d07,placeholder,,,,,,1,
